
[Z3 Oracle] Analyzing Function: ZSTD_compressBound
  -> Found UB Trap. Starting Backward Slice...
  => Total Traps Eliminated: 0
  => Total Trap Attempts: 1
  => Total SMT Queries Executed: 1
  => Total SMT Query Latency: 1.022058e+01 ms
  => Average SMT Query Latency: 1.022058e+01 ms
  => Total DFS & SMT Execution Time: 2.154092e+01 ms

[Z3 Oracle] Analyzing Function: ZSTD_createCCtx
  => Total Traps Eliminated: 0
  => Total Trap Attempts: 0
  => Total SMT Queries Executed: 0
  => Total SMT Query Latency: 0.000000e+00 ms
  => Average SMT Query Latency: 0.000000e+00 ms
  => Total DFS & SMT Execution Time: 1.307100e-01 ms

[Z3 Oracle] Analyzing Function: ZSTD_createCCtx_advanced
  => Total Traps Eliminated: 0
  => Total Trap Attempts: 0
  => Total SMT Queries Executed: 0
  => Total SMT Query Latency: 0.000000e+00 ms
  => Average SMT Query Latency: 0.000000e+00 ms
  => Total DFS & SMT Execution Time: 8.673200e-02 ms

[Z3 Oracle] Analyzing Function: ZSTD_initStaticCCtx
  => Total Traps Eliminated: 0
  => Total Trap Attempts: 0
  => Total SMT Queries Executed: 0
  => Total SMT Query Latency: 0.000000e+00 ms
  => Average SMT Query Latency: 0.000000e+00 ms
  => Total DFS & SMT Execution Time: 6.740200e-02 ms

[Z3 Oracle] Analyzing Function: ZSTD_freeCCtx
  => Total Traps Eliminated: 0
  => Total Trap Attempts: 0
  => Total SMT Queries Executed: 0
  => Total SMT Query Latency: 0.000000e+00 ms
  => Average SMT Query Latency: 0.000000e+00 ms
  => Total DFS & SMT Execution Time: 7.131700e-02 ms

[Z3 Oracle] Analyzing Function: ZSTD_sizeof_CCtx
  -> Found UB Trap. Starting Backward Slice...
  -> Found UB Trap. Starting Backward Slice...
  -> Found UB Trap. Starting Backward Slice...
  -> Found UB Trap. Starting Backward Slice...
  => Total Traps Eliminated: 0
  => Total Trap Attempts: 4
  => Total SMT Queries Executed: 4
  => Total SMT Query Latency: 2.829025e+01 ms
  => Average SMT Query Latency: 7.072562e+00 ms
  => Total DFS & SMT Execution Time: 5.603793e+01 ms

[Z3 Oracle] Analyzing Function: ZSTD_sizeof_CStream
  -> Found UB Trap. Starting Backward Slice...
  -> Found UB Trap. Starting Backward Slice...
  -> Found UB Trap. Starting Backward Slice...
  -> Found UB Trap. Starting Backward Slice...
  => Total Traps Eliminated: 0
  => Total Trap Attempts: 4
  => Total SMT Queries Executed: 4
  => Total SMT Query Latency: 4.028114e+01 ms
  => Average SMT Query Latency: 1.007029e+01 ms
  => Total DFS & SMT Execution Time: 7.739922e+01 ms

[Z3 Oracle] Analyzing Function: ZSTD_getSeqStore
  => Total Traps Eliminated: 0
  => Total Trap Attempts: 0
  => Total SMT Queries Executed: 0
  => Total SMT Query Latency: 0.000000e+00 ms
  => Average SMT Query Latency: 0.000000e+00 ms
  => Total DFS & SMT Execution Time: 2.679930e-01 ms

[Z3 Oracle] Analyzing Function: ZSTD_createCCtxParams
  => Total Traps Eliminated: 0
  => Total Trap Attempts: 0
  => Total SMT Queries Executed: 0
  => Total SMT Query Latency: 0.000000e+00 ms
  => Average SMT Query Latency: 0.000000e+00 ms
  => Total DFS & SMT Execution Time: 5.423500e-02 ms

[Z3 Oracle] Analyzing Function: ZSTD_freeCCtxParams
  => Total Traps Eliminated: 0
  => Total Trap Attempts: 0
  => Total SMT Queries Executed: 0
  => Total SMT Query Latency: 0.000000e+00 ms
  => Average SMT Query Latency: 0.000000e+00 ms
  => Total DFS & SMT Execution Time: 1.172300e-01 ms

[Z3 Oracle] Analyzing Function: ZSTD_CCtxParams_reset
  => Total Traps Eliminated: 0
  => Total Trap Attempts: 0
  => Total SMT Queries Executed: 0
  => Total SMT Query Latency: 0.000000e+00 ms
  => Average SMT Query Latency: 0.000000e+00 ms
  => Total DFS & SMT Execution Time: 6.636300e-02 ms

[Z3 Oracle] Analyzing Function: ZSTD_CCtxParams_init
  => Total Traps Eliminated: 0
  => Total Trap Attempts: 0
  => Total SMT Queries Executed: 0
  => Total SMT Query Latency: 0.000000e+00 ms
  => Average SMT Query Latency: 0.000000e+00 ms
  => Total DFS & SMT Execution Time: 4.955200e-02 ms

[Z3 Oracle] Analyzing Function: ZSTD_CCtxParams_init_advanced
  => Total Traps Eliminated: 0
  => Total Trap Attempts: 0
  => Total SMT Queries Executed: 0
  => Total SMT Query Latency: 0.000000e+00 ms
  => Average SMT Query Latency: 0.000000e+00 ms
  => Total DFS & SMT Execution Time: 6.084600e-02 ms

[Z3 Oracle] Analyzing Function: ZSTD_checkCParams
  => Total Traps Eliminated: 0
  => Total Trap Attempts: 0
  => Total SMT Queries Executed: 0
  => Total SMT Query Latency: 0.000000e+00 ms
  => Average SMT Query Latency: 0.000000e+00 ms
  => Total DFS & SMT Execution Time: 5.411500e-02 ms

[Z3 Oracle] Analyzing Function: ZSTD_cParam_getBounds
  => Total Traps Eliminated: 0
  => Total Trap Attempts: 0
  => Total SMT Queries Executed: 0
  => Total SMT Query Latency: 0.000000e+00 ms
  => Average SMT Query Latency: 0.000000e+00 ms
  => Total DFS & SMT Execution Time: 7.258000e-02 ms

[Z3 Oracle] Analyzing Function: ZSTD_minCLevel
  => Total Traps Eliminated: 0
  => Total Trap Attempts: 0
  => Total SMT Queries Executed: 0
  => Total SMT Query Latency: 0.000000e+00 ms
  => Average SMT Query Latency: 0.000000e+00 ms
  => Total DFS & SMT Execution Time: 4.984600e-02 ms

[Z3 Oracle] Analyzing Function: ZSTD_maxCLevel
  => Total Traps Eliminated: 0
  => Total Trap Attempts: 0
  => Total SMT Queries Executed: 0
  => Total SMT Query Latency: 0.000000e+00 ms
  => Average SMT Query Latency: 0.000000e+00 ms
  => Total DFS & SMT Execution Time: 4.742500e-02 ms

[Z3 Oracle] Analyzing Function: ZSTD_CCtx_setParameter
  => Total Traps Eliminated: 0
  => Total Trap Attempts: 0
  => Total SMT Queries Executed: 0
  => Total SMT Query Latency: 0.000000e+00 ms
  => Average SMT Query Latency: 0.000000e+00 ms
  => Total DFS & SMT Execution Time: 1.756580e-01 ms

[Z3 Oracle] Analyzing Function: ZSTD_CCtxParams_setParameter
  => Total Traps Eliminated: 0
  => Total Trap Attempts: 0
  => Total SMT Queries Executed: 0
  => Total SMT Query Latency: 0.000000e+00 ms
  => Average SMT Query Latency: 0.000000e+00 ms
  => Total DFS & SMT Execution Time: 2.140000e-01 ms

[Z3 Oracle] Analyzing Function: ZSTD_CCtx_getParameter
  => Total Traps Eliminated: 0
  => Total Trap Attempts: 0
  => Total SMT Queries Executed: 0
  => Total SMT Query Latency: 0.000000e+00 ms
  => Average SMT Query Latency: 0.000000e+00 ms
  => Total DFS & SMT Execution Time: 1.129140e-01 ms

[Z3 Oracle] Analyzing Function: ZSTD_CCtxParams_getParameter
  => Total Traps Eliminated: 0
  => Total Trap Attempts: 0
  => Total SMT Queries Executed: 0
  => Total SMT Query Latency: 0.000000e+00 ms
  => Average SMT Query Latency: 0.000000e+00 ms
  => Total DFS & SMT Execution Time: 6.636700e-02 ms

[Z3 Oracle] Analyzing Function: ZSTD_CCtx_setParametersUsingCCtxParams
  => Total Traps Eliminated: 0
  => Total Trap Attempts: 0
  => Total SMT Queries Executed: 0
  => Total SMT Query Latency: 0.000000e+00 ms
  => Average SMT Query Latency: 0.000000e+00 ms
  => Total DFS & SMT Execution Time: 5.199000e-02 ms

[Z3 Oracle] Analyzing Function: ZSTD_CCtx_setCParams
  => Total Traps Eliminated: 0
  => Total Trap Attempts: 0
  => Total SMT Queries Executed: 0
  => Total SMT Query Latency: 0.000000e+00 ms
  => Average SMT Query Latency: 0.000000e+00 ms
  => Total DFS & SMT Execution Time: 5.568700e-02 ms

[Z3 Oracle] Analyzing Function: ZSTD_CCtx_setFParams
  => Total Traps Eliminated: 0
  => Total Trap Attempts: 0
  => Total SMT Queries Executed: 0
  => Total SMT Query Latency: 0.000000e+00 ms
  => Average SMT Query Latency: 0.000000e+00 ms
  => Total DFS & SMT Execution Time: 4.702500e-02 ms

[Z3 Oracle] Analyzing Function: ZSTD_CCtx_setParams
  => Total Traps Eliminated: 0
  => Total Trap Attempts: 0
  => Total SMT Queries Executed: 0
  => Total SMT Query Latency: 0.000000e+00 ms
  => Average SMT Query Latency: 0.000000e+00 ms
  => Total DFS & SMT Execution Time: 5.123600e-02 ms

[Z3 Oracle] Analyzing Function: ZSTD_CCtx_setPledgedSrcSize
  -> Found UB Trap. Starting Backward Slice...
  => Total Traps Eliminated: 0
  => Total Trap Attempts: 1
  => Total SMT Queries Executed: 1
  => Total SMT Query Latency: 1.540328e+01 ms
  => Average SMT Query Latency: 1.540328e+01 ms
  => Total DFS & SMT Execution Time: 2.950689e+01 ms

[Z3 Oracle] Analyzing Function: ZSTD_CCtx_loadDictionary_advanced
  => Total Traps Eliminated: 0
  => Total Trap Attempts: 0
  => Total SMT Queries Executed: 0
  => Total SMT Query Latency: 0.000000e+00 ms
  => Average SMT Query Latency: 0.000000e+00 ms
  => Total DFS & SMT Execution Time: 7.583770e-01 ms

[Z3 Oracle] Analyzing Function: ZSTD_CCtx_loadDictionary_byReference
  => Total Traps Eliminated: 0
  => Total Trap Attempts: 0
  => Total SMT Queries Executed: 0
  => Total SMT Query Latency: 0.000000e+00 ms
  => Average SMT Query Latency: 0.000000e+00 ms
  => Total DFS & SMT Execution Time: 8.186700e-02 ms

[Z3 Oracle] Analyzing Function: ZSTD_CCtx_loadDictionary
  => Total Traps Eliminated: 0
  => Total Trap Attempts: 0
  => Total SMT Queries Executed: 0
  => Total SMT Query Latency: 0.000000e+00 ms
  => Average SMT Query Latency: 0.000000e+00 ms
  => Total DFS & SMT Execution Time: 9.143400e-02 ms

[Z3 Oracle] Analyzing Function: ZSTD_CCtx_refCDict
  => Total Traps Eliminated: 0
  => Total Trap Attempts: 0
  => Total SMT Queries Executed: 0
  => Total SMT Query Latency: 0.000000e+00 ms
  => Average SMT Query Latency: 0.000000e+00 ms
  => Total DFS & SMT Execution Time: 6.303600e-02 ms

[Z3 Oracle] Analyzing Function: ZSTD_CCtx_refThreadPool
  => Total Traps Eliminated: 0
  => Total Trap Attempts: 0
  => Total SMT Queries Executed: 0
  => Total SMT Query Latency: 0.000000e+00 ms
  => Average SMT Query Latency: 0.000000e+00 ms
  => Total DFS & SMT Execution Time: 4.857300e-02 ms

[Z3 Oracle] Analyzing Function: ZSTD_CCtx_refPrefix
  => Total Traps Eliminated: 0
  => Total Trap Attempts: 0
  => Total SMT Queries Executed: 0
  => Total SMT Query Latency: 0.000000e+00 ms
  => Average SMT Query Latency: 0.000000e+00 ms
  => Total DFS & SMT Execution Time: 2.942800e-02 ms

[Z3 Oracle] Analyzing Function: ZSTD_CCtx_refPrefix_advanced
  => Total Traps Eliminated: 0
  => Total Trap Attempts: 0
  => Total SMT Queries Executed: 0
  => Total SMT Query Latency: 0.000000e+00 ms
  => Average SMT Query Latency: 0.000000e+00 ms
  => Total DFS & SMT Execution Time: 6.109800e-02 ms

[Z3 Oracle] Analyzing Function: ZSTD_CCtx_reset
  => Total Traps Eliminated: 0
  => Total Trap Attempts: 0
  => Total SMT Queries Executed: 0
  => Total SMT Query Latency: 0.000000e+00 ms
  => Average SMT Query Latency: 0.000000e+00 ms
  => Total DFS & SMT Execution Time: 6.186200e-02 ms

[Z3 Oracle] Analyzing Function: ZSTD_cycleLog
  -> Found UB Trap. Starting Backward Slice...
  => Total Traps Eliminated: 0
  => Total Trap Attempts: 1
  => Total SMT Queries Executed: 1
  => Total SMT Query Latency: 1.325001e+01 ms
  => Average SMT Query Latency: 1.325001e+01 ms
  => Total DFS & SMT Execution Time: 2.609487e+01 ms

[Z3 Oracle] Analyzing Function: ZSTD_adjustCParams
  -> Found UB Trap. Starting Backward Slice...
  -> Found UB Trap. Starting Backward Slice...
  => Total Traps Eliminated: 0
  => Total Trap Attempts: 2
  => Total SMT Queries Executed: 2
  => Total SMT Query Latency: 2.643559e+01 ms
  => Average SMT Query Latency: 1.321780e+01 ms
  => Total DFS & SMT Execution Time: 5.074117e+01 ms

[Z3 Oracle] Analyzing Function: ZSTD_getCParamsFromCCtxParams
  => Total Traps Eliminated: 0
  => Total Trap Attempts: 0
  => Total SMT Queries Executed: 0
  => Total SMT Query Latency: 0.000000e+00 ms
  => Average SMT Query Latency: 0.000000e+00 ms
  => Total DFS & SMT Execution Time: 2.055900e-01 ms

[Z3 Oracle] Analyzing Function: ZSTD_estimateCCtxSize_usingCCtxParams
  => Total Traps Eliminated: 0
  => Total Trap Attempts: 0
  => Total SMT Queries Executed: 0
  => Total SMT Query Latency: 0.000000e+00 ms
  => Average SMT Query Latency: 0.000000e+00 ms
  => Total DFS & SMT Execution Time: 5.397000e-02 ms

[Z3 Oracle] Analyzing Function: ZSTD_estimateCCtxSize_usingCParams
  -> Found UB Trap. Starting Backward Slice...
  -> Found UB Trap. Starting Backward Slice...
  => Total Traps Eliminated: 0
  => Total Trap Attempts: 2
  => Total SMT Queries Executed: 2
  => Total SMT Query Latency: 1.800359e+01 ms
  => Average SMT Query Latency: 9.001797e+00 ms
  => Total DFS & SMT Execution Time: 3.316781e+01 ms

[Z3 Oracle] Analyzing Function: ZSTD_estimateCCtxSize
  => Total Traps Eliminated: 0
  => Total Trap Attempts: 0
  => Total SMT Queries Executed: 0
  => Total SMT Query Latency: 0.000000e+00 ms
  => Average SMT Query Latency: 0.000000e+00 ms
  => Total DFS & SMT Execution Time: 4.585360e-01 ms

[Z3 Oracle] Analyzing Function: ZSTD_estimateCStreamSize_usingCCtxParams
  -> Found UB Trap. Starting Backward Slice...
  => Total Traps Eliminated: 0
  => Total Trap Attempts: 1
  => Total SMT Queries Executed: 1
  => Total SMT Query Latency: 9.319823e+00 ms
  => Average SMT Query Latency: 9.319823e+00 ms
  => Total DFS & SMT Execution Time: 1.592758e+01 ms

[Z3 Oracle] Analyzing Function: ZSTD_estimateCStreamSize_usingCParams
  -> Found UB Trap. Starting Backward Slice...
  -> Found UB Trap. Starting Backward Slice...
  => Total Traps Eliminated: 0
  => Total Trap Attempts: 2
  => Total SMT Queries Executed: 2
  => Total SMT Query Latency: 3.301542e+01 ms
  => Average SMT Query Latency: 1.650771e+01 ms
  => Total DFS & SMT Execution Time: 6.691404e+01 ms

[Z3 Oracle] Analyzing Function: ZSTD_estimateCStreamSize
  => Total Traps Eliminated: 0
  => Total Trap Attempts: 0
  => Total SMT Queries Executed: 0
  => Total SMT Query Latency: 0.000000e+00 ms
  => Average SMT Query Latency: 0.000000e+00 ms
  => Total DFS & SMT Execution Time: 3.548580e-01 ms

[Z3 Oracle] Analyzing Function: ZSTD_getFrameProgression
  -> Found UB Trap. Starting Backward Slice...
  -> Found UB Trap. Starting Backward Slice...
  => Total Traps Eliminated: 0
  => Total Trap Attempts: 2
  => Total SMT Queries Executed: 2
  => Total SMT Query Latency: 3.447545e+01 ms
  => Average SMT Query Latency: 1.723773e+01 ms
  => Total DFS & SMT Execution Time: 6.673187e+01 ms

[Z3 Oracle] Analyzing Function: ZSTD_toFlushNow
  => Total Traps Eliminated: 0
  => Total Trap Attempts: 0
  => Total SMT Queries Executed: 0
  => Total SMT Query Latency: 0.000000e+00 ms
  => Average SMT Query Latency: 0.000000e+00 ms
  => Total DFS & SMT Execution Time: 6.443110e-01 ms

[Z3 Oracle] Analyzing Function: ZSTD_reset_compressedBlockState
  => Total Traps Eliminated: 0
  => Total Trap Attempts: 0
  => Total SMT Queries Executed: 0
  => Total SMT Query Latency: 0.000000e+00 ms
  => Average SMT Query Latency: 0.000000e+00 ms
  => Total DFS & SMT Execution Time: 7.714000e-02 ms

[Z3 Oracle] Analyzing Function: ZSTD_invalidateRepCodes
  => Total Traps Eliminated: 0
  => Total Trap Attempts: 0
  => Total SMT Queries Executed: 0
  => Total SMT Query Latency: 0.000000e+00 ms
  => Average SMT Query Latency: 0.000000e+00 ms
  => Total DFS & SMT Execution Time: 5.796900e-02 ms

[Z3 Oracle] Analyzing Function: ZSTD_copyCCtx
  -> Found UB Trap. Starting Backward Slice...
  -> Found UB Trap. Starting Backward Slice...
  => Total Traps Eliminated: 0
  => Total Trap Attempts: 2
  => Total SMT Queries Executed: 2
  => Total SMT Query Latency: 2.066552e+01 ms
  => Average SMT Query Latency: 1.033276e+01 ms
  => Total DFS & SMT Execution Time: 4.085653e+01 ms

[Z3 Oracle] Analyzing Function: ZSTD_seqToCodes
  => Total Traps Eliminated: 0
  => Total Trap Attempts: 0
  => Total SMT Queries Executed: 0
  => Total SMT Query Latency: 0.000000e+00 ms
  => Average SMT Query Latency: 0.000000e+00 ms
  => Total DFS & SMT Execution Time: 8.711790e-01 ms

[Z3 Oracle] Analyzing Function: ZSTD_selectBlockCompressor
  => Total Traps Eliminated: 0
  => Total Trap Attempts: 0
  => Total SMT Queries Executed: 0
  => Total SMT Query Latency: 0.000000e+00 ms
  => Average SMT Query Latency: 0.000000e+00 ms
  => Total DFS & SMT Execution Time: 6.954500e-02 ms

[Z3 Oracle] Analyzing Function: ZSTD_resetSeqStore
  => Total Traps Eliminated: 0
  => Total Trap Attempts: 0
  => Total SMT Queries Executed: 0
  => Total SMT Query Latency: 0.000000e+00 ms
  => Average SMT Query Latency: 0.000000e+00 ms
  => Total DFS & SMT Execution Time: 2.478200e-02 ms

[Z3 Oracle] Analyzing Function: ZSTD_sequenceBound
  => Total Traps Eliminated: 0
  => Total Trap Attempts: 0
  => Total SMT Queries Executed: 0
  => Total SMT Query Latency: 0.000000e+00 ms
  => Average SMT Query Latency: 0.000000e+00 ms
  => Total DFS & SMT Execution Time: 1.512000e-02 ms

[Z3 Oracle] Analyzing Function: ZSTD_generateSequences
  -> Found UB Trap. Starting Backward Slice...
  => Total Traps Eliminated: 0
  => Total Trap Attempts: 1
  => Total SMT Queries Executed: 1
  => Total SMT Query Latency: 7.637517e+00 ms
  => Average SMT Query Latency: 7.637517e+00 ms
  => Total DFS & SMT Execution Time: 1.667649e+01 ms

[Z3 Oracle] Analyzing Function: ZSTD_compress2
  => Total Traps Eliminated: 0
  => Total Trap Attempts: 0
  => Total SMT Queries Executed: 0
  => Total SMT Query Latency: 0.000000e+00 ms
  => Average SMT Query Latency: 0.000000e+00 ms
  => Total DFS & SMT Execution Time: 5.672540e-01 ms

[Z3 Oracle] Analyzing Function: ZSTD_mergeBlockDelimiters
  -> Found UB Trap. Starting Backward Slice...
  -> Found UB Trap. Starting Backward Slice...
  => Total Traps Eliminated: 0
  => Total Trap Attempts: 2
  => Total SMT Queries Executed: 2
  => Total SMT Query Latency: 1.366944e+01 ms
  => Average SMT Query Latency: 6.834720e+00 ms
  => Total DFS & SMT Execution Time: 2.882796e+01 ms

[Z3 Oracle] Analyzing Function: ZSTD_buildBlockEntropyStats
  -> Found UB Trap. Starting Backward Slice...
  -> Found UB Trap. Starting Backward Slice...
  -> Found UB Trap. Starting Backward Slice...
  -> Found UB Trap. Starting Backward Slice...
  => Total Traps Eliminated: 0
  => Total Trap Attempts: 4
  => Total SMT Queries Executed: 4
  => Total SMT Query Latency: 5.589712e+01 ms
  => Average SMT Query Latency: 1.397428e+01 ms
  => Total DFS & SMT Execution Time: 1.051195e+02 ms

[Z3 Oracle] Analyzing Function: ZSTD_writeSkippableFrame
  -> Found UB Trap. Starting Backward Slice...
  => Total Traps Eliminated: 0
  => Total Trap Attempts: 1
  => Total SMT Queries Executed: 1
  => Total SMT Query Latency: 1.291554e+01 ms
  => Average SMT Query Latency: 1.291554e+01 ms
  => Total DFS & SMT Execution Time: 2.556845e+01 ms

[Z3 Oracle] Analyzing Function: ZSTD_writeLastEmptyBlock
  => Total Traps Eliminated: 0
  => Total Trap Attempts: 0
  => Total SMT Queries Executed: 0
  => Total SMT Query Latency: 0.000000e+00 ms
  => Average SMT Query Latency: 0.000000e+00 ms
  => Total DFS & SMT Execution Time: 4.522450e-01 ms

[Z3 Oracle] Analyzing Function: ZSTD_referenceExternalSequences
  => Total Traps Eliminated: 0
  => Total Trap Attempts: 0
  => Total SMT Queries Executed: 0
  => Total SMT Query Latency: 0.000000e+00 ms
  => Average SMT Query Latency: 0.000000e+00 ms
  => Total DFS & SMT Execution Time: 6.194600e-02 ms

[Z3 Oracle] Analyzing Function: ZSTD_compressContinue_public
  -> Found UB Trap. Starting Backward Slice...
  -> Found UB Trap. Starting Backward Slice...
  -> Found UB Trap. Starting Backward Slice...
  -> Found UB Trap. Starting Backward Slice...
  -> Found UB Trap. Starting Backward Slice...
  -> Found UB Trap. Starting Backward Slice...
  -> Found UB Trap. Starting Backward Slice...
  -> Found UB Trap. Starting Backward Slice...
  -> Found UB Trap. Starting Backward Slice...
  -> Found UB Trap. Starting Backward Slice...
  -> Found UB Trap. Starting Backward Slice...
  -> Found UB Trap. Starting Backward Slice...
  -> Found UB Trap. Starting Backward Slice...
  -> Found UB Trap. Starting Backward Slice...
  -> Found UB Trap. Starting Backward Slice...
  -> Found UB Trap. Starting Backward Slice...
  -> Found UB Trap. Starting Backward Slice...
  -> Found UB Trap. Starting Backward Slice...
  -> Found UB Trap. Starting Backward Slice...
  -> Found UB Trap. Starting Backward Slice...
  -> Found UB Trap. Starting Backward Slice...
  -> Found UB Trap. Starting Backward Slice...
  -> Found UB Trap. Starting Backward Slice...
  -> Found UB Trap. Starting Backward Slice...
  -> Found UB Trap. Starting Backward Slice...
  -> Found UB Trap. Starting Backward Slice...
  -> Found UB Trap. Starting Backward Slice...
  -> Found UB Trap. Starting Backward Slice...
  -> Found UB Trap. Starting Backward Slice...
  -> Found UB Trap. Starting Backward Slice...
  -> Found UB Trap. Starting Backward Slice...
  -> Found UB Trap. Starting Backward Slice...
  -> Found UB Trap. Starting Backward Slice...
  -> Found UB Trap. Starting Backward Slice...
  -> Found UB Trap. Starting Backward Slice...
  -> Found UB Trap. Starting Backward Slice...
  -> Found UB Trap. Starting Backward Slice...
  -> Found UB Trap. Starting Backward Slice...
  -> Found UB Trap. Starting Backward Slice...
  -> Found UB Trap. Starting Backward Slice...
  -> Found UB Trap. Starting Backward Slice...
  -> Found UB Trap. Starting Backward Slice...
  -> Found UB Trap. Starting Backward Slice...
  -> Found UB Trap. Starting Backward Slice...
  -> Found UB Trap. Starting Backward Slice...
  -> Found UB Trap. Starting Backward Slice...
  -> Found UB Trap. Starting Backward Slice...
  -> Found UB Trap. Starting Backward Slice...
  -> Found UB Trap. Starting Backward Slice...
  -> Found UB Trap. Starting Backward Slice...
  -> Found UB Trap. Starting Backward Slice...
  -> Found UB Trap. Starting Backward Slice...
  -> Found UB Trap. Starting Backward Slice...
  -> Found UB Trap. Starting Backward Slice...
  -> Found UB Trap. Starting Backward Slice...
  -> Found UB Trap. Starting Backward Slice...
  -> Found UB Trap. Starting Backward Slice...
  -> Found UB Trap. Starting Backward Slice...
  -> Found UB Trap. Starting Backward Slice...
  -> Found UB Trap. Starting Backward Slice...
  -> Found UB Trap. Starting Backward Slice...
  -> Found UB Trap. Starting Backward Slice...
  -> Found UB Trap. Starting Backward Slice...
  -> Found UB Trap. Starting Backward Slice...
  -> Found UB Trap. Starting Backward Slice...
  -> Found UB Trap. Starting Backward Slice...
  -> Found UB Trap. Starting Backward Slice...
  -> Found UB Trap. Starting Backward Slice...
  -> Found UB Trap. Starting Backward Slice...
  -> Found UB Trap. Starting Backward Slice...
  -> Found UB Trap. Starting Backward Slice...
  -> Found UB Trap. Starting Backward Slice...
  -> Found UB Trap. Starting Backward Slice...
  -> Found UB Trap. Starting Backward Slice...
  -> Found UB Trap. Starting Backward Slice...
  -> Found UB Trap. Starting Backward Slice...
  -> Found UB Trap. Starting Backward Slice...
  -> Found UB Trap. Starting Backward Slice...
  -> Found UB Trap. Starting Backward Slice...
  -> Found UB Trap. Starting Backward Slice...
  -> Found UB Trap. Starting Backward Slice...
  -> Found UB Trap. Starting Backward Slice...
  -> Found UB Trap. Starting Backward Slice...
  -> Found UB Trap. Starting Backward Slice...
  -> Found UB Trap. Starting Backward Slice...
  -> Found UB Trap. Starting Backward Slice...
  -> Found UB Trap. Starting Backward Slice...
  -> Found UB Trap. Starting Backward Slice...
  -> Found UB Trap. Starting Backward Slice...
  -> Found UB Trap. Starting Backward Slice...
  -> Found UB Trap. Starting Backward Slice...
  -> Found UB Trap. Starting Backward Slice...
  -> Found UB Trap. Starting Backward Slice...
  -> Found UB Trap. Starting Backward Slice...
  -> Found UB Trap. Starting Backward Slice...
  -> Found UB Trap. Starting Backward Slice...
  -> Found UB Trap. Starting Backward Slice...
  -> Found UB Trap. Starting Backward Slice...
  -> Found UB Trap. Starting Backward Slice...
  -> Found UB Trap. Starting Backward Slice...
  -> Found UB Trap. Starting Backward Slice...
  -> Found UB Trap. Starting Backward Slice...
  -> Found UB Trap. Starting Backward Slice...
  -> Found UB Trap. Starting Backward Slice...
  -> Found UB Trap. Starting Backward Slice...
  -> Found UB Trap. Starting Backward Slice...
  -> Found UB Trap. Starting Backward Slice...
  -> Found UB Trap. Starting Backward Slice...
  -> Found UB Trap. Starting Backward Slice...
  -> Found UB Trap. Starting Backward Slice...
  -> Found UB Trap. Starting Backward Slice...
  -> Found UB Trap. Starting Backward Slice...
  -> Found UB Trap. Starting Backward Slice...
  -> Found UB Trap. Starting Backward Slice...
  -> Found UB Trap. Starting Backward Slice...
  -> Found UB Trap. Starting Backward Slice...
  -> Found UB Trap. Starting Backward Slice...
  -> Found UB Trap. Starting Backward Slice...
  -> Found UB Trap. Starting Backward Slice...
  -> Found UB Trap. Starting Backward Slice...
  -> Found UB Trap. Starting Backward Slice...
  -> Found UB Trap. Starting Backward Slice...
  -> Found UB Trap. Starting Backward Slice...
  -> Found UB Trap. Starting Backward Slice...
  -> Found UB Trap. Starting Backward Slice...
  -> Found UB Trap. Starting Backward Slice...
  -> Found UB Trap. Starting Backward Slice...
  -> Found UB Trap. Starting Backward Slice...
  -> Found UB Trap. Starting Backward Slice...
  -> Found UB Trap. Starting Backward Slice...
  -> Found UB Trap. Starting Backward Slice...
  -> Found UB Trap. Starting Backward Slice...
  -> Found UB Trap. Starting Backward Slice...
  -> Found UB Trap. Starting Backward Slice...
  => Total Traps Eliminated: 0
  => Total Trap Attempts: 134
  => Total SMT Queries Executed: 134
  => Total SMT Query Latency: 3.110143e+03 ms
  => Average SMT Query Latency: 2.321002e+01 ms
  => Total DFS & SMT Execution Time: 5.393083e+03 ms

[Z3 Oracle] Analyzing Function: ZSTD_compressContinue
  -> Found UB Trap. Starting Backward Slice...
  -> Found UB Trap. Starting Backward Slice...
  -> Found UB Trap. Starting Backward Slice...
  -> Found UB Trap. Starting Backward Slice...
  -> Found UB Trap. Starting Backward Slice...
  -> Found UB Trap. Starting Backward Slice...
  -> Found UB Trap. Starting Backward Slice...
  -> Found UB Trap. Starting Backward Slice...
  -> Found UB Trap. Starting Backward Slice...
  -> Found UB Trap. Starting Backward Slice...
  -> Found UB Trap. Starting Backward Slice...
  -> Found UB Trap. Starting Backward Slice...
  -> Found UB Trap. Starting Backward Slice...
  -> Found UB Trap. Starting Backward Slice...
  -> Found UB Trap. Starting Backward Slice...
  -> Found UB Trap. Starting Backward Slice...
  -> Found UB Trap. Starting Backward Slice...
  -> Found UB Trap. Starting Backward Slice...
  -> Found UB Trap. Starting Backward Slice...
  -> Found UB Trap. Starting Backward Slice...
  -> Found UB Trap. Starting Backward Slice...
  -> Found UB Trap. Starting Backward Slice...
  -> Found UB Trap. Starting Backward Slice...
  -> Found UB Trap. Starting Backward Slice...
  -> Found UB Trap. Starting Backward Slice...
  -> Found UB Trap. Starting Backward Slice...
  -> Found UB Trap. Starting Backward Slice...
  -> Found UB Trap. Starting Backward Slice...
  -> Found UB Trap. Starting Backward Slice...
  -> Found UB Trap. Starting Backward Slice...
  -> Found UB Trap. Starting Backward Slice...
  -> Found UB Trap. Starting Backward Slice...
  -> Found UB Trap. Starting Backward Slice...
  -> Found UB Trap. Starting Backward Slice...
  -> Found UB Trap. Starting Backward Slice...
  -> Found UB Trap. Starting Backward Slice...
  -> Found UB Trap. Starting Backward Slice...
  -> Found UB Trap. Starting Backward Slice...
  -> Found UB Trap. Starting Backward Slice...
  -> Found UB Trap. Starting Backward Slice...
  -> Found UB Trap. Starting Backward Slice...
  -> Found UB Trap. Starting Backward Slice...
  -> Found UB Trap. Starting Backward Slice...
  -> Found UB Trap. Starting Backward Slice...
  -> Found UB Trap. Starting Backward Slice...
  -> Found UB Trap. Starting Backward Slice...
  -> Found UB Trap. Starting Backward Slice...
  -> Found UB Trap. Starting Backward Slice...
  -> Found UB Trap. Starting Backward Slice...
  -> Found UB Trap. Starting Backward Slice...
  -> Found UB Trap. Starting Backward Slice...
  -> Found UB Trap. Starting Backward Slice...
  -> Found UB Trap. Starting Backward Slice...
  -> Found UB Trap. Starting Backward Slice...
  -> Found UB Trap. Starting Backward Slice...
  -> Found UB Trap. Starting Backward Slice...
  -> Found UB Trap. Starting Backward Slice...
  -> Found UB Trap. Starting Backward Slice...
  -> Found UB Trap. Starting Backward Slice...
  -> Found UB Trap. Starting Backward Slice...
  -> Found UB Trap. Starting Backward Slice...
  -> Found UB Trap. Starting Backward Slice...
  -> Found UB Trap. Starting Backward Slice...
  -> Found UB Trap. Starting Backward Slice...
  -> Found UB Trap. Starting Backward Slice...
  -> Found UB Trap. Starting Backward Slice...
  -> Found UB Trap. Starting Backward Slice...
  -> Found UB Trap. Starting Backward Slice...
  -> Found UB Trap. Starting Backward Slice...
  -> Found UB Trap. Starting Backward Slice...
  -> Found UB Trap. Starting Backward Slice...
  -> Found UB Trap. Starting Backward Slice...
  -> Found UB Trap. Starting Backward Slice...
  -> Found UB Trap. Starting Backward Slice...
  -> Found UB Trap. Starting Backward Slice...
  -> Found UB Trap. Starting Backward Slice...
  -> Found UB Trap. Starting Backward Slice...
  -> Found UB Trap. Starting Backward Slice...
  -> Found UB Trap. Starting Backward Slice...
  -> Found UB Trap. Starting Backward Slice...
  -> Found UB Trap. Starting Backward Slice...
  -> Found UB Trap. Starting Backward Slice...
  -> Found UB Trap. Starting Backward Slice...
  -> Found UB Trap. Starting Backward Slice...
  -> Found UB Trap. Starting Backward Slice...
  -> Found UB Trap. Starting Backward Slice...
  -> Found UB Trap. Starting Backward Slice...
  -> Found UB Trap. Starting Backward Slice...
  -> Found UB Trap. Starting Backward Slice...
  -> Found UB Trap. Starting Backward Slice...
  -> Found UB Trap. Starting Backward Slice...
  -> Found UB Trap. Starting Backward Slice...
  -> Found UB Trap. Starting Backward Slice...
  -> Found UB Trap. Starting Backward Slice...
  -> Found UB Trap. Starting Backward Slice...
  -> Found UB Trap. Starting Backward Slice...
  -> Found UB Trap. Starting Backward Slice...
  -> Found UB Trap. Starting Backward Slice...
  -> Found UB Trap. Starting Backward Slice...
  -> Found UB Trap. Starting Backward Slice...
  -> Found UB Trap. Starting Backward Slice...
  -> Found UB Trap. Starting Backward Slice...
  -> Found UB Trap. Starting Backward Slice...
  -> Found UB Trap. Starting Backward Slice...
  -> Found UB Trap. Starting Backward Slice...
  -> Found UB Trap. Starting Backward Slice...
  -> Found UB Trap. Starting Backward Slice...
  -> Found UB Trap. Starting Backward Slice...
  -> Found UB Trap. Starting Backward Slice...
  -> Found UB Trap. Starting Backward Slice...
  -> Found UB Trap. Starting Backward Slice...
  -> Found UB Trap. Starting Backward Slice...
  -> Found UB Trap. Starting Backward Slice...
  -> Found UB Trap. Starting Backward Slice...
  -> Found UB Trap. Starting Backward Slice...
  -> Found UB Trap. Starting Backward Slice...
  -> Found UB Trap. Starting Backward Slice...
  -> Found UB Trap. Starting Backward Slice...
  -> Found UB Trap. Starting Backward Slice...
  -> Found UB Trap. Starting Backward Slice...
  -> Found UB Trap. Starting Backward Slice...
  -> Found UB Trap. Starting Backward Slice...
  -> Found UB Trap. Starting Backward Slice...
  -> Found UB Trap. Starting Backward Slice...
  -> Found UB Trap. Starting Backward Slice...
  -> Found UB Trap. Starting Backward Slice...
  -> Found UB Trap. Starting Backward Slice...
  -> Found UB Trap. Starting Backward Slice...
  -> Found UB Trap. Starting Backward Slice...
  -> Found UB Trap. Starting Backward Slice...
  -> Found UB Trap. Starting Backward Slice...
  -> Found UB Trap. Starting Backward Slice...
  -> Found UB Trap. Starting Backward Slice...
  -> Found UB Trap. Starting Backward Slice...
  => Total Traps Eliminated: 0
  => Total Trap Attempts: 134
  => Total SMT Queries Executed: 134
  => Total SMT Query Latency: 3.774873e+03 ms
  => Average SMT Query Latency: 2.817070e+01 ms
  => Total DFS & SMT Execution Time: 6.707198e+03 ms

[Z3 Oracle] Analyzing Function: ZSTD_getBlockSize
  => Total Traps Eliminated: 0
  => Total Trap Attempts: 0
  => Total SMT Queries Executed: 0
  => Total SMT Query Latency: 0.000000e+00 ms
  => Average SMT Query Latency: 0.000000e+00 ms
  => Total DFS & SMT Execution Time: 3.157850e-01 ms

[Z3 Oracle] Analyzing Function: ZSTD_compressBlock_deprecated
  -> Found UB Trap. Starting Backward Slice...
  -> Found UB Trap. Starting Backward Slice...
  -> Found UB Trap. Starting Backward Slice...
  -> Found UB Trap. Starting Backward Slice...
  -> Found UB Trap. Starting Backward Slice...
  -> Found UB Trap. Starting Backward Slice...
  -> Found UB Trap. Starting Backward Slice...
  -> Found UB Trap. Starting Backward Slice...
  -> Found UB Trap. Starting Backward Slice...
  -> Found UB Trap. Starting Backward Slice...
  -> Found UB Trap. Starting Backward Slice...
  -> Found UB Trap. Starting Backward Slice...
  -> Found UB Trap. Starting Backward Slice...
  -> Found UB Trap. Starting Backward Slice...
  -> Found UB Trap. Starting Backward Slice...
  -> Found UB Trap. Starting Backward Slice...
  -> Found UB Trap. Starting Backward Slice...
  -> Found UB Trap. Starting Backward Slice...
  -> Found UB Trap. Starting Backward Slice...
  -> Found UB Trap. Starting Backward Slice...
  -> Found UB Trap. Starting Backward Slice...
  -> Found UB Trap. Starting Backward Slice...
  -> Found UB Trap. Starting Backward Slice...
  -> Found UB Trap. Starting Backward Slice...
  -> Found UB Trap. Starting Backward Slice...
  -> Found UB Trap. Starting Backward Slice...
  -> Found UB Trap. Starting Backward Slice...
  -> Found UB Trap. Starting Backward Slice...
  -> Found UB Trap. Starting Backward Slice...
  -> Found UB Trap. Starting Backward Slice...
  -> Found UB Trap. Starting Backward Slice...
  -> Found UB Trap. Starting Backward Slice...
  => Total Traps Eliminated: 0
  => Total Trap Attempts: 32
  => Total SMT Queries Executed: 32
  => Total SMT Query Latency: 5.230410e+02 ms
  => Average SMT Query Latency: 1.634503e+01 ms
  => Total DFS & SMT Execution Time: 9.504231e+02 ms

[Z3 Oracle] Analyzing Function: ZSTD_compressBlock
  -> Found UB Trap. Starting Backward Slice...
  -> Found UB Trap. Starting Backward Slice...
  -> Found UB Trap. Starting Backward Slice...
  -> Found UB Trap. Starting Backward Slice...
  -> Found UB Trap. Starting Backward Slice...
  -> Found UB Trap. Starting Backward Slice...
  -> Found UB Trap. Starting Backward Slice...
  -> Found UB Trap. Starting Backward Slice...
  -> Found UB Trap. Starting Backward Slice...
  -> Found UB Trap. Starting Backward Slice...
  -> Found UB Trap. Starting Backward Slice...
  -> Found UB Trap. Starting Backward Slice...
  -> Found UB Trap. Starting Backward Slice...
  -> Found UB Trap. Starting Backward Slice...
  -> Found UB Trap. Starting Backward Slice...
  -> Found UB Trap. Starting Backward Slice...
  -> Found UB Trap. Starting Backward Slice...
  -> Found UB Trap. Starting Backward Slice...
  -> Found UB Trap. Starting Backward Slice...
  -> Found UB Trap. Starting Backward Slice...
  -> Found UB Trap. Starting Backward Slice...
  -> Found UB Trap. Starting Backward Slice...
  -> Found UB Trap. Starting Backward Slice...
  -> Found UB Trap. Starting Backward Slice...
  -> Found UB Trap. Starting Backward Slice...
  -> Found UB Trap. Starting Backward Slice...
  -> Found UB Trap. Starting Backward Slice...
  -> Found UB Trap. Starting Backward Slice...
  -> Found UB Trap. Starting Backward Slice...
  -> Found UB Trap. Starting Backward Slice...
  -> Found UB Trap. Starting Backward Slice...
  -> Found UB Trap. Starting Backward Slice...
  => Total Traps Eliminated: 0
  => Total Trap Attempts: 32
  => Total SMT Queries Executed: 32
  => Total SMT Query Latency: 4.588112e+02 ms
  => Average SMT Query Latency: 1.433785e+01 ms
  => Total DFS & SMT Execution Time: 8.727884e+02 ms

[Z3 Oracle] Analyzing Function: ZSTD_loadCEntropy
  => Total Traps Eliminated: 0
  => Total Trap Attempts: 0
  => Total SMT Queries Executed: 0
  => Total SMT Query Latency: 0.000000e+00 ms
  => Average SMT Query Latency: 0.000000e+00 ms
  => Total DFS & SMT Execution Time: 3.698490e-01 ms

[Z3 Oracle] Analyzing Function: ZSTD_compressBegin_advanced_internal
  -> Found UB Trap. Starting Backward Slice...
  -> Found UB Trap. Starting Backward Slice...
  -> Found UB Trap. Starting Backward Slice...
  -> Found UB Trap. Starting Backward Slice...
  -> Found UB Trap. Starting Backward Slice...
  -> Found UB Trap. Starting Backward Slice...
  -> Found UB Trap. Starting Backward Slice...
  -> Found UB Trap. Starting Backward Slice...
  -> Found UB Trap. Starting Backward Slice...
  -> Found UB Trap. Starting Backward Slice...
  -> Found UB Trap. Starting Backward Slice...
  -> Found UB Trap. Starting Backward Slice...
  -> Found UB Trap. Starting Backward Slice...
  -> Found UB Trap. Starting Backward Slice...
  -> Found UB Trap. Starting Backward Slice...
  -> Found UB Trap. Starting Backward Slice...
  -> Found UB Trap. Starting Backward Slice...
  -> Found UB Trap. Starting Backward Slice...
  -> Found UB Trap. Starting Backward Slice...
  -> Found UB Trap. Starting Backward Slice...
  -> Found UB Trap. Starting Backward Slice...
  -> Found UB Trap. Starting Backward Slice...
  -> Found UB Trap. Starting Backward Slice...
  -> Found UB Trap. Starting Backward Slice...
  -> Found UB Trap. Starting Backward Slice...
  -> Found UB Trap. Starting Backward Slice...
  -> Found UB Trap. Starting Backward Slice...
  -> Found UB Trap. Starting Backward Slice...
  -> Found UB Trap. Starting Backward Slice...
  -> Found UB Trap. Starting Backward Slice...
  -> Found UB Trap. Starting Backward Slice...
  -> Found UB Trap. Starting Backward Slice...
  -> Found UB Trap. Starting Backward Slice...
  -> Found UB Trap. Starting Backward Slice...
  -> Found UB Trap. Starting Backward Slice...
  -> Found UB Trap. Starting Backward Slice...
  -> Found UB Trap. Starting Backward Slice...
  -> Found UB Trap. Starting Backward Slice...
  -> Found UB Trap. Starting Backward Slice...
  -> Found UB Trap. Starting Backward Slice...
  -> Found UB Trap. Starting Backward Slice...
  -> Found UB Trap. Starting Backward Slice...
  -> Found UB Trap. Starting Backward Slice...
  -> Found UB Trap. Starting Backward Slice...
  -> Found UB Trap. Starting Backward Slice...
  -> Found UB Trap. Starting Backward Slice...
  -> Found UB Trap. Starting Backward Slice...
  -> Found UB Trap. Starting Backward Slice...
  -> Found UB Trap. Starting Backward Slice...
  -> Found UB Trap. Starting Backward Slice...
  => Total Traps Eliminated: 0
  => Total Trap Attempts: 50
  => Total SMT Queries Executed: 50
  => Total SMT Query Latency: 9.236603e+02 ms
  => Average SMT Query Latency: 1.847321e+01 ms
  => Total DFS & SMT Execution Time: 1.447982e+03 ms

[Z3 Oracle] Analyzing Function: ZSTD_compressBegin_advanced
  -> Found UB Trap. Starting Backward Slice...
  -> Found UB Trap. Starting Backward Slice...
  -> Found UB Trap. Starting Backward Slice...
  -> Found UB Trap. Starting Backward Slice...
  -> Found UB Trap. Starting Backward Slice...
  -> Found UB Trap. Starting Backward Slice...
  -> Found UB Trap. Starting Backward Slice...
  -> Found UB Trap. Starting Backward Slice...
  -> Found UB Trap. Starting Backward Slice...
  -> Found UB Trap. Starting Backward Slice...
  -> Found UB Trap. Starting Backward Slice...
  -> Found UB Trap. Starting Backward Slice...
  -> Found UB Trap. Starting Backward Slice...
  -> Found UB Trap. Starting Backward Slice...
  -> Found UB Trap. Starting Backward Slice...
  -> Found UB Trap. Starting Backward Slice...
  -> Found UB Trap. Starting Backward Slice...
  -> Found UB Trap. Starting Backward Slice...
  -> Found UB Trap. Starting Backward Slice...
  -> Found UB Trap. Starting Backward Slice...
  -> Found UB Trap. Starting Backward Slice...
  -> Found UB Trap. Starting Backward Slice...
  -> Found UB Trap. Starting Backward Slice...
  -> Found UB Trap. Starting Backward Slice...
  => Total Traps Eliminated: 0
  => Total Trap Attempts: 24
  => Total SMT Queries Executed: 24
  => Total SMT Query Latency: 3.898523e+02 ms
  => Average SMT Query Latency: 1.624385e+01 ms
  => Total DFS & SMT Execution Time: 6.164198e+02 ms

[Z3 Oracle] Analyzing Function: ZSTD_compressBegin_usingDict
  => Total Traps Eliminated: 0
  => Total Trap Attempts: 0
  => Total SMT Queries Executed: 0
  => Total SMT Query Latency: 0.000000e+00 ms
  => Average SMT Query Latency: 0.000000e+00 ms
  => Total DFS & SMT Execution Time: 1.163830e-01 ms

[Z3 Oracle] Analyzing Function: ZSTD_compressBegin
  => Total Traps Eliminated: 0
  => Total Trap Attempts: 0
  => Total SMT Queries Executed: 0
  => Total SMT Query Latency: 0.000000e+00 ms
  => Average SMT Query Latency: 0.000000e+00 ms
  => Total DFS & SMT Execution Time: 6.162000e-02 ms

[Z3 Oracle] Analyzing Function: ZSTD_CCtx_trace
  -> Found UB Trap. Starting Backward Slice...
  => Total Traps Eliminated: 0
  => Total Trap Attempts: 1
  => Total SMT Queries Executed: 1
  => Total SMT Query Latency: 9.631526e+00 ms
  => Average SMT Query Latency: 9.631526e+00 ms
  => Total DFS & SMT Execution Time: 1.810293e+01 ms

[Z3 Oracle] Analyzing Function: ZSTD_compressEnd_public
  -> Found UB Trap. Starting Backward Slice...
  -> Found UB Trap. Starting Backward Slice...
  -> Found UB Trap. Starting Backward Slice...
  -> Found UB Trap. Starting Backward Slice...
  -> Found UB Trap. Starting Backward Slice...
  -> Found UB Trap. Starting Backward Slice...
  -> Found UB Trap. Starting Backward Slice...
  -> Found UB Trap. Starting Backward Slice...
  -> Found UB Trap. Starting Backward Slice...
  -> Found UB Trap. Starting Backward Slice...
  -> Found UB Trap. Starting Backward Slice...
  -> Found UB Trap. Starting Backward Slice...
  -> Found UB Trap. Starting Backward Slice...
  -> Found UB Trap. Starting Backward Slice...
  -> Found UB Trap. Starting Backward Slice...
  -> Found UB Trap. Starting Backward Slice...
  -> Found UB Trap. Starting Backward Slice...
  -> Found UB Trap. Starting Backward Slice...
  -> Found UB Trap. Starting Backward Slice...
  -> Found UB Trap. Starting Backward Slice...
  -> Found UB Trap. Starting Backward Slice...
  -> Found UB Trap. Starting Backward Slice...
  -> Found UB Trap. Starting Backward Slice...
  -> Found UB Trap. Starting Backward Slice...
  -> Found UB Trap. Starting Backward Slice...
  -> Found UB Trap. Starting Backward Slice...
  -> Found UB Trap. Starting Backward Slice...
  -> Found UB Trap. Starting Backward Slice...
  -> Found UB Trap. Starting Backward Slice...
  -> Found UB Trap. Starting Backward Slice...
  -> Found UB Trap. Starting Backward Slice...
  -> Found UB Trap. Starting Backward Slice...
  -> Found UB Trap. Starting Backward Slice...
  -> Found UB Trap. Starting Backward Slice...
  -> Found UB Trap. Starting Backward Slice...
  -> Found UB Trap. Starting Backward Slice...
  -> Found UB Trap. Starting Backward Slice...
  -> Found UB Trap. Starting Backward Slice...
  -> Found UB Trap. Starting Backward Slice...
  -> Found UB Trap. Starting Backward Slice...
  -> Found UB Trap. Starting Backward Slice...
  -> Found UB Trap. Starting Backward Slice...
  -> Found UB Trap. Starting Backward Slice...
  -> Found UB Trap. Starting Backward Slice...
  -> Found UB Trap. Starting Backward Slice...
  -> Found UB Trap. Starting Backward Slice...
  -> Found UB Trap. Starting Backward Slice...
  -> Found UB Trap. Starting Backward Slice...
  -> Found UB Trap. Starting Backward Slice...
  -> Found UB Trap. Starting Backward Slice...
  -> Found UB Trap. Starting Backward Slice...
  -> Found UB Trap. Starting Backward Slice...
  -> Found UB Trap. Starting Backward Slice...
  -> Found UB Trap. Starting Backward Slice...
  -> Found UB Trap. Starting Backward Slice...
  -> Found UB Trap. Starting Backward Slice...
  -> Found UB Trap. Starting Backward Slice...
  -> Found UB Trap. Starting Backward Slice...
  -> Found UB Trap. Starting Backward Slice...
  -> Found UB Trap. Starting Backward Slice...
  -> Found UB Trap. Starting Backward Slice...
  -> Found UB Trap. Starting Backward Slice...
  -> Found UB Trap. Starting Backward Slice...
  -> Found UB Trap. Starting Backward Slice...
  -> Found UB Trap. Starting Backward Slice...
  -> Found UB Trap. Starting Backward Slice...
  -> Found UB Trap. Starting Backward Slice...
  -> Found UB Trap. Starting Backward Slice...
  -> Found UB Trap. Starting Backward Slice...
  -> Found UB Trap. Starting Backward Slice...
  -> Found UB Trap. Starting Backward Slice...
  -> Found UB Trap. Starting Backward Slice...
  -> Found UB Trap. Starting Backward Slice...
  -> Found UB Trap. Starting Backward Slice...
  -> Found UB Trap. Starting Backward Slice...
  -> Found UB Trap. Starting Backward Slice...
  -> Found UB Trap. Starting Backward Slice...
  -> Found UB Trap. Starting Backward Slice...
  -> Found UB Trap. Starting Backward Slice...
  -> Found UB Trap. Starting Backward Slice...
  -> Found UB Trap. Starting Backward Slice...
  -> Found UB Trap. Starting Backward Slice...
  -> Found UB Trap. Starting Backward Slice...
  -> Found UB Trap. Starting Backward Slice...
  -> Found UB Trap. Starting Backward Slice...
  -> Found UB Trap. Starting Backward Slice...
  -> Found UB Trap. Starting Backward Slice...
  -> Found UB Trap. Starting Backward Slice...
  -> Found UB Trap. Starting Backward Slice...
  -> Found UB Trap. Starting Backward Slice...
  -> Found UB Trap. Starting Backward Slice...
  -> Found UB Trap. Starting Backward Slice...
  -> Found UB Trap. Starting Backward Slice...
  -> Found UB Trap. Starting Backward Slice...
  -> Found UB Trap. Starting Backward Slice...
  -> Found UB Trap. Starting Backward Slice...
  -> Found UB Trap. Starting Backward Slice...
  -> Found UB Trap. Starting Backward Slice...
  -> Found UB Trap. Starting Backward Slice...
  -> Found UB Trap. Starting Backward Slice...
  -> Found UB Trap. Starting Backward Slice...
  -> Found UB Trap. Starting Backward Slice...
  -> Found UB Trap. Starting Backward Slice...
  -> Found UB Trap. Starting Backward Slice...
  -> Found UB Trap. Starting Backward Slice...
  -> Found UB Trap. Starting Backward Slice...
  -> Found UB Trap. Starting Backward Slice...
  -> Found UB Trap. Starting Backward Slice...
  -> Found UB Trap. Starting Backward Slice...
  -> Found UB Trap. Starting Backward Slice...
  -> Found UB Trap. Starting Backward Slice...
  -> Found UB Trap. Starting Backward Slice...
  -> Found UB Trap. Starting Backward Slice...
  -> Found UB Trap. Starting Backward Slice...
  -> Found UB Trap. Starting Backward Slice...
  -> Found UB Trap. Starting Backward Slice...
  -> Found UB Trap. Starting Backward Slice...
  -> Found UB Trap. Starting Backward Slice...
  -> Found UB Trap. Starting Backward Slice...
  -> Found UB Trap. Starting Backward Slice...
  -> Found UB Trap. Starting Backward Slice...
  -> Found UB Trap. Starting Backward Slice...
  -> Found UB Trap. Starting Backward Slice...
  -> Found UB Trap. Starting Backward Slice...
  -> Found UB Trap. Starting Backward Slice...
  -> Found UB Trap. Starting Backward Slice...
  -> Found UB Trap. Starting Backward Slice...
  -> Found UB Trap. Starting Backward Slice...
  -> Found UB Trap. Starting Backward Slice...
  -> Found UB Trap. Starting Backward Slice...
  -> Found UB Trap. Starting Backward Slice...
  -> Found UB Trap. Starting Backward Slice...
  -> Found UB Trap. Starting Backward Slice...
  -> Found UB Trap. Starting Backward Slice...
  -> Found UB Trap. Starting Backward Slice...
  -> Found UB Trap. Starting Backward Slice...
  -> Found UB Trap. Starting Backward Slice...
  -> Found UB Trap. Starting Backward Slice...
  -> Found UB Trap. Starting Backward Slice...
  => Total Traps Eliminated: 0
  => Total Trap Attempts: 139
  => Total SMT Queries Executed: 139
  => Total SMT Query Latency: 3.721961e+03 ms
  => Average SMT Query Latency: 2.677670e+01 ms
  => Total DFS & SMT Execution Time: 6.541721e+03 ms

[Z3 Oracle] Analyzing Function: ZSTD_compressEnd
  -> Found UB Trap. Starting Backward Slice...
  -> Found UB Trap. Starting Backward Slice...
  -> Found UB Trap. Starting Backward Slice...
  -> Found UB Trap. Starting Backward Slice...
  -> Found UB Trap. Starting Backward Slice...
  -> Found UB Trap. Starting Backward Slice...
  -> Found UB Trap. Starting Backward Slice...
  -> Found UB Trap. Starting Backward Slice...
  -> Found UB Trap. Starting Backward Slice...
  -> Found UB Trap. Starting Backward Slice...
  -> Found UB Trap. Starting Backward Slice...
  -> Found UB Trap. Starting Backward Slice...
  -> Found UB Trap. Starting Backward Slice...
  -> Found UB Trap. Starting Backward Slice...
  -> Found UB Trap. Starting Backward Slice...
  -> Found UB Trap. Starting Backward Slice...
  -> Found UB Trap. Starting Backward Slice...
  -> Found UB Trap. Starting Backward Slice...
  -> Found UB Trap. Starting Backward Slice...
  -> Found UB Trap. Starting Backward Slice...
  -> Found UB Trap. Starting Backward Slice...
  -> Found UB Trap. Starting Backward Slice...
  -> Found UB Trap. Starting Backward Slice...
  -> Found UB Trap. Starting Backward Slice...
  -> Found UB Trap. Starting Backward Slice...
  -> Found UB Trap. Starting Backward Slice...
  -> Found UB Trap. Starting Backward Slice...
  -> Found UB Trap. Starting Backward Slice...
  -> Found UB Trap. Starting Backward Slice...
  -> Found UB Trap. Starting Backward Slice...
  -> Found UB Trap. Starting Backward Slice...
  -> Found UB Trap. Starting Backward Slice...
  -> Found UB Trap. Starting Backward Slice...
  -> Found UB Trap. Starting Backward Slice...
  -> Found UB Trap. Starting Backward Slice...
  -> Found UB Trap. Starting Backward Slice...
  -> Found UB Trap. Starting Backward Slice...
  -> Found UB Trap. Starting Backward Slice...
  -> Found UB Trap. Starting Backward Slice...
  -> Found UB Trap. Starting Backward Slice...
  -> Found UB Trap. Starting Backward Slice...
  -> Found UB Trap. Starting Backward Slice...
  -> Found UB Trap. Starting Backward Slice...
  -> Found UB Trap. Starting Backward Slice...
  -> Found UB Trap. Starting Backward Slice...
  -> Found UB Trap. Starting Backward Slice...
  -> Found UB Trap. Starting Backward Slice...
  -> Found UB Trap. Starting Backward Slice...
  -> Found UB Trap. Starting Backward Slice...
  -> Found UB Trap. Starting Backward Slice...
  -> Found UB Trap. Starting Backward Slice...
  -> Found UB Trap. Starting Backward Slice...
  -> Found UB Trap. Starting Backward Slice...
  -> Found UB Trap. Starting Backward Slice...
  -> Found UB Trap. Starting Backward Slice...
  -> Found UB Trap. Starting Backward Slice...
  -> Found UB Trap. Starting Backward Slice...
  -> Found UB Trap. Starting Backward Slice...
  -> Found UB Trap. Starting Backward Slice...
  -> Found UB Trap. Starting Backward Slice...
  -> Found UB Trap. Starting Backward Slice...
  -> Found UB Trap. Starting Backward Slice...
  -> Found UB Trap. Starting Backward Slice...
  -> Found UB Trap. Starting Backward Slice...
  -> Found UB Trap. Starting Backward Slice...
  -> Found UB Trap. Starting Backward Slice...
  -> Found UB Trap. Starting Backward Slice...
  -> Found UB Trap. Starting Backward Slice...
  -> Found UB Trap. Starting Backward Slice...
  -> Found UB Trap. Starting Backward Slice...
  -> Found UB Trap. Starting Backward Slice...
  -> Found UB Trap. Starting Backward Slice...
  -> Found UB Trap. Starting Backward Slice...
  -> Found UB Trap. Starting Backward Slice...
  -> Found UB Trap. Starting Backward Slice...
  -> Found UB Trap. Starting Backward Slice...
  -> Found UB Trap. Starting Backward Slice...
  -> Found UB Trap. Starting Backward Slice...
  -> Found UB Trap. Starting Backward Slice...
  -> Found UB Trap. Starting Backward Slice...
  -> Found UB Trap. Starting Backward Slice...
  -> Found UB Trap. Starting Backward Slice...
  -> Found UB Trap. Starting Backward Slice...
  -> Found UB Trap. Starting Backward Slice...
  -> Found UB Trap. Starting Backward Slice...
  -> Found UB Trap. Starting Backward Slice...
  -> Found UB Trap. Starting Backward Slice...
  -> Found UB Trap. Starting Backward Slice...
  -> Found UB Trap. Starting Backward Slice...
  -> Found UB Trap. Starting Backward Slice...
  -> Found UB Trap. Starting Backward Slice...
  -> Found UB Trap. Starting Backward Slice...
  -> Found UB Trap. Starting Backward Slice...
  -> Found UB Trap. Starting Backward Slice...
  -> Found UB Trap. Starting Backward Slice...
  -> Found UB Trap. Starting Backward Slice...
  -> Found UB Trap. Starting Backward Slice...
  -> Found UB Trap. Starting Backward Slice...
  -> Found UB Trap. Starting Backward Slice...
  -> Found UB Trap. Starting Backward Slice...
  -> Found UB Trap. Starting Backward Slice...
  -> Found UB Trap. Starting Backward Slice...
  -> Found UB Trap. Starting Backward Slice...
  -> Found UB Trap. Starting Backward Slice...
  -> Found UB Trap. Starting Backward Slice...
  -> Found UB Trap. Starting Backward Slice...
  -> Found UB Trap. Starting Backward Slice...
  -> Found UB Trap. Starting Backward Slice...
  -> Found UB Trap. Starting Backward Slice...
  -> Found UB Trap. Starting Backward Slice...
  -> Found UB Trap. Starting Backward Slice...
  -> Found UB Trap. Starting Backward Slice...
  -> Found UB Trap. Starting Backward Slice...
  -> Found UB Trap. Starting Backward Slice...
  -> Found UB Trap. Starting Backward Slice...
  -> Found UB Trap. Starting Backward Slice...
  -> Found UB Trap. Starting Backward Slice...
  -> Found UB Trap. Starting Backward Slice...
  -> Found UB Trap. Starting Backward Slice...
  -> Found UB Trap. Starting Backward Slice...
  -> Found UB Trap. Starting Backward Slice...
  -> Found UB Trap. Starting Backward Slice...
  -> Found UB Trap. Starting Backward Slice...
  -> Found UB Trap. Starting Backward Slice...
  -> Found UB Trap. Starting Backward Slice...
  -> Found UB Trap. Starting Backward Slice...
  -> Found UB Trap. Starting Backward Slice...
  -> Found UB Trap. Starting Backward Slice...
  -> Found UB Trap. Starting Backward Slice...
  -> Found UB Trap. Starting Backward Slice...
  -> Found UB Trap. Starting Backward Slice...
  -> Found UB Trap. Starting Backward Slice...
  -> Found UB Trap. Starting Backward Slice...
  -> Found UB Trap. Starting Backward Slice...
  -> Found UB Trap. Starting Backward Slice...
  -> Found UB Trap. Starting Backward Slice...
  -> Found UB Trap. Starting Backward Slice...
  -> Found UB Trap. Starting Backward Slice...
  -> Found UB Trap. Starting Backward Slice...
  => Total Traps Eliminated: 0
  => Total Trap Attempts: 139
  => Total SMT Queries Executed: 139
  => Total SMT Query Latency: 3.110336e+03 ms
  => Average SMT Query Latency: 2.237652e+01 ms
  => Total DFS & SMT Execution Time: 5.724058e+03 ms

[Z3 Oracle] Analyzing Function: ZSTD_compress_advanced
  -> Found UB Trap. Starting Backward Slice...
  -> Found UB Trap. Starting Backward Slice...
  -> Found UB Trap. Starting Backward Slice...
  -> Found UB Trap. Starting Backward Slice...
  -> Found UB Trap. Starting Backward Slice...
  -> Found UB Trap. Starting Backward Slice...
  -> Found UB Trap. Starting Backward Slice...
  -> Found UB Trap. Starting Backward Slice...
  -> Found UB Trap. Starting Backward Slice...
  -> Found UB Trap. Starting Backward Slice...
  -> Found UB Trap. Starting Backward Slice...
  -> Found UB Trap. Starting Backward Slice...
  -> Found UB Trap. Starting Backward Slice...
  -> Found UB Trap. Starting Backward Slice...
  -> Found UB Trap. Starting Backward Slice...
  -> Found UB Trap. Starting Backward Slice...
  -> Found UB Trap. Starting Backward Slice...
  -> Found UB Trap. Starting Backward Slice...
  -> Found UB Trap. Starting Backward Slice...
  -> Found UB Trap. Starting Backward Slice...
  -> Found UB Trap. Starting Backward Slice...
  -> Found UB Trap. Starting Backward Slice...
  -> Found UB Trap. Starting Backward Slice...
  -> Found UB Trap. Starting Backward Slice...
  => Total Traps Eliminated: 0
  => Total Trap Attempts: 24
  => Total SMT Queries Executed: 24
  => Total SMT Query Latency: 4.437106e+02 ms
  => Average SMT Query Latency: 1.848794e+01 ms
  => Total DFS & SMT Execution Time: 6.956748e+02 ms

[Z3 Oracle] Analyzing Function: ZSTD_compress_advanced_internal
  -> Found UB Trap. Starting Backward Slice...
  -> Found UB Trap. Starting Backward Slice...
  -> Found UB Trap. Starting Backward Slice...
  -> Found UB Trap. Starting Backward Slice...
  -> Found UB Trap. Starting Backward Slice...
  -> Found UB Trap. Starting Backward Slice...
  -> Found UB Trap. Starting Backward Slice...
  -> Found UB Trap. Starting Backward Slice...
  -> Found UB Trap. Starting Backward Slice...
  -> Found UB Trap. Starting Backward Slice...
  -> Found UB Trap. Starting Backward Slice...
  -> Found UB Trap. Starting Backward Slice...
  -> Found UB Trap. Starting Backward Slice...
  -> Found UB Trap. Starting Backward Slice...
  -> Found UB Trap. Starting Backward Slice...
  -> Found UB Trap. Starting Backward Slice...
  -> Found UB Trap. Starting Backward Slice...
  -> Found UB Trap. Starting Backward Slice...
  -> Found UB Trap. Starting Backward Slice...
  -> Found UB Trap. Starting Backward Slice...
  -> Found UB Trap. Starting Backward Slice...
  -> Found UB Trap. Starting Backward Slice...
  -> Found UB Trap. Starting Backward Slice...
  -> Found UB Trap. Starting Backward Slice...
  => Total Traps Eliminated: 0
  => Total Trap Attempts: 24
  => Total SMT Queries Executed: 24
  => Total SMT Query Latency: 5.160487e+02 ms
  => Average SMT Query Latency: 2.150203e+01 ms
  => Total DFS & SMT Execution Time: 7.933732e+02 ms

[Z3 Oracle] Analyzing Function: ZSTD_compress_usingDict
  => Total Traps Eliminated: 0
  => Total Trap Attempts: 0
  => Total SMT Queries Executed: 0
  => Total SMT Query Latency: 0.000000e+00 ms
  => Average SMT Query Latency: 0.000000e+00 ms
  => Total DFS & SMT Execution Time: 1.616150e-01 ms

[Z3 Oracle] Analyzing Function: ZSTD_compressCCtx
  => Total Traps Eliminated: 0
  => Total Trap Attempts: 0
  => Total SMT Queries Executed: 0
  => Total SMT Query Latency: 0.000000e+00 ms
  => Average SMT Query Latency: 0.000000e+00 ms
  => Total DFS & SMT Execution Time: 6.630000e-02 ms

[Z3 Oracle] Analyzing Function: ZSTD_compress
  => Total Traps Eliminated: 0
  => Total Trap Attempts: 0
  => Total SMT Queries Executed: 0
  => Total SMT Query Latency: 0.000000e+00 ms
  => Average SMT Query Latency: 0.000000e+00 ms
  => Total DFS & SMT Execution Time: 2.064800e-02 ms

[Z3 Oracle] Analyzing Function: ZSTD_estimateCDictSize_advanced
  -> Found UB Trap. Starting Backward Slice...
  -> Found UB Trap. Starting Backward Slice...
  -> Found UB Trap. Starting Backward Slice...
  -> Found UB Trap. Starting Backward Slice...
  -> Found UB Trap. Starting Backward Slice...
  -> Found UB Trap. Starting Backward Slice...
  -> Found UB Trap. Starting Backward Slice...
  -> Found UB Trap. Starting Backward Slice...
  => Total Traps Eliminated: 0
  => Total Trap Attempts: 8
  => Total SMT Queries Executed: 8
  => Total SMT Query Latency: 9.150308e+01 ms
  => Average SMT Query Latency: 1.143788e+01 ms
  => Total DFS & SMT Execution Time: 1.867131e+02 ms

[Z3 Oracle] Analyzing Function: ZSTD_estimateCDictSize
  => Total Traps Eliminated: 0
  => Total Trap Attempts: 0
  => Total SMT Queries Executed: 0
  => Total SMT Query Latency: 0.000000e+00 ms
  => Average SMT Query Latency: 0.000000e+00 ms
  => Total DFS & SMT Execution Time: 1.783540e-01 ms

[Z3 Oracle] Analyzing Function: ZSTD_sizeof_CDict
  -> Found UB Trap. Starting Backward Slice...
  => Total Traps Eliminated: 0
  => Total Trap Attempts: 1
  => Total SMT Queries Executed: 1
  => Total SMT Query Latency: 1.187615e+01 ms
  => Average SMT Query Latency: 1.187615e+01 ms
  => Total DFS & SMT Execution Time: 2.486995e+01 ms

[Z3 Oracle] Analyzing Function: ZSTD_createCDict_advanced
  -> Found UB Trap. Starting Backward Slice...
  => Total Traps Eliminated: 0
  => Total Trap Attempts: 1
  => Total SMT Queries Executed: 1
  => Total SMT Query Latency: 1.563241e+01 ms
  => Average SMT Query Latency: 1.563241e+01 ms
  => Total DFS & SMT Execution Time: 3.112147e+01 ms

[Z3 Oracle] Analyzing Function: ZSTD_createCDict_advanced2
  -> Found UB Trap. Starting Backward Slice...
  -> Found UB Trap. Starting Backward Slice...
  => Total Traps Eliminated: 0
  => Total Trap Attempts: 2
  => Total SMT Queries Executed: 2
  => Total SMT Query Latency: 1.351085e+01 ms
  => Average SMT Query Latency: 6.755425e+00 ms
  => Total DFS & SMT Execution Time: 3.624442e+01 ms

[Z3 Oracle] Analyzing Function: ZSTD_freeCDict
  => Total Traps Eliminated: 0
  => Total Trap Attempts: 0
  => Total SMT Queries Executed: 0
  => Total SMT Query Latency: 0.000000e+00 ms
  => Average SMT Query Latency: 0.000000e+00 ms
  => Total DFS & SMT Execution Time: 3.791110e-01 ms

[Z3 Oracle] Analyzing Function: ZSTD_createCDict
  => Total Traps Eliminated: 0
  => Total Trap Attempts: 0
  => Total SMT Queries Executed: 0
  => Total SMT Query Latency: 0.000000e+00 ms
  => Average SMT Query Latency: 0.000000e+00 ms
  => Total DFS & SMT Execution Time: 5.622600e-02 ms

[Z3 Oracle] Analyzing Function: ZSTD_createCDict_byReference
  => Total Traps Eliminated: 0
  => Total Trap Attempts: 0
  => Total SMT Queries Executed: 0
  => Total SMT Query Latency: 0.000000e+00 ms
  => Average SMT Query Latency: 0.000000e+00 ms
  => Total DFS & SMT Execution Time: 1.564900e-02 ms

[Z3 Oracle] Analyzing Function: ZSTD_initStaticCDict
  -> Found UB Trap. Starting Backward Slice...
  -> Found UB Trap. Starting Backward Slice...
  -> Found UB Trap. Starting Backward Slice...
  -> Found UB Trap. Starting Backward Slice...
  -> Found UB Trap. Starting Backward Slice...
  -> Found UB Trap. Starting Backward Slice...
  -> Found UB Trap. Starting Backward Slice...
  -> Found UB Trap. Starting Backward Slice...
  -> Found UB Trap. Starting Backward Slice...
  -> Found UB Trap. Starting Backward Slice...
  -> Found UB Trap. Starting Backward Slice...
  -> Found UB Trap. Starting Backward Slice...
  -> Found UB Trap. Starting Backward Slice...
  -> Found UB Trap. Starting Backward Slice...
  -> Found UB Trap. Starting Backward Slice...
  -> Found UB Trap. Starting Backward Slice...
  -> Found UB Trap. Starting Backward Slice...
  -> Found UB Trap. Starting Backward Slice...
  -> Found UB Trap. Starting Backward Slice...
  -> Found UB Trap. Starting Backward Slice...
  -> Found UB Trap. Starting Backward Slice...
  -> Found UB Trap. Starting Backward Slice...
  -> Found UB Trap. Starting Backward Slice...
  -> Found UB Trap. Starting Backward Slice...
  -> Found UB Trap. Starting Backward Slice...
  -> Found UB Trap. Starting Backward Slice...
  -> Found UB Trap. Starting Backward Slice...
  -> Found UB Trap. Starting Backward Slice...
  -> Found UB Trap. Starting Backward Slice...
  -> Found UB Trap. Starting Backward Slice...
  -> Found UB Trap. Starting Backward Slice...
  -> Found UB Trap. Starting Backward Slice...
  -> Found UB Trap. Starting Backward Slice...
  -> Found UB Trap. Starting Backward Slice...
  -> Found UB Trap. Starting Backward Slice...
  -> Found UB Trap. Starting Backward Slice...
  -> Found UB Trap. Starting Backward Slice...
  -> Found UB Trap. Starting Backward Slice...
  => Total Traps Eliminated: 0
  => Total Trap Attempts: 38
  => Total SMT Queries Executed: 38
  => Total SMT Query Latency: 4.111426e+02 ms
  => Average SMT Query Latency: 1.081954e+01 ms
  => Total DFS & SMT Execution Time: 7.524216e+02 ms

[Z3 Oracle] Analyzing Function: ZSTD_getCParamsFromCDict
  => Total Traps Eliminated: 0
  => Total Trap Attempts: 0
  => Total SMT Queries Executed: 0
  => Total SMT Query Latency: 0.000000e+00 ms
  => Average SMT Query Latency: 0.000000e+00 ms
  => Total DFS & SMT Execution Time: 1.266200e-01 ms

[Z3 Oracle] Analyzing Function: ZSTD_getDictID_fromCDict
  => Total Traps Eliminated: 0
  => Total Trap Attempts: 0
  => Total SMT Queries Executed: 0
  => Total SMT Query Latency: 0.000000e+00 ms
  => Average SMT Query Latency: 0.000000e+00 ms
  => Total DFS & SMT Execution Time: 4.894400e-02 ms

[Z3 Oracle] Analyzing Function: ZSTD_compressBegin_usingCDict_advanced
  -> Found UB Trap. Starting Backward Slice...
  -> Found UB Trap. Starting Backward Slice...
  => Total Traps Eliminated: 0
  => Total Trap Attempts: 2
  => Total SMT Queries Executed: 2
  => Total SMT Query Latency: 1.474322e+01 ms
  => Average SMT Query Latency: 7.371609e+00 ms
  => Total DFS & SMT Execution Time: 2.847906e+01 ms

[Z3 Oracle] Analyzing Function: ZSTD_compressBegin_usingCDict_deprecated
  => Total Traps Eliminated: 0
  => Total Trap Attempts: 0
  => Total SMT Queries Executed: 0
  => Total SMT Query Latency: 0.000000e+00 ms
  => Average SMT Query Latency: 0.000000e+00 ms
  => Total DFS & SMT Execution Time: 4.422640e-01 ms

[Z3 Oracle] Analyzing Function: ZSTD_compressBegin_usingCDict
  => Total Traps Eliminated: 0
  => Total Trap Attempts: 0
  => Total SMT Queries Executed: 0
  => Total SMT Query Latency: 0.000000e+00 ms
  => Average SMT Query Latency: 0.000000e+00 ms
  => Total DFS & SMT Execution Time: 3.279700e-02 ms

[Z3 Oracle] Analyzing Function: ZSTD_compress_usingCDict_advanced
  -> Found UB Trap. Starting Backward Slice...
  -> Found UB Trap. Starting Backward Slice...
  => Total Traps Eliminated: 0
  => Total Trap Attempts: 2
  => Total SMT Queries Executed: 2
  => Total SMT Query Latency: 1.703474e+01 ms
  => Average SMT Query Latency: 8.517370e+00 ms
  => Total DFS & SMT Execution Time: 3.327502e+01 ms

[Z3 Oracle] Analyzing Function: ZSTD_compress_usingCDict
  -> Found UB Trap. Starting Backward Slice...
  -> Found UB Trap. Starting Backward Slice...
  => Total Traps Eliminated: 0
  => Total Trap Attempts: 2
  => Total SMT Queries Executed: 2
  => Total SMT Query Latency: 1.701286e+01 ms
  => Average SMT Query Latency: 8.506429e+00 ms
  => Total DFS & SMT Execution Time: 3.206792e+01 ms

[Z3 Oracle] Analyzing Function: ZSTD_createCStream
  => Total Traps Eliminated: 0
  => Total Trap Attempts: 0
  => Total SMT Queries Executed: 0
  => Total SMT Query Latency: 0.000000e+00 ms
  => Average SMT Query Latency: 0.000000e+00 ms
  => Total DFS & SMT Execution Time: 3.331280e-01 ms

[Z3 Oracle] Analyzing Function: ZSTD_createCStream_advanced
  => Total Traps Eliminated: 0
  => Total Trap Attempts: 0
  => Total SMT Queries Executed: 0
  => Total SMT Query Latency: 0.000000e+00 ms
  => Average SMT Query Latency: 0.000000e+00 ms
  => Total DFS & SMT Execution Time: 5.964900e-02 ms

[Z3 Oracle] Analyzing Function: ZSTD_initStaticCStream
  => Total Traps Eliminated: 0
  => Total Trap Attempts: 0
  => Total SMT Queries Executed: 0
  => Total SMT Query Latency: 0.000000e+00 ms
  => Average SMT Query Latency: 0.000000e+00 ms
  => Total DFS & SMT Execution Time: 6.243900e-02 ms

[Z3 Oracle] Analyzing Function: ZSTD_freeCStream
  => Total Traps Eliminated: 0
  => Total Trap Attempts: 0
  => Total SMT Queries Executed: 0
  => Total SMT Query Latency: 0.000000e+00 ms
  => Average SMT Query Latency: 0.000000e+00 ms
  => Total DFS & SMT Execution Time: 6.663100e-02 ms

[Z3 Oracle] Analyzing Function: ZSTD_CStreamInSize
  => Total Traps Eliminated: 0
  => Total Trap Attempts: 0
  => Total SMT Queries Executed: 0
  => Total SMT Query Latency: 0.000000e+00 ms
  => Average SMT Query Latency: 0.000000e+00 ms
  => Total DFS & SMT Execution Time: 4.673500e-02 ms

[Z3 Oracle] Analyzing Function: ZSTD_CStreamOutSize
  -> Found UB Trap. Starting Backward Slice...
  -> Found UB Trap. Starting Backward Slice...
  -> Found UB Trap. Starting Backward Slice...
  => Total Traps Eliminated: 0
  => Total Trap Attempts: 3
  => Total SMT Queries Executed: 3
  => Total SMT Query Latency: 2.609785e+01 ms
  => Average SMT Query Latency: 8.699283e+00 ms
  => Total DFS & SMT Execution Time: 5.144627e+01 ms

[Z3 Oracle] Analyzing Function: ZSTD_resetCStream
  -> Found UB Trap. Starting Backward Slice...
  -> Found UB Trap. Starting Backward Slice...
  => Total Traps Eliminated: 0
  => Total Trap Attempts: 2
  => Total SMT Queries Executed: 2
  => Total SMT Query Latency: 2.499677e+01 ms
  => Average SMT Query Latency: 1.249839e+01 ms
  => Total DFS & SMT Execution Time: 5.033200e+01 ms

[Z3 Oracle] Analyzing Function: ZSTD_initCStream_internal
  -> Found UB Trap. Starting Backward Slice...
  => Total Traps Eliminated: 0
  => Total Trap Attempts: 1
  => Total SMT Queries Executed: 1
  => Total SMT Query Latency: 1.012575e+01 ms
  => Average SMT Query Latency: 1.012575e+01 ms
  => Total DFS & SMT Execution Time: 2.195628e+01 ms

[Z3 Oracle] Analyzing Function: ZSTD_initCStream_usingCDict_advanced
  -> Found UB Trap. Starting Backward Slice...
  => Total Traps Eliminated: 0
  => Total Trap Attempts: 1
  => Total SMT Queries Executed: 1
  => Total SMT Query Latency: 1.021213e+01 ms
  => Average SMT Query Latency: 1.021213e+01 ms
  => Total DFS & SMT Execution Time: 2.129779e+01 ms

[Z3 Oracle] Analyzing Function: ZSTD_initCStream_usingCDict
  => Total Traps Eliminated: 0
  => Total Trap Attempts: 0
  => Total SMT Queries Executed: 0
  => Total SMT Query Latency: 0.000000e+00 ms
  => Average SMT Query Latency: 0.000000e+00 ms
  => Total DFS & SMT Execution Time: 6.747430e-01 ms

[Z3 Oracle] Analyzing Function: ZSTD_initCStream_advanced
  -> Found UB Trap. Starting Backward Slice...
  -> Found UB Trap. Starting Backward Slice...
  => Total Traps Eliminated: 0
  => Total Trap Attempts: 2
  => Total SMT Queries Executed: 2
  => Total SMT Query Latency: 1.410223e+01 ms
  => Average SMT Query Latency: 7.051117e+00 ms
  => Total DFS & SMT Execution Time: 2.835705e+01 ms

[Z3 Oracle] Analyzing Function: ZSTD_initCStream_usingDict
  => Total Traps Eliminated: 0
  => Total Trap Attempts: 0
  => Total SMT Queries Executed: 0
  => Total SMT Query Latency: 0.000000e+00 ms
  => Average SMT Query Latency: 0.000000e+00 ms
  => Total DFS & SMT Execution Time: 9.816100e-02 ms

[Z3 Oracle] Analyzing Function: ZSTD_initCStream_srcSize
  -> Found UB Trap. Starting Backward Slice...
  -> Found UB Trap. Starting Backward Slice...
  => Total Traps Eliminated: 0
  => Total Trap Attempts: 2
  => Total SMT Queries Executed: 2
  => Total SMT Query Latency: 1.325265e+01 ms
  => Average SMT Query Latency: 6.626323e+00 ms
  => Total DFS & SMT Execution Time: 2.951352e+01 ms

[Z3 Oracle] Analyzing Function: ZSTD_initCStream
  => Total Traps Eliminated: 0
  => Total Trap Attempts: 0
  => Total SMT Queries Executed: 0
  => Total SMT Query Latency: 0.000000e+00 ms
  => Average SMT Query Latency: 0.000000e+00 ms
  => Total DFS & SMT Execution Time: 6.479590e-01 ms

[Z3 Oracle] Analyzing Function: ZSTD_compressStream
  -> Found UB Trap. Starting Backward Slice...
  -> Found UB Trap. Starting Backward Slice...
  -> Found UB Trap. Starting Backward Slice...
  -> Found UB Trap. Starting Backward Slice...
  -> Found UB Trap. Starting Backward Slice...
  -> Found UB Trap. Starting Backward Slice...
  -> Found UB Trap. Starting Backward Slice...
  -> Found UB Trap. Starting Backward Slice...
  -> Found UB Trap. Starting Backward Slice...
  -> Found UB Trap. Starting Backward Slice...
  -> Found UB Trap. Starting Backward Slice...
  -> Found UB Trap. Starting Backward Slice...
  -> Found UB Trap. Starting Backward Slice...
  -> Found UB Trap. Starting Backward Slice...
  -> Found UB Trap. Starting Backward Slice...
  -> Found UB Trap. Starting Backward Slice...
  -> Found UB Trap. Starting Backward Slice...
  -> Found UB Trap. Starting Backward Slice...
  -> Found UB Trap. Starting Backward Slice...
  -> Found UB Trap. Starting Backward Slice...
  -> Found UB Trap. Starting Backward Slice...
  -> Found UB Trap. Starting Backward Slice...
  -> Found UB Trap. Starting Backward Slice...
  -> Found UB Trap. Starting Backward Slice...
  -> Found UB Trap. Starting Backward Slice...
  -> Found UB Trap. Starting Backward Slice...
  -> Found UB Trap. Starting Backward Slice...
  -> Found UB Trap. Starting Backward Slice...
  -> Found UB Trap. Starting Backward Slice...
  -> Found UB Trap. Starting Backward Slice...
  -> Found UB Trap. Starting Backward Slice...
  -> Found UB Trap. Starting Backward Slice...
  -> Found UB Trap. Starting Backward Slice...
  -> Found UB Trap. Starting Backward Slice...
  -> Found UB Trap. Starting Backward Slice...
  -> Found UB Trap. Starting Backward Slice...
  -> Found UB Trap. Starting Backward Slice...
  -> Found UB Trap. Starting Backward Slice...
  -> Found UB Trap. Starting Backward Slice...
  -> Found UB Trap. Starting Backward Slice...
  -> Found UB Trap. Starting Backward Slice...
  -> Found UB Trap. Starting Backward Slice...
  -> Found UB Trap. Starting Backward Slice...
  -> Found UB Trap. Starting Backward Slice...
  -> Found UB Trap. Starting Backward Slice...
  -> Found UB Trap. Starting Backward Slice...
  -> Found UB Trap. Starting Backward Slice...
  -> Found UB Trap. Starting Backward Slice...
  -> Found UB Trap. Starting Backward Slice...
  -> Found UB Trap. Starting Backward Slice...
  -> Found UB Trap. Starting Backward Slice...
  -> Found UB Trap. Starting Backward Slice...
  -> Found UB Trap. Starting Backward Slice...
  -> Found UB Trap. Starting Backward Slice...
  -> Found UB Trap. Starting Backward Slice...
  -> Found UB Trap. Starting Backward Slice...
  -> Found UB Trap. Starting Backward Slice...
  -> Found UB Trap. Starting Backward Slice...
  -> Found UB Trap. Starting Backward Slice...
  -> Found UB Trap. Starting Backward Slice...
  -> Found UB Trap. Starting Backward Slice...
  -> Found UB Trap. Starting Backward Slice...
  -> Found UB Trap. Starting Backward Slice...
  -> Found UB Trap. Starting Backward Slice...
  -> Found UB Trap. Starting Backward Slice...
  -> Found UB Trap. Starting Backward Slice...
  -> Found UB Trap. Starting Backward Slice...
  -> Found UB Trap. Starting Backward Slice...
  -> Found UB Trap. Starting Backward Slice...
  -> Found UB Trap. Starting Backward Slice...
  -> Found UB Trap. Starting Backward Slice...
  -> Found UB Trap. Starting Backward Slice...
  -> Found UB Trap. Starting Backward Slice...
  -> Found UB Trap. Starting Backward Slice...
  -> Found UB Trap. Starting Backward Slice...
  -> Found UB Trap. Starting Backward Slice...
  -> Found UB Trap. Starting Backward Slice...
  -> Found UB Trap. Starting Backward Slice...
  -> Found UB Trap. Starting Backward Slice...
  -> Found UB Trap. Starting Backward Slice...
  -> Found UB Trap. Starting Backward Slice...
  -> Found UB Trap. Starting Backward Slice...
  -> Found UB Trap. Starting Backward Slice...
  -> Found UB Trap. Starting Backward Slice...
  -> Found UB Trap. Starting Backward Slice...
  -> Found UB Trap. Starting Backward Slice...
  -> Found UB Trap. Starting Backward Slice...
  -> Found UB Trap. Starting Backward Slice...
  -> Found UB Trap. Starting Backward Slice...
  -> Found UB Trap. Starting Backward Slice...
  -> Found UB Trap. Starting Backward Slice...
  -> Found UB Trap. Starting Backward Slice...
  -> Found UB Trap. Starting Backward Slice...
  -> Found UB Trap. Starting Backward Slice...
  -> Found UB Trap. Starting Backward Slice...
  -> Found UB Trap. Starting Backward Slice...
  -> Found UB Trap. Starting Backward Slice...
  -> Found UB Trap. Starting Backward Slice...
  -> Found UB Trap. Starting Backward Slice...
  -> Found UB Trap. Starting Backward Slice...
  -> Found UB Trap. Starting Backward Slice...
  -> Found UB Trap. Starting Backward Slice...
  -> Found UB Trap. Starting Backward Slice...
  -> Found UB Trap. Starting Backward Slice...
  -> Found UB Trap. Starting Backward Slice...
  -> Found UB Trap. Starting Backward Slice...
  -> Found UB Trap. Starting Backward Slice...
  -> Found UB Trap. Starting Backward Slice...
  -> Found UB Trap. Starting Backward Slice...
  -> Found UB Trap. Starting Backward Slice...
  -> Found UB Trap. Starting Backward Slice...
  -> Found UB Trap. Starting Backward Slice...
  -> Found UB Trap. Starting Backward Slice...
  -> Found UB Trap. Starting Backward Slice...
  -> Found UB Trap. Starting Backward Slice...
  -> Found UB Trap. Starting Backward Slice...
  -> Found UB Trap. Starting Backward Slice...
  -> Found UB Trap. Starting Backward Slice...
  -> Found UB Trap. Starting Backward Slice...
  -> Found UB Trap. Starting Backward Slice...
  -> Found UB Trap. Starting Backward Slice...
  -> Found UB Trap. Starting Backward Slice...
  -> Found UB Trap. Starting Backward Slice...
  -> Found UB Trap. Starting Backward Slice...
  -> Found UB Trap. Starting Backward Slice...
  -> Found UB Trap. Starting Backward Slice...
  -> Found UB Trap. Starting Backward Slice...
  -> Found UB Trap. Starting Backward Slice...
  -> Found UB Trap. Starting Backward Slice...
  -> Found UB Trap. Starting Backward Slice...
  -> Found UB Trap. Starting Backward Slice...
  -> Found UB Trap. Starting Backward Slice...
  -> Found UB Trap. Starting Backward Slice...
  -> Found UB Trap. Starting Backward Slice...
  -> Found UB Trap. Starting Backward Slice...
  -> Found UB Trap. Starting Backward Slice...
  -> Found UB Trap. Starting Backward Slice...
  -> Found UB Trap. Starting Backward Slice...
  -> Found UB Trap. Starting Backward Slice...
  -> Found UB Trap. Starting Backward Slice...
  -> Found UB Trap. Starting Backward Slice...
  -> Found UB Trap. Starting Backward Slice...
  -> Found UB Trap. Starting Backward Slice...
  -> Found UB Trap. Starting Backward Slice...
  -> Found UB Trap. Starting Backward Slice...
  -> Found UB Trap. Starting Backward Slice...
  -> Found UB Trap. Starting Backward Slice...
  -> Found UB Trap. Starting Backward Slice...
  -> Found UB Trap. Starting Backward Slice...
  -> Found UB Trap. Starting Backward Slice...
  -> Found UB Trap. Starting Backward Slice...
  -> Found UB Trap. Starting Backward Slice...
  -> Found UB Trap. Starting Backward Slice...
  -> Found UB Trap. Starting Backward Slice...
  -> Found UB Trap. Starting Backward Slice...
  -> Found UB Trap. Starting Backward Slice...
  -> Found UB Trap. Starting Backward Slice...
  -> Found UB Trap. Starting Backward Slice...
  -> Found UB Trap. Starting Backward Slice...
  -> Found UB Trap. Starting Backward Slice...
  -> Found UB Trap. Starting Backward Slice...
  -> Found UB Trap. Starting Backward Slice...
  -> Found UB Trap. Starting Backward Slice...
  -> Found UB Trap. Starting Backward Slice...
  -> Found UB Trap. Starting Backward Slice...
  -> Found UB Trap. Starting Backward Slice...
  -> Found UB Trap. Starting Backward Slice...
  -> Found UB Trap. Starting Backward Slice...
  -> Found UB Trap. Starting Backward Slice...
  -> Found UB Trap. Starting Backward Slice...
  -> Found UB Trap. Starting Backward Slice...
  -> Found UB Trap. Starting Backward Slice...
  -> Found UB Trap. Starting Backward Slice...
  -> Found UB Trap. Starting Backward Slice...
  -> Found UB Trap. Starting Backward Slice...
  -> Found UB Trap. Starting Backward Slice...
  -> Found UB Trap. Starting Backward Slice...
  -> Found UB Trap. Starting Backward Slice...
  -> Found UB Trap. Starting Backward Slice...
  -> Found UB Trap. Starting Backward Slice...
  -> Found UB Trap. Starting Backward Slice...
  -> Found UB Trap. Starting Backward Slice...
  -> Found UB Trap. Starting Backward Slice...
  -> Found UB Trap. Starting Backward Slice...
  -> Found UB Trap. Starting Backward Slice...
  -> Found UB Trap. Starting Backward Slice...
  -> Found UB Trap. Starting Backward Slice...
  -> Found UB Trap. Starting Backward Slice...
  -> Found UB Trap. Starting Backward Slice...
  -> Found UB Trap. Starting Backward Slice...
  -> Found UB Trap. Starting Backward Slice...
  -> Found UB Trap. Starting Backward Slice...
  -> Found UB Trap. Starting Backward Slice...
  -> Found UB Trap. Starting Backward Slice...
  -> Found UB Trap. Starting Backward Slice...
  -> Found UB Trap. Starting Backward Slice...
  -> Found UB Trap. Starting Backward Slice...
  -> Found UB Trap. Starting Backward Slice...
  -> Found UB Trap. Starting Backward Slice...
  -> Found UB Trap. Starting Backward Slice...
  -> Found UB Trap. Starting Backward Slice...
  -> Found UB Trap. Starting Backward Slice...
  -> Found UB Trap. Starting Backward Slice...
  -> Found UB Trap. Starting Backward Slice...
  -> Found UB Trap. Starting Backward Slice...
  -> Found UB Trap. Starting Backward Slice...
  -> Found UB Trap. Starting Backward Slice...
  -> Found UB Trap. Starting Backward Slice...
  -> Found UB Trap. Starting Backward Slice...
  -> Found UB Trap. Starting Backward Slice...
  -> Found UB Trap. Starting Backward Slice...
  -> Found UB Trap. Starting Backward Slice...
  -> Found UB Trap. Starting Backward Slice...
  -> Found UB Trap. Starting Backward Slice...
  -> Found UB Trap. Starting Backward Slice...
  -> Found UB Trap. Starting Backward Slice...
  -> Found UB Trap. Starting Backward Slice...
  -> Found UB Trap. Starting Backward Slice...
  -> Found UB Trap. Starting Backward Slice...
  -> Found UB Trap. Starting Backward Slice...
  -> Found UB Trap. Starting Backward Slice...
  -> Found UB Trap. Starting Backward Slice...
  -> Found UB Trap. Starting Backward Slice...
  -> Found UB Trap. Starting Backward Slice...
  -> Found UB Trap. Starting Backward Slice...
  -> Found UB Trap. Starting Backward Slice...
  -> Found UB Trap. Starting Backward Slice...
  -> Found UB Trap. Starting Backward Slice...
  -> Found UB Trap. Starting Backward Slice...
  -> Found UB Trap. Starting Backward Slice...
  -> Found UB Trap. Starting Backward Slice...
  -> Found UB Trap. Starting Backward Slice...
  -> Found UB Trap. Starting Backward Slice...
  -> Found UB Trap. Starting Backward Slice...
  -> Found UB Trap. Starting Backward Slice...
  -> Found UB Trap. Starting Backward Slice...
  -> Found UB Trap. Starting Backward Slice...
  -> Found UB Trap. Starting Backward Slice...
  -> Found UB Trap. Starting Backward Slice...
  -> Found UB Trap. Starting Backward Slice...
  -> Found UB Trap. Starting Backward Slice...
  -> Found UB Trap. Starting Backward Slice...
  -> Found UB Trap. Starting Backward Slice...
  -> Found UB Trap. Starting Backward Slice...
  -> Found UB Trap. Starting Backward Slice...
  -> Found UB Trap. Starting Backward Slice...
  -> Found UB Trap. Starting Backward Slice...
  -> Found UB Trap. Starting Backward Slice...
  -> Found UB Trap. Starting Backward Slice...
  -> Found UB Trap. Starting Backward Slice...
  -> Found UB Trap. Starting Backward Slice...
  -> Found UB Trap. Starting Backward Slice...
  -> Found UB Trap. Starting Backward Slice...
  -> Found UB Trap. Starting Backward Slice...
  -> Found UB Trap. Starting Backward Slice...
  -> Found UB Trap. Starting Backward Slice...
  -> Found UB Trap. Starting Backward Slice...
  -> Found UB Trap. Starting Backward Slice...
  -> Found UB Trap. Starting Backward Slice...
  -> Found UB Trap. Starting Backward Slice...
  -> Found UB Trap. Starting Backward Slice...
  -> Found UB Trap. Starting Backward Slice...
  -> Found UB Trap. Starting Backward Slice...
  -> Found UB Trap. Starting Backward Slice...
  -> Found UB Trap. Starting Backward Slice...
  -> Found UB Trap. Starting Backward Slice...
  -> Found UB Trap. Starting Backward Slice...
  -> Found UB Trap. Starting Backward Slice...
  -> Found UB Trap. Starting Backward Slice...
  -> Found UB Trap. Starting Backward Slice...
  -> Found UB Trap. Starting Backward Slice...
  -> Found UB Trap. Starting Backward Slice...
  -> Found UB Trap. Starting Backward Slice...
  -> Found UB Trap. Starting Backward Slice...
  -> Found UB Trap. Starting Backward Slice...
  -> Found UB Trap. Starting Backward Slice...
  -> Found UB Trap. Starting Backward Slice...
  -> Found UB Trap. Starting Backward Slice...
  -> Found UB Trap. Starting Backward Slice...
  -> Found UB Trap. Starting Backward Slice...
  -> Found UB Trap. Starting Backward Slice...
  -> Found UB Trap. Starting Backward Slice...
  -> Found UB Trap. Starting Backward Slice...
  -> Found UB Trap. Starting Backward Slice...
  -> Found UB Trap. Starting Backward Slice...
  -> Found UB Trap. Starting Backward Slice...
  -> Found UB Trap. Starting Backward Slice...
  -> Found UB Trap. Starting Backward Slice...
  => Total Traps Eliminated: 0
  => Total Trap Attempts: 288
  => Total SMT Queries Executed: 288
  => Total SMT Query Latency: 1.250964e+04 ms
  => Average SMT Query Latency: 4.343624e+01 ms
  => Total DFS & SMT Execution Time: 1.908727e+04 ms

[Z3 Oracle] Analyzing Function: ZSTD_compressStream2
  -> Found UB Trap. Starting Backward Slice...
  -> Found UB Trap. Starting Backward Slice...
  -> Found UB Trap. Starting Backward Slice...
  -> Found UB Trap. Starting Backward Slice...
  -> Found UB Trap. Starting Backward Slice...
  -> Found UB Trap. Starting Backward Slice...
  -> Found UB Trap. Starting Backward Slice...
  -> Found UB Trap. Starting Backward Slice...
  -> Found UB Trap. Starting Backward Slice...
  -> Found UB Trap. Starting Backward Slice...
  -> Found UB Trap. Starting Backward Slice...
  -> Found UB Trap. Starting Backward Slice...
  -> Found UB Trap. Starting Backward Slice...
  -> Found UB Trap. Starting Backward Slice...
  -> Found UB Trap. Starting Backward Slice...
  -> Found UB Trap. Starting Backward Slice...
  -> Found UB Trap. Starting Backward Slice...
  -> Found UB Trap. Starting Backward Slice...
  -> Found UB Trap. Starting Backward Slice...
  -> Found UB Trap. Starting Backward Slice...
  -> Found UB Trap. Starting Backward Slice...
  -> Found UB Trap. Starting Backward Slice...
  -> Found UB Trap. Starting Backward Slice...
  -> Found UB Trap. Starting Backward Slice...
  -> Found UB Trap. Starting Backward Slice...
  -> Found UB Trap. Starting Backward Slice...
  -> Found UB Trap. Starting Backward Slice...
  -> Found UB Trap. Starting Backward Slice...
  -> Found UB Trap. Starting Backward Slice...
  -> Found UB Trap. Starting Backward Slice...
  -> Found UB Trap. Starting Backward Slice...
  -> Found UB Trap. Starting Backward Slice...
  -> Found UB Trap. Starting Backward Slice...
  -> Found UB Trap. Starting Backward Slice...
  -> Found UB Trap. Starting Backward Slice...
  -> Found UB Trap. Starting Backward Slice...
  -> Found UB Trap. Starting Backward Slice...
  -> Found UB Trap. Starting Backward Slice...
  -> Found UB Trap. Starting Backward Slice...
  -> Found UB Trap. Starting Backward Slice...
  -> Found UB Trap. Starting Backward Slice...
  -> Found UB Trap. Starting Backward Slice...
  -> Found UB Trap. Starting Backward Slice...
  -> Found UB Trap. Starting Backward Slice...
  -> Found UB Trap. Starting Backward Slice...
  -> Found UB Trap. Starting Backward Slice...
  -> Found UB Trap. Starting Backward Slice...
  -> Found UB Trap. Starting Backward Slice...
  -> Found UB Trap. Starting Backward Slice...
  -> Found UB Trap. Starting Backward Slice...
  -> Found UB Trap. Starting Backward Slice...
  -> Found UB Trap. Starting Backward Slice...
  -> Found UB Trap. Starting Backward Slice...
  -> Found UB Trap. Starting Backward Slice...
  -> Found UB Trap. Starting Backward Slice...
  -> Found UB Trap. Starting Backward Slice...
  -> Found UB Trap. Starting Backward Slice...
  -> Found UB Trap. Starting Backward Slice...
  -> Found UB Trap. Starting Backward Slice...
  -> Found UB Trap. Starting Backward Slice...
  -> Found UB Trap. Starting Backward Slice...
  -> Found UB Trap. Starting Backward Slice...
  -> Found UB Trap. Starting Backward Slice...
  -> Found UB Trap. Starting Backward Slice...
  -> Found UB Trap. Starting Backward Slice...
  -> Found UB Trap. Starting Backward Slice...
  -> Found UB Trap. Starting Backward Slice...
  -> Found UB Trap. Starting Backward Slice...
  -> Found UB Trap. Starting Backward Slice...
  -> Found UB Trap. Starting Backward Slice...
  -> Found UB Trap. Starting Backward Slice...
  -> Found UB Trap. Starting Backward Slice...
  -> Found UB Trap. Starting Backward Slice...
  -> Found UB Trap. Starting Backward Slice...
  -> Found UB Trap. Starting Backward Slice...
  -> Found UB Trap. Starting Backward Slice...
  -> Found UB Trap. Starting Backward Slice...
  -> Found UB Trap. Starting Backward Slice...
  -> Found UB Trap. Starting Backward Slice...
  -> Found UB Trap. Starting Backward Slice...
  -> Found UB Trap. Starting Backward Slice...
  -> Found UB Trap. Starting Backward Slice...
  -> Found UB Trap. Starting Backward Slice...
  -> Found UB Trap. Starting Backward Slice...
  -> Found UB Trap. Starting Backward Slice...
  -> Found UB Trap. Starting Backward Slice...
  -> Found UB Trap. Starting Backward Slice...
  -> Found UB Trap. Starting Backward Slice...
  -> Found UB Trap. Starting Backward Slice...
  -> Found UB Trap. Starting Backward Slice...
  -> Found UB Trap. Starting Backward Slice...
  -> Found UB Trap. Starting Backward Slice...
  -> Found UB Trap. Starting Backward Slice...
  -> Found UB Trap. Starting Backward Slice...
  -> Found UB Trap. Starting Backward Slice...
  -> Found UB Trap. Starting Backward Slice...
  -> Found UB Trap. Starting Backward Slice...
  -> Found UB Trap. Starting Backward Slice...
  -> Found UB Trap. Starting Backward Slice...
  -> Found UB Trap. Starting Backward Slice...
  -> Found UB Trap. Starting Backward Slice...
  -> Found UB Trap. Starting Backward Slice...
  -> Found UB Trap. Starting Backward Slice...
  -> Found UB Trap. Starting Backward Slice...
  -> Found UB Trap. Starting Backward Slice...
  -> Found UB Trap. Starting Backward Slice...
  -> Found UB Trap. Starting Backward Slice...
  -> Found UB Trap. Starting Backward Slice...
  -> Found UB Trap. Starting Backward Slice...
  -> Found UB Trap. Starting Backward Slice...
  -> Found UB Trap. Starting Backward Slice...
  -> Found UB Trap. Starting Backward Slice...
  -> Found UB Trap. Starting Backward Slice...
  -> Found UB Trap. Starting Backward Slice...
  -> Found UB Trap. Starting Backward Slice...
  -> Found UB Trap. Starting Backward Slice...
  -> Found UB Trap. Starting Backward Slice...
  -> Found UB Trap. Starting Backward Slice...
  -> Found UB Trap. Starting Backward Slice...
  -> Found UB Trap. Starting Backward Slice...
  -> Found UB Trap. Starting Backward Slice...
  -> Found UB Trap. Starting Backward Slice...
  -> Found UB Trap. Starting Backward Slice...
  -> Found UB Trap. Starting Backward Slice...
  -> Found UB Trap. Starting Backward Slice...
  -> Found UB Trap. Starting Backward Slice...
  -> Found UB Trap. Starting Backward Slice...
  -> Found UB Trap. Starting Backward Slice...
  -> Found UB Trap. Starting Backward Slice...
  -> Found UB Trap. Starting Backward Slice...
  -> Found UB Trap. Starting Backward Slice...
  -> Found UB Trap. Starting Backward Slice...
  -> Found UB Trap. Starting Backward Slice...
  -> Found UB Trap. Starting Backward Slice...
  -> Found UB Trap. Starting Backward Slice...
  -> Found UB Trap. Starting Backward Slice...
  -> Found UB Trap. Starting Backward Slice...
  -> Found UB Trap. Starting Backward Slice...
  -> Found UB Trap. Starting Backward Slice...
  -> Found UB Trap. Starting Backward Slice...
  -> Found UB Trap. Starting Backward Slice...
  -> Found UB Trap. Starting Backward Slice...
  -> Found UB Trap. Starting Backward Slice...
  -> Found UB Trap. Starting Backward Slice...
  -> Found UB Trap. Starting Backward Slice...
  -> Found UB Trap. Starting Backward Slice...
  -> Found UB Trap. Starting Backward Slice...
  -> Found UB Trap. Starting Backward Slice...
  -> Found UB Trap. Starting Backward Slice...
  -> Found UB Trap. Starting Backward Slice...
  -> Found UB Trap. Starting Backward Slice...
  -> Found UB Trap. Starting Backward Slice...
  -> Found UB Trap. Starting Backward Slice...
  -> Found UB Trap. Starting Backward Slice...
  -> Found UB Trap. Starting Backward Slice...
  -> Found UB Trap. Starting Backward Slice...
  -> Found UB Trap. Starting Backward Slice...
  -> Found UB Trap. Starting Backward Slice...
  -> Found UB Trap. Starting Backward Slice...
  -> Found UB Trap. Starting Backward Slice...
  -> Found UB Trap. Starting Backward Slice...
  -> Found UB Trap. Starting Backward Slice...
  -> Found UB Trap. Starting Backward Slice...
  -> Found UB Trap. Starting Backward Slice...
  -> Found UB Trap. Starting Backward Slice...
  -> Found UB Trap. Starting Backward Slice...
  -> Found UB Trap. Starting Backward Slice...
  -> Found UB Trap. Starting Backward Slice...
  -> Found UB Trap. Starting Backward Slice...
  -> Found UB Trap. Starting Backward Slice...
  -> Found UB Trap. Starting Backward Slice...
  -> Found UB Trap. Starting Backward Slice...
  -> Found UB Trap. Starting Backward Slice...
  -> Found UB Trap. Starting Backward Slice...
  -> Found UB Trap. Starting Backward Slice...
  -> Found UB Trap. Starting Backward Slice...
  -> Found UB Trap. Starting Backward Slice...
  -> Found UB Trap. Starting Backward Slice...
  -> Found UB Trap. Starting Backward Slice...
  -> Found UB Trap. Starting Backward Slice...
  -> Found UB Trap. Starting Backward Slice...
  -> Found UB Trap. Starting Backward Slice...
  -> Found UB Trap. Starting Backward Slice...
  -> Found UB Trap. Starting Backward Slice...
  -> Found UB Trap. Starting Backward Slice...
  -> Found UB Trap. Starting Backward Slice...
  -> Found UB Trap. Starting Backward Slice...
  -> Found UB Trap. Starting Backward Slice...
  -> Found UB Trap. Starting Backward Slice...
  -> Found UB Trap. Starting Backward Slice...
  -> Found UB Trap. Starting Backward Slice...
  -> Found UB Trap. Starting Backward Slice...
  -> Found UB Trap. Starting Backward Slice...
  -> Found UB Trap. Starting Backward Slice...
  -> Found UB Trap. Starting Backward Slice...
  -> Found UB Trap. Starting Backward Slice...
  -> Found UB Trap. Starting Backward Slice...
  -> Found UB Trap. Starting Backward Slice...
  -> Found UB Trap. Starting Backward Slice...
  -> Found UB Trap. Starting Backward Slice...
  -> Found UB Trap. Starting Backward Slice...
  -> Found UB Trap. Starting Backward Slice...
  -> Found UB Trap. Starting Backward Slice...
  -> Found UB Trap. Starting Backward Slice...
  -> Found UB Trap. Starting Backward Slice...
  -> Found UB Trap. Starting Backward Slice...
  -> Found UB Trap. Starting Backward Slice...
  -> Found UB Trap. Starting Backward Slice...
  -> Found UB Trap. Starting Backward Slice...
  -> Found UB Trap. Starting Backward Slice...
  -> Found UB Trap. Starting Backward Slice...
  -> Found UB Trap. Starting Backward Slice...
  -> Found UB Trap. Starting Backward Slice...
  -> Found UB Trap. Starting Backward Slice...
  -> Found UB Trap. Starting Backward Slice...
  -> Found UB Trap. Starting Backward Slice...
  -> Found UB Trap. Starting Backward Slice...
  -> Found UB Trap. Starting Backward Slice...
  -> Found UB Trap. Starting Backward Slice...
  -> Found UB Trap. Starting Backward Slice...
  -> Found UB Trap. Starting Backward Slice...
  -> Found UB Trap. Starting Backward Slice...
  -> Found UB Trap. Starting Backward Slice...
  -> Found UB Trap. Starting Backward Slice...
  -> Found UB Trap. Starting Backward Slice...
  -> Found UB Trap. Starting Backward Slice...
  -> Found UB Trap. Starting Backward Slice...
  -> Found UB Trap. Starting Backward Slice...
  -> Found UB Trap. Starting Backward Slice...
  -> Found UB Trap. Starting Backward Slice...
  -> Found UB Trap. Starting Backward Slice...
  -> Found UB Trap. Starting Backward Slice...
  -> Found UB Trap. Starting Backward Slice...
  -> Found UB Trap. Starting Backward Slice...
  -> Found UB Trap. Starting Backward Slice...
  -> Found UB Trap. Starting Backward Slice...
  -> Found UB Trap. Starting Backward Slice...
  -> Found UB Trap. Starting Backward Slice...
  -> Found UB Trap. Starting Backward Slice...
  -> Found UB Trap. Starting Backward Slice...
  -> Found UB Trap. Starting Backward Slice...
  -> Found UB Trap. Starting Backward Slice...
  -> Found UB Trap. Starting Backward Slice...
  -> Found UB Trap. Starting Backward Slice...
  -> Found UB Trap. Starting Backward Slice...
  -> Found UB Trap. Starting Backward Slice...
  -> Found UB Trap. Starting Backward Slice...
  -> Found UB Trap. Starting Backward Slice...
  -> Found UB Trap. Starting Backward Slice...
  -> Found UB Trap. Starting Backward Slice...
  -> Found UB Trap. Starting Backward Slice...
  -> Found UB Trap. Starting Backward Slice...
  -> Found UB Trap. Starting Backward Slice...
  -> Found UB Trap. Starting Backward Slice...
  -> Found UB Trap. Starting Backward Slice...
  -> Found UB Trap. Starting Backward Slice...
  -> Found UB Trap. Starting Backward Slice...
  -> Found UB Trap. Starting Backward Slice...
  -> Found UB Trap. Starting Backward Slice...
  -> Found UB Trap. Starting Backward Slice...
  -> Found UB Trap. Starting Backward Slice...
  -> Found UB Trap. Starting Backward Slice...
  -> Found UB Trap. Starting Backward Slice...
  -> Found UB Trap. Starting Backward Slice...
  -> Found UB Trap. Starting Backward Slice...
  -> Found UB Trap. Starting Backward Slice...
  -> Found UB Trap. Starting Backward Slice...
  -> Found UB Trap. Starting Backward Slice...
  -> Found UB Trap. Starting Backward Slice...
  -> Found UB Trap. Starting Backward Slice...
  -> Found UB Trap. Starting Backward Slice...
  -> Found UB Trap. Starting Backward Slice...
  -> Found UB Trap. Starting Backward Slice...
  -> Found UB Trap. Starting Backward Slice...
  -> Found UB Trap. Starting Backward Slice...
  -> Found UB Trap. Starting Backward Slice...
  -> Found UB Trap. Starting Backward Slice...
  -> Found UB Trap. Starting Backward Slice...
  -> Found UB Trap. Starting Backward Slice...
  -> Found UB Trap. Starting Backward Slice...
  -> Found UB Trap. Starting Backward Slice...
  -> Found UB Trap. Starting Backward Slice...
  -> Found UB Trap. Starting Backward Slice...
  -> Found UB Trap. Starting Backward Slice...
  -> Found UB Trap. Starting Backward Slice...
  -> Found UB Trap. Starting Backward Slice...
  -> Found UB Trap. Starting Backward Slice...
  -> Found UB Trap. Starting Backward Slice...
  -> Found UB Trap. Starting Backward Slice...
  -> Found UB Trap. Starting Backward Slice...
  -> Found UB Trap. Starting Backward Slice...
  -> Found UB Trap. Starting Backward Slice...
  -> Found UB Trap. Starting Backward Slice...
  -> Found UB Trap. Starting Backward Slice...
  -> Found UB Trap. Starting Backward Slice...
  -> Found UB Trap. Starting Backward Slice...
  -> Found UB Trap. Starting Backward Slice...
  -> Found UB Trap. Starting Backward Slice...
  -> Found UB Trap. Starting Backward Slice...
  -> Found UB Trap. Starting Backward Slice...
  -> Found UB Trap. Starting Backward Slice...
  -> Found UB Trap. Starting Backward Slice...
  -> Found UB Trap. Starting Backward Slice...
  -> Found UB Trap. Starting Backward Slice...
  -> Found UB Trap. Starting Backward Slice...
  -> Found UB Trap. Starting Backward Slice...
  -> Found UB Trap. Starting Backward Slice...
  -> Found UB Trap. Starting Backward Slice...
  -> Found UB Trap. Starting Backward Slice...
  -> Found UB Trap. Starting Backward Slice...
  -> Found UB Trap. Starting Backward Slice...
  -> Found UB Trap. Starting Backward Slice...
  -> Found UB Trap. Starting Backward Slice...
  -> Found UB Trap. Starting Backward Slice...
  -> Found UB Trap. Starting Backward Slice...
  -> Found UB Trap. Starting Backward Slice...
  -> Found UB Trap. Starting Backward Slice...
  -> Found UB Trap. Starting Backward Slice...
  -> Found UB Trap. Starting Backward Slice...
  -> Found UB Trap. Starting Backward Slice...
  -> Found UB Trap. Starting Backward Slice...
  -> Found UB Trap. Starting Backward Slice...
  -> Found UB Trap. Starting Backward Slice...
  -> Found UB Trap. Starting Backward Slice...
  -> Found UB Trap. Starting Backward Slice...
  -> Found UB Trap. Starting Backward Slice...
  -> Found UB Trap. Starting Backward Slice...
  -> Found UB Trap. Starting Backward Slice...
  -> Found UB Trap. Starting Backward Slice...
  -> Found UB Trap. Starting Backward Slice...
  -> Found UB Trap. Starting Backward Slice...
  -> Found UB Trap. Starting Backward Slice...
  -> Found UB Trap. Starting Backward Slice...
  -> Found UB Trap. Starting Backward Slice...
  -> Found UB Trap. Starting Backward Slice...
  -> Found UB Trap. Starting Backward Slice...
  -> Found UB Trap. Starting Backward Slice...
  -> Found UB Trap. Starting Backward Slice...
  -> Found UB Trap. Starting Backward Slice...
  -> Found UB Trap. Starting Backward Slice...
  -> Found UB Trap. Starting Backward Slice...
  -> Found UB Trap. Starting Backward Slice...
  -> Found UB Trap. Starting Backward Slice...
  -> Found UB Trap. Starting Backward Slice...
  -> Found UB Trap. Starting Backward Slice...
  -> Found UB Trap. Starting Backward Slice...
  -> Found UB Trap. Starting Backward Slice...
  -> Found UB Trap. Starting Backward Slice...
  -> Found UB Trap. Starting Backward Slice...
  -> Found UB Trap. Starting Backward Slice...
  -> Found UB Trap. Starting Backward Slice...
  -> Found UB Trap. Starting Backward Slice...
  -> Found UB Trap. Starting Backward Slice...
  -> Found UB Trap. Starting Backward Slice...
  -> Found UB Trap. Starting Backward Slice...
  -> Found UB Trap. Starting Backward Slice...
  -> Found UB Trap. Starting Backward Slice...
  -> Found UB Trap. Starting Backward Slice...
  -> Found UB Trap. Starting Backward Slice...
  -> Found UB Trap. Starting Backward Slice...
  -> Found UB Trap. Starting Backward Slice...
  -> Found UB Trap. Starting Backward Slice...
  -> Found UB Trap. Starting Backward Slice...
  -> Found UB Trap. Starting Backward Slice...
  -> Found UB Trap. Starting Backward Slice...
  -> Found UB Trap. Starting Backward Slice...
  -> Found UB Trap. Starting Backward Slice...
  -> Found UB Trap. Starting Backward Slice...
  -> Found UB Trap. Starting Backward Slice...
  -> Found UB Trap. Starting Backward Slice...
  -> Found UB Trap. Starting Backward Slice...
  -> Found UB Trap. Starting Backward Slice...
  -> Found UB Trap. Starting Backward Slice...
  -> Found UB Trap. Starting Backward Slice...
  -> Found UB Trap. Starting Backward Slice...
  -> Found UB Trap. Starting Backward Slice...
  -> Found UB Trap. Starting Backward Slice...
  -> Found UB Trap. Starting Backward Slice...
  -> Found UB Trap. Starting Backward Slice...
  -> Found UB Trap. Starting Backward Slice...
  -> Found UB Trap. Starting Backward Slice...
  -> Found UB Trap. Starting Backward Slice...
  -> Found UB Trap. Starting Backward Slice...
  -> Found UB Trap. Starting Backward Slice...
  -> Found UB Trap. Starting Backward Slice...
  -> Found UB Trap. Starting Backward Slice...
  -> Found UB Trap. Starting Backward Slice...
  -> Found UB Trap. Starting Backward Slice...
  -> Found UB Trap. Starting Backward Slice...
  -> Found UB Trap. Starting Backward Slice...
  -> Found UB Trap. Starting Backward Slice...
  -> Found UB Trap. Starting Backward Slice...
  -> Found UB Trap. Starting Backward Slice...
  -> Found UB Trap. Starting Backward Slice...
  -> Found UB Trap. Starting Backward Slice...
  -> Found UB Trap. Starting Backward Slice...
  -> Found UB Trap. Starting Backward Slice...
  -> Found UB Trap. Starting Backward Slice...
  -> Found UB Trap. Starting Backward Slice...
  -> Found UB Trap. Starting Backward Slice...
  -> Found UB Trap. Starting Backward Slice...
  -> Found UB Trap. Starting Backward Slice...
  -> Found UB Trap. Starting Backward Slice...
  -> Found UB Trap. Starting Backward Slice...
  -> Found UB Trap. Starting Backward Slice...
  -> Found UB Trap. Starting Backward Slice...
  -> Found UB Trap. Starting Backward Slice...
  -> Found UB Trap. Starting Backward Slice...
  -> Found UB Trap. Starting Backward Slice...
  -> Found UB Trap. Starting Backward Slice...
  -> Found UB Trap. Starting Backward Slice...
  -> Found UB Trap. Starting Backward Slice...
  -> Found UB Trap. Starting Backward Slice...
  -> Found UB Trap. Starting Backward Slice...
  -> Found UB Trap. Starting Backward Slice...
  -> Found UB Trap. Starting Backward Slice...
  -> Found UB Trap. Starting Backward Slice...
  -> Found UB Trap. Starting Backward Slice...
  -> Found UB Trap. Starting Backward Slice...
  -> Found UB Trap. Starting Backward Slice...
  -> Found UB Trap. Starting Backward Slice...
  -> Found UB Trap. Starting Backward Slice...
  -> Found UB Trap. Starting Backward Slice...
  -> Found UB Trap. Starting Backward Slice...
  -> Found UB Trap. Starting Backward Slice...
  -> Found UB Trap. Starting Backward Slice...
  -> Found UB Trap. Starting Backward Slice...
  -> Found UB Trap. Starting Backward Slice...
  -> Found UB Trap. Starting Backward Slice...
  -> Found UB Trap. Starting Backward Slice...
  -> Found UB Trap. Starting Backward Slice...
  -> Found UB Trap. Starting Backward Slice...
  -> Found UB Trap. Starting Backward Slice...
  -> Found UB Trap. Starting Backward Slice...
  -> Found UB Trap. Starting Backward Slice...
  -> Found UB Trap. Starting Backward Slice...
  -> Found UB Trap. Starting Backward Slice...
  -> Found UB Trap. Starting Backward Slice...
  -> Found UB Trap. Starting Backward Slice...
  -> Found UB Trap. Starting Backward Slice...
  -> Found UB Trap. Starting Backward Slice...
  -> Found UB Trap. Starting Backward Slice...
  -> Found UB Trap. Starting Backward Slice...
  -> Found UB Trap. Starting Backward Slice...
  -> Found UB Trap. Starting Backward Slice...
  -> Found UB Trap. Starting Backward Slice...
  -> Found UB Trap. Starting Backward Slice...
  -> Found UB Trap. Starting Backward Slice...
  -> Found UB Trap. Starting Backward Slice...
  -> Found UB Trap. Starting Backward Slice...
  -> Found UB Trap. Starting Backward Slice...
  -> Found UB Trap. Starting Backward Slice...
  -> Found UB Trap. Starting Backward Slice...
  -> Found UB Trap. Starting Backward Slice...
  -> Found UB Trap. Starting Backward Slice...
  -> Found UB Trap. Starting Backward Slice...
  -> Found UB Trap. Starting Backward Slice...
  -> Found UB Trap. Starting Backward Slice...
  -> Found UB Trap. Starting Backward Slice...
  -> Found UB Trap. Starting Backward Slice...
  -> Found UB Trap. Starting Backward Slice...
  -> Found UB Trap. Starting Backward Slice...
  -> Found UB Trap. Starting Backward Slice...
  -> Found UB Trap. Starting Backward Slice...
  -> Found UB Trap. Starting Backward Slice...
  -> Found UB Trap. Starting Backward Slice...
  -> Found UB Trap. Starting Backward Slice...
  -> Found UB Trap. Starting Backward Slice...
  -> Found UB Trap. Starting Backward Slice...
  -> Found UB Trap. Starting Backward Slice...
  -> Found UB Trap. Starting Backward Slice...
  -> Found UB Trap. Starting Backward Slice...
  -> Found UB Trap. Starting Backward Slice...
  -> Found UB Trap. Starting Backward Slice...
  -> Found UB Trap. Starting Backward Slice...
  -> Found UB Trap. Starting Backward Slice...
  -> Found UB Trap. Starting Backward Slice...
  -> Found UB Trap. Starting Backward Slice...
  -> Found UB Trap. Starting Backward Slice...
  -> Found UB Trap. Starting Backward Slice...
  -> Found UB Trap. Starting Backward Slice...
  -> Found UB Trap. Starting Backward Slice...
  -> Found UB Trap. Starting Backward Slice...
  -> Found UB Trap. Starting Backward Slice...
  -> Found UB Trap. Starting Backward Slice...
  -> Found UB Trap. Starting Backward Slice...
  -> Found UB Trap. Starting Backward Slice...
  -> Found UB Trap. Starting Backward Slice...
  -> Found UB Trap. Starting Backward Slice...
  -> Found UB Trap. Starting Backward Slice...
  -> Found UB Trap. Starting Backward Slice...
  -> Found UB Trap. Starting Backward Slice...
  -> Found UB Trap. Starting Backward Slice...
  -> Found UB Trap. Starting Backward Slice...
  -> Found UB Trap. Starting Backward Slice...
  -> Found UB Trap. Starting Backward Slice...
  -> Found UB Trap. Starting Backward Slice...
  -> Found UB Trap. Starting Backward Slice...
  -> Found UB Trap. Starting Backward Slice...
  -> Found UB Trap. Starting Backward Slice...
  -> Found UB Trap. Starting Backward Slice...
  -> Found UB Trap. Starting Backward Slice...
  -> Found UB Trap. Starting Backward Slice...
  -> Found UB Trap. Starting Backward Slice...
  -> Found UB Trap. Starting Backward Slice...
  -> Found UB Trap. Starting Backward Slice...
  -> Found UB Trap. Starting Backward Slice...
  -> Found UB Trap. Starting Backward Slice...
  -> Found UB Trap. Starting Backward Slice...
  -> Found UB Trap. Starting Backward Slice...
  -> Found UB Trap. Starting Backward Slice...
  -> Found UB Trap. Starting Backward Slice...
  -> Found UB Trap. Starting Backward Slice...
  -> Found UB Trap. Starting Backward Slice...
  -> Found UB Trap. Starting Backward Slice...
  -> Found UB Trap. Starting Backward Slice...
  -> Found UB Trap. Starting Backward Slice...
  -> Found UB Trap. Starting Backward Slice...
  -> Found UB Trap. Starting Backward Slice...
  -> Found UB Trap. Starting Backward Slice...
  -> Found UB Trap. Starting Backward Slice...
  -> Found UB Trap. Starting Backward Slice...
  -> Found UB Trap. Starting Backward Slice...
  -> Found UB Trap. Starting Backward Slice...
  -> Found UB Trap. Starting Backward Slice...
  -> Found UB Trap. Starting Backward Slice...
  -> Found UB Trap. Starting Backward Slice...
  -> Found UB Trap. Starting Backward Slice...
  -> Found UB Trap. Starting Backward Slice...
  -> Found UB Trap. Starting Backward Slice...
  -> Found UB Trap. Starting Backward Slice...
  -> Found UB Trap. Starting Backward Slice...
  -> Found UB Trap. Starting Backward Slice...
  -> Found UB Trap. Starting Backward Slice...
  -> Found UB Trap. Starting Backward Slice...
  -> Found UB Trap. Starting Backward Slice...
  -> Found UB Trap. Starting Backward Slice...
  -> Found UB Trap. Starting Backward Slice...
  -> Found UB Trap. Starting Backward Slice...
  -> Found UB Trap. Starting Backward Slice...
  -> Found UB Trap. Starting Backward Slice...
  -> Found UB Trap. Starting Backward Slice...
  -> Found UB Trap. Starting Backward Slice...
  -> Found UB Trap. Starting Backward Slice...
  -> Found UB Trap. Starting Backward Slice...
  -> Found UB Trap. Starting Backward Slice...
  -> Found UB Trap. Starting Backward Slice...
  -> Found UB Trap. Starting Backward Slice...
  -> Found UB Trap. Starting Backward Slice...
  -> Found UB Trap. Starting Backward Slice...
  -> Found UB Trap. Starting Backward Slice...
  -> Found UB Trap. Starting Backward Slice...
  -> Found UB Trap. Starting Backward Slice...
  -> Found UB Trap. Starting Backward Slice...
  -> Found UB Trap. Starting Backward Slice...
  -> Found UB Trap. Starting Backward Slice...
  -> Found UB Trap. Starting Backward Slice...
  -> Found UB Trap. Starting Backward Slice...
  -> Found UB Trap. Starting Backward Slice...
  -> Found UB Trap. Starting Backward Slice...
  -> Found UB Trap. Starting Backward Slice...
  -> Found UB Trap. Starting Backward Slice...
  -> Found UB Trap. Starting Backward Slice...
  -> Found UB Trap. Starting Backward Slice...
  -> Found UB Trap. Starting Backward Slice...
  -> Found UB Trap. Starting Backward Slice...
  -> Found UB Trap. Starting Backward Slice...
  -> Found UB Trap. Starting Backward Slice...
  -> Found UB Trap. Starting Backward Slice...
  -> Found UB Trap. Starting Backward Slice...
  -> Found UB Trap. Starting Backward Slice...
  -> Found UB Trap. Starting Backward Slice...
  -> Found UB Trap. Starting Backward Slice...
  -> Found UB Trap. Starting Backward Slice...
  -> Found UB Trap. Starting Backward Slice...
  -> Found UB Trap. Starting Backward Slice...
  -> Found UB Trap. Starting Backward Slice...
  -> Found UB Trap. Starting Backward Slice...
  -> Found UB Trap. Starting Backward Slice...
  -> Found UB Trap. Starting Backward Slice...
  -> Found UB Trap. Starting Backward Slice...
  -> Found UB Trap. Starting Backward Slice...
  -> Found UB Trap. Starting Backward Slice...
  -> Found UB Trap. Starting Backward Slice...
  -> Found UB Trap. Starting Backward Slice...
  -> Found UB Trap. Starting Backward Slice...
  -> Found UB Trap. Starting Backward Slice...
  -> Found UB Trap. Starting Backward Slice...
  -> Found UB Trap. Starting Backward Slice...
  -> Found UB Trap. Starting Backward Slice...
  -> Found UB Trap. Starting Backward Slice...
  -> Found UB Trap. Starting Backward Slice...
  -> Found UB Trap. Starting Backward Slice...
  -> Found UB Trap. Starting Backward Slice...
  -> Found UB Trap. Starting Backward Slice...
  -> Found UB Trap. Starting Backward Slice...
  -> Found UB Trap. Starting Backward Slice...
  -> Found UB Trap. Starting Backward Slice...
  -> Found UB Trap. Starting Backward Slice...
  -> Found UB Trap. Starting Backward Slice...
  -> Found UB Trap. Starting Backward Slice...
  -> Found UB Trap. Starting Backward Slice...
  -> Found UB Trap. Starting Backward Slice...
  -> Found UB Trap. Starting Backward Slice...
  -> Found UB Trap. Starting Backward Slice...
  -> Found UB Trap. Starting Backward Slice...
  -> Found UB Trap. Starting Backward Slice...
  -> Found UB Trap. Starting Backward Slice...
  -> Found UB Trap. Starting Backward Slice...
  -> Found UB Trap. Starting Backward Slice...
  -> Found UB Trap. Starting Backward Slice...
  -> Found UB Trap. Starting Backward Slice...
  -> Found UB Trap. Starting Backward Slice...
  -> Found UB Trap. Starting Backward Slice...
  -> Found UB Trap. Starting Backward Slice...
  -> Found UB Trap. Starting Backward Slice...
  -> Found UB Trap. Starting Backward Slice...
  -> Found UB Trap. Starting Backward Slice...
  -> Found UB Trap. Starting Backward Slice...
  -> Found UB Trap. Starting Backward Slice...
  -> Found UB Trap. Starting Backward Slice...
  -> Found UB Trap. Starting Backward Slice...
  -> Found UB Trap. Starting Backward Slice...
  -> Found UB Trap. Starting Backward Slice...
  -> Found UB Trap. Starting Backward Slice...
  -> Found UB Trap. Starting Backward Slice...
  -> Found UB Trap. Starting Backward Slice...
  -> Found UB Trap. Starting Backward Slice...
  -> Found UB Trap. Starting Backward Slice...
  -> Found UB Trap. Starting Backward Slice...
  -> Found UB Trap. Starting Backward Slice...
  -> Found UB Trap. Starting Backward Slice...
  -> Found UB Trap. Starting Backward Slice...
  -> Found UB Trap. Starting Backward Slice...
  -> Found UB Trap. Starting Backward Slice...
  -> Found UB Trap. Starting Backward Slice...
  -> Found UB Trap. Starting Backward Slice...
  -> Found UB Trap. Starting Backward Slice...
  -> Found UB Trap. Starting Backward Slice...
  -> Found UB Trap. Starting Backward Slice...
  -> Found UB Trap. Starting Backward Slice...
  -> Found UB Trap. Starting Backward Slice...
  -> Found UB Trap. Starting Backward Slice...
  -> Found UB Trap. Starting Backward Slice...
  -> Found UB Trap. Starting Backward Slice...
  -> Found UB Trap. Starting Backward Slice...
  -> Found UB Trap. Starting Backward Slice...
  -> Found UB Trap. Starting Backward Slice...
  -> Found UB Trap. Starting Backward Slice...
  -> Found UB Trap. Starting Backward Slice...
  -> Found UB Trap. Starting Backward Slice...
  -> Found UB Trap. Starting Backward Slice...
  -> Found UB Trap. Starting Backward Slice...
  -> Found UB Trap. Starting Backward Slice...
  -> Found UB Trap. Starting Backward Slice...
  -> Found UB Trap. Starting Backward Slice...
  -> Found UB Trap. Starting Backward Slice...
  -> Found UB Trap. Starting Backward Slice...
  -> Found UB Trap. Starting Backward Slice...
  -> Found UB Trap. Starting Backward Slice...
  -> Found UB Trap. Starting Backward Slice...
  -> Found UB Trap. Starting Backward Slice...
  -> Found UB Trap. Starting Backward Slice...
  -> Found UB Trap. Starting Backward Slice...
  -> Found UB Trap. Starting Backward Slice...
  -> Found UB Trap. Starting Backward Slice...
  -> Found UB Trap. Starting Backward Slice...
  -> Found UB Trap. Starting Backward Slice...
  -> Found UB Trap. Starting Backward Slice...
  -> Found UB Trap. Starting Backward Slice...
  -> Found UB Trap. Starting Backward Slice...
  -> Found UB Trap. Starting Backward Slice...
  -> Found UB Trap. Starting Backward Slice...
  -> Found UB Trap. Starting Backward Slice...
  -> Found UB Trap. Starting Backward Slice...
  -> Found UB Trap. Starting Backward Slice...
  -> Found UB Trap. Starting Backward Slice...
  -> Found UB Trap. Starting Backward Slice...
  -> Found UB Trap. Starting Backward Slice...
  -> Found UB Trap. Starting Backward Slice...
  -> Found UB Trap. Starting Backward Slice...
  -> Found UB Trap. Starting Backward Slice...
  -> Found UB Trap. Starting Backward Slice...
  -> Found UB Trap. Starting Backward Slice...
  -> Found UB Trap. Starting Backward Slice...
  -> Found UB Trap. Starting Backward Slice...
  -> Found UB Trap. Starting Backward Slice...
  -> Found UB Trap. Starting Backward Slice...
  -> Found UB Trap. Starting Backward Slice...
  -> Found UB Trap. Starting Backward Slice...
  -> Found UB Trap. Starting Backward Slice...
  -> Found UB Trap. Starting Backward Slice...
  -> Found UB Trap. Starting Backward Slice...
  -> Found UB Trap. Starting Backward Slice...
  -> Found UB Trap. Starting Backward Slice...
  -> Found UB Trap. Starting Backward Slice...
  -> Found UB Trap. Starting Backward Slice...
  -> Found UB Trap. Starting Backward Slice...
  -> Found UB Trap. Starting Backward Slice...
  -> Found UB Trap. Starting Backward Slice...
  -> Found UB Trap. Starting Backward Slice...
  -> Found UB Trap. Starting Backward Slice...
  -> Found UB Trap. Starting Backward Slice...
  -> Found UB Trap. Starting Backward Slice...
  -> Found UB Trap. Starting Backward Slice...
  => Total Traps Eliminated: 0
  => Total Trap Attempts: 705
  => Total SMT Queries Executed: 705
  => Total SMT Query Latency: 1.651240e+04 ms
  => Average SMT Query Latency: 2.342184e+01 ms
  => Total DFS & SMT Execution Time: 3.595529e+04 ms

[Z3 Oracle] Analyzing Function: ZSTD_compressStream2_simpleArgs
  => Total Traps Eliminated: 0
  => Total Trap Attempts: 0
  => Total SMT Queries Executed: 0
  => Total SMT Query Latency: 0.000000e+00 ms
  => Average SMT Query Latency: 0.000000e+00 ms
  => Total DFS & SMT Execution Time: 1.506810e-01 ms

[Z3 Oracle] Analyzing Function: ZSTD_compressSequences
  -> Found UB Trap. Starting Backward Slice...
  -> Found UB Trap. Starting Backward Slice...
  -> Found UB Trap. Starting Backward Slice...
  -> Found UB Trap. Starting Backward Slice...
  => Total Traps Eliminated: 0
  => Total Trap Attempts: 4
  => Total SMT Queries Executed: 4
  => Total SMT Query Latency: 2.850030e+01 ms
  => Average SMT Query Latency: 7.125075e+00 ms
  => Total DFS & SMT Execution Time: 5.932750e+01 ms

[Z3 Oracle] Analyzing Function: convertSequences_noRepcodes
  -> Found UB Trap. Starting Backward Slice...
  -> Found UB Trap. Starting Backward Slice...
  -> Found UB Trap. Starting Backward Slice...
  -> Found UB Trap. Starting Backward Slice...
  => Total Traps Eliminated: 0
  => Total Trap Attempts: 4
  => Total SMT Queries Executed: 4
  => Total SMT Query Latency: 2.575525e+01 ms
  => Average SMT Query Latency: 6.438813e+00 ms
  => Total DFS & SMT Execution Time: 5.415697e+01 ms

[Z3 Oracle] Analyzing Function: ZSTD_convertBlockSequences
  -> Found UB Trap. Starting Backward Slice...
  -> Found UB Trap. Starting Backward Slice...
  -> Found UB Trap. Starting Backward Slice...
  -> Found UB Trap. Starting Backward Slice...
  -> Found UB Trap. Starting Backward Slice...
  -> Found UB Trap. Starting Backward Slice...
  -> Found UB Trap. Starting Backward Slice...
  -> Found UB Trap. Starting Backward Slice...
  -> Found UB Trap. Starting Backward Slice...
  -> Found UB Trap. Starting Backward Slice...
  -> Found UB Trap. Starting Backward Slice...
  -> Found UB Trap. Starting Backward Slice...
  -> Found UB Trap. Starting Backward Slice...
  -> Found UB Trap. Starting Backward Slice...
  => Total Traps Eliminated: 0
  => Total Trap Attempts: 14
  => Total SMT Queries Executed: 14
  => Total SMT Query Latency: 1.114127e+02 ms
  => Average SMT Query Latency: 7.958047e+00 ms
  => Total DFS & SMT Execution Time: 2.172918e+02 ms

[Z3 Oracle] Analyzing Function: ZSTD_get1BlockSummary
  -> Found UB Trap. Starting Backward Slice...
  -> Found UB Trap. Starting Backward Slice...
  -> Found UB Trap. Starting Backward Slice...
  -> Found UB Trap. Starting Backward Slice...
  -> Found UB Trap. Starting Backward Slice...
  -> Found UB Trap. Starting Backward Slice...
  -> Found UB Trap. Starting Backward Slice...
  -> Found UB Trap. Starting Backward Slice...
  => Total Traps Eliminated: 0
  => Total Trap Attempts: 8
  => Total SMT Queries Executed: 8
  => Total SMT Query Latency: 1.114142e+02 ms
  => Average SMT Query Latency: 1.392678e+01 ms
  => Total DFS & SMT Execution Time: 2.124169e+02 ms

[Z3 Oracle] Analyzing Function: ZSTD_compressSequencesAndLiterals
  -> Found UB Trap. Starting Backward Slice...
  -> Found UB Trap. Starting Backward Slice...
  -> Found UB Trap. Starting Backward Slice...
  -> Found UB Trap. Starting Backward Slice...
  => Total Traps Eliminated: 0
  => Total Trap Attempts: 4
  => Total SMT Queries Executed: 4
  => Total SMT Query Latency: 3.466181e+01 ms
  => Average SMT Query Latency: 8.665453e+00 ms
  => Total DFS & SMT Execution Time: 6.915889e+01 ms

[Z3 Oracle] Analyzing Function: ZSTD_flushStream
  -> Found UB Trap. Starting Backward Slice...
  -> Found UB Trap. Starting Backward Slice...
  -> Found UB Trap. Starting Backward Slice...
  -> Found UB Trap. Starting Backward Slice...
  -> Found UB Trap. Starting Backward Slice...
  -> Found UB Trap. Starting Backward Slice...
  -> Found UB Trap. Starting Backward Slice...
  -> Found UB Trap. Starting Backward Slice...
  -> Found UB Trap. Starting Backward Slice...
  -> Found UB Trap. Starting Backward Slice...
  -> Found UB Trap. Starting Backward Slice...
  -> Found UB Trap. Starting Backward Slice...
  -> Found UB Trap. Starting Backward Slice...
  -> Found UB Trap. Starting Backward Slice...
  -> Found UB Trap. Starting Backward Slice...
  -> Found UB Trap. Starting Backward Slice...
  -> Found UB Trap. Starting Backward Slice...
  -> Found UB Trap. Starting Backward Slice...
  -> Found UB Trap. Starting Backward Slice...
  -> Found UB Trap. Starting Backward Slice...
  -> Found UB Trap. Starting Backward Slice...
  -> Found UB Trap. Starting Backward Slice...
  -> Found UB Trap. Starting Backward Slice...
  -> Found UB Trap. Starting Backward Slice...
  -> Found UB Trap. Starting Backward Slice...
  -> Found UB Trap. Starting Backward Slice...
  -> Found UB Trap. Starting Backward Slice...
  -> Found UB Trap. Starting Backward Slice...
  -> Found UB Trap. Starting Backward Slice...
  -> Found UB Trap. Starting Backward Slice...
  -> Found UB Trap. Starting Backward Slice...
  -> Found UB Trap. Starting Backward Slice...
  -> Found UB Trap. Starting Backward Slice...
  -> Found UB Trap. Starting Backward Slice...
  -> Found UB Trap. Starting Backward Slice...
  -> Found UB Trap. Starting Backward Slice...
  -> Found UB Trap. Starting Backward Slice...
  -> Found UB Trap. Starting Backward Slice...
  -> Found UB Trap. Starting Backward Slice...
  -> Found UB Trap. Starting Backward Slice...
  -> Found UB Trap. Starting Backward Slice...
  -> Found UB Trap. Starting Backward Slice...
  -> Found UB Trap. Starting Backward Slice...
  -> Found UB Trap. Starting Backward Slice...
  -> Found UB Trap. Starting Backward Slice...
  -> Found UB Trap. Starting Backward Slice...
  -> Found UB Trap. Starting Backward Slice...
  -> Found UB Trap. Starting Backward Slice...
  -> Found UB Trap. Starting Backward Slice...
  -> Found UB Trap. Starting Backward Slice...
  -> Found UB Trap. Starting Backward Slice...
  -> Found UB Trap. Starting Backward Slice...
  -> Found UB Trap. Starting Backward Slice...
  -> Found UB Trap. Starting Backward Slice...
  -> Found UB Trap. Starting Backward Slice...
  -> Found UB Trap. Starting Backward Slice...
  -> Found UB Trap. Starting Backward Slice...
  -> Found UB Trap. Starting Backward Slice...
  -> Found UB Trap. Starting Backward Slice...
  -> Found UB Trap. Starting Backward Slice...
  -> Found UB Trap. Starting Backward Slice...
  -> Found UB Trap. Starting Backward Slice...
  -> Found UB Trap. Starting Backward Slice...
  -> Found UB Trap. Starting Backward Slice...
  -> Found UB Trap. Starting Backward Slice...
  -> Found UB Trap. Starting Backward Slice...
  -> Found UB Trap. Starting Backward Slice...
  -> Found UB Trap. Starting Backward Slice...
  -> Found UB Trap. Starting Backward Slice...
  -> Found UB Trap. Starting Backward Slice...
  -> Found UB Trap. Starting Backward Slice...
  -> Found UB Trap. Starting Backward Slice...
  -> Found UB Trap. Starting Backward Slice...
  -> Found UB Trap. Starting Backward Slice...
  -> Found UB Trap. Starting Backward Slice...
  -> Found UB Trap. Starting Backward Slice...
  -> Found UB Trap. Starting Backward Slice...
  -> Found UB Trap. Starting Backward Slice...
  -> Found UB Trap. Starting Backward Slice...
  -> Found UB Trap. Starting Backward Slice...
  -> Found UB Trap. Starting Backward Slice...
  -> Found UB Trap. Starting Backward Slice...
  -> Found UB Trap. Starting Backward Slice...
  -> Found UB Trap. Starting Backward Slice...
  -> Found UB Trap. Starting Backward Slice...
  -> Found UB Trap. Starting Backward Slice...
  -> Found UB Trap. Starting Backward Slice...
  -> Found UB Trap. Starting Backward Slice...
  -> Found UB Trap. Starting Backward Slice...
  -> Found UB Trap. Starting Backward Slice...
  -> Found UB Trap. Starting Backward Slice...
  -> Found UB Trap. Starting Backward Slice...
  -> Found UB Trap. Starting Backward Slice...
  -> Found UB Trap. Starting Backward Slice...
  -> Found UB Trap. Starting Backward Slice...
  -> Found UB Trap. Starting Backward Slice...
  -> Found UB Trap. Starting Backward Slice...
  -> Found UB Trap. Starting Backward Slice...
  -> Found UB Trap. Starting Backward Slice...
  -> Found UB Trap. Starting Backward Slice...
  -> Found UB Trap. Starting Backward Slice...
  -> Found UB Trap. Starting Backward Slice...
  -> Found UB Trap. Starting Backward Slice...
  -> Found UB Trap. Starting Backward Slice...
  -> Found UB Trap. Starting Backward Slice...
  -> Found UB Trap. Starting Backward Slice...
  -> Found UB Trap. Starting Backward Slice...
  -> Found UB Trap. Starting Backward Slice...
  -> Found UB Trap. Starting Backward Slice...
  -> Found UB Trap. Starting Backward Slice...
  -> Found UB Trap. Starting Backward Slice...
  -> Found UB Trap. Starting Backward Slice...
  -> Found UB Trap. Starting Backward Slice...
  -> Found UB Trap. Starting Backward Slice...
  -> Found UB Trap. Starting Backward Slice...
  -> Found UB Trap. Starting Backward Slice...
  -> Found UB Trap. Starting Backward Slice...
  -> Found UB Trap. Starting Backward Slice...
  -> Found UB Trap. Starting Backward Slice...
  -> Found UB Trap. Starting Backward Slice...
  -> Found UB Trap. Starting Backward Slice...
  -> Found UB Trap. Starting Backward Slice...
  -> Found UB Trap. Starting Backward Slice...
  -> Found UB Trap. Starting Backward Slice...
  -> Found UB Trap. Starting Backward Slice...
  -> Found UB Trap. Starting Backward Slice...
  -> Found UB Trap. Starting Backward Slice...
  -> Found UB Trap. Starting Backward Slice...
  -> Found UB Trap. Starting Backward Slice...
  -> Found UB Trap. Starting Backward Slice...
  -> Found UB Trap. Starting Backward Slice...
  -> Found UB Trap. Starting Backward Slice...
  -> Found UB Trap. Starting Backward Slice...
  -> Found UB Trap. Starting Backward Slice...
  -> Found UB Trap. Starting Backward Slice...
  -> Found UB Trap. Starting Backward Slice...
  -> Found UB Trap. Starting Backward Slice...
  -> Found UB Trap. Starting Backward Slice...
  -> Found UB Trap. Starting Backward Slice...
  -> Found UB Trap. Starting Backward Slice...
  -> Found UB Trap. Starting Backward Slice...
  -> Found UB Trap. Starting Backward Slice...
  -> Found UB Trap. Starting Backward Slice...
  -> Found UB Trap. Starting Backward Slice...
  -> Found UB Trap. Starting Backward Slice...
  -> Found UB Trap. Starting Backward Slice...
  -> Found UB Trap. Starting Backward Slice...
  -> Found UB Trap. Starting Backward Slice...
  -> Found UB Trap. Starting Backward Slice...
  -> Found UB Trap. Starting Backward Slice...
  -> Found UB Trap. Starting Backward Slice...
  -> Found UB Trap. Starting Backward Slice...
  -> Found UB Trap. Starting Backward Slice...
  -> Found UB Trap. Starting Backward Slice...
  -> Found UB Trap. Starting Backward Slice...
  -> Found UB Trap. Starting Backward Slice...
  -> Found UB Trap. Starting Backward Slice...
  -> Found UB Trap. Starting Backward Slice...
  -> Found UB Trap. Starting Backward Slice...
  -> Found UB Trap. Starting Backward Slice...
  -> Found UB Trap. Starting Backward Slice...
  -> Found UB Trap. Starting Backward Slice...
  -> Found UB Trap. Starting Backward Slice...
  -> Found UB Trap. Starting Backward Slice...
  -> Found UB Trap. Starting Backward Slice...
  -> Found UB Trap. Starting Backward Slice...
  -> Found UB Trap. Starting Backward Slice...
  -> Found UB Trap. Starting Backward Slice...
  -> Found UB Trap. Starting Backward Slice...
  -> Found UB Trap. Starting Backward Slice...
  -> Found UB Trap. Starting Backward Slice...
  -> Found UB Trap. Starting Backward Slice...
  -> Found UB Trap. Starting Backward Slice...
  -> Found UB Trap. Starting Backward Slice...
  -> Found UB Trap. Starting Backward Slice...
  -> Found UB Trap. Starting Backward Slice...
  -> Found UB Trap. Starting Backward Slice...
  -> Found UB Trap. Starting Backward Slice...
  -> Found UB Trap. Starting Backward Slice...
  -> Found UB Trap. Starting Backward Slice...
  -> Found UB Trap. Starting Backward Slice...
  -> Found UB Trap. Starting Backward Slice...
  -> Found UB Trap. Starting Backward Slice...
  -> Found UB Trap. Starting Backward Slice...
  -> Found UB Trap. Starting Backward Slice...
  -> Found UB Trap. Starting Backward Slice...
  -> Found UB Trap. Starting Backward Slice...
  -> Found UB Trap. Starting Backward Slice...
  -> Found UB Trap. Starting Backward Slice...
  -> Found UB Trap. Starting Backward Slice...
  -> Found UB Trap. Starting Backward Slice...
  -> Found UB Trap. Starting Backward Slice...
  -> Found UB Trap. Starting Backward Slice...
  -> Found UB Trap. Starting Backward Slice...
  -> Found UB Trap. Starting Backward Slice...
  -> Found UB Trap. Starting Backward Slice...
  -> Found UB Trap. Starting Backward Slice...
  -> Found UB Trap. Starting Backward Slice...
  -> Found UB Trap. Starting Backward Slice...
  -> Found UB Trap. Starting Backward Slice...
  -> Found UB Trap. Starting Backward Slice...
  -> Found UB Trap. Starting Backward Slice...
  -> Found UB Trap. Starting Backward Slice...
  -> Found UB Trap. Starting Backward Slice...
  -> Found UB Trap. Starting Backward Slice...
  -> Found UB Trap. Starting Backward Slice...
  -> Found UB Trap. Starting Backward Slice...
  -> Found UB Trap. Starting Backward Slice...
  -> Found UB Trap. Starting Backward Slice...
  -> Found UB Trap. Starting Backward Slice...
  -> Found UB Trap. Starting Backward Slice...
  -> Found UB Trap. Starting Backward Slice...
  -> Found UB Trap. Starting Backward Slice...
  -> Found UB Trap. Starting Backward Slice...
  -> Found UB Trap. Starting Backward Slice...
  -> Found UB Trap. Starting Backward Slice...
  -> Found UB Trap. Starting Backward Slice...
  -> Found UB Trap. Starting Backward Slice...
  -> Found UB Trap. Starting Backward Slice...
  -> Found UB Trap. Starting Backward Slice...
  -> Found UB Trap. Starting Backward Slice...
  -> Found UB Trap. Starting Backward Slice...
  -> Found UB Trap. Starting Backward Slice...
  -> Found UB Trap. Starting Backward Slice...
  -> Found UB Trap. Starting Backward Slice...
  -> Found UB Trap. Starting Backward Slice...
  -> Found UB Trap. Starting Backward Slice...
  -> Found UB Trap. Starting Backward Slice...
  -> Found UB Trap. Starting Backward Slice...
  -> Found UB Trap. Starting Backward Slice...
  -> Found UB Trap. Starting Backward Slice...
  -> Found UB Trap. Starting Backward Slice...
  -> Found UB Trap. Starting Backward Slice...
  -> Found UB Trap. Starting Backward Slice...
  -> Found UB Trap. Starting Backward Slice...
  -> Found UB Trap. Starting Backward Slice...
  -> Found UB Trap. Starting Backward Slice...
  -> Found UB Trap. Starting Backward Slice...
  -> Found UB Trap. Starting Backward Slice...
  -> Found UB Trap. Starting Backward Slice...
  -> Found UB Trap. Starting Backward Slice...
  -> Found UB Trap. Starting Backward Slice...
  -> Found UB Trap. Starting Backward Slice...
  -> Found UB Trap. Starting Backward Slice...
  -> Found UB Trap. Starting Backward Slice...
  -> Found UB Trap. Starting Backward Slice...
  -> Found UB Trap. Starting Backward Slice...
  -> Found UB Trap. Starting Backward Slice...
  -> Found UB Trap. Starting Backward Slice...
  -> Found UB Trap. Starting Backward Slice...
  -> Found UB Trap. Starting Backward Slice...
  -> Found UB Trap. Starting Backward Slice...
  -> Found UB Trap. Starting Backward Slice...
  -> Found UB Trap. Starting Backward Slice...
  -> Found UB Trap. Starting Backward Slice...
  -> Found UB Trap. Starting Backward Slice...
  -> Found UB Trap. Starting Backward Slice...
  -> Found UB Trap. Starting Backward Slice...
  -> Found UB Trap. Starting Backward Slice...
  -> Found UB Trap. Starting Backward Slice...
  -> Found UB Trap. Starting Backward Slice...
  -> Found UB Trap. Starting Backward Slice...
  -> Found UB Trap. Starting Backward Slice...
  -> Found UB Trap. Starting Backward Slice...
  -> Found UB Trap. Starting Backward Slice...
  -> Found UB Trap. Starting Backward Slice...
  -> Found UB Trap. Starting Backward Slice...
  -> Found UB Trap. Starting Backward Slice...
  -> Found UB Trap. Starting Backward Slice...
  -> Found UB Trap. Starting Backward Slice...
  -> Found UB Trap. Starting Backward Slice...
  -> Found UB Trap. Starting Backward Slice...
  -> Found UB Trap. Starting Backward Slice...
  -> Found UB Trap. Starting Backward Slice...
  -> Found UB Trap. Starting Backward Slice...
  -> Found UB Trap. Starting Backward Slice...
  -> Found UB Trap. Starting Backward Slice...
  -> Found UB Trap. Starting Backward Slice...
  -> Found UB Trap. Starting Backward Slice...
  -> Found UB Trap. Starting Backward Slice...
  -> Found UB Trap. Starting Backward Slice...
  -> Found UB Trap. Starting Backward Slice...
  -> Found UB Trap. Starting Backward Slice...
  -> Found UB Trap. Starting Backward Slice...
  => Total Traps Eliminated: 0
  => Total Trap Attempts: 284
  => Total SMT Queries Executed: 284
  => Total SMT Query Latency: 5.273667e+03 ms
  => Average SMT Query Latency: 1.856925e+01 ms
  => Total DFS & SMT Execution Time: 1.021947e+04 ms

[Z3 Oracle] Analyzing Function: ZSTD_endStream
  -> Found UB Trap. Starting Backward Slice...
  -> Found UB Trap. Starting Backward Slice...
  => Total Traps Eliminated: 0
  => Total Trap Attempts: 2
  => Total SMT Queries Executed: 2
  => Total SMT Query Latency: 1.653954e+01 ms
  => Average SMT Query Latency: 8.269772e+00 ms
  => Total DFS & SMT Execution Time: 3.030547e+01 ms

[Z3 Oracle] Analyzing Function: ZSTD_defaultCLevel
  => Total Traps Eliminated: 0
  => Total Trap Attempts: 0
  => Total SMT Queries Executed: 0
  => Total SMT Query Latency: 0.000000e+00 ms
  => Average SMT Query Latency: 0.000000e+00 ms
  => Total DFS & SMT Execution Time: 4.902920e-01 ms

[Z3 Oracle] Analyzing Function: ZSTD_getCParams
  -> Found UB Trap. Starting Backward Slice...
  -> Found UB Trap. Starting Backward Slice...
  => Total Traps Eliminated: 0
  => Total Trap Attempts: 2
  => Total SMT Queries Executed: 2
  => Total SMT Query Latency: 2.048442e+01 ms
  => Average SMT Query Latency: 1.024221e+01 ms
  => Total DFS & SMT Execution Time: 3.997795e+01 ms

[Z3 Oracle] Analyzing Function: ZSTD_getParams
  -> Found UB Trap. Starting Backward Slice...
  -> Found UB Trap. Starting Backward Slice...
  => Total Traps Eliminated: 0
  => Total Trap Attempts: 2
  => Total SMT Queries Executed: 2
  => Total SMT Query Latency: 1.950735e+01 ms
  => Average SMT Query Latency: 9.753674e+00 ms
  => Total DFS & SMT Execution Time: 3.688997e+01 ms

[Z3 Oracle] Analyzing Function: ZSTD_registerSequenceProducer
  => Total Traps Eliminated: 0
  => Total Trap Attempts: 0
  => Total SMT Queries Executed: 0
  => Total SMT Query Latency: 0.000000e+00 ms
  => Average SMT Query Latency: 0.000000e+00 ms
  => Total DFS & SMT Execution Time: 3.488320e-01 ms

[Z3 Oracle] Analyzing Function: ZSTD_CCtxParams_registerSequenceProducer
  => Total Traps Eliminated: 0
  => Total Trap Attempts: 0
  => Total SMT Queries Executed: 0
  => Total SMT Query Latency: 0.000000e+00 ms
  => Average SMT Query Latency: 0.000000e+00 ms
  => Total DFS & SMT Execution Time: 1.254020e-01 ms

[Z3 Oracle] Analyzing Function: ZSTD_transferSequences_wBlockDelim
  -> Found UB Trap. Starting Backward Slice...
  -> Found UB Trap. Starting Backward Slice...
  -> Found UB Trap. Starting Backward Slice...
  -> Found UB Trap. Starting Backward Slice...
  -> Found UB Trap. Starting Backward Slice...
  -> Found UB Trap. Starting Backward Slice...
  -> Found UB Trap. Starting Backward Slice...
  -> Found UB Trap. Starting Backward Slice...
  -> Found UB Trap. Starting Backward Slice...
  -> Found UB Trap. Starting Backward Slice...
  -> Found UB Trap. Starting Backward Slice...
  -> Found UB Trap. Starting Backward Slice...
  -> Found UB Trap. Starting Backward Slice...
  -> Found UB Trap. Starting Backward Slice...
  -> Found UB Trap. Starting Backward Slice...
  => Total Traps Eliminated: 0
  => Total Trap Attempts: 15
  => Total SMT Queries Executed: 15
  => Total SMT Query Latency: 1.249754e+02 ms
  => Average SMT Query Latency: 8.331696e+00 ms
  => Total DFS & SMT Execution Time: 2.421735e+02 ms

[Z3 Oracle] Analyzing Function: ZSTD_deriveBlockSplitsHelper
  -> Found UB Trap. Starting Backward Slice...
  -> Found UB Trap. Starting Backward Slice...
  -> Found UB Trap. Starting Backward Slice...
  -> Found UB Trap. Starting Backward Slice...
  -> Found UB Trap. Starting Backward Slice...
  -> Found UB Trap. Starting Backward Slice...
  -> Found UB Trap. Starting Backward Slice...
  -> Found UB Trap. Starting Backward Slice...
  -> Found UB Trap. Starting Backward Slice...
  -> Found UB Trap. Starting Backward Slice...
  -> Found UB Trap. Starting Backward Slice...
  -> Found UB Trap. Starting Backward Slice...
  -> Found UB Trap. Starting Backward Slice...
  -> Found UB Trap. Starting Backward Slice...
  -> Found UB Trap. Starting Backward Slice...
  -> Found UB Trap. Starting Backward Slice...
  -> Found UB Trap. Starting Backward Slice...
  -> Found UB Trap. Starting Backward Slice...
  -> Found UB Trap. Starting Backward Slice...
  -> Found UB Trap. Starting Backward Slice...
  -> Found UB Trap. Starting Backward Slice...
  -> Found UB Trap. Starting Backward Slice...
  -> Found UB Trap. Starting Backward Slice...
  -> Found UB Trap. Starting Backward Slice...
  -> Found UB Trap. Starting Backward Slice...
  -> Found UB Trap. Starting Backward Slice...
  -> Found UB Trap. Starting Backward Slice...
  -> Found UB Trap. Starting Backward Slice...
  -> Found UB Trap. Starting Backward Slice...
  -> Found UB Trap. Starting Backward Slice...
  -> Found UB Trap. Starting Backward Slice...
  -> Found UB Trap. Starting Backward Slice...
  -> Found UB Trap. Starting Backward Slice...
  -> Found UB Trap. Starting Backward Slice...
  -> Found UB Trap. Starting Backward Slice...
  -> Found UB Trap. Starting Backward Slice...
  -> Found UB Trap. Starting Backward Slice...
  -> Found UB Trap. Starting Backward Slice...
  -> Found UB Trap. Starting Backward Slice...
  -> Found UB Trap. Starting Backward Slice...
  -> Found UB Trap. Starting Backward Slice...
  -> Found UB Trap. Starting Backward Slice...
  -> Found UB Trap. Starting Backward Slice...
  -> Found UB Trap. Starting Backward Slice...
  -> Found UB Trap. Starting Backward Slice...
  -> Found UB Trap. Starting Backward Slice...
  -> Found UB Trap. Starting Backward Slice...
  -> Found UB Trap. Starting Backward Slice...
  -> Found UB Trap. Starting Backward Slice...
  -> Found UB Trap. Starting Backward Slice...
  -> Found UB Trap. Starting Backward Slice...
  -> Found UB Trap. Starting Backward Slice...
  -> Found UB Trap. Starting Backward Slice...
  -> Found UB Trap. Starting Backward Slice...
  -> Found UB Trap. Starting Backward Slice...
  -> Found UB Trap. Starting Backward Slice...
  -> Found UB Trap. Starting Backward Slice...
  -> Found UB Trap. Starting Backward Slice...
  -> Found UB Trap. Starting Backward Slice...
  -> Found UB Trap. Starting Backward Slice...
  -> Found UB Trap. Starting Backward Slice...
  -> Found UB Trap. Starting Backward Slice...
  -> Found UB Trap. Starting Backward Slice...
  -> Found UB Trap. Starting Backward Slice...
  -> Found UB Trap. Starting Backward Slice...
  -> Found UB Trap. Starting Backward Slice...
  -> Found UB Trap. Starting Backward Slice...
  -> Found UB Trap. Starting Backward Slice...
  -> Found UB Trap. Starting Backward Slice...
  -> Found UB Trap. Starting Backward Slice...
  -> Found UB Trap. Starting Backward Slice...
  -> Found UB Trap. Starting Backward Slice...
  -> Found UB Trap. Starting Backward Slice...
  -> Found UB Trap. Starting Backward Slice...
  -> Found UB Trap. Starting Backward Slice...
  -> Found UB Trap. Starting Backward Slice...
  => Total Traps Eliminated: 0
  => Total Trap Attempts: 76
  => Total SMT Queries Executed: 76
  => Total SMT Query Latency: 6.401649e+02 ms
  => Average SMT Query Latency: 8.423222e+00 ms
  => Total DFS & SMT Execution Time: 1.285108e+03 ms
