[ODeSSy] 84 trap site(s) across 12 function(s); threads=1 [tier: heavy] [frame] [mv] [narrow] [ind] [mv-nofold] [traps=odessy.chk]

[Z3 Oracle] Analyzing Function: main
  [tier: heavy]
  -> Found UB Trap. Starting Backward Slice...
    -> Collected 0 dominating context guard(s).
    -> Fact[RM:0] i64 %5 in [0,9223372036854775807) (!range)
    -> Fact[KB:1] i64 %5 known bits zero=0x9223372036854775808 one=0x0
    -> [heavy] 2 analysis fact(s) on 1 boundary value(s)
    -> [ind] trap not in a loop
    -> SAT (WARNING: Potential Integer Overflow Bug Detected!) [Query Latency: 0.087833 ms]
    -> [mv] trap not inside a loop: not versionable
  -> Found UB Trap. Starting Backward Slice...
    -> Guard[0] (false edge of ''):  %18 = icmp eq i64 %17, 0
    -> Guard[1] (false edge of 'entry'):  %6 = icmp samesign ult i64 %5, 2
    -> Collected 2 dominating context guard(s).
    -> Fact[RM:0] i64 %5 in [0,9223372036854775807) (!range)
    -> Fact[KB:1] i64 %5 known bits zero=0x9223372036854775808 one=0x0
    -> [heavy] 2 analysis fact(s) on 34 boundary value(s)
    -> [ind] trap not in a loop
    -> SAT (WARNING: Potential Integer Overflow Bug Detected!) [Query Latency: 7.776667 ms]
    -> [mv] trap not inside a loop: not versionable
  -> Found UB Trap. Starting Backward Slice...
    -> Guard[0] (false edge of ''):  %99 = icmp eq i8 %98, 1
    -> Guard[1] (false edge of ''):  %18 = icmp eq i64 %17, 0
    -> Guard[2] (false edge of 'entry'):  %6 = icmp samesign ult i64 %5, 2
    -> Collected 3 dominating context guard(s).
    -> Frame refused (clobber between loads):  %188 = load i64, ptr @"$s5nbody1nSivp", align 8  vs  %.pre = load i64, ptr @"$s5nbody1nSivp", align 8
         clobber:   call void @swift_endAccess(ptr nonnull %access-scratch46) #2
    -> Frame refused (clobber between loads):  %188 = load i64, ptr @"$s5nbody1nSivp", align 8  vs  %515 = load i64, ptr @"$s5nbody1nSivp", align 8
         clobber: (MemoryPhi: clobber on some incoming arm)
    -> Frame refused (clobber between loads):  %188 = load i64, ptr @"$s5nbody1nSivp", align 8  vs  %519 = load i64, ptr @"$s5nbody1nSivp", align 8
         clobber: (MemoryPhi: clobber on some incoming arm)
    -> Frame refused (clobber between loads):  %188 = load i64, ptr @"$s5nbody1nSivp", align 8  vs  %.pr = load i64, ptr @"$s5nbody1nSivp", align 8
         clobber: (MemoryPhi: clobber on some incoming arm)
    -> Frame refused (clobber between loads):  %188 = load i64, ptr @"$s5nbody1nSivp", align 8  vs  %530 = load i64, ptr @"$s5nbody1nSivp", align 8
         clobber: (MemoryPhi: clobber on some incoming arm)
    -> Frame refused (clobber between loads):  %188 = load i64, ptr @"$s5nbody1nSivp", align 8  vs  %838 = load i64, ptr @"$s5nbody1nSivp", align 8
         clobber: (MemoryPhi: clobber on some incoming arm)
    -> Fact[RM:0] i64 %5 in [0,9223372036854775807) (!range)
    -> Fact[KB:1] i64 %5 known bits zero=0x9223372036854775808 one=0x0
    -> [heavy] 2 analysis fact(s) on 35 boundary value(s)
    -> [ind] trap not in a loop
    -> SAT (WARNING: Potential Integer Overflow Bug Detected!) [Query Latency: 3.947500 ms]
    -> [mv] trap not inside a loop: not versionable
  -> Found UB Trap. Starting Backward Slice...
    -> Guard[0] (false edge of ''):  %192 = icmp eq i64 %188, 0
    -> Guard[1] (false edge of ''):  %189 = icmp slt i64 %188, 0
    -> Guard[2] (false edge of ''):  %99 = icmp eq i8 %98, 1
    -> Guard[3] (false edge of ''):  %18 = icmp eq i64 %17, 0
    -> Guard[4] (false edge of 'entry'):  %6 = icmp samesign ult i64 %5, 2
    -> Collected 5 dominating context guard(s).
    -> Frame refused (clobber between loads):  %188 = load i64, ptr @"$s5nbody1nSivp", align 8  vs  %.pre = load i64, ptr @"$s5nbody1nSivp", align 8
         clobber:   call void @swift_endAccess(ptr nonnull %access-scratch46) #2
    -> Frame refused (clobber between loads):  %188 = load i64, ptr @"$s5nbody1nSivp", align 8  vs  %515 = load i64, ptr @"$s5nbody1nSivp", align 8
         clobber: (MemoryPhi: clobber on some incoming arm)
    -> Frame refused (clobber between loads):  %188 = load i64, ptr @"$s5nbody1nSivp", align 8  vs  %519 = load i64, ptr @"$s5nbody1nSivp", align 8
         clobber: (MemoryPhi: clobber on some incoming arm)
    -> Frame refused (clobber between loads):  %188 = load i64, ptr @"$s5nbody1nSivp", align 8  vs  %.pr = load i64, ptr @"$s5nbody1nSivp", align 8
         clobber: (MemoryPhi: clobber on some incoming arm)
    -> Frame refused (clobber between loads):  %188 = load i64, ptr @"$s5nbody1nSivp", align 8  vs  %530 = load i64, ptr @"$s5nbody1nSivp", align 8
         clobber: (MemoryPhi: clobber on some incoming arm)
    -> Frame refused (clobber between loads):  %188 = load i64, ptr @"$s5nbody1nSivp", align 8  vs  %838 = load i64, ptr @"$s5nbody1nSivp", align 8
         clobber: (MemoryPhi: clobber on some incoming arm)
    -> [go3] 0 leaf-closure instruction(s) encoded
    -> Fact[RM:0] i64 %5 in [0,9223372036854775807) (!range)
    -> Fact[KB:1] i64 %5 known bits zero=0x9223372036854775808 one=0x0
    -> Fact[KB:2] i64 %264 known bits zero=0x9223372036854775808 one=0x0
    -> Fact[SCEV:3] i64 %264 in [0,9223372036854775807) (SCEV unsigned)
    -> Fact[SCEV:4] i64 %264 in [0,9223372036854775807) (SCEV signed)
    -> Fact[SCEVSYM:5] i64 %264 - start(0) <=u BTC((9223372036854775806 umin (-1 + %188))) (SCEV symbolic trip count, sub-form)
    -> Fact[PHIINV-hi:6] i64 %264 == i64 0 || ne(i64 %264, i64 %188) (latch-implied bound, 1-induction)
    -> Fact[PHIINV-lo:7] i64 %264 >=s i64 0 (monotone nsw increments, 1 arm(s))
    -> Fact[RM:8] i64 %268 in [0,9223372036854775807) (!range)
    -> Fact[KB:9] i64 %268 known bits zero=0x9223372036854775808 one=0x0
    -> [heavy] 10 analysis fact(s) on 37 boundary value(s)
    -> [mv] T3: not a bounds shape (idx vs invariant count)
    -> [ind L0] BASE (1 phi(s) = entry): SAT (WARNING: Potential Integer Overflow Bug Detected!) [Query Latency: 0.784500 ms]
    -> SAT (WARNING: Potential Integer Overflow Bug Detected!) [Query Latency: 4.319458 ms]
    -> [mv] still SAT under 12 hypothesis candidate(s): not versionable
  -> Found UB Trap. Starting Backward Slice...
    -> Guard[0] (true edge of ''):  %.not246 = icmp samesign ult i64 %264, %268
    -> Guard[1] (false edge of ''):  %192 = icmp eq i64 %188, 0
    -> Guard[2] (false edge of ''):  %189 = icmp slt i64 %188, 0
    -> Guard[3] (false edge of ''):  %99 = icmp eq i8 %98, 1
    -> Guard[4] (false edge of ''):  %18 = icmp eq i64 %17, 0
    -> Guard[5] (false edge of 'entry'):  %6 = icmp samesign ult i64 %5, 2
    -> Collected 6 dominating context guard(s).
    -> Frame refused (clobber between loads):  %188 = load i64, ptr @"$s5nbody1nSivp", align 8  vs  %.pre = load i64, ptr @"$s5nbody1nSivp", align 8
         clobber:   call void @swift_endAccess(ptr nonnull %access-scratch46) #2
    -> Frame refused (clobber between loads):  %188 = load i64, ptr @"$s5nbody1nSivp", align 8  vs  %515 = load i64, ptr @"$s5nbody1nSivp", align 8
         clobber: (MemoryPhi: clobber on some incoming arm)
    -> Frame refused (clobber between loads):  %188 = load i64, ptr @"$s5nbody1nSivp", align 8  vs  %519 = load i64, ptr @"$s5nbody1nSivp", align 8
         clobber: (MemoryPhi: clobber on some incoming arm)
    -> Frame refused (clobber between loads):  %188 = load i64, ptr @"$s5nbody1nSivp", align 8  vs  %.pr = load i64, ptr @"$s5nbody1nSivp", align 8
         clobber: (MemoryPhi: clobber on some incoming arm)
    -> Frame refused (clobber between loads):  %188 = load i64, ptr @"$s5nbody1nSivp", align 8  vs  %530 = load i64, ptr @"$s5nbody1nSivp", align 8
         clobber: (MemoryPhi: clobber on some incoming arm)
    -> Frame refused (clobber between loads):  %188 = load i64, ptr @"$s5nbody1nSivp", align 8  vs  %838 = load i64, ptr @"$s5nbody1nSivp", align 8
         clobber: (MemoryPhi: clobber on some incoming arm)
    -> [go3] 0 leaf-closure instruction(s) encoded
    -> Fact[RM:0] i64 %5 in [0,9223372036854775807) (!range)
    -> Fact[KB:1] i64 %5 known bits zero=0x9223372036854775808 one=0x0
    -> Fact[KB:2] i64 %264 known bits zero=0x9223372036854775808 one=0x0
    -> Fact[LVI:3] i64 %264 in [0,9223372036854775806) (LVI @ )
    -> Fact[SCEV:4] i64 %264 in [0,9223372036854775807) (SCEV unsigned)
    -> Fact[SCEV:5] i64 %264 in [0,9223372036854775807) (SCEV signed)
    -> Fact[SCEVSYM:6] i64 %264 - start(0) <=u BTC((9223372036854775806 umin (-1 + %188))) (SCEV symbolic trip count, sub-form)
    -> Fact[PHIINV-hi:7] i64 %264 == i64 0 || ne(i64 %264, i64 %188) (latch-implied bound, 1-induction)
    -> Fact[PHIINV-lo:8] i64 %264 >=s i64 0 (monotone nsw increments, 1 arm(s))
    -> Fact[RM:9] i64 %268 in [0,9223372036854775807) (!range)
    -> Fact[KB:10] i64 %268 known bits zero=0x9223372036854775808 one=0x0
    -> Fact[LVI:11] i64 %268 in [1,9223372036854775807) (LVI @ )
    -> Fact[RM:12] i64 %274 in [0,9223372036854775807) (!range)
    -> Fact[KB:13] i64 %274 known bits zero=0x9223372036854775808 one=0x0
    -> [heavy] 14 analysis fact(s) on 38 boundary value(s)
    -> [mv] T3: not a bounds shape (idx vs invariant count)
    -> [ind L0] BASE (1 phi(s) = entry): SAT (WARNING: Potential Integer Overflow Bug Detected!) [Query Latency: 0.855416 ms]
    -> SAT (WARNING: Potential Integer Overflow Bug Detected!) [Query Latency: 3.424417 ms]
    -> [mv] still SAT under 12 hypothesis candidate(s): not versionable
  -> Found UB Trap. Starting Backward Slice...
    -> Guard[0] (false edge of ''):  %275 = icmp eq i64 %274, 0
    -> Guard[1] (true edge of ''):  %.not246 = icmp samesign ult i64 %264, %268
    -> Guard[2] (false edge of ''):  %192 = icmp eq i64 %188, 0
    -> Guard[3] (false edge of ''):  %189 = icmp slt i64 %188, 0
    -> Guard[4] (false edge of ''):  %99 = icmp eq i8 %98, 1
    -> Guard[5] (false edge of ''):  %18 = icmp eq i64 %17, 0
    -> Guard[6] (false edge of 'entry'):  %6 = icmp samesign ult i64 %5, 2
    -> Collected 7 dominating context guard(s).
    -> Frame refused (clobber between loads):  %188 = load i64, ptr @"$s5nbody1nSivp", align 8  vs  %.pre = load i64, ptr @"$s5nbody1nSivp", align 8
         clobber:   call void @swift_endAccess(ptr nonnull %access-scratch46) #2
    -> Frame refused (clobber between loads):  %188 = load i64, ptr @"$s5nbody1nSivp", align 8  vs  %515 = load i64, ptr @"$s5nbody1nSivp", align 8
         clobber: (MemoryPhi: clobber on some incoming arm)
    -> Frame refused (clobber between loads):  %188 = load i64, ptr @"$s5nbody1nSivp", align 8  vs  %519 = load i64, ptr @"$s5nbody1nSivp", align 8
         clobber: (MemoryPhi: clobber on some incoming arm)
    -> Frame refused (clobber between loads):  %188 = load i64, ptr @"$s5nbody1nSivp", align 8  vs  %.pr = load i64, ptr @"$s5nbody1nSivp", align 8
         clobber: (MemoryPhi: clobber on some incoming arm)
    -> Frame refused (clobber between loads):  %188 = load i64, ptr @"$s5nbody1nSivp", align 8  vs  %530 = load i64, ptr @"$s5nbody1nSivp", align 8
         clobber: (MemoryPhi: clobber on some incoming arm)
    -> Frame refused (clobber between loads):  %188 = load i64, ptr @"$s5nbody1nSivp", align 8  vs  %838 = load i64, ptr @"$s5nbody1nSivp", align 8
         clobber: (MemoryPhi: clobber on some incoming arm)
    -> [go3] 0 leaf-closure instruction(s) encoded
    -> Fact[RM:0] i64 %5 in [0,9223372036854775807) (!range)
    -> Fact[KB:1] i64 %5 known bits zero=0x9223372036854775808 one=0x0
    -> Fact[KB:2] i64 %264 known bits zero=0x9223372036854775808 one=0x0
    -> Fact[LVI:3] i64 %264 in [0,9223372036854775806) (LVI @ )
    -> Fact[SCEV:4] i64 %264 in [0,9223372036854775807) (SCEV unsigned)
    -> Fact[SCEV:5] i64 %264 in [0,9223372036854775807) (SCEV signed)
    -> Fact[SCEVSYM:6] i64 %264 - start(0) <=u BTC((9223372036854775806 umin (-1 + %188))) (SCEV symbolic trip count, sub-form)
    -> Fact[PHIINV-hi:7] i64 %264 == i64 0 || ne(i64 %264, i64 %188) (latch-implied bound, 1-induction)
    -> Fact[PHIINV-lo:8] i64 %264 >=s i64 0 (monotone nsw increments, 1 arm(s))
    -> Fact[RM:9] i64 %268 in [0,9223372036854775807) (!range)
    -> Fact[KB:10] i64 %268 known bits zero=0x9223372036854775808 one=0x0
    -> Fact[LVI:11] i64 %268 in [1,9223372036854775807) (LVI @ )
    -> Fact[RM:12] i64 %274 in [0,9223372036854775807) (!range)
    -> Fact[KB:13] i64 %274 known bits zero=0x9223372036854775808 one=0x0
    -> Fact[LVI:14] i64 %274 in [1,9223372036854775807) (LVI @ )
    -> Fact[RM:15] i64 %286 in [0,9223372036854775807) (!range)
    -> Fact[KB:16] i64 %286 known bits zero=0x9223372036854775808 one=0x0
    -> [heavy] 17 analysis fact(s) on 39 boundary value(s)
    -> [mv] T3: not a bounds shape (idx vs invariant count)
    -> [ind L0] BASE (1 phi(s) = entry): SAT (WARNING: Potential Integer Overflow Bug Detected!) [Query Latency: 0.781084 ms]
    -> SAT (WARNING: Potential Integer Overflow Bug Detected!) [Query Latency: 3.330000 ms]
    -> [mv] still SAT under 12 hypothesis candidate(s): not versionable
  -> Found UB Trap. Starting Backward Slice...
    -> Guard[0] (true edge of ''):  %.not247 = icmp samesign ult i64 %264, %286
    -> Guard[1] (false edge of ''):  %275 = icmp eq i64 %274, 0
    -> Guard[2] (true edge of ''):  %.not246 = icmp samesign ult i64 %264, %268
    -> Guard[3] (false edge of ''):  %192 = icmp eq i64 %188, 0
    -> Guard[4] (false edge of ''):  %189 = icmp slt i64 %188, 0
    -> Guard[5] (false edge of ''):  %99 = icmp eq i8 %98, 1
    -> Guard[6] (false edge of ''):  %18 = icmp eq i64 %17, 0
    -> Guard[7] (false edge of 'entry'):  %6 = icmp samesign ult i64 %5, 2
    -> Collected 8 dominating context guard(s).
    -> Frame refused (clobber between loads):  %188 = load i64, ptr @"$s5nbody1nSivp", align 8  vs  %.pre = load i64, ptr @"$s5nbody1nSivp", align 8
         clobber:   call void @swift_endAccess(ptr nonnull %access-scratch46) #2
    -> Frame refused (clobber between loads):  %188 = load i64, ptr @"$s5nbody1nSivp", align 8  vs  %515 = load i64, ptr @"$s5nbody1nSivp", align 8
         clobber: (MemoryPhi: clobber on some incoming arm)
    -> Frame refused (clobber between loads):  %188 = load i64, ptr @"$s5nbody1nSivp", align 8  vs  %519 = load i64, ptr @"$s5nbody1nSivp", align 8
         clobber: (MemoryPhi: clobber on some incoming arm)
    -> Frame refused (clobber between loads):  %188 = load i64, ptr @"$s5nbody1nSivp", align 8  vs  %.pr = load i64, ptr @"$s5nbody1nSivp", align 8
         clobber: (MemoryPhi: clobber on some incoming arm)
    -> Frame refused (clobber between loads):  %188 = load i64, ptr @"$s5nbody1nSivp", align 8  vs  %530 = load i64, ptr @"$s5nbody1nSivp", align 8
         clobber: (MemoryPhi: clobber on some incoming arm)
    -> Frame refused (clobber between loads):  %188 = load i64, ptr @"$s5nbody1nSivp", align 8  vs  %838 = load i64, ptr @"$s5nbody1nSivp", align 8
         clobber: (MemoryPhi: clobber on some incoming arm)
    -> [go3] 0 leaf-closure instruction(s) encoded
    -> Fact[RM:0] i64 %5 in [0,9223372036854775807) (!range)
    -> Fact[KB:1] i64 %5 known bits zero=0x9223372036854775808 one=0x0
    -> Fact[KB:2] i64 %264 known bits zero=0x9223372036854775808 one=0x0
    -> Fact[LVI:3] i64 %264 in [0,9223372036854775806) (LVI @ )
    -> Fact[SCEV:4] i64 %264 in [0,9223372036854775807) (SCEV unsigned)
    -> Fact[SCEV:5] i64 %264 in [0,9223372036854775807) (SCEV signed)
    -> Fact[SCEVSYM:6] i64 %264 - start(0) <=u BTC((9223372036854775806 umin (-1 + %188))) (SCEV symbolic trip count, sub-form)
    -> Fact[PHIINV-hi:7] i64 %264 == i64 0 || ne(i64 %264, i64 %188) (latch-implied bound, 1-induction)
    -> Fact[PHIINV-lo:8] i64 %264 >=s i64 0 (monotone nsw increments, 1 arm(s))
    -> Fact[RM:9] i64 %268 in [0,9223372036854775807) (!range)
    -> Fact[KB:10] i64 %268 known bits zero=0x9223372036854775808 one=0x0
    -> Fact[LVI:11] i64 %268 in [1,9223372036854775807) (LVI @ )
    -> Fact[RM:12] i64 %274 in [0,9223372036854775807) (!range)
    -> Fact[KB:13] i64 %274 known bits zero=0x9223372036854775808 one=0x0
    -> Fact[LVI:14] i64 %274 in [1,9223372036854775807) (LVI @ )
    -> Fact[RM:15] i64 %286 in [0,9223372036854775807) (!range)
    -> Fact[KB:16] i64 %286 known bits zero=0x9223372036854775808 one=0x0
    -> Fact[LVI:17] i64 %286 in [1,9223372036854775807) (LVI @ )
    -> Fact[RM:18] i64 %292 in [0,9223372036854775807) (!range)
    -> Fact[KB:19] i64 %292 known bits zero=0x9223372036854775808 one=0x0
    -> [heavy] 20 analysis fact(s) on 40 boundary value(s)
    -> [mv] T3: not a bounds shape (idx vs invariant count)
    -> [ind L0] BASE (1 phi(s) = entry): SAT (WARNING: Potential Integer Overflow Bug Detected!) [Query Latency: 0.838375 ms]
    -> SAT (WARNING: Potential Integer Overflow Bug Detected!) [Query Latency: 3.692958 ms]
    -> [mv] still SAT under 12 hypothesis candidate(s): not versionable
  -> Found UB Trap. Starting Backward Slice...
    -> Guard[0] (true edge of ''):  %.not248 = icmp samesign ult i64 %264, %292
    -> Guard[1] (true edge of ''):  %.not247 = icmp samesign ult i64 %264, %286
    -> Guard[2] (false edge of ''):  %275 = icmp eq i64 %274, 0
    -> Guard[3] (true edge of ''):  %.not246 = icmp samesign ult i64 %264, %268
    -> Guard[4] (false edge of ''):  %192 = icmp eq i64 %188, 0
    -> Guard[5] (false edge of ''):  %189 = icmp slt i64 %188, 0
    -> Guard[6] (false edge of ''):  %99 = icmp eq i8 %98, 1
    -> Guard[7] (false edge of ''):  %18 = icmp eq i64 %17, 0
    -> Guard[8] (false edge of 'entry'):  %6 = icmp samesign ult i64 %5, 2
    -> Collected 9 dominating context guard(s).
    -> Frame refused (clobber between loads):  %188 = load i64, ptr @"$s5nbody1nSivp", align 8  vs  %.pre = load i64, ptr @"$s5nbody1nSivp", align 8
         clobber:   call void @swift_endAccess(ptr nonnull %access-scratch46) #2
    -> Frame refused (clobber between loads):  %188 = load i64, ptr @"$s5nbody1nSivp", align 8  vs  %515 = load i64, ptr @"$s5nbody1nSivp", align 8
         clobber: (MemoryPhi: clobber on some incoming arm)
    -> Frame refused (clobber between loads):  %188 = load i64, ptr @"$s5nbody1nSivp", align 8  vs  %519 = load i64, ptr @"$s5nbody1nSivp", align 8
         clobber: (MemoryPhi: clobber on some incoming arm)
    -> Frame refused (clobber between loads):  %188 = load i64, ptr @"$s5nbody1nSivp", align 8  vs  %.pr = load i64, ptr @"$s5nbody1nSivp", align 8
         clobber: (MemoryPhi: clobber on some incoming arm)
    -> Frame refused (clobber between loads):  %188 = load i64, ptr @"$s5nbody1nSivp", align 8  vs  %530 = load i64, ptr @"$s5nbody1nSivp", align 8
         clobber: (MemoryPhi: clobber on some incoming arm)
    -> Frame refused (clobber between loads):  %188 = load i64, ptr @"$s5nbody1nSivp", align 8  vs  %838 = load i64, ptr @"$s5nbody1nSivp", align 8
         clobber: (MemoryPhi: clobber on some incoming arm)
    -> [go3] 0 leaf-closure instruction(s) encoded
    -> Fact[RM:0] i64 %5 in [0,9223372036854775807) (!range)
    -> Fact[KB:1] i64 %5 known bits zero=0x9223372036854775808 one=0x0
    -> Fact[KB:2] i64 %264 known bits zero=0x9223372036854775808 one=0x0
    -> Fact[LVI:3] i64 %264 in [0,9223372036854775806) (LVI @ )
    -> Fact[SCEV:4] i64 %264 in [0,9223372036854775807) (SCEV unsigned)
    -> Fact[SCEV:5] i64 %264 in [0,9223372036854775807) (SCEV signed)
    -> Fact[SCEVSYM:6] i64 %264 - start(0) <=u BTC((9223372036854775806 umin (-1 + %188))) (SCEV symbolic trip count, sub-form)
    -> Fact[PHIINV-hi:7] i64 %264 == i64 0 || ne(i64 %264, i64 %188) (latch-implied bound, 1-induction)
    -> Fact[PHIINV-lo:8] i64 %264 >=s i64 0 (monotone nsw increments, 1 arm(s))
    -> Fact[RM:9] i64 %268 in [0,9223372036854775807) (!range)
    -> Fact[KB:10] i64 %268 known bits zero=0x9223372036854775808 one=0x0
    -> Fact[LVI:11] i64 %268 in [1,9223372036854775807) (LVI @ )
    -> Fact[RM:12] i64 %274 in [0,9223372036854775807) (!range)
    -> Fact[KB:13] i64 %274 known bits zero=0x9223372036854775808 one=0x0
    -> Fact[LVI:14] i64 %274 in [1,9223372036854775807) (LVI @ )
    -> Fact[RM:15] i64 %286 in [0,9223372036854775807) (!range)
    -> Fact[KB:16] i64 %286 known bits zero=0x9223372036854775808 one=0x0
    -> Fact[LVI:17] i64 %286 in [1,9223372036854775807) (LVI @ )
    -> Fact[RM:18] i64 %292 in [0,9223372036854775807) (!range)
    -> Fact[KB:19] i64 %292 known bits zero=0x9223372036854775808 one=0x0
    -> Fact[LVI:20] i64 %292 in [1,9223372036854775807) (LVI @ )
    -> Fact[RM:21] i64 %298 in [0,9223372036854775807) (!range)
    -> Fact[KB:22] i64 %298 known bits zero=0x9223372036854775808 one=0x0
    -> [heavy] 23 analysis fact(s) on 41 boundary value(s)
    -> [mv] T3: not a bounds shape (idx vs invariant count)
    -> [ind L0] BASE (1 phi(s) = entry): SAT (WARNING: Potential Integer Overflow Bug Detected!) [Query Latency: 0.877334 ms]
    -> SAT (WARNING: Potential Integer Overflow Bug Detected!) [Query Latency: 3.250250 ms]
    -> [mv] still SAT under 12 hypothesis candidate(s): not versionable
  -> Found UB Trap. Starting Backward Slice...
    -> Guard[0] (false edge of ''):  %299 = icmp samesign ult i64 %298, 2
    -> Guard[1] (true edge of ''):  %.not248 = icmp samesign ult i64 %264, %292
    -> Guard[2] (true edge of ''):  %.not247 = icmp samesign ult i64 %264, %286
    -> Guard[3] (false edge of ''):  %275 = icmp eq i64 %274, 0
    -> Guard[4] (true edge of ''):  %.not246 = icmp samesign ult i64 %264, %268
    -> Guard[5] (false edge of ''):  %192 = icmp eq i64 %188, 0
    -> Guard[6] (false edge of ''):  %189 = icmp slt i64 %188, 0
    -> Guard[7] (false edge of ''):  %99 = icmp eq i8 %98, 1
    -> Guard[8] (false edge of ''):  %18 = icmp eq i64 %17, 0
    -> Guard[9] (false edge of 'entry'):  %6 = icmp samesign ult i64 %5, 2
    -> Collected 10 dominating context guard(s).
    -> Frame refused (clobber between loads):  %188 = load i64, ptr @"$s5nbody1nSivp", align 8  vs  %.pre = load i64, ptr @"$s5nbody1nSivp", align 8
         clobber:   call void @swift_endAccess(ptr nonnull %access-scratch46) #2
    -> Frame refused (clobber between loads):  %188 = load i64, ptr @"$s5nbody1nSivp", align 8  vs  %515 = load i64, ptr @"$s5nbody1nSivp", align 8
         clobber: (MemoryPhi: clobber on some incoming arm)
    -> Frame refused (clobber between loads):  %188 = load i64, ptr @"$s5nbody1nSivp", align 8  vs  %519 = load i64, ptr @"$s5nbody1nSivp", align 8
         clobber: (MemoryPhi: clobber on some incoming arm)
    -> Frame refused (clobber between loads):  %188 = load i64, ptr @"$s5nbody1nSivp", align 8  vs  %.pr = load i64, ptr @"$s5nbody1nSivp", align 8
         clobber: (MemoryPhi: clobber on some incoming arm)
    -> Frame refused (clobber between loads):  %188 = load i64, ptr @"$s5nbody1nSivp", align 8  vs  %530 = load i64, ptr @"$s5nbody1nSivp", align 8
         clobber: (MemoryPhi: clobber on some incoming arm)
    -> Frame refused (clobber between loads):  %188 = load i64, ptr @"$s5nbody1nSivp", align 8  vs  %838 = load i64, ptr @"$s5nbody1nSivp", align 8
         clobber: (MemoryPhi: clobber on some incoming arm)
    -> [go3] 0 leaf-closure instruction(s) encoded
    -> Fact[RM:0] i64 %5 in [0,9223372036854775807) (!range)
    -> Fact[KB:1] i64 %5 known bits zero=0x9223372036854775808 one=0x0
    -> Fact[KB:2] i64 %264 known bits zero=0x9223372036854775808 one=0x0
    -> Fact[LVI:3] i64 %264 in [0,9223372036854775806) (LVI @ )
    -> Fact[SCEV:4] i64 %264 in [0,9223372036854775807) (SCEV unsigned)
    -> Fact[SCEV:5] i64 %264 in [0,9223372036854775807) (SCEV signed)
    -> Fact[SCEVSYM:6] i64 %264 - start(0) <=u BTC((9223372036854775806 umin (-1 + %188))) (SCEV symbolic trip count, sub-form)
    -> Fact[PHIINV-hi:7] i64 %264 == i64 0 || ne(i64 %264, i64 %188) (latch-implied bound, 1-induction)
    -> Fact[PHIINV-lo:8] i64 %264 >=s i64 0 (monotone nsw increments, 1 arm(s))
    -> Fact[RM:9] i64 %268 in [0,9223372036854775807) (!range)
    -> Fact[KB:10] i64 %268 known bits zero=0x9223372036854775808 one=0x0
    -> Fact[LVI:11] i64 %268 in [1,9223372036854775807) (LVI @ )
    -> Fact[RM:12] i64 %274 in [0,9223372036854775807) (!range)
    -> Fact[KB:13] i64 %274 known bits zero=0x9223372036854775808 one=0x0
    -> Fact[LVI:14] i64 %274 in [1,9223372036854775807) (LVI @ )
    -> Fact[RM:15] i64 %286 in [0,9223372036854775807) (!range)
    -> Fact[KB:16] i64 %286 known bits zero=0x9223372036854775808 one=0x0
    -> Fact[LVI:17] i64 %286 in [1,9223372036854775807) (LVI @ )
    -> Fact[RM:18] i64 %292 in [0,9223372036854775807) (!range)
    -> Fact[KB:19] i64 %292 known bits zero=0x9223372036854775808 one=0x0
    -> Fact[LVI:20] i64 %292 in [1,9223372036854775807) (LVI @ )
    -> Fact[RM:21] i64 %298 in [0,9223372036854775807) (!range)
    -> Fact[KB:22] i64 %298 known bits zero=0x9223372036854775808 one=0x0
    -> Fact[LVI:23] i64 %298 in [2,9223372036854775807) (LVI @ )
    -> Fact[RM:24] i64 %310 in [0,9223372036854775807) (!range)
    -> Fact[KB:25] i64 %310 known bits zero=0x9223372036854775808 one=0x0
    -> [heavy] 26 analysis fact(s) on 42 boundary value(s)
    -> [mv] T3: not a bounds shape (idx vs invariant count)
    -> [ind L0] BASE (1 phi(s) = entry): SAT (WARNING: Potential Integer Overflow Bug Detected!) [Query Latency: 0.849333 ms]
    -> SAT (WARNING: Potential Integer Overflow Bug Detected!) [Query Latency: 4.682709 ms]
    -> [mv] still SAT under 12 hypothesis candidate(s): not versionable
  -> Found UB Trap. Starting Backward Slice...
    -> Guard[0] (true edge of ''):  %.not249 = icmp samesign ult i64 %264, %310
    -> Guard[1] (false edge of ''):  %299 = icmp samesign ult i64 %298, 2
    -> Guard[2] (true edge of ''):  %.not248 = icmp samesign ult i64 %264, %292
    -> Guard[3] (true edge of ''):  %.not247 = icmp samesign ult i64 %264, %286
    -> Guard[4] (false edge of ''):  %275 = icmp eq i64 %274, 0
    -> Guard[5] (true edge of ''):  %.not246 = icmp samesign ult i64 %264, %268
    -> Guard[6] (false edge of ''):  %192 = icmp eq i64 %188, 0
    -> Guard[7] (false edge of ''):  %189 = icmp slt i64 %188, 0
    -> Guard[8] (false edge of ''):  %99 = icmp eq i8 %98, 1
    -> Guard[9] (false edge of ''):  %18 = icmp eq i64 %17, 0
    -> Guard[10] (false edge of 'entry'):  %6 = icmp samesign ult i64 %5, 2
    -> Collected 11 dominating context guard(s).
    -> Frame refused (clobber between loads):  %188 = load i64, ptr @"$s5nbody1nSivp", align 8  vs  %.pre = load i64, ptr @"$s5nbody1nSivp", align 8
         clobber:   call void @swift_endAccess(ptr nonnull %access-scratch46) #2
    -> Frame refused (clobber between loads):  %188 = load i64, ptr @"$s5nbody1nSivp", align 8  vs  %515 = load i64, ptr @"$s5nbody1nSivp", align 8
         clobber: (MemoryPhi: clobber on some incoming arm)
    -> Frame refused (clobber between loads):  %188 = load i64, ptr @"$s5nbody1nSivp", align 8  vs  %519 = load i64, ptr @"$s5nbody1nSivp", align 8
         clobber: (MemoryPhi: clobber on some incoming arm)
    -> Frame refused (clobber between loads):  %188 = load i64, ptr @"$s5nbody1nSivp", align 8  vs  %.pr = load i64, ptr @"$s5nbody1nSivp", align 8
         clobber: (MemoryPhi: clobber on some incoming arm)
    -> Frame refused (clobber between loads):  %188 = load i64, ptr @"$s5nbody1nSivp", align 8  vs  %530 = load i64, ptr @"$s5nbody1nSivp", align 8
         clobber: (MemoryPhi: clobber on some incoming arm)
    -> Frame refused (clobber between loads):  %188 = load i64, ptr @"$s5nbody1nSivp", align 8  vs  %838 = load i64, ptr @"$s5nbody1nSivp", align 8
         clobber: (MemoryPhi: clobber on some incoming arm)
    -> [go3] 0 leaf-closure instruction(s) encoded
    -> Fact[RM:0] i64 %5 in [0,9223372036854775807) (!range)
    -> Fact[KB:1] i64 %5 known bits zero=0x9223372036854775808 one=0x0
    -> Fact[KB:2] i64 %264 known bits zero=0x9223372036854775808 one=0x0
    -> Fact[LVI:3] i64 %264 in [0,9223372036854775806) (LVI @ )
    -> Fact[SCEV:4] i64 %264 in [0,9223372036854775807) (SCEV unsigned)
    -> Fact[SCEV:5] i64 %264 in [0,9223372036854775807) (SCEV signed)
    -> Fact[SCEVSYM:6] i64 %264 - start(0) <=u BTC((9223372036854775806 umin (-1 + %188))) (SCEV symbolic trip count, sub-form)
    -> Fact[PHIINV-hi:7] i64 %264 == i64 0 || ne(i64 %264, i64 %188) (latch-implied bound, 1-induction)
    -> Fact[PHIINV-lo:8] i64 %264 >=s i64 0 (monotone nsw increments, 1 arm(s))
    -> Fact[RM:9] i64 %268 in [0,9223372036854775807) (!range)
    -> Fact[KB:10] i64 %268 known bits zero=0x9223372036854775808 one=0x0
    -> Fact[LVI:11] i64 %268 in [1,9223372036854775807) (LVI @ )
    -> Fact[RM:12] i64 %274 in [0,9223372036854775807) (!range)
    -> Fact[KB:13] i64 %274 known bits zero=0x9223372036854775808 one=0x0
    -> Fact[LVI:14] i64 %274 in [1,9223372036854775807) (LVI @ )
    -> Fact[RM:15] i64 %286 in [0,9223372036854775807) (!range)
    -> Fact[KB:16] i64 %286 known bits zero=0x9223372036854775808 one=0x0
    -> Fact[LVI:17] i64 %286 in [1,9223372036854775807) (LVI @ )
    -> Fact[RM:18] i64 %292 in [0,9223372036854775807) (!range)
    -> Fact[KB:19] i64 %292 known bits zero=0x9223372036854775808 one=0x0
    -> Fact[LVI:20] i64 %292 in [1,9223372036854775807) (LVI @ )
    -> Fact[RM:21] i64 %298 in [0,9223372036854775807) (!range)
    -> Fact[KB:22] i64 %298 known bits zero=0x9223372036854775808 one=0x0
    -> Fact[LVI:23] i64 %298 in [2,9223372036854775807) (LVI @ )
    -> Fact[RM:24] i64 %310 in [0,9223372036854775807) (!range)
    -> Fact[KB:25] i64 %310 known bits zero=0x9223372036854775808 one=0x0
    -> Fact[LVI:26] i64 %310 in [1,9223372036854775807) (LVI @ )
    -> Fact[RM:27] i64 %316 in [0,9223372036854775807) (!range)
    -> Fact[KB:28] i64 %316 known bits zero=0x9223372036854775808 one=0x0
    -> [heavy] 29 analysis fact(s) on 43 boundary value(s)
    -> [mv] T3: not a bounds shape (idx vs invariant count)
    -> [ind L0] BASE (1 phi(s) = entry): SAT (WARNING: Potential Integer Overflow Bug Detected!) [Query Latency: 0.982959 ms]
    -> SAT (WARNING: Potential Integer Overflow Bug Detected!) [Query Latency: 5.987334 ms]
    -> [mv] still SAT under 12 hypothesis candidate(s): not versionable
  -> Found UB Trap. Starting Backward Slice...
    -> Guard[0] (true edge of ''):  %.not250 = icmp samesign ult i64 %264, %316
    -> Guard[1] (true edge of ''):  %.not249 = icmp samesign ult i64 %264, %310
    -> Guard[2] (false edge of ''):  %299 = icmp samesign ult i64 %298, 2
    -> Guard[3] (true edge of ''):  %.not248 = icmp samesign ult i64 %264, %292
    -> Guard[4] (true edge of ''):  %.not247 = icmp samesign ult i64 %264, %286
    -> Guard[5] (false edge of ''):  %275 = icmp eq i64 %274, 0
    -> Guard[6] (true edge of ''):  %.not246 = icmp samesign ult i64 %264, %268
    -> Guard[7] (false edge of ''):  %192 = icmp eq i64 %188, 0
    -> Guard[8] (false edge of ''):  %189 = icmp slt i64 %188, 0
    -> Guard[9] (false edge of ''):  %99 = icmp eq i8 %98, 1
    -> Guard[10] (false edge of ''):  %18 = icmp eq i64 %17, 0
    -> Guard[11] (false edge of 'entry'):  %6 = icmp samesign ult i64 %5, 2
    -> Collected 12 dominating context guard(s).
    -> Frame refused (clobber between loads):  %188 = load i64, ptr @"$s5nbody1nSivp", align 8  vs  %.pre = load i64, ptr @"$s5nbody1nSivp", align 8
         clobber:   call void @swift_endAccess(ptr nonnull %access-scratch46) #2
    -> Frame refused (clobber between loads):  %188 = load i64, ptr @"$s5nbody1nSivp", align 8  vs  %515 = load i64, ptr @"$s5nbody1nSivp", align 8
         clobber: (MemoryPhi: clobber on some incoming arm)
    -> Frame refused (clobber between loads):  %188 = load i64, ptr @"$s5nbody1nSivp", align 8  vs  %519 = load i64, ptr @"$s5nbody1nSivp", align 8
         clobber: (MemoryPhi: clobber on some incoming arm)
    -> Frame refused (clobber between loads):  %188 = load i64, ptr @"$s5nbody1nSivp", align 8  vs  %.pr = load i64, ptr @"$s5nbody1nSivp", align 8
         clobber: (MemoryPhi: clobber on some incoming arm)
    -> Frame refused (clobber between loads):  %188 = load i64, ptr @"$s5nbody1nSivp", align 8  vs  %530 = load i64, ptr @"$s5nbody1nSivp", align 8
         clobber: (MemoryPhi: clobber on some incoming arm)
    -> Frame refused (clobber between loads):  %188 = load i64, ptr @"$s5nbody1nSivp", align 8  vs  %838 = load i64, ptr @"$s5nbody1nSivp", align 8
         clobber: (MemoryPhi: clobber on some incoming arm)
    -> [go3] 0 leaf-closure instruction(s) encoded
    -> Fact[RM:0] i64 %5 in [0,9223372036854775807) (!range)
    -> Fact[KB:1] i64 %5 known bits zero=0x9223372036854775808 one=0x0
    -> Fact[KB:2] i64 %264 known bits zero=0x9223372036854775808 one=0x0
    -> Fact[LVI:3] i64 %264 in [0,9223372036854775806) (LVI @ )
    -> Fact[SCEV:4] i64 %264 in [0,9223372036854775807) (SCEV unsigned)
    -> Fact[SCEV:5] i64 %264 in [0,9223372036854775807) (SCEV signed)
    -> Fact[SCEVSYM:6] i64 %264 - start(0) <=u BTC((9223372036854775806 umin (-1 + %188))) (SCEV symbolic trip count, sub-form)
    -> Fact[PHIINV-hi:7] i64 %264 == i64 0 || ne(i64 %264, i64 %188) (latch-implied bound, 1-induction)
    -> Fact[PHIINV-lo:8] i64 %264 >=s i64 0 (monotone nsw increments, 1 arm(s))
    -> Fact[RM:9] i64 %268 in [0,9223372036854775807) (!range)
    -> Fact[KB:10] i64 %268 known bits zero=0x9223372036854775808 one=0x0
    -> Fact[LVI:11] i64 %268 in [1,9223372036854775807) (LVI @ )
    -> Fact[RM:12] i64 %274 in [0,9223372036854775807) (!range)
    -> Fact[KB:13] i64 %274 known bits zero=0x9223372036854775808 one=0x0
    -> Fact[LVI:14] i64 %274 in [1,9223372036854775807) (LVI @ )
    -> Fact[RM:15] i64 %286 in [0,9223372036854775807) (!range)
    -> Fact[KB:16] i64 %286 known bits zero=0x9223372036854775808 one=0x0
    -> Fact[LVI:17] i64 %286 in [1,9223372036854775807) (LVI @ )
    -> Fact[RM:18] i64 %292 in [0,9223372036854775807) (!range)
    -> Fact[KB:19] i64 %292 known bits zero=0x9223372036854775808 one=0x0
    -> Fact[LVI:20] i64 %292 in [1,9223372036854775807) (LVI @ )
    -> Fact[RM:21] i64 %298 in [0,9223372036854775807) (!range)
    -> Fact[KB:22] i64 %298 known bits zero=0x9223372036854775808 one=0x0
    -> Fact[LVI:23] i64 %298 in [2,9223372036854775807) (LVI @ )
    -> Fact[RM:24] i64 %310 in [0,9223372036854775807) (!range)
    -> Fact[KB:25] i64 %310 known bits zero=0x9223372036854775808 one=0x0
    -> Fact[LVI:26] i64 %310 in [1,9223372036854775807) (LVI @ )
    -> Fact[RM:27] i64 %316 in [0,9223372036854775807) (!range)
    -> Fact[KB:28] i64 %316 known bits zero=0x9223372036854775808 one=0x0
    -> Fact[LVI:29] i64 %316 in [1,9223372036854775807) (LVI @ )
    -> Fact[RM:30] i64 %322 in [0,9223372036854775807) (!range)
    -> Fact[KB:31] i64 %322 known bits zero=0x9223372036854775808 one=0x0
    -> [heavy] 32 analysis fact(s) on 44 boundary value(s)
    -> [mv] T3: not a bounds shape (idx vs invariant count)
    -> [ind L0] BASE (1 phi(s) = entry): SAT (WARNING: Potential Integer Overflow Bug Detected!) [Query Latency: 0.912500 ms]
    -> SAT (WARNING: Potential Integer Overflow Bug Detected!) [Query Latency: 4.848208 ms]
    -> [mv] still SAT under 12 hypothesis candidate(s): not versionable
  -> Found UB Trap. Starting Backward Slice...
    -> Guard[0] (false edge of ''):  %323 = icmp samesign ult i64 %322, 3
    -> Guard[1] (true edge of ''):  %.not250 = icmp samesign ult i64 %264, %316
    -> Guard[2] (true edge of ''):  %.not249 = icmp samesign ult i64 %264, %310
    -> Guard[3] (false edge of ''):  %299 = icmp samesign ult i64 %298, 2
    -> Guard[4] (true edge of ''):  %.not248 = icmp samesign ult i64 %264, %292
    -> Guard[5] (true edge of ''):  %.not247 = icmp samesign ult i64 %264, %286
    -> Guard[6] (false edge of ''):  %275 = icmp eq i64 %274, 0
    -> Guard[7] (true edge of ''):  %.not246 = icmp samesign ult i64 %264, %268
    -> Guard[8] (false edge of ''):  %192 = icmp eq i64 %188, 0
    -> Guard[9] (false edge of ''):  %189 = icmp slt i64 %188, 0
    -> Guard[10] (false edge of ''):  %99 = icmp eq i8 %98, 1
    -> Guard[11] (false edge of ''):  %18 = icmp eq i64 %17, 0
    -> Guard[12] (false edge of 'entry'):  %6 = icmp samesign ult i64 %5, 2
    -> Collected 13 dominating context guard(s).
    -> Frame refused (clobber between loads):  %188 = load i64, ptr @"$s5nbody1nSivp", align 8  vs  %.pre = load i64, ptr @"$s5nbody1nSivp", align 8
         clobber:   call void @swift_endAccess(ptr nonnull %access-scratch46) #2
    -> Frame refused (clobber between loads):  %188 = load i64, ptr @"$s5nbody1nSivp", align 8  vs  %515 = load i64, ptr @"$s5nbody1nSivp", align 8
         clobber: (MemoryPhi: clobber on some incoming arm)
    -> Frame refused (clobber between loads):  %188 = load i64, ptr @"$s5nbody1nSivp", align 8  vs  %519 = load i64, ptr @"$s5nbody1nSivp", align 8
         clobber: (MemoryPhi: clobber on some incoming arm)
    -> Frame refused (clobber between loads):  %188 = load i64, ptr @"$s5nbody1nSivp", align 8  vs  %.pr = load i64, ptr @"$s5nbody1nSivp", align 8
         clobber: (MemoryPhi: clobber on some incoming arm)
    -> Frame refused (clobber between loads):  %188 = load i64, ptr @"$s5nbody1nSivp", align 8  vs  %530 = load i64, ptr @"$s5nbody1nSivp", align 8
         clobber: (MemoryPhi: clobber on some incoming arm)
    -> Frame refused (clobber between loads):  %188 = load i64, ptr @"$s5nbody1nSivp", align 8  vs  %838 = load i64, ptr @"$s5nbody1nSivp", align 8
         clobber: (MemoryPhi: clobber on some incoming arm)
    -> [go3] 0 leaf-closure instruction(s) encoded
    -> Fact[RM:0] i64 %5 in [0,9223372036854775807) (!range)
    -> Fact[KB:1] i64 %5 known bits zero=0x9223372036854775808 one=0x0
    -> Fact[KB:2] i64 %264 known bits zero=0x9223372036854775808 one=0x0
    -> Fact[LVI:3] i64 %264 in [0,9223372036854775806) (LVI @ )
    -> Fact[SCEV:4] i64 %264 in [0,9223372036854775807) (SCEV unsigned)
    -> Fact[SCEV:5] i64 %264 in [0,9223372036854775807) (SCEV signed)
    -> Fact[SCEVSYM:6] i64 %264 - start(0) <=u BTC((9223372036854775806 umin (-1 + %188))) (SCEV symbolic trip count, sub-form)
    -> Fact[PHIINV-hi:7] i64 %264 == i64 0 || ne(i64 %264, i64 %188) (latch-implied bound, 1-induction)
    -> Fact[PHIINV-lo:8] i64 %264 >=s i64 0 (monotone nsw increments, 1 arm(s))
    -> Fact[RM:9] i64 %268 in [0,9223372036854775807) (!range)
    -> Fact[KB:10] i64 %268 known bits zero=0x9223372036854775808 one=0x0
    -> Fact[LVI:11] i64 %268 in [1,9223372036854775807) (LVI @ )
    -> Fact[RM:12] i64 %274 in [0,9223372036854775807) (!range)
    -> Fact[KB:13] i64 %274 known bits zero=0x9223372036854775808 one=0x0
    -> Fact[LVI:14] i64 %274 in [1,9223372036854775807) (LVI @ )
    -> Fact[RM:15] i64 %286 in [0,9223372036854775807) (!range)
    -> Fact[KB:16] i64 %286 known bits zero=0x9223372036854775808 one=0x0
    -> Fact[LVI:17] i64 %286 in [1,9223372036854775807) (LVI @ )
    -> Fact[RM:18] i64 %292 in [0,9223372036854775807) (!range)
    -> Fact[KB:19] i64 %292 known bits zero=0x9223372036854775808 one=0x0
    -> Fact[LVI:20] i64 %292 in [1,9223372036854775807) (LVI @ )
    -> Fact[RM:21] i64 %298 in [0,9223372036854775807) (!range)
    -> Fact[KB:22] i64 %298 known bits zero=0x9223372036854775808 one=0x0
    -> Fact[LVI:23] i64 %298 in [2,9223372036854775807) (LVI @ )
    -> Fact[RM:24] i64 %310 in [0,9223372036854775807) (!range)
    -> Fact[KB:25] i64 %310 known bits zero=0x9223372036854775808 one=0x0
    -> Fact[LVI:26] i64 %310 in [1,9223372036854775807) (LVI @ )
    -> Fact[RM:27] i64 %316 in [0,9223372036854775807) (!range)
    -> Fact[KB:28] i64 %316 known bits zero=0x9223372036854775808 one=0x0
    -> Fact[LVI:29] i64 %316 in [1,9223372036854775807) (LVI @ )
    -> Fact[RM:30] i64 %322 in [0,9223372036854775807) (!range)
    -> Fact[KB:31] i64 %322 known bits zero=0x9223372036854775808 one=0x0
    -> Fact[LVI:32] i64 %322 in [3,9223372036854775807) (LVI @ )
    -> Fact[RM:33] i64 %334 in [0,9223372036854775807) (!range)
    -> Fact[KB:34] i64 %334 known bits zero=0x9223372036854775808 one=0x0
    -> [heavy] 35 analysis fact(s) on 45 boundary value(s)
    -> [mv] T3: not a bounds shape (idx vs invariant count)
    -> [ind L0] BASE (1 phi(s) = entry): SAT (WARNING: Potential Integer Overflow Bug Detected!) [Query Latency: 0.912041 ms]
    -> SAT (WARNING: Potential Integer Overflow Bug Detected!) [Query Latency: 4.168291 ms]
    -> [mv] still SAT under 12 hypothesis candidate(s): not versionable
  -> Found UB Trap. Starting Backward Slice...
    -> Guard[0] (true edge of ''):  %.not251 = icmp samesign ult i64 %264, %334
    -> Guard[1] (false edge of ''):  %323 = icmp samesign ult i64 %322, 3
    -> Guard[2] (true edge of ''):  %.not250 = icmp samesign ult i64 %264, %316
    -> Guard[3] (true edge of ''):  %.not249 = icmp samesign ult i64 %264, %310
    -> Guard[4] (false edge of ''):  %299 = icmp samesign ult i64 %298, 2
    -> Guard[5] (true edge of ''):  %.not248 = icmp samesign ult i64 %264, %292
    -> Guard[6] (true edge of ''):  %.not247 = icmp samesign ult i64 %264, %286
    -> Guard[7] (false edge of ''):  %275 = icmp eq i64 %274, 0
    -> Guard[8] (true edge of ''):  %.not246 = icmp samesign ult i64 %264, %268
    -> Guard[9] (false edge of ''):  %192 = icmp eq i64 %188, 0
    -> Guard[10] (false edge of ''):  %189 = icmp slt i64 %188, 0
    -> Guard[11] (false edge of ''):  %99 = icmp eq i8 %98, 1
    -> Guard[12] (false edge of ''):  %18 = icmp eq i64 %17, 0
    -> Guard[13] (false edge of 'entry'):  %6 = icmp samesign ult i64 %5, 2
    -> Collected 14 dominating context guard(s).
    -> Frame refused (clobber between loads):  %188 = load i64, ptr @"$s5nbody1nSivp", align 8  vs  %.pre = load i64, ptr @"$s5nbody1nSivp", align 8
         clobber:   call void @swift_endAccess(ptr nonnull %access-scratch46) #2
    -> Frame refused (clobber between loads):  %188 = load i64, ptr @"$s5nbody1nSivp", align 8  vs  %515 = load i64, ptr @"$s5nbody1nSivp", align 8
         clobber: (MemoryPhi: clobber on some incoming arm)
    -> Frame refused (clobber between loads):  %188 = load i64, ptr @"$s5nbody1nSivp", align 8  vs  %519 = load i64, ptr @"$s5nbody1nSivp", align 8
         clobber: (MemoryPhi: clobber on some incoming arm)
    -> Frame refused (clobber between loads):  %188 = load i64, ptr @"$s5nbody1nSivp", align 8  vs  %.pr = load i64, ptr @"$s5nbody1nSivp", align 8
         clobber: (MemoryPhi: clobber on some incoming arm)
    -> Frame refused (clobber between loads):  %188 = load i64, ptr @"$s5nbody1nSivp", align 8  vs  %530 = load i64, ptr @"$s5nbody1nSivp", align 8
         clobber: (MemoryPhi: clobber on some incoming arm)
    -> Frame refused (clobber between loads):  %188 = load i64, ptr @"$s5nbody1nSivp", align 8  vs  %838 = load i64, ptr @"$s5nbody1nSivp", align 8
         clobber: (MemoryPhi: clobber on some incoming arm)
    -> [go3] 0 leaf-closure instruction(s) encoded
    -> Fact[RM:0] i64 %5 in [0,9223372036854775807) (!range)
    -> Fact[KB:1] i64 %5 known bits zero=0x9223372036854775808 one=0x0
    -> Fact[KB:2] i64 %264 known bits zero=0x9223372036854775808 one=0x0
    -> Fact[LVI:3] i64 %264 in [0,9223372036854775806) (LVI @ )
    -> Fact[SCEV:4] i64 %264 in [0,9223372036854775807) (SCEV unsigned)
    -> Fact[SCEV:5] i64 %264 in [0,9223372036854775807) (SCEV signed)
    -> Fact[SCEVSYM:6] i64 %264 - start(0) <=u BTC((9223372036854775806 umin (-1 + %188))) (SCEV symbolic trip count, sub-form)
    -> Fact[PHIINV-hi:7] i64 %264 == i64 0 || ne(i64 %264, i64 %188) (latch-implied bound, 1-induction)
    -> Fact[PHIINV-lo:8] i64 %264 >=s i64 0 (monotone nsw increments, 1 arm(s))
    -> Fact[RM:9] i64 %268 in [0,9223372036854775807) (!range)
    -> Fact[KB:10] i64 %268 known bits zero=0x9223372036854775808 one=0x0
    -> Fact[LVI:11] i64 %268 in [1,9223372036854775807) (LVI @ )
    -> Fact[RM:12] i64 %274 in [0,9223372036854775807) (!range)
    -> Fact[KB:13] i64 %274 known bits zero=0x9223372036854775808 one=0x0
    -> Fact[LVI:14] i64 %274 in [1,9223372036854775807) (LVI @ )
    -> Fact[RM:15] i64 %286 in [0,9223372036854775807) (!range)
    -> Fact[KB:16] i64 %286 known bits zero=0x9223372036854775808 one=0x0
    -> Fact[LVI:17] i64 %286 in [1,9223372036854775807) (LVI @ )
    -> Fact[RM:18] i64 %292 in [0,9223372036854775807) (!range)
    -> Fact[KB:19] i64 %292 known bits zero=0x9223372036854775808 one=0x0
    -> Fact[LVI:20] i64 %292 in [1,9223372036854775807) (LVI @ )
    -> Fact[RM:21] i64 %298 in [0,9223372036854775807) (!range)
    -> Fact[KB:22] i64 %298 known bits zero=0x9223372036854775808 one=0x0
    -> Fact[LVI:23] i64 %298 in [2,9223372036854775807) (LVI @ )
    -> Fact[RM:24] i64 %310 in [0,9223372036854775807) (!range)
    -> Fact[KB:25] i64 %310 known bits zero=0x9223372036854775808 one=0x0
    -> Fact[LVI:26] i64 %310 in [1,9223372036854775807) (LVI @ )
    -> Fact[RM:27] i64 %316 in [0,9223372036854775807) (!range)
    -> Fact[KB:28] i64 %316 known bits zero=0x9223372036854775808 one=0x0
    -> Fact[LVI:29] i64 %316 in [1,9223372036854775807) (LVI @ )
    -> Fact[RM:30] i64 %322 in [0,9223372036854775807) (!range)
    -> Fact[KB:31] i64 %322 known bits zero=0x9223372036854775808 one=0x0
    -> Fact[LVI:32] i64 %322 in [3,9223372036854775807) (LVI @ )
    -> Fact[RM:33] i64 %334 in [0,9223372036854775807) (!range)
    -> Fact[KB:34] i64 %334 known bits zero=0x9223372036854775808 one=0x0
    -> Fact[LVI:35] i64 %334 in [1,9223372036854775807) (LVI @ )
    -> Fact[RM:36] i64 %340 in [0,9223372036854775807) (!range)
    -> Fact[KB:37] i64 %340 known bits zero=0x9223372036854775808 one=0x0
    -> [heavy] 38 analysis fact(s) on 46 boundary value(s)
    -> [mv] T3: not a bounds shape (idx vs invariant count)
    -> [ind L0] BASE (1 phi(s) = entry): SAT (WARNING: Potential Integer Overflow Bug Detected!) [Query Latency: 0.981875 ms]
    -> SAT (WARNING: Potential Integer Overflow Bug Detected!) [Query Latency: 4.503084 ms]
    -> [mv] still SAT under 12 hypothesis candidate(s): not versionable
  -> Found UB Trap. Starting Backward Slice...
    -> Guard[0] (true edge of ''):  %.not252 = icmp samesign ult i64 %264, %340
    -> Guard[1] (true edge of ''):  %.not251 = icmp samesign ult i64 %264, %334
    -> Guard[2] (false edge of ''):  %323 = icmp samesign ult i64 %322, 3
    -> Guard[3] (true edge of ''):  %.not250 = icmp samesign ult i64 %264, %316
    -> Guard[4] (true edge of ''):  %.not249 = icmp samesign ult i64 %264, %310
    -> Guard[5] (false edge of ''):  %299 = icmp samesign ult i64 %298, 2
    -> Guard[6] (true edge of ''):  %.not248 = icmp samesign ult i64 %264, %292
    -> Guard[7] (true edge of ''):  %.not247 = icmp samesign ult i64 %264, %286
    -> Guard[8] (false edge of ''):  %275 = icmp eq i64 %274, 0
    -> Guard[9] (true edge of ''):  %.not246 = icmp samesign ult i64 %264, %268
    -> Guard[10] (false edge of ''):  %192 = icmp eq i64 %188, 0
    -> Guard[11] (false edge of ''):  %189 = icmp slt i64 %188, 0
    -> Guard[12] (false edge of ''):  %99 = icmp eq i8 %98, 1
    -> Guard[13] (false edge of ''):  %18 = icmp eq i64 %17, 0
    -> Guard[14] (false edge of 'entry'):  %6 = icmp samesign ult i64 %5, 2
    -> Collected 15 dominating context guard(s).
    -> Frame refused (clobber between loads):  %188 = load i64, ptr @"$s5nbody1nSivp", align 8  vs  %.pre = load i64, ptr @"$s5nbody1nSivp", align 8
         clobber:   call void @swift_endAccess(ptr nonnull %access-scratch46) #2
    -> Frame refused (clobber between loads):  %188 = load i64, ptr @"$s5nbody1nSivp", align 8  vs  %515 = load i64, ptr @"$s5nbody1nSivp", align 8
         clobber: (MemoryPhi: clobber on some incoming arm)
    -> Frame refused (clobber between loads):  %188 = load i64, ptr @"$s5nbody1nSivp", align 8  vs  %519 = load i64, ptr @"$s5nbody1nSivp", align 8
         clobber: (MemoryPhi: clobber on some incoming arm)
    -> Frame refused (clobber between loads):  %188 = load i64, ptr @"$s5nbody1nSivp", align 8  vs  %.pr = load i64, ptr @"$s5nbody1nSivp", align 8
         clobber: (MemoryPhi: clobber on some incoming arm)
    -> Frame refused (clobber between loads):  %188 = load i64, ptr @"$s5nbody1nSivp", align 8  vs  %530 = load i64, ptr @"$s5nbody1nSivp", align 8
         clobber: (MemoryPhi: clobber on some incoming arm)
    -> Frame refused (clobber between loads):  %188 = load i64, ptr @"$s5nbody1nSivp", align 8  vs  %838 = load i64, ptr @"$s5nbody1nSivp", align 8
         clobber: (MemoryPhi: clobber on some incoming arm)
    -> [go3] 0 leaf-closure instruction(s) encoded
    -> Fact[RM:0] i64 %5 in [0,9223372036854775807) (!range)
    -> Fact[KB:1] i64 %5 known bits zero=0x9223372036854775808 one=0x0
    -> Fact[KB:2] i64 %264 known bits zero=0x9223372036854775808 one=0x0
    -> Fact[LVI:3] i64 %264 in [0,9223372036854775806) (LVI @ )
    -> Fact[SCEV:4] i64 %264 in [0,9223372036854775807) (SCEV unsigned)
    -> Fact[SCEV:5] i64 %264 in [0,9223372036854775807) (SCEV signed)
    -> Fact[SCEVSYM:6] i64 %264 - start(0) <=u BTC((9223372036854775806 umin (-1 + %188))) (SCEV symbolic trip count, sub-form)
    -> Fact[PHIINV-hi:7] i64 %264 == i64 0 || ne(i64 %264, i64 %188) (latch-implied bound, 1-induction)
    -> Fact[PHIINV-lo:8] i64 %264 >=s i64 0 (monotone nsw increments, 1 arm(s))
    -> Fact[RM:9] i64 %268 in [0,9223372036854775807) (!range)
    -> Fact[KB:10] i64 %268 known bits zero=0x9223372036854775808 one=0x0
    -> Fact[LVI:11] i64 %268 in [1,9223372036854775807) (LVI @ )
    -> Fact[RM:12] i64 %274 in [0,9223372036854775807) (!range)
    -> Fact[KB:13] i64 %274 known bits zero=0x9223372036854775808 one=0x0
    -> Fact[LVI:14] i64 %274 in [1,9223372036854775807) (LVI @ )
    -> Fact[RM:15] i64 %286 in [0,9223372036854775807) (!range)
    -> Fact[KB:16] i64 %286 known bits zero=0x9223372036854775808 one=0x0
    -> Fact[LVI:17] i64 %286 in [1,9223372036854775807) (LVI @ )
    -> Fact[RM:18] i64 %292 in [0,9223372036854775807) (!range)
    -> Fact[KB:19] i64 %292 known bits zero=0x9223372036854775808 one=0x0
    -> Fact[LVI:20] i64 %292 in [1,9223372036854775807) (LVI @ )
    -> Fact[RM:21] i64 %298 in [0,9223372036854775807) (!range)
    -> Fact[KB:22] i64 %298 known bits zero=0x9223372036854775808 one=0x0
    -> Fact[LVI:23] i64 %298 in [2,9223372036854775807) (LVI @ )
    -> Fact[RM:24] i64 %310 in [0,9223372036854775807) (!range)
    -> Fact[KB:25] i64 %310 known bits zero=0x9223372036854775808 one=0x0
    -> Fact[LVI:26] i64 %310 in [1,9223372036854775807) (LVI @ )
    -> Fact[RM:27] i64 %316 in [0,9223372036854775807) (!range)
    -> Fact[KB:28] i64 %316 known bits zero=0x9223372036854775808 one=0x0
    -> Fact[LVI:29] i64 %316 in [1,9223372036854775807) (LVI @ )
    -> Fact[RM:30] i64 %322 in [0,9223372036854775807) (!range)
    -> Fact[KB:31] i64 %322 known bits zero=0x9223372036854775808 one=0x0
    -> Fact[LVI:32] i64 %322 in [3,9223372036854775807) (LVI @ )
    -> Fact[RM:33] i64 %334 in [0,9223372036854775807) (!range)
    -> Fact[KB:34] i64 %334 known bits zero=0x9223372036854775808 one=0x0
    -> Fact[LVI:35] i64 %334 in [1,9223372036854775807) (LVI @ )
    -> Fact[RM:36] i64 %340 in [0,9223372036854775807) (!range)
    -> Fact[KB:37] i64 %340 known bits zero=0x9223372036854775808 one=0x0
    -> Fact[LVI:38] i64 %340 in [1,9223372036854775807) (LVI @ )
    -> Fact[RM:39] i64 %346 in [0,9223372036854775807) (!range)
    -> Fact[KB:40] i64 %346 known bits zero=0x9223372036854775808 one=0x0
    -> [heavy] 41 analysis fact(s) on 47 boundary value(s)
    -> [mv] T3: not a bounds shape (idx vs invariant count)
    -> [ind L0] BASE (1 phi(s) = entry): SAT (WARNING: Potential Integer Overflow Bug Detected!) [Query Latency: 1.013542 ms]
    -> SAT (WARNING: Potential Integer Overflow Bug Detected!) [Query Latency: 4.307417 ms]
    -> [mv] still SAT under 12 hypothesis candidate(s): not versionable
  -> Found UB Trap. Starting Backward Slice...
    -> Guard[0] (false edge of ''):  %347 = icmp samesign ult i64 %346, 4
    -> Guard[1] (true edge of ''):  %.not252 = icmp samesign ult i64 %264, %340
    -> Guard[2] (true edge of ''):  %.not251 = icmp samesign ult i64 %264, %334
    -> Guard[3] (false edge of ''):  %323 = icmp samesign ult i64 %322, 3
    -> Guard[4] (true edge of ''):  %.not250 = icmp samesign ult i64 %264, %316
    -> Guard[5] (true edge of ''):  %.not249 = icmp samesign ult i64 %264, %310
    -> Guard[6] (false edge of ''):  %299 = icmp samesign ult i64 %298, 2
    -> Guard[7] (true edge of ''):  %.not248 = icmp samesign ult i64 %264, %292
    -> Guard[8] (true edge of ''):  %.not247 = icmp samesign ult i64 %264, %286
    -> Guard[9] (false edge of ''):  %275 = icmp eq i64 %274, 0
    -> Guard[10] (true edge of ''):  %.not246 = icmp samesign ult i64 %264, %268
    -> Guard[11] (false edge of ''):  %192 = icmp eq i64 %188, 0
    -> Guard[12] (false edge of ''):  %189 = icmp slt i64 %188, 0
    -> Guard[13] (false edge of ''):  %99 = icmp eq i8 %98, 1
    -> Guard[14] (false edge of ''):  %18 = icmp eq i64 %17, 0
    -> Guard[15] (false edge of 'entry'):  %6 = icmp samesign ult i64 %5, 2
    -> Collected 16 dominating context guard(s).
    -> Frame refused (clobber between loads):  %188 = load i64, ptr @"$s5nbody1nSivp", align 8  vs  %.pre = load i64, ptr @"$s5nbody1nSivp", align 8
         clobber:   call void @swift_endAccess(ptr nonnull %access-scratch46) #2
    -> Frame refused (clobber between loads):  %188 = load i64, ptr @"$s5nbody1nSivp", align 8  vs  %515 = load i64, ptr @"$s5nbody1nSivp", align 8
         clobber: (MemoryPhi: clobber on some incoming arm)
    -> Frame refused (clobber between loads):  %188 = load i64, ptr @"$s5nbody1nSivp", align 8  vs  %519 = load i64, ptr @"$s5nbody1nSivp", align 8
         clobber: (MemoryPhi: clobber on some incoming arm)
    -> Frame refused (clobber between loads):  %188 = load i64, ptr @"$s5nbody1nSivp", align 8  vs  %.pr = load i64, ptr @"$s5nbody1nSivp", align 8
         clobber: (MemoryPhi: clobber on some incoming arm)
    -> Frame refused (clobber between loads):  %188 = load i64, ptr @"$s5nbody1nSivp", align 8  vs  %530 = load i64, ptr @"$s5nbody1nSivp", align 8
         clobber: (MemoryPhi: clobber on some incoming arm)
    -> Frame refused (clobber between loads):  %188 = load i64, ptr @"$s5nbody1nSivp", align 8  vs  %838 = load i64, ptr @"$s5nbody1nSivp", align 8
         clobber: (MemoryPhi: clobber on some incoming arm)
    -> [go3] 0 leaf-closure instruction(s) encoded
    -> Fact[RM:0] i64 %5 in [0,9223372036854775807) (!range)
    -> Fact[KB:1] i64 %5 known bits zero=0x9223372036854775808 one=0x0
    -> Fact[KB:2] i64 %264 known bits zero=0x9223372036854775808 one=0x0
    -> Fact[LVI:3] i64 %264 in [0,9223372036854775806) (LVI @ )
    -> Fact[SCEV:4] i64 %264 in [0,9223372036854775807) (SCEV unsigned)
    -> Fact[SCEV:5] i64 %264 in [0,9223372036854775807) (SCEV signed)
    -> Fact[SCEVSYM:6] i64 %264 - start(0) <=u BTC((9223372036854775806 umin (-1 + %188))) (SCEV symbolic trip count, sub-form)
    -> Fact[PHIINV-hi:7] i64 %264 == i64 0 || ne(i64 %264, i64 %188) (latch-implied bound, 1-induction)
    -> Fact[PHIINV-lo:8] i64 %264 >=s i64 0 (monotone nsw increments, 1 arm(s))
    -> Fact[RM:9] i64 %268 in [0,9223372036854775807) (!range)
    -> Fact[KB:10] i64 %268 known bits zero=0x9223372036854775808 one=0x0
    -> Fact[LVI:11] i64 %268 in [1,9223372036854775807) (LVI @ )
    -> Fact[RM:12] i64 %274 in [0,9223372036854775807) (!range)
    -> Fact[KB:13] i64 %274 known bits zero=0x9223372036854775808 one=0x0
    -> Fact[LVI:14] i64 %274 in [1,9223372036854775807) (LVI @ )
    -> Fact[RM:15] i64 %286 in [0,9223372036854775807) (!range)
    -> Fact[KB:16] i64 %286 known bits zero=0x9223372036854775808 one=0x0
    -> Fact[LVI:17] i64 %286 in [1,9223372036854775807) (LVI @ )
    -> Fact[RM:18] i64 %292 in [0,9223372036854775807) (!range)
    -> Fact[KB:19] i64 %292 known bits zero=0x9223372036854775808 one=0x0
    -> Fact[LVI:20] i64 %292 in [1,9223372036854775807) (LVI @ )
    -> Fact[RM:21] i64 %298 in [0,9223372036854775807) (!range)
    -> Fact[KB:22] i64 %298 known bits zero=0x9223372036854775808 one=0x0
    -> Fact[LVI:23] i64 %298 in [2,9223372036854775807) (LVI @ )
    -> Fact[RM:24] i64 %310 in [0,9223372036854775807) (!range)
    -> Fact[KB:25] i64 %310 known bits zero=0x9223372036854775808 one=0x0
    -> Fact[LVI:26] i64 %310 in [1,9223372036854775807) (LVI @ )
    -> Fact[RM:27] i64 %316 in [0,9223372036854775807) (!range)
    -> Fact[KB:28] i64 %316 known bits zero=0x9223372036854775808 one=0x0
    -> Fact[LVI:29] i64 %316 in [1,9223372036854775807) (LVI @ )
    -> Fact[RM:30] i64 %322 in [0,9223372036854775807) (!range)
    -> Fact[KB:31] i64 %322 known bits zero=0x9223372036854775808 one=0x0
    -> Fact[LVI:32] i64 %322 in [3,9223372036854775807) (LVI @ )
    -> Fact[RM:33] i64 %334 in [0,9223372036854775807) (!range)
    -> Fact[KB:34] i64 %334 known bits zero=0x9223372036854775808 one=0x0
    -> Fact[LVI:35] i64 %334 in [1,9223372036854775807) (LVI @ )
    -> Fact[RM:36] i64 %340 in [0,9223372036854775807) (!range)
    -> Fact[KB:37] i64 %340 known bits zero=0x9223372036854775808 one=0x0
    -> Fact[LVI:38] i64 %340 in [1,9223372036854775807) (LVI @ )
    -> Fact[RM:39] i64 %346 in [0,9223372036854775807) (!range)
    -> Fact[KB:40] i64 %346 known bits zero=0x9223372036854775808 one=0x0
    -> Fact[LVI:41] i64 %346 in [4,9223372036854775807) (LVI @ )
    -> Fact[RM:42] i64 %359 in [0,9223372036854775807) (!range)
    -> Fact[KB:43] i64 %359 known bits zero=0x9223372036854775808 one=0x0
    -> [heavy] 44 analysis fact(s) on 48 boundary value(s)
    -> [mv] T3: not a bounds shape (idx vs invariant count)
    -> [ind L0] BASE (1 phi(s) = entry): SAT (WARNING: Potential Integer Overflow Bug Detected!) [Query Latency: 1.512959 ms]
    -> SAT (WARNING: Potential Integer Overflow Bug Detected!) [Query Latency: 6.214958 ms]
    -> [mv] still SAT under 12 hypothesis candidate(s): not versionable
  -> Found UB Trap. Starting Backward Slice...
    -> Guard[0] (true edge of ''):  %.not253 = icmp samesign ult i64 %264, %359
    -> Guard[1] (false edge of ''):  %347 = icmp samesign ult i64 %346, 4
    -> Guard[2] (true edge of ''):  %.not252 = icmp samesign ult i64 %264, %340
    -> Guard[3] (true edge of ''):  %.not251 = icmp samesign ult i64 %264, %334
    -> Guard[4] (false edge of ''):  %323 = icmp samesign ult i64 %322, 3
    -> Guard[5] (true edge of ''):  %.not250 = icmp samesign ult i64 %264, %316
    -> Guard[6] (true edge of ''):  %.not249 = icmp samesign ult i64 %264, %310
    -> Guard[7] (false edge of ''):  %299 = icmp samesign ult i64 %298, 2
    -> Guard[8] (true edge of ''):  %.not248 = icmp samesign ult i64 %264, %292
    -> Guard[9] (true edge of ''):  %.not247 = icmp samesign ult i64 %264, %286
    -> Guard[10] (false edge of ''):  %275 = icmp eq i64 %274, 0
    -> Guard[11] (true edge of ''):  %.not246 = icmp samesign ult i64 %264, %268
    -> Guard[12] (false edge of ''):  %192 = icmp eq i64 %188, 0
    -> Guard[13] (false edge of ''):  %189 = icmp slt i64 %188, 0
    -> Guard[14] (false edge of ''):  %99 = icmp eq i8 %98, 1
    -> Guard[15] (false edge of ''):  %18 = icmp eq i64 %17, 0
    -> Guard[16] (false edge of 'entry'):  %6 = icmp samesign ult i64 %5, 2
    -> Collected 17 dominating context guard(s).
    -> Frame refused (clobber between loads):  %188 = load i64, ptr @"$s5nbody1nSivp", align 8  vs  %.pre = load i64, ptr @"$s5nbody1nSivp", align 8
         clobber:   call void @swift_endAccess(ptr nonnull %access-scratch46) #2
    -> Frame refused (clobber between loads):  %188 = load i64, ptr @"$s5nbody1nSivp", align 8  vs  %515 = load i64, ptr @"$s5nbody1nSivp", align 8
         clobber: (MemoryPhi: clobber on some incoming arm)
    -> Frame refused (clobber between loads):  %188 = load i64, ptr @"$s5nbody1nSivp", align 8  vs  %519 = load i64, ptr @"$s5nbody1nSivp", align 8
         clobber: (MemoryPhi: clobber on some incoming arm)
    -> Frame refused (clobber between loads):  %188 = load i64, ptr @"$s5nbody1nSivp", align 8  vs  %.pr = load i64, ptr @"$s5nbody1nSivp", align 8
         clobber: (MemoryPhi: clobber on some incoming arm)
    -> Frame refused (clobber between loads):  %188 = load i64, ptr @"$s5nbody1nSivp", align 8  vs  %530 = load i64, ptr @"$s5nbody1nSivp", align 8
         clobber: (MemoryPhi: clobber on some incoming arm)
    -> Frame refused (clobber between loads):  %188 = load i64, ptr @"$s5nbody1nSivp", align 8  vs  %838 = load i64, ptr @"$s5nbody1nSivp", align 8
         clobber: (MemoryPhi: clobber on some incoming arm)
    -> [go3] 0 leaf-closure instruction(s) encoded
    -> Fact[RM:0] i64 %5 in [0,9223372036854775807) (!range)
    -> Fact[KB:1] i64 %5 known bits zero=0x9223372036854775808 one=0x0
    -> Fact[KB:2] i64 %264 known bits zero=0x9223372036854775808 one=0x0
    -> Fact[LVI:3] i64 %264 in [0,9223372036854775806) (LVI @ )
    -> Fact[SCEV:4] i64 %264 in [0,9223372036854775807) (SCEV unsigned)
    -> Fact[SCEV:5] i64 %264 in [0,9223372036854775807) (SCEV signed)
    -> Fact[SCEVSYM:6] i64 %264 - start(0) <=u BTC((9223372036854775806 umin (-1 + %188))) (SCEV symbolic trip count, sub-form)
    -> Fact[PHIINV-hi:7] i64 %264 == i64 0 || ne(i64 %264, i64 %188) (latch-implied bound, 1-induction)
    -> Fact[PHIINV-lo:8] i64 %264 >=s i64 0 (monotone nsw increments, 1 arm(s))
    -> Fact[RM:9] i64 %268 in [0,9223372036854775807) (!range)
    -> Fact[KB:10] i64 %268 known bits zero=0x9223372036854775808 one=0x0
    -> Fact[LVI:11] i64 %268 in [1,9223372036854775807) (LVI @ )
    -> Fact[RM:12] i64 %274 in [0,9223372036854775807) (!range)
    -> Fact[KB:13] i64 %274 known bits zero=0x9223372036854775808 one=0x0
    -> Fact[LVI:14] i64 %274 in [1,9223372036854775807) (LVI @ )
    -> Fact[RM:15] i64 %286 in [0,9223372036854775807) (!range)
    -> Fact[KB:16] i64 %286 known bits zero=0x9223372036854775808 one=0x0
    -> Fact[LVI:17] i64 %286 in [1,9223372036854775807) (LVI @ )
    -> Fact[RM:18] i64 %292 in [0,9223372036854775807) (!range)
    -> Fact[KB:19] i64 %292 known bits zero=0x9223372036854775808 one=0x0
    -> Fact[LVI:20] i64 %292 in [1,9223372036854775807) (LVI @ )
    -> Fact[RM:21] i64 %298 in [0,9223372036854775807) (!range)
    -> Fact[KB:22] i64 %298 known bits zero=0x9223372036854775808 one=0x0
    -> Fact[LVI:23] i64 %298 in [2,9223372036854775807) (LVI @ )
    -> Fact[RM:24] i64 %310 in [0,9223372036854775807) (!range)
    -> Fact[KB:25] i64 %310 known bits zero=0x9223372036854775808 one=0x0
    -> Fact[LVI:26] i64 %310 in [1,9223372036854775807) (LVI @ )
    -> Fact[RM:27] i64 %316 in [0,9223372036854775807) (!range)
    -> Fact[KB:28] i64 %316 known bits zero=0x9223372036854775808 one=0x0
    -> Fact[LVI:29] i64 %316 in [1,9223372036854775807) (LVI @ )
    -> Fact[RM:30] i64 %322 in [0,9223372036854775807) (!range)
    -> Fact[KB:31] i64 %322 known bits zero=0x9223372036854775808 one=0x0
    -> Fact[LVI:32] i64 %322 in [3,9223372036854775807) (LVI @ )
    -> Fact[RM:33] i64 %334 in [0,9223372036854775807) (!range)
    -> Fact[KB:34] i64 %334 known bits zero=0x9223372036854775808 one=0x0
    -> Fact[LVI:35] i64 %334 in [1,9223372036854775807) (LVI @ )
    -> Fact[RM:36] i64 %340 in [0,9223372036854775807) (!range)
    -> Fact[KB:37] i64 %340 known bits zero=0x9223372036854775808 one=0x0
    -> Fact[LVI:38] i64 %340 in [1,9223372036854775807) (LVI @ )
    -> Fact[RM:39] i64 %346 in [0,9223372036854775807) (!range)
    -> Fact[KB:40] i64 %346 known bits zero=0x9223372036854775808 one=0x0
    -> Fact[LVI:41] i64 %346 in [4,9223372036854775807) (LVI @ )
    -> Fact[RM:42] i64 %359 in [0,9223372036854775807) (!range)
    -> Fact[KB:43] i64 %359 known bits zero=0x9223372036854775808 one=0x0
    -> Fact[LVI:44] i64 %359 in [1,9223372036854775807) (LVI @ )
    -> Fact[RM:45] i64 %366 in [0,9223372036854775807) (!range)
    -> Fact[KB:46] i64 %366 known bits zero=0x9223372036854775808 one=0x0
    -> [heavy] 47 analysis fact(s) on 49 boundary value(s)
    -> [mv] T3: not a bounds shape (idx vs invariant count)
    -> [ind L0] BASE (1 phi(s) = entry): SAT (WARNING: Potential Integer Overflow Bug Detected!) [Query Latency: 0.993500 ms]
    -> SAT (WARNING: Potential Integer Overflow Bug Detected!) [Query Latency: 5.924208 ms]
    -> [mv] still SAT under 12 hypothesis candidate(s): not versionable
  -> Found UB Trap. Starting Backward Slice...
    -> Guard[0] (true edge of ''):  %.not254 = icmp samesign ult i64 %264, %366
    -> Guard[1] (true edge of ''):  %.not253 = icmp samesign ult i64 %264, %359
    -> Guard[2] (false edge of ''):  %347 = icmp samesign ult i64 %346, 4
    -> Guard[3] (true edge of ''):  %.not252 = icmp samesign ult i64 %264, %340
    -> Guard[4] (true edge of ''):  %.not251 = icmp samesign ult i64 %264, %334
    -> Guard[5] (false edge of ''):  %323 = icmp samesign ult i64 %322, 3
    -> Guard[6] (true edge of ''):  %.not250 = icmp samesign ult i64 %264, %316
    -> Guard[7] (true edge of ''):  %.not249 = icmp samesign ult i64 %264, %310
    -> Guard[8] (false edge of ''):  %299 = icmp samesign ult i64 %298, 2
    -> Guard[9] (true edge of ''):  %.not248 = icmp samesign ult i64 %264, %292
    -> Guard[10] (true edge of ''):  %.not247 = icmp samesign ult i64 %264, %286
    -> Guard[11] (false edge of ''):  %275 = icmp eq i64 %274, 0
    -> Guard[12] (true edge of ''):  %.not246 = icmp samesign ult i64 %264, %268
    -> Guard[13] (false edge of ''):  %192 = icmp eq i64 %188, 0
    -> Guard[14] (false edge of ''):  %189 = icmp slt i64 %188, 0
    -> Guard[15] (false edge of ''):  %99 = icmp eq i8 %98, 1
    -> Guard[16] (false edge of ''):  %18 = icmp eq i64 %17, 0
    -> Guard[17] (false edge of 'entry'):  %6 = icmp samesign ult i64 %5, 2
    -> Collected 18 dominating context guard(s).
    -> Frame refused (clobber between loads):  %188 = load i64, ptr @"$s5nbody1nSivp", align 8  vs  %.pre = load i64, ptr @"$s5nbody1nSivp", align 8
         clobber:   call void @swift_endAccess(ptr nonnull %access-scratch46) #2
    -> Frame refused (clobber between loads):  %188 = load i64, ptr @"$s5nbody1nSivp", align 8  vs  %515 = load i64, ptr @"$s5nbody1nSivp", align 8
         clobber: (MemoryPhi: clobber on some incoming arm)
    -> Frame refused (clobber between loads):  %188 = load i64, ptr @"$s5nbody1nSivp", align 8  vs  %519 = load i64, ptr @"$s5nbody1nSivp", align 8
         clobber: (MemoryPhi: clobber on some incoming arm)
    -> Frame refused (clobber between loads):  %188 = load i64, ptr @"$s5nbody1nSivp", align 8  vs  %.pr = load i64, ptr @"$s5nbody1nSivp", align 8
         clobber: (MemoryPhi: clobber on some incoming arm)
    -> Frame refused (clobber between loads):  %188 = load i64, ptr @"$s5nbody1nSivp", align 8  vs  %530 = load i64, ptr @"$s5nbody1nSivp", align 8
         clobber: (MemoryPhi: clobber on some incoming arm)
    -> Frame refused (clobber between loads):  %188 = load i64, ptr @"$s5nbody1nSivp", align 8  vs  %838 = load i64, ptr @"$s5nbody1nSivp", align 8
         clobber: (MemoryPhi: clobber on some incoming arm)
    -> [go3] 0 leaf-closure instruction(s) encoded
    -> Fact[RM:0] i64 %5 in [0,9223372036854775807) (!range)
    -> Fact[KB:1] i64 %5 known bits zero=0x9223372036854775808 one=0x0
    -> Fact[KB:2] i64 %264 known bits zero=0x9223372036854775808 one=0x0
    -> Fact[LVI:3] i64 %264 in [0,9223372036854775806) (LVI @ )
    -> Fact[SCEV:4] i64 %264 in [0,9223372036854775807) (SCEV unsigned)
    -> Fact[SCEV:5] i64 %264 in [0,9223372036854775807) (SCEV signed)
    -> Fact[SCEVSYM:6] i64 %264 - start(0) <=u BTC((9223372036854775806 umin (-1 + %188))) (SCEV symbolic trip count, sub-form)
    -> Fact[PHIINV-hi:7] i64 %264 == i64 0 || ne(i64 %264, i64 %188) (latch-implied bound, 1-induction)
    -> Fact[PHIINV-lo:8] i64 %264 >=s i64 0 (monotone nsw increments, 1 arm(s))
    -> Fact[RM:9] i64 %268 in [0,9223372036854775807) (!range)
    -> Fact[KB:10] i64 %268 known bits zero=0x9223372036854775808 one=0x0
    -> Fact[LVI:11] i64 %268 in [1,9223372036854775807) (LVI @ )
    -> Fact[RM:12] i64 %274 in [0,9223372036854775807) (!range)
    -> Fact[KB:13] i64 %274 known bits zero=0x9223372036854775808 one=0x0
    -> Fact[LVI:14] i64 %274 in [1,9223372036854775807) (LVI @ )
    -> Fact[RM:15] i64 %286 in [0,9223372036854775807) (!range)
    -> Fact[KB:16] i64 %286 known bits zero=0x9223372036854775808 one=0x0
    -> Fact[LVI:17] i64 %286 in [1,9223372036854775807) (LVI @ )
    -> Fact[RM:18] i64 %292 in [0,9223372036854775807) (!range)
    -> Fact[KB:19] i64 %292 known bits zero=0x9223372036854775808 one=0x0
    -> Fact[LVI:20] i64 %292 in [1,9223372036854775807) (LVI @ )
    -> Fact[RM:21] i64 %298 in [0,9223372036854775807) (!range)
    -> Fact[KB:22] i64 %298 known bits zero=0x9223372036854775808 one=0x0
    -> Fact[LVI:23] i64 %298 in [2,9223372036854775807) (LVI @ )
    -> Fact[RM:24] i64 %310 in [0,9223372036854775807) (!range)
    -> Fact[KB:25] i64 %310 known bits zero=0x9223372036854775808 one=0x0
    -> Fact[LVI:26] i64 %310 in [1,9223372036854775807) (LVI @ )
    -> Fact[RM:27] i64 %316 in [0,9223372036854775807) (!range)
    -> Fact[KB:28] i64 %316 known bits zero=0x9223372036854775808 one=0x0
    -> Fact[LVI:29] i64 %316 in [1,9223372036854775807) (LVI @ )
    -> Fact[RM:30] i64 %322 in [0,9223372036854775807) (!range)
    -> Fact[KB:31] i64 %322 known bits zero=0x9223372036854775808 one=0x0
    -> Fact[LVI:32] i64 %322 in [3,9223372036854775807) (LVI @ )
    -> Fact[RM:33] i64 %334 in [0,9223372036854775807) (!range)
    -> Fact[KB:34] i64 %334 known bits zero=0x9223372036854775808 one=0x0
    -> Fact[LVI:35] i64 %334 in [1,9223372036854775807) (LVI @ )
    -> Fact[RM:36] i64 %340 in [0,9223372036854775807) (!range)
    -> Fact[KB:37] i64 %340 known bits zero=0x9223372036854775808 one=0x0
    -> Fact[LVI:38] i64 %340 in [1,9223372036854775807) (LVI @ )
    -> Fact[RM:39] i64 %346 in [0,9223372036854775807) (!range)
    -> Fact[KB:40] i64 %346 known bits zero=0x9223372036854775808 one=0x0
    -> Fact[LVI:41] i64 %346 in [4,9223372036854775807) (LVI @ )
    -> Fact[RM:42] i64 %359 in [0,9223372036854775807) (!range)
    -> Fact[KB:43] i64 %359 known bits zero=0x9223372036854775808 one=0x0
    -> Fact[LVI:44] i64 %359 in [1,9223372036854775807) (LVI @ )
    -> Fact[RM:45] i64 %366 in [0,9223372036854775807) (!range)
    -> Fact[KB:46] i64 %366 known bits zero=0x9223372036854775808 one=0x0
    -> Fact[LVI:47] i64 %366 in [1,9223372036854775807) (LVI @ )
    -> Fact[RM:48] i64 %372 in [0,9223372036854775807) (!range)
    -> Fact[KB:49] i64 %372 known bits zero=0x9223372036854775808 one=0x0
    -> [heavy] 50 analysis fact(s) on 50 boundary value(s)
    -> [mv] T3: not a bounds shape (idx vs invariant count)
    -> [ind L0] BASE (1 phi(s) = entry): SAT (WARNING: Potential Integer Overflow Bug Detected!) [Query Latency: 1.653541 ms]
    -> SAT (WARNING: Potential Integer Overflow Bug Detected!) [Query Latency: 3.915667 ms]
    -> [mv] still SAT under 12 hypothesis candidate(s): not versionable
  -> Found UB Trap. Starting Backward Slice...
    -> Guard[0] (false edge of ''):  %373 = icmp samesign ult i64 %372, 5
    -> Guard[1] (true edge of ''):  %.not254 = icmp samesign ult i64 %264, %366
    -> Guard[2] (true edge of ''):  %.not253 = icmp samesign ult i64 %264, %359
    -> Guard[3] (false edge of ''):  %347 = icmp samesign ult i64 %346, 4
    -> Guard[4] (true edge of ''):  %.not252 = icmp samesign ult i64 %264, %340
    -> Guard[5] (true edge of ''):  %.not251 = icmp samesign ult i64 %264, %334
    -> Guard[6] (false edge of ''):  %323 = icmp samesign ult i64 %322, 3
    -> Guard[7] (true edge of ''):  %.not250 = icmp samesign ult i64 %264, %316
    -> Guard[8] (true edge of ''):  %.not249 = icmp samesign ult i64 %264, %310
    -> Guard[9] (false edge of ''):  %299 = icmp samesign ult i64 %298, 2
    -> Guard[10] (true edge of ''):  %.not248 = icmp samesign ult i64 %264, %292
    -> Guard[11] (true edge of ''):  %.not247 = icmp samesign ult i64 %264, %286
    -> Guard[12] (false edge of ''):  %275 = icmp eq i64 %274, 0
    -> Guard[13] (true edge of ''):  %.not246 = icmp samesign ult i64 %264, %268
    -> Guard[14] (false edge of ''):  %192 = icmp eq i64 %188, 0
    -> Guard[15] (false edge of ''):  %189 = icmp slt i64 %188, 0
    -> Guard[16] (false edge of ''):  %99 = icmp eq i8 %98, 1
    -> Guard[17] (false edge of ''):  %18 = icmp eq i64 %17, 0
    -> Guard[18] (false edge of 'entry'):  %6 = icmp samesign ult i64 %5, 2
    -> Collected 19 dominating context guard(s).
    -> Frame refused (clobber between loads):  %188 = load i64, ptr @"$s5nbody1nSivp", align 8  vs  %.pre = load i64, ptr @"$s5nbody1nSivp", align 8
         clobber:   call void @swift_endAccess(ptr nonnull %access-scratch46) #2
    -> Frame refused (clobber between loads):  %188 = load i64, ptr @"$s5nbody1nSivp", align 8  vs  %515 = load i64, ptr @"$s5nbody1nSivp", align 8
         clobber: (MemoryPhi: clobber on some incoming arm)
    -> Frame refused (clobber between loads):  %188 = load i64, ptr @"$s5nbody1nSivp", align 8  vs  %519 = load i64, ptr @"$s5nbody1nSivp", align 8
         clobber: (MemoryPhi: clobber on some incoming arm)
    -> Frame refused (clobber between loads):  %188 = load i64, ptr @"$s5nbody1nSivp", align 8  vs  %.pr = load i64, ptr @"$s5nbody1nSivp", align 8
         clobber: (MemoryPhi: clobber on some incoming arm)
    -> Frame refused (clobber between loads):  %188 = load i64, ptr @"$s5nbody1nSivp", align 8  vs  %530 = load i64, ptr @"$s5nbody1nSivp", align 8
         clobber: (MemoryPhi: clobber on some incoming arm)
    -> Frame refused (clobber between loads):  %188 = load i64, ptr @"$s5nbody1nSivp", align 8  vs  %838 = load i64, ptr @"$s5nbody1nSivp", align 8
         clobber: (MemoryPhi: clobber on some incoming arm)
    -> [go3] 0 leaf-closure instruction(s) encoded
    -> Fact[RM:0] i64 %5 in [0,9223372036854775807) (!range)
    -> Fact[KB:1] i64 %5 known bits zero=0x9223372036854775808 one=0x0
    -> Fact[KB:2] i64 %264 known bits zero=0x9223372036854775808 one=0x0
    -> Fact[LVI:3] i64 %264 in [0,9223372036854775806) (LVI @ )
    -> Fact[SCEV:4] i64 %264 in [0,9223372036854775807) (SCEV unsigned)
    -> Fact[SCEV:5] i64 %264 in [0,9223372036854775807) (SCEV signed)
    -> Fact[SCEVSYM:6] i64 %264 - start(0) <=u BTC((9223372036854775806 umin (-1 + %188))) (SCEV symbolic trip count, sub-form)
    -> Fact[PHIINV-hi:7] i64 %264 == i64 0 || ne(i64 %264, i64 %188) (latch-implied bound, 1-induction)
    -> Fact[PHIINV-lo:8] i64 %264 >=s i64 0 (monotone nsw increments, 1 arm(s))
    -> Fact[RM:9] i64 %268 in [0,9223372036854775807) (!range)
    -> Fact[KB:10] i64 %268 known bits zero=0x9223372036854775808 one=0x0
    -> Fact[LVI:11] i64 %268 in [1,9223372036854775807) (LVI @ )
    -> Fact[RM:12] i64 %274 in [0,9223372036854775807) (!range)
    -> Fact[KB:13] i64 %274 known bits zero=0x9223372036854775808 one=0x0
    -> Fact[LVI:14] i64 %274 in [1,9223372036854775807) (LVI @ )
    -> Fact[RM:15] i64 %286 in [0,9223372036854775807) (!range)
    -> Fact[KB:16] i64 %286 known bits zero=0x9223372036854775808 one=0x0
    -> Fact[LVI:17] i64 %286 in [1,9223372036854775807) (LVI @ )
    -> Fact[RM:18] i64 %292 in [0,9223372036854775807) (!range)
    -> Fact[KB:19] i64 %292 known bits zero=0x9223372036854775808 one=0x0
    -> Fact[LVI:20] i64 %292 in [1,9223372036854775807) (LVI @ )
    -> Fact[RM:21] i64 %298 in [0,9223372036854775807) (!range)
    -> Fact[KB:22] i64 %298 known bits zero=0x9223372036854775808 one=0x0
    -> Fact[LVI:23] i64 %298 in [2,9223372036854775807) (LVI @ )
    -> Fact[RM:24] i64 %310 in [0,9223372036854775807) (!range)
    -> Fact[KB:25] i64 %310 known bits zero=0x9223372036854775808 one=0x0
    -> Fact[LVI:26] i64 %310 in [1,9223372036854775807) (LVI @ )
    -> Fact[RM:27] i64 %316 in [0,9223372036854775807) (!range)
    -> Fact[KB:28] i64 %316 known bits zero=0x9223372036854775808 one=0x0
    -> Fact[LVI:29] i64 %316 in [1,9223372036854775807) (LVI @ )
    -> Fact[RM:30] i64 %322 in [0,9223372036854775807) (!range)
    -> Fact[KB:31] i64 %322 known bits zero=0x9223372036854775808 one=0x0
    -> Fact[LVI:32] i64 %322 in [3,9223372036854775807) (LVI @ )
    -> Fact[RM:33] i64 %334 in [0,9223372036854775807) (!range)
    -> Fact[KB:34] i64 %334 known bits zero=0x9223372036854775808 one=0x0
    -> Fact[LVI:35] i64 %334 in [1,9223372036854775807) (LVI @ )
    -> Fact[RM:36] i64 %340 in [0,9223372036854775807) (!range)
    -> Fact[KB:37] i64 %340 known bits zero=0x9223372036854775808 one=0x0
    -> Fact[LVI:38] i64 %340 in [1,9223372036854775807) (LVI @ )
    -> Fact[RM:39] i64 %346 in [0,9223372036854775807) (!range)
    -> Fact[KB:40] i64 %346 known bits zero=0x9223372036854775808 one=0x0
    -> Fact[LVI:41] i64 %346 in [4,9223372036854775807) (LVI @ )
    -> Fact[RM:42] i64 %359 in [0,9223372036854775807) (!range)
    -> Fact[KB:43] i64 %359 known bits zero=0x9223372036854775808 one=0x0
    -> Fact[LVI:44] i64 %359 in [1,9223372036854775807) (LVI @ )
    -> Fact[RM:45] i64 %366 in [0,9223372036854775807) (!range)
    -> Fact[KB:46] i64 %366 known bits zero=0x9223372036854775808 one=0x0
    -> Fact[LVI:47] i64 %366 in [1,9223372036854775807) (LVI @ )
    -> Fact[RM:48] i64 %372 in [0,9223372036854775807) (!range)
    -> Fact[KB:49] i64 %372 known bits zero=0x9223372036854775808 one=0x0
    -> Fact[LVI:50] i64 %372 in [5,9223372036854775807) (LVI @ )
    -> Fact[RM:51] i64 %385 in [0,9223372036854775807) (!range)
    -> Fact[KB:52] i64 %385 known bits zero=0x9223372036854775808 one=0x0
    -> [heavy] 53 analysis fact(s) on 51 boundary value(s)
    -> [mv] T3: not a bounds shape (idx vs invariant count)
    -> [ind L0] BASE (1 phi(s) = entry): SAT (WARNING: Potential Integer Overflow Bug Detected!) [Query Latency: 1.520042 ms]
    -> SAT (WARNING: Potential Integer Overflow Bug Detected!) [Query Latency: 5.109083 ms]
    -> [mv] still SAT under 12 hypothesis candidate(s): not versionable
  -> Found UB Trap. Starting Backward Slice...
    -> Guard[0] (true edge of ''):  %.not255 = icmp samesign ult i64 %264, %385
    -> Guard[1] (false edge of ''):  %373 = icmp samesign ult i64 %372, 5
    -> Guard[2] (true edge of ''):  %.not254 = icmp samesign ult i64 %264, %366
    -> Guard[3] (true edge of ''):  %.not253 = icmp samesign ult i64 %264, %359
    -> Guard[4] (false edge of ''):  %347 = icmp samesign ult i64 %346, 4
    -> Guard[5] (true edge of ''):  %.not252 = icmp samesign ult i64 %264, %340
    -> Guard[6] (true edge of ''):  %.not251 = icmp samesign ult i64 %264, %334
    -> Guard[7] (false edge of ''):  %323 = icmp samesign ult i64 %322, 3
    -> Guard[8] (true edge of ''):  %.not250 = icmp samesign ult i64 %264, %316
    -> Guard[9] (true edge of ''):  %.not249 = icmp samesign ult i64 %264, %310
    -> Guard[10] (false edge of ''):  %299 = icmp samesign ult i64 %298, 2
    -> Guard[11] (true edge of ''):  %.not248 = icmp samesign ult i64 %264, %292
    -> Guard[12] (true edge of ''):  %.not247 = icmp samesign ult i64 %264, %286
    -> Guard[13] (false edge of ''):  %275 = icmp eq i64 %274, 0
    -> Guard[14] (true edge of ''):  %.not246 = icmp samesign ult i64 %264, %268
    -> Guard[15] (false edge of ''):  %192 = icmp eq i64 %188, 0
    -> Guard[16] (false edge of ''):  %189 = icmp slt i64 %188, 0
    -> Guard[17] (false edge of ''):  %99 = icmp eq i8 %98, 1
    -> Guard[18] (false edge of ''):  %18 = icmp eq i64 %17, 0
    -> Guard[19] (false edge of 'entry'):  %6 = icmp samesign ult i64 %5, 2
    -> Collected 20 dominating context guard(s).
    -> Frame refused (clobber between loads):  %188 = load i64, ptr @"$s5nbody1nSivp", align 8  vs  %.pre = load i64, ptr @"$s5nbody1nSivp", align 8
         clobber:   call void @swift_endAccess(ptr nonnull %access-scratch46) #2
    -> Frame refused (clobber between loads):  %188 = load i64, ptr @"$s5nbody1nSivp", align 8  vs  %515 = load i64, ptr @"$s5nbody1nSivp", align 8
         clobber: (MemoryPhi: clobber on some incoming arm)
    -> Frame refused (clobber between loads):  %188 = load i64, ptr @"$s5nbody1nSivp", align 8  vs  %519 = load i64, ptr @"$s5nbody1nSivp", align 8
         clobber: (MemoryPhi: clobber on some incoming arm)
    -> Frame refused (clobber between loads):  %188 = load i64, ptr @"$s5nbody1nSivp", align 8  vs  %.pr = load i64, ptr @"$s5nbody1nSivp", align 8
         clobber: (MemoryPhi: clobber on some incoming arm)
    -> Frame refused (clobber between loads):  %188 = load i64, ptr @"$s5nbody1nSivp", align 8  vs  %530 = load i64, ptr @"$s5nbody1nSivp", align 8
         clobber: (MemoryPhi: clobber on some incoming arm)
    -> Frame refused (clobber between loads):  %188 = load i64, ptr @"$s5nbody1nSivp", align 8  vs  %838 = load i64, ptr @"$s5nbody1nSivp", align 8
         clobber: (MemoryPhi: clobber on some incoming arm)
    -> [go3] 0 leaf-closure instruction(s) encoded
    -> Fact[RM:0] i64 %5 in [0,9223372036854775807) (!range)
    -> Fact[KB:1] i64 %5 known bits zero=0x9223372036854775808 one=0x0
    -> Fact[KB:2] i64 %264 known bits zero=0x9223372036854775808 one=0x0
    -> Fact[LVI:3] i64 %264 in [0,9223372036854775806) (LVI @ )
    -> Fact[SCEV:4] i64 %264 in [0,9223372036854775807) (SCEV unsigned)
    -> Fact[SCEV:5] i64 %264 in [0,9223372036854775807) (SCEV signed)
    -> Fact[SCEVSYM:6] i64 %264 - start(0) <=u BTC((9223372036854775806 umin (-1 + %188))) (SCEV symbolic trip count, sub-form)
    -> Fact[PHIINV-hi:7] i64 %264 == i64 0 || ne(i64 %264, i64 %188) (latch-implied bound, 1-induction)
    -> Fact[PHIINV-lo:8] i64 %264 >=s i64 0 (monotone nsw increments, 1 arm(s))
    -> Fact[RM:9] i64 %268 in [0,9223372036854775807) (!range)
    -> Fact[KB:10] i64 %268 known bits zero=0x9223372036854775808 one=0x0
    -> Fact[LVI:11] i64 %268 in [1,9223372036854775807) (LVI @ )
    -> Fact[RM:12] i64 %274 in [0,9223372036854775807) (!range)
    -> Fact[KB:13] i64 %274 known bits zero=0x9223372036854775808 one=0x0
    -> Fact[LVI:14] i64 %274 in [1,9223372036854775807) (LVI @ )
    -> Fact[RM:15] i64 %286 in [0,9223372036854775807) (!range)
    -> Fact[KB:16] i64 %286 known bits zero=0x9223372036854775808 one=0x0
    -> Fact[LVI:17] i64 %286 in [1,9223372036854775807) (LVI @ )
    -> Fact[RM:18] i64 %292 in [0,9223372036854775807) (!range)
    -> Fact[KB:19] i64 %292 known bits zero=0x9223372036854775808 one=0x0
    -> Fact[LVI:20] i64 %292 in [1,9223372036854775807) (LVI @ )
    -> Fact[RM:21] i64 %298 in [0,9223372036854775807) (!range)
    -> Fact[KB:22] i64 %298 known bits zero=0x9223372036854775808 one=0x0
    -> Fact[LVI:23] i64 %298 in [2,9223372036854775807) (LVI @ )
    -> Fact[RM:24] i64 %310 in [0,9223372036854775807) (!range)
    -> Fact[KB:25] i64 %310 known bits zero=0x9223372036854775808 one=0x0
    -> Fact[LVI:26] i64 %310 in [1,9223372036854775807) (LVI @ )
    -> Fact[RM:27] i64 %316 in [0,9223372036854775807) (!range)
    -> Fact[KB:28] i64 %316 known bits zero=0x9223372036854775808 one=0x0
    -> Fact[LVI:29] i64 %316 in [1,9223372036854775807) (LVI @ )
    -> Fact[RM:30] i64 %322 in [0,9223372036854775807) (!range)
    -> Fact[KB:31] i64 %322 known bits zero=0x9223372036854775808 one=0x0
    -> Fact[LVI:32] i64 %322 in [3,9223372036854775807) (LVI @ )
    -> Fact[RM:33] i64 %334 in [0,9223372036854775807) (!range)
    -> Fact[KB:34] i64 %334 known bits zero=0x9223372036854775808 one=0x0
    -> Fact[LVI:35] i64 %334 in [1,9223372036854775807) (LVI @ )
    -> Fact[RM:36] i64 %340 in [0,9223372036854775807) (!range)
    -> Fact[KB:37] i64 %340 known bits zero=0x9223372036854775808 one=0x0
    -> Fact[LVI:38] i64 %340 in [1,9223372036854775807) (LVI @ )
    -> Fact[RM:39] i64 %346 in [0,9223372036854775807) (!range)
    -> Fact[KB:40] i64 %346 known bits zero=0x9223372036854775808 one=0x0
    -> Fact[LVI:41] i64 %346 in [4,9223372036854775807) (LVI @ )
    -> Fact[RM:42] i64 %359 in [0,9223372036854775807) (!range)
    -> Fact[KB:43] i64 %359 known bits zero=0x9223372036854775808 one=0x0
    -> Fact[LVI:44] i64 %359 in [1,9223372036854775807) (LVI @ )
    -> Fact[RM:45] i64 %366 in [0,9223372036854775807) (!range)
    -> Fact[KB:46] i64 %366 known bits zero=0x9223372036854775808 one=0x0
    -> Fact[LVI:47] i64 %366 in [1,9223372036854775807) (LVI @ )
    -> Fact[RM:48] i64 %372 in [0,9223372036854775807) (!range)
    -> Fact[KB:49] i64 %372 known bits zero=0x9223372036854775808 one=0x0
    -> Fact[LVI:50] i64 %372 in [5,9223372036854775807) (LVI @ )
    -> Fact[RM:51] i64 %385 in [0,9223372036854775807) (!range)
    -> Fact[KB:52] i64 %385 known bits zero=0x9223372036854775808 one=0x0
    -> Fact[LVI:53] i64 %385 in [1,9223372036854775807) (LVI @ )
    -> Fact[RM:54] i64 %392 in [0,9223372036854775807) (!range)
    -> Fact[KB:55] i64 %392 known bits zero=0x9223372036854775808 one=0x0
    -> [heavy] 56 analysis fact(s) on 52 boundary value(s)
    -> [mv] T3: not a bounds shape (idx vs invariant count)
    -> [ind L0] BASE (1 phi(s) = entry): SAT (WARNING: Potential Integer Overflow Bug Detected!) [Query Latency: 1.089708 ms]
    -> SAT (WARNING: Potential Integer Overflow Bug Detected!) [Query Latency: 5.948167 ms]
    -> [mv] still SAT under 12 hypothesis candidate(s): not versionable
  -> Found UB Trap. Starting Backward Slice...
    -> Guard[0] (true edge of ''):  %.not256 = icmp samesign ult i64 %264, %392
    -> Guard[1] (true edge of ''):  %.not255 = icmp samesign ult i64 %264, %385
    -> Guard[2] (false edge of ''):  %373 = icmp samesign ult i64 %372, 5
    -> Guard[3] (true edge of ''):  %.not254 = icmp samesign ult i64 %264, %366
    -> Guard[4] (true edge of ''):  %.not253 = icmp samesign ult i64 %264, %359
    -> Guard[5] (false edge of ''):  %347 = icmp samesign ult i64 %346, 4
    -> Guard[6] (true edge of ''):  %.not252 = icmp samesign ult i64 %264, %340
    -> Guard[7] (true edge of ''):  %.not251 = icmp samesign ult i64 %264, %334
    -> Guard[8] (false edge of ''):  %323 = icmp samesign ult i64 %322, 3
    -> Guard[9] (true edge of ''):  %.not250 = icmp samesign ult i64 %264, %316
    -> Guard[10] (true edge of ''):  %.not249 = icmp samesign ult i64 %264, %310
    -> Guard[11] (false edge of ''):  %299 = icmp samesign ult i64 %298, 2
    -> Guard[12] (true edge of ''):  %.not248 = icmp samesign ult i64 %264, %292
    -> Guard[13] (true edge of ''):  %.not247 = icmp samesign ult i64 %264, %286
    -> Guard[14] (false edge of ''):  %275 = icmp eq i64 %274, 0
    -> Guard[15] (true edge of ''):  %.not246 = icmp samesign ult i64 %264, %268
    -> Guard[16] (false edge of ''):  %192 = icmp eq i64 %188, 0
    -> Guard[17] (false edge of ''):  %189 = icmp slt i64 %188, 0
    -> Guard[18] (false edge of ''):  %99 = icmp eq i8 %98, 1
    -> Guard[19] (false edge of ''):  %18 = icmp eq i64 %17, 0
    -> Guard[20] (false edge of 'entry'):  %6 = icmp samesign ult i64 %5, 2
    -> Collected 21 dominating context guard(s).
    -> Frame refused (clobber between loads):  %188 = load i64, ptr @"$s5nbody1nSivp", align 8  vs  %.pre = load i64, ptr @"$s5nbody1nSivp", align 8
         clobber:   call void @swift_endAccess(ptr nonnull %access-scratch46) #2
    -> Frame refused (clobber between loads):  %188 = load i64, ptr @"$s5nbody1nSivp", align 8  vs  %515 = load i64, ptr @"$s5nbody1nSivp", align 8
         clobber: (MemoryPhi: clobber on some incoming arm)
    -> Frame refused (clobber between loads):  %188 = load i64, ptr @"$s5nbody1nSivp", align 8  vs  %519 = load i64, ptr @"$s5nbody1nSivp", align 8
         clobber: (MemoryPhi: clobber on some incoming arm)
    -> Frame refused (clobber between loads):  %188 = load i64, ptr @"$s5nbody1nSivp", align 8  vs  %.pr = load i64, ptr @"$s5nbody1nSivp", align 8
         clobber: (MemoryPhi: clobber on some incoming arm)
    -> Frame refused (clobber between loads):  %188 = load i64, ptr @"$s5nbody1nSivp", align 8  vs  %530 = load i64, ptr @"$s5nbody1nSivp", align 8
         clobber: (MemoryPhi: clobber on some incoming arm)
    -> Frame refused (clobber between loads):  %188 = load i64, ptr @"$s5nbody1nSivp", align 8  vs  %838 = load i64, ptr @"$s5nbody1nSivp", align 8
         clobber: (MemoryPhi: clobber on some incoming arm)
    -> [go3] 0 leaf-closure instruction(s) encoded
    -> Fact[RM:0] i64 %5 in [0,9223372036854775807) (!range)
    -> Fact[KB:1] i64 %5 known bits zero=0x9223372036854775808 one=0x0
    -> Fact[KB:2] i64 %264 known bits zero=0x9223372036854775808 one=0x0
    -> Fact[LVI:3] i64 %264 in [0,9223372036854775806) (LVI @ )
    -> Fact[SCEV:4] i64 %264 in [0,9223372036854775807) (SCEV unsigned)
    -> Fact[SCEV:5] i64 %264 in [0,9223372036854775807) (SCEV signed)
    -> Fact[SCEVSYM:6] i64 %264 - start(0) <=u BTC((9223372036854775806 umin (-1 + %188))) (SCEV symbolic trip count, sub-form)
    -> Fact[PHIINV-hi:7] i64 %264 == i64 0 || ne(i64 %264, i64 %188) (latch-implied bound, 1-induction)
    -> Fact[PHIINV-lo:8] i64 %264 >=s i64 0 (monotone nsw increments, 1 arm(s))
    -> Fact[RM:9] i64 %268 in [0,9223372036854775807) (!range)
    -> Fact[KB:10] i64 %268 known bits zero=0x9223372036854775808 one=0x0
    -> Fact[LVI:11] i64 %268 in [1,9223372036854775807) (LVI @ )
    -> Fact[RM:12] i64 %274 in [0,9223372036854775807) (!range)
    -> Fact[KB:13] i64 %274 known bits zero=0x9223372036854775808 one=0x0
    -> Fact[LVI:14] i64 %274 in [1,9223372036854775807) (LVI @ )
    -> Fact[RM:15] i64 %286 in [0,9223372036854775807) (!range)
    -> Fact[KB:16] i64 %286 known bits zero=0x9223372036854775808 one=0x0
    -> Fact[LVI:17] i64 %286 in [1,9223372036854775807) (LVI @ )
    -> Fact[RM:18] i64 %292 in [0,9223372036854775807) (!range)
    -> Fact[KB:19] i64 %292 known bits zero=0x9223372036854775808 one=0x0
    -> Fact[LVI:20] i64 %292 in [1,9223372036854775807) (LVI @ )
    -> Fact[RM:21] i64 %298 in [0,9223372036854775807) (!range)
    -> Fact[KB:22] i64 %298 known bits zero=0x9223372036854775808 one=0x0
    -> Fact[LVI:23] i64 %298 in [2,9223372036854775807) (LVI @ )
    -> Fact[RM:24] i64 %310 in [0,9223372036854775807) (!range)
    -> Fact[KB:25] i64 %310 known bits zero=0x9223372036854775808 one=0x0
    -> Fact[LVI:26] i64 %310 in [1,9223372036854775807) (LVI @ )
    -> Fact[RM:27] i64 %316 in [0,9223372036854775807) (!range)
    -> Fact[KB:28] i64 %316 known bits zero=0x9223372036854775808 one=0x0
    -> Fact[LVI:29] i64 %316 in [1,9223372036854775807) (LVI @ )
    -> Fact[RM:30] i64 %322 in [0,9223372036854775807) (!range)
    -> Fact[KB:31] i64 %322 known bits zero=0x9223372036854775808 one=0x0
    -> Fact[LVI:32] i64 %322 in [3,9223372036854775807) (LVI @ )
    -> Fact[RM:33] i64 %334 in [0,9223372036854775807) (!range)
    -> Fact[KB:34] i64 %334 known bits zero=0x9223372036854775808 one=0x0
    -> Fact[LVI:35] i64 %334 in [1,9223372036854775807) (LVI @ )
    -> Fact[RM:36] i64 %340 in [0,9223372036854775807) (!range)
    -> Fact[KB:37] i64 %340 known bits zero=0x9223372036854775808 one=0x0
    -> Fact[LVI:38] i64 %340 in [1,9223372036854775807) (LVI @ )
    -> Fact[RM:39] i64 %346 in [0,9223372036854775807) (!range)
    -> Fact[KB:40] i64 %346 known bits zero=0x9223372036854775808 one=0x0
    -> Fact[LVI:41] i64 %346 in [4,9223372036854775807) (LVI @ )
    -> Fact[RM:42] i64 %359 in [0,9223372036854775807) (!range)
    -> Fact[KB:43] i64 %359 known bits zero=0x9223372036854775808 one=0x0
    -> Fact[LVI:44] i64 %359 in [1,9223372036854775807) (LVI @ )
    -> Fact[RM:45] i64 %366 in [0,9223372036854775807) (!range)
    -> Fact[KB:46] i64 %366 known bits zero=0x9223372036854775808 one=0x0
    -> Fact[LVI:47] i64 %366 in [1,9223372036854775807) (LVI @ )
    -> Fact[RM:48] i64 %372 in [0,9223372036854775807) (!range)
    -> Fact[KB:49] i64 %372 known bits zero=0x9223372036854775808 one=0x0
    -> Fact[LVI:50] i64 %372 in [5,9223372036854775807) (LVI @ )
    -> Fact[RM:51] i64 %385 in [0,9223372036854775807) (!range)
    -> Fact[KB:52] i64 %385 known bits zero=0x9223372036854775808 one=0x0
    -> Fact[LVI:53] i64 %385 in [1,9223372036854775807) (LVI @ )
    -> Fact[RM:54] i64 %392 in [0,9223372036854775807) (!range)
    -> Fact[KB:55] i64 %392 known bits zero=0x9223372036854775808 one=0x0
    -> Fact[LVI:56] i64 %392 in [1,9223372036854775807) (LVI @ )
    -> Fact[RM:57] i64 %398 in [0,9223372036854775807) (!range)
    -> Fact[KB:58] i64 %398 known bits zero=0x9223372036854775808 one=0x0
    -> [heavy] 59 analysis fact(s) on 53 boundary value(s)
    -> [mv] T3: not a bounds shape (idx vs invariant count)
    -> [ind L0] BASE (1 phi(s) = entry): SAT (WARNING: Potential Integer Overflow Bug Detected!) [Query Latency: 1.674000 ms]
    -> SAT (WARNING: Potential Integer Overflow Bug Detected!) [Query Latency: 5.758083 ms]
    -> [mv] still SAT under 12 hypothesis candidate(s): not versionable
  -> Found UB Trap. Starting Backward Slice...
    -> Guard[0] (false edge of ''):  %399 = icmp samesign ult i64 %398, 6
    -> Guard[1] (true edge of ''):  %.not256 = icmp samesign ult i64 %264, %392
    -> Guard[2] (true edge of ''):  %.not255 = icmp samesign ult i64 %264, %385
    -> Guard[3] (false edge of ''):  %373 = icmp samesign ult i64 %372, 5
    -> Guard[4] (true edge of ''):  %.not254 = icmp samesign ult i64 %264, %366
    -> Guard[5] (true edge of ''):  %.not253 = icmp samesign ult i64 %264, %359
    -> Guard[6] (false edge of ''):  %347 = icmp samesign ult i64 %346, 4
    -> Guard[7] (true edge of ''):  %.not252 = icmp samesign ult i64 %264, %340
    -> Guard[8] (true edge of ''):  %.not251 = icmp samesign ult i64 %264, %334
    -> Guard[9] (false edge of ''):  %323 = icmp samesign ult i64 %322, 3
    -> Guard[10] (true edge of ''):  %.not250 = icmp samesign ult i64 %264, %316
    -> Guard[11] (true edge of ''):  %.not249 = icmp samesign ult i64 %264, %310
    -> Guard[12] (false edge of ''):  %299 = icmp samesign ult i64 %298, 2
    -> Guard[13] (true edge of ''):  %.not248 = icmp samesign ult i64 %264, %292
    -> Guard[14] (true edge of ''):  %.not247 = icmp samesign ult i64 %264, %286
    -> Guard[15] (false edge of ''):  %275 = icmp eq i64 %274, 0
    -> Guard[16] (true edge of ''):  %.not246 = icmp samesign ult i64 %264, %268
    -> Guard[17] (false edge of ''):  %192 = icmp eq i64 %188, 0
    -> Guard[18] (false edge of ''):  %189 = icmp slt i64 %188, 0
    -> Guard[19] (false edge of ''):  %99 = icmp eq i8 %98, 1
    -> Guard[20] (false edge of ''):  %18 = icmp eq i64 %17, 0
    -> Guard[21] (false edge of 'entry'):  %6 = icmp samesign ult i64 %5, 2
    -> Collected 22 dominating context guard(s).
    -> Frame refused (clobber between loads):  %188 = load i64, ptr @"$s5nbody1nSivp", align 8  vs  %.pre = load i64, ptr @"$s5nbody1nSivp", align 8
         clobber:   call void @swift_endAccess(ptr nonnull %access-scratch46) #2
    -> Frame refused (clobber between loads):  %188 = load i64, ptr @"$s5nbody1nSivp", align 8  vs  %515 = load i64, ptr @"$s5nbody1nSivp", align 8
         clobber: (MemoryPhi: clobber on some incoming arm)
    -> Frame refused (clobber between loads):  %188 = load i64, ptr @"$s5nbody1nSivp", align 8  vs  %519 = load i64, ptr @"$s5nbody1nSivp", align 8
         clobber: (MemoryPhi: clobber on some incoming arm)
    -> Frame refused (clobber between loads):  %188 = load i64, ptr @"$s5nbody1nSivp", align 8  vs  %.pr = load i64, ptr @"$s5nbody1nSivp", align 8
         clobber: (MemoryPhi: clobber on some incoming arm)
    -> Frame refused (clobber between loads):  %188 = load i64, ptr @"$s5nbody1nSivp", align 8  vs  %530 = load i64, ptr @"$s5nbody1nSivp", align 8
         clobber: (MemoryPhi: clobber on some incoming arm)
    -> Frame refused (clobber between loads):  %188 = load i64, ptr @"$s5nbody1nSivp", align 8  vs  %838 = load i64, ptr @"$s5nbody1nSivp", align 8
         clobber: (MemoryPhi: clobber on some incoming arm)
    -> [go3] 0 leaf-closure instruction(s) encoded
    -> Fact[RM:0] i64 %5 in [0,9223372036854775807) (!range)
    -> Fact[KB:1] i64 %5 known bits zero=0x9223372036854775808 one=0x0
    -> Fact[KB:2] i64 %264 known bits zero=0x9223372036854775808 one=0x0
    -> Fact[LVI:3] i64 %264 in [0,9223372036854775806) (LVI @ )
    -> Fact[SCEV:4] i64 %264 in [0,9223372036854775807) (SCEV unsigned)
    -> Fact[SCEV:5] i64 %264 in [0,9223372036854775807) (SCEV signed)
    -> Fact[SCEVSYM:6] i64 %264 - start(0) <=u BTC((9223372036854775806 umin (-1 + %188))) (SCEV symbolic trip count, sub-form)
    -> Fact[PHIINV-hi:7] i64 %264 == i64 0 || ne(i64 %264, i64 %188) (latch-implied bound, 1-induction)
    -> Fact[PHIINV-lo:8] i64 %264 >=s i64 0 (monotone nsw increments, 1 arm(s))
    -> Fact[RM:9] i64 %268 in [0,9223372036854775807) (!range)
    -> Fact[KB:10] i64 %268 known bits zero=0x9223372036854775808 one=0x0
    -> Fact[LVI:11] i64 %268 in [1,9223372036854775807) (LVI @ )
    -> Fact[RM:12] i64 %274 in [0,9223372036854775807) (!range)
    -> Fact[KB:13] i64 %274 known bits zero=0x9223372036854775808 one=0x0
    -> Fact[LVI:14] i64 %274 in [1,9223372036854775807) (LVI @ )
    -> Fact[RM:15] i64 %286 in [0,9223372036854775807) (!range)
    -> Fact[KB:16] i64 %286 known bits zero=0x9223372036854775808 one=0x0
    -> Fact[LVI:17] i64 %286 in [1,9223372036854775807) (LVI @ )
    -> Fact[RM:18] i64 %292 in [0,9223372036854775807) (!range)
    -> Fact[KB:19] i64 %292 known bits zero=0x9223372036854775808 one=0x0
    -> Fact[LVI:20] i64 %292 in [1,9223372036854775807) (LVI @ )
    -> Fact[RM:21] i64 %298 in [0,9223372036854775807) (!range)
    -> Fact[KB:22] i64 %298 known bits zero=0x9223372036854775808 one=0x0
    -> Fact[LVI:23] i64 %298 in [2,9223372036854775807) (LVI @ )
    -> Fact[RM:24] i64 %310 in [0,9223372036854775807) (!range)
    -> Fact[KB:25] i64 %310 known bits zero=0x9223372036854775808 one=0x0
    -> Fact[LVI:26] i64 %310 in [1,9223372036854775807) (LVI @ )
    -> Fact[RM:27] i64 %316 in [0,9223372036854775807) (!range)
    -> Fact[KB:28] i64 %316 known bits zero=0x9223372036854775808 one=0x0
    -> Fact[LVI:29] i64 %316 in [1,9223372036854775807) (LVI @ )
    -> Fact[RM:30] i64 %322 in [0,9223372036854775807) (!range)
    -> Fact[KB:31] i64 %322 known bits zero=0x9223372036854775808 one=0x0
    -> Fact[LVI:32] i64 %322 in [3,9223372036854775807) (LVI @ )
    -> Fact[RM:33] i64 %334 in [0,9223372036854775807) (!range)
    -> Fact[KB:34] i64 %334 known bits zero=0x9223372036854775808 one=0x0
    -> Fact[LVI:35] i64 %334 in [1,9223372036854775807) (LVI @ )
    -> Fact[RM:36] i64 %340 in [0,9223372036854775807) (!range)
    -> Fact[KB:37] i64 %340 known bits zero=0x9223372036854775808 one=0x0
    -> Fact[LVI:38] i64 %340 in [1,9223372036854775807) (LVI @ )
    -> Fact[RM:39] i64 %346 in [0,9223372036854775807) (!range)
    -> Fact[KB:40] i64 %346 known bits zero=0x9223372036854775808 one=0x0
    -> Fact[LVI:41] i64 %346 in [4,9223372036854775807) (LVI @ )
    -> Fact[RM:42] i64 %359 in [0,9223372036854775807) (!range)
    -> Fact[KB:43] i64 %359 known bits zero=0x9223372036854775808 one=0x0
    -> Fact[LVI:44] i64 %359 in [1,9223372036854775807) (LVI @ )
    -> Fact[RM:45] i64 %366 in [0,9223372036854775807) (!range)
    -> Fact[KB:46] i64 %366 known bits zero=0x9223372036854775808 one=0x0
    -> Fact[LVI:47] i64 %366 in [1,9223372036854775807) (LVI @ )
    -> Fact[RM:48] i64 %372 in [0,9223372036854775807) (!range)
    -> Fact[KB:49] i64 %372 known bits zero=0x9223372036854775808 one=0x0
    -> Fact[LVI:50] i64 %372 in [5,9223372036854775807) (LVI @ )
    -> Fact[RM:51] i64 %385 in [0,9223372036854775807) (!range)
    -> Fact[KB:52] i64 %385 known bits zero=0x9223372036854775808 one=0x0
    -> Fact[LVI:53] i64 %385 in [1,9223372036854775807) (LVI @ )
    -> Fact[RM:54] i64 %392 in [0,9223372036854775807) (!range)
    -> Fact[KB:55] i64 %392 known bits zero=0x9223372036854775808 one=0x0
    -> Fact[LVI:56] i64 %392 in [1,9223372036854775807) (LVI @ )
    -> Fact[RM:57] i64 %398 in [0,9223372036854775807) (!range)
    -> Fact[KB:58] i64 %398 known bits zero=0x9223372036854775808 one=0x0
    -> Fact[LVI:59] i64 %398 in [6,9223372036854775807) (LVI @ )
    -> Fact[RM:60] i64 %411 in [0,9223372036854775807) (!range)
    -> Fact[KB:61] i64 %411 known bits zero=0x9223372036854775808 one=0x0
    -> [heavy] 62 analysis fact(s) on 54 boundary value(s)
    -> [mv] T3: not a bounds shape (idx vs invariant count)
    -> [ind L0] BASE (1 phi(s) = entry): SAT (WARNING: Potential Integer Overflow Bug Detected!) [Query Latency: 1.590834 ms]
    -> SAT (WARNING: Potential Integer Overflow Bug Detected!) [Query Latency: 5.019834 ms]
    -> [mv] still SAT under 12 hypothesis candidate(s): not versionable
  -> Found UB Trap. Starting Backward Slice...
    -> Guard[0] (true edge of ''):  %.not257 = icmp samesign ult i64 %264, %411
    -> Guard[1] (false edge of ''):  %399 = icmp samesign ult i64 %398, 6
    -> Guard[2] (true edge of ''):  %.not256 = icmp samesign ult i64 %264, %392
    -> Guard[3] (true edge of ''):  %.not255 = icmp samesign ult i64 %264, %385
    -> Guard[4] (false edge of ''):  %373 = icmp samesign ult i64 %372, 5
    -> Guard[5] (true edge of ''):  %.not254 = icmp samesign ult i64 %264, %366
    -> Guard[6] (true edge of ''):  %.not253 = icmp samesign ult i64 %264, %359
    -> Guard[7] (false edge of ''):  %347 = icmp samesign ult i64 %346, 4
    -> Guard[8] (true edge of ''):  %.not252 = icmp samesign ult i64 %264, %340
    -> Guard[9] (true edge of ''):  %.not251 = icmp samesign ult i64 %264, %334
    -> Guard[10] (false edge of ''):  %323 = icmp samesign ult i64 %322, 3
    -> Guard[11] (true edge of ''):  %.not250 = icmp samesign ult i64 %264, %316
    -> Guard[12] (true edge of ''):  %.not249 = icmp samesign ult i64 %264, %310
    -> Guard[13] (false edge of ''):  %299 = icmp samesign ult i64 %298, 2
    -> Guard[14] (true edge of ''):  %.not248 = icmp samesign ult i64 %264, %292
    -> Guard[15] (true edge of ''):  %.not247 = icmp samesign ult i64 %264, %286
    -> Guard[16] (false edge of ''):  %275 = icmp eq i64 %274, 0
    -> Guard[17] (true edge of ''):  %.not246 = icmp samesign ult i64 %264, %268
    -> Guard[18] (false edge of ''):  %192 = icmp eq i64 %188, 0
    -> Guard[19] (false edge of ''):  %189 = icmp slt i64 %188, 0
    -> Guard[20] (false edge of ''):  %99 = icmp eq i8 %98, 1
    -> Guard[21] (false edge of ''):  %18 = icmp eq i64 %17, 0
    -> Guard[22] (false edge of 'entry'):  %6 = icmp samesign ult i64 %5, 2
    -> Collected 23 dominating context guard(s).
    -> Frame refused (clobber between loads):  %188 = load i64, ptr @"$s5nbody1nSivp", align 8  vs  %.pre = load i64, ptr @"$s5nbody1nSivp", align 8
         clobber:   call void @swift_endAccess(ptr nonnull %access-scratch46) #2
    -> Frame refused (clobber between loads):  %188 = load i64, ptr @"$s5nbody1nSivp", align 8  vs  %515 = load i64, ptr @"$s5nbody1nSivp", align 8
         clobber: (MemoryPhi: clobber on some incoming arm)
    -> Frame refused (clobber between loads):  %188 = load i64, ptr @"$s5nbody1nSivp", align 8  vs  %519 = load i64, ptr @"$s5nbody1nSivp", align 8
         clobber: (MemoryPhi: clobber on some incoming arm)
    -> Frame refused (clobber between loads):  %188 = load i64, ptr @"$s5nbody1nSivp", align 8  vs  %.pr = load i64, ptr @"$s5nbody1nSivp", align 8
         clobber: (MemoryPhi: clobber on some incoming arm)
    -> Frame refused (clobber between loads):  %188 = load i64, ptr @"$s5nbody1nSivp", align 8  vs  %530 = load i64, ptr @"$s5nbody1nSivp", align 8
         clobber: (MemoryPhi: clobber on some incoming arm)
    -> Frame refused (clobber between loads):  %188 = load i64, ptr @"$s5nbody1nSivp", align 8  vs  %838 = load i64, ptr @"$s5nbody1nSivp", align 8
         clobber: (MemoryPhi: clobber on some incoming arm)
    -> [go3] 0 leaf-closure instruction(s) encoded
    -> Fact[RM:0] i64 %5 in [0,9223372036854775807) (!range)
    -> Fact[KB:1] i64 %5 known bits zero=0x9223372036854775808 one=0x0
    -> Fact[KB:2] i64 %264 known bits zero=0x9223372036854775808 one=0x0
    -> Fact[LVI:3] i64 %264 in [0,9223372036854775806) (LVI @ )
    -> Fact[SCEV:4] i64 %264 in [0,9223372036854775807) (SCEV unsigned)
    -> Fact[SCEV:5] i64 %264 in [0,9223372036854775807) (SCEV signed)
    -> Fact[SCEVSYM:6] i64 %264 - start(0) <=u BTC((9223372036854775806 umin (-1 + %188))) (SCEV symbolic trip count, sub-form)
    -> Fact[PHIINV-hi:7] i64 %264 == i64 0 || ne(i64 %264, i64 %188) (latch-implied bound, 1-induction)
    -> Fact[PHIINV-lo:8] i64 %264 >=s i64 0 (monotone nsw increments, 1 arm(s))
    -> Fact[RM:9] i64 %268 in [0,9223372036854775807) (!range)
    -> Fact[KB:10] i64 %268 known bits zero=0x9223372036854775808 one=0x0
    -> Fact[LVI:11] i64 %268 in [1,9223372036854775807) (LVI @ )
    -> Fact[RM:12] i64 %274 in [0,9223372036854775807) (!range)
    -> Fact[KB:13] i64 %274 known bits zero=0x9223372036854775808 one=0x0
    -> Fact[LVI:14] i64 %274 in [1,9223372036854775807) (LVI @ )
    -> Fact[RM:15] i64 %286 in [0,9223372036854775807) (!range)
    -> Fact[KB:16] i64 %286 known bits zero=0x9223372036854775808 one=0x0
    -> Fact[LVI:17] i64 %286 in [1,9223372036854775807) (LVI @ )
    -> Fact[RM:18] i64 %292 in [0,9223372036854775807) (!range)
    -> Fact[KB:19] i64 %292 known bits zero=0x9223372036854775808 one=0x0
    -> Fact[LVI:20] i64 %292 in [1,9223372036854775807) (LVI @ )
    -> Fact[RM:21] i64 %298 in [0,9223372036854775807) (!range)
    -> Fact[KB:22] i64 %298 known bits zero=0x9223372036854775808 one=0x0
    -> Fact[LVI:23] i64 %298 in [2,9223372036854775807) (LVI @ )
    -> Fact[RM:24] i64 %310 in [0,9223372036854775807) (!range)
    -> Fact[KB:25] i64 %310 known bits zero=0x9223372036854775808 one=0x0
    -> Fact[LVI:26] i64 %310 in [1,9223372036854775807) (LVI @ )
    -> Fact[RM:27] i64 %316 in [0,9223372036854775807) (!range)
    -> Fact[KB:28] i64 %316 known bits zero=0x9223372036854775808 one=0x0
    -> Fact[LVI:29] i64 %316 in [1,9223372036854775807) (LVI @ )
    -> Fact[RM:30] i64 %322 in [0,9223372036854775807) (!range)
    -> Fact[KB:31] i64 %322 known bits zero=0x9223372036854775808 one=0x0
    -> Fact[LVI:32] i64 %322 in [3,9223372036854775807) (LVI @ )
    -> Fact[RM:33] i64 %334 in [0,9223372036854775807) (!range)
    -> Fact[KB:34] i64 %334 known bits zero=0x9223372036854775808 one=0x0
    -> Fact[LVI:35] i64 %334 in [1,9223372036854775807) (LVI @ )
    -> Fact[RM:36] i64 %340 in [0,9223372036854775807) (!range)
    -> Fact[KB:37] i64 %340 known bits zero=0x9223372036854775808 one=0x0
    -> Fact[LVI:38] i64 %340 in [1,9223372036854775807) (LVI @ )
    -> Fact[RM:39] i64 %346 in [0,9223372036854775807) (!range)
    -> Fact[KB:40] i64 %346 known bits zero=0x9223372036854775808 one=0x0
    -> Fact[LVI:41] i64 %346 in [4,9223372036854775807) (LVI @ )
    -> Fact[RM:42] i64 %359 in [0,9223372036854775807) (!range)
    -> Fact[KB:43] i64 %359 known bits zero=0x9223372036854775808 one=0x0
    -> Fact[LVI:44] i64 %359 in [1,9223372036854775807) (LVI @ )
    -> Fact[RM:45] i64 %366 in [0,9223372036854775807) (!range)
    -> Fact[KB:46] i64 %366 known bits zero=0x9223372036854775808 one=0x0
    -> Fact[LVI:47] i64 %366 in [1,9223372036854775807) (LVI @ )
    -> Fact[RM:48] i64 %372 in [0,9223372036854775807) (!range)
    -> Fact[KB:49] i64 %372 known bits zero=0x9223372036854775808 one=0x0
    -> Fact[LVI:50] i64 %372 in [5,9223372036854775807) (LVI @ )
    -> Fact[RM:51] i64 %385 in [0,9223372036854775807) (!range)
    -> Fact[KB:52] i64 %385 known bits zero=0x9223372036854775808 one=0x0
    -> Fact[LVI:53] i64 %385 in [1,9223372036854775807) (LVI @ )
    -> Fact[RM:54] i64 %392 in [0,9223372036854775807) (!range)
    -> Fact[KB:55] i64 %392 known bits zero=0x9223372036854775808 one=0x0
    -> Fact[LVI:56] i64 %392 in [1,9223372036854775807) (LVI @ )
    -> Fact[RM:57] i64 %398 in [0,9223372036854775807) (!range)
    -> Fact[KB:58] i64 %398 known bits zero=0x9223372036854775808 one=0x0
    -> Fact[LVI:59] i64 %398 in [6,9223372036854775807) (LVI @ )
    -> Fact[RM:60] i64 %411 in [0,9223372036854775807) (!range)
    -> Fact[KB:61] i64 %411 known bits zero=0x9223372036854775808 one=0x0
    -> Fact[LVI:62] i64 %411 in [1,9223372036854775807) (LVI @ )
    -> Fact[RM:63] i64 %418 in [0,9223372036854775807) (!range)
    -> Fact[KB:64] i64 %418 known bits zero=0x9223372036854775808 one=0x0
    -> [heavy] 65 analysis fact(s) on 55 boundary value(s)
    -> [mv] T3: not a bounds shape (idx vs invariant count)
    -> [ind L0] BASE (1 phi(s) = entry): SAT (WARNING: Potential Integer Overflow Bug Detected!) [Query Latency: 1.609708 ms]
    -> SAT (WARNING: Potential Integer Overflow Bug Detected!) [Query Latency: 6.954875 ms]
    -> [mv] still SAT under 12 hypothesis candidate(s): not versionable
  -> Found UB Trap. Starting Backward Slice...
    -> Guard[0] (true edge of ''):  %.not258 = icmp samesign ult i64 %264, %418
    -> Guard[1] (true edge of ''):  %.not257 = icmp samesign ult i64 %264, %411
    -> Guard[2] (false edge of ''):  %399 = icmp samesign ult i64 %398, 6
    -> Guard[3] (true edge of ''):  %.not256 = icmp samesign ult i64 %264, %392
    -> Guard[4] (true edge of ''):  %.not255 = icmp samesign ult i64 %264, %385
    -> Guard[5] (false edge of ''):  %373 = icmp samesign ult i64 %372, 5
    -> Guard[6] (true edge of ''):  %.not254 = icmp samesign ult i64 %264, %366
    -> Guard[7] (true edge of ''):  %.not253 = icmp samesign ult i64 %264, %359
    -> Guard[8] (false edge of ''):  %347 = icmp samesign ult i64 %346, 4
    -> Guard[9] (true edge of ''):  %.not252 = icmp samesign ult i64 %264, %340
    -> Guard[10] (true edge of ''):  %.not251 = icmp samesign ult i64 %264, %334
    -> Guard[11] (false edge of ''):  %323 = icmp samesign ult i64 %322, 3
    -> Guard[12] (true edge of ''):  %.not250 = icmp samesign ult i64 %264, %316
    -> Guard[13] (true edge of ''):  %.not249 = icmp samesign ult i64 %264, %310
    -> Guard[14] (false edge of ''):  %299 = icmp samesign ult i64 %298, 2
    -> Guard[15] (true edge of ''):  %.not248 = icmp samesign ult i64 %264, %292
    -> Guard[16] (true edge of ''):  %.not247 = icmp samesign ult i64 %264, %286
    -> Guard[17] (false edge of ''):  %275 = icmp eq i64 %274, 0
    -> Guard[18] (true edge of ''):  %.not246 = icmp samesign ult i64 %264, %268
    -> Guard[19] (false edge of ''):  %192 = icmp eq i64 %188, 0
    -> Guard[20] (false edge of ''):  %189 = icmp slt i64 %188, 0
    -> Guard[21] (false edge of ''):  %99 = icmp eq i8 %98, 1
    -> Guard[22] (false edge of ''):  %18 = icmp eq i64 %17, 0
    -> Guard[23] (false edge of 'entry'):  %6 = icmp samesign ult i64 %5, 2
    -> Collected 24 dominating context guard(s).
    -> Frame refused (clobber between loads):  %188 = load i64, ptr @"$s5nbody1nSivp", align 8  vs  %.pre = load i64, ptr @"$s5nbody1nSivp", align 8
         clobber:   call void @swift_endAccess(ptr nonnull %access-scratch46) #2
    -> Frame refused (clobber between loads):  %188 = load i64, ptr @"$s5nbody1nSivp", align 8  vs  %515 = load i64, ptr @"$s5nbody1nSivp", align 8
         clobber: (MemoryPhi: clobber on some incoming arm)
    -> Frame refused (clobber between loads):  %188 = load i64, ptr @"$s5nbody1nSivp", align 8  vs  %519 = load i64, ptr @"$s5nbody1nSivp", align 8
         clobber: (MemoryPhi: clobber on some incoming arm)
    -> Frame refused (clobber between loads):  %188 = load i64, ptr @"$s5nbody1nSivp", align 8  vs  %.pr = load i64, ptr @"$s5nbody1nSivp", align 8
         clobber: (MemoryPhi: clobber on some incoming arm)
    -> Frame refused (clobber between loads):  %188 = load i64, ptr @"$s5nbody1nSivp", align 8  vs  %530 = load i64, ptr @"$s5nbody1nSivp", align 8
         clobber: (MemoryPhi: clobber on some incoming arm)
    -> Frame refused (clobber between loads):  %188 = load i64, ptr @"$s5nbody1nSivp", align 8  vs  %838 = load i64, ptr @"$s5nbody1nSivp", align 8
         clobber: (MemoryPhi: clobber on some incoming arm)
    -> [go3] 0 leaf-closure instruction(s) encoded
    -> Fact[RM:0] i64 %5 in [0,9223372036854775807) (!range)
    -> Fact[KB:1] i64 %5 known bits zero=0x9223372036854775808 one=0x0
    -> Fact[KB:2] i64 %264 known bits zero=0x9223372036854775808 one=0x0
    -> Fact[LVI:3] i64 %264 in [0,9223372036854775806) (LVI @ )
    -> Fact[SCEV:4] i64 %264 in [0,9223372036854775807) (SCEV unsigned)
    -> Fact[SCEV:5] i64 %264 in [0,9223372036854775807) (SCEV signed)
    -> Fact[SCEVSYM:6] i64 %264 - start(0) <=u BTC((9223372036854775806 umin (-1 + %188))) (SCEV symbolic trip count, sub-form)
    -> Fact[PHIINV-hi:7] i64 %264 == i64 0 || ne(i64 %264, i64 %188) (latch-implied bound, 1-induction)
    -> Fact[PHIINV-lo:8] i64 %264 >=s i64 0 (monotone nsw increments, 1 arm(s))
    -> Fact[RM:9] i64 %268 in [0,9223372036854775807) (!range)
    -> Fact[KB:10] i64 %268 known bits zero=0x9223372036854775808 one=0x0
    -> Fact[LVI:11] i64 %268 in [1,9223372036854775807) (LVI @ )
    -> Fact[RM:12] i64 %274 in [0,9223372036854775807) (!range)
    -> Fact[KB:13] i64 %274 known bits zero=0x9223372036854775808 one=0x0
    -> Fact[LVI:14] i64 %274 in [1,9223372036854775807) (LVI @ )
    -> Fact[RM:15] i64 %286 in [0,9223372036854775807) (!range)
    -> Fact[KB:16] i64 %286 known bits zero=0x9223372036854775808 one=0x0
    -> Fact[LVI:17] i64 %286 in [1,9223372036854775807) (LVI @ )
    -> Fact[RM:18] i64 %292 in [0,9223372036854775807) (!range)
    -> Fact[KB:19] i64 %292 known bits zero=0x9223372036854775808 one=0x0
    -> Fact[LVI:20] i64 %292 in [1,9223372036854775807) (LVI @ )
    -> Fact[RM:21] i64 %298 in [0,9223372036854775807) (!range)
    -> Fact[KB:22] i64 %298 known bits zero=0x9223372036854775808 one=0x0
    -> Fact[LVI:23] i64 %298 in [2,9223372036854775807) (LVI @ )
    -> Fact[RM:24] i64 %310 in [0,9223372036854775807) (!range)
    -> Fact[KB:25] i64 %310 known bits zero=0x9223372036854775808 one=0x0
    -> Fact[LVI:26] i64 %310 in [1,9223372036854775807) (LVI @ )
    -> Fact[RM:27] i64 %316 in [0,9223372036854775807) (!range)
    -> Fact[KB:28] i64 %316 known bits zero=0x9223372036854775808 one=0x0
    -> Fact[LVI:29] i64 %316 in [1,9223372036854775807) (LVI @ )
    -> Fact[RM:30] i64 %322 in [0,9223372036854775807) (!range)
    -> Fact[KB:31] i64 %322 known bits zero=0x9223372036854775808 one=0x0
    -> Fact[LVI:32] i64 %322 in [3,9223372036854775807) (LVI @ )
    -> Fact[RM:33] i64 %334 in [0,9223372036854775807) (!range)
    -> Fact[KB:34] i64 %334 known bits zero=0x9223372036854775808 one=0x0
    -> Fact[LVI:35] i64 %334 in [1,9223372036854775807) (LVI @ )
    -> Fact[RM:36] i64 %340 in [0,9223372036854775807) (!range)
    -> Fact[KB:37] i64 %340 known bits zero=0x9223372036854775808 one=0x0
    -> Fact[LVI:38] i64 %340 in [1,9223372036854775807) (LVI @ )
    -> Fact[RM:39] i64 %346 in [0,9223372036854775807) (!range)
    -> Fact[KB:40] i64 %346 known bits zero=0x9223372036854775808 one=0x0
    -> Fact[LVI:41] i64 %346 in [4,9223372036854775807) (LVI @ )
    -> Fact[RM:42] i64 %359 in [0,9223372036854775807) (!range)
    -> Fact[KB:43] i64 %359 known bits zero=0x9223372036854775808 one=0x0
    -> Fact[LVI:44] i64 %359 in [1,9223372036854775807) (LVI @ )
    -> Fact[RM:45] i64 %366 in [0,9223372036854775807) (!range)
    -> Fact[KB:46] i64 %366 known bits zero=0x9223372036854775808 one=0x0
    -> Fact[LVI:47] i64 %366 in [1,9223372036854775807) (LVI @ )
    -> Fact[RM:48] i64 %372 in [0,9223372036854775807) (!range)
    -> Fact[KB:49] i64 %372 known bits zero=0x9223372036854775808 one=0x0
    -> Fact[LVI:50] i64 %372 in [5,9223372036854775807) (LVI @ )
    -> Fact[RM:51] i64 %385 in [0,9223372036854775807) (!range)
    -> Fact[KB:52] i64 %385 known bits zero=0x9223372036854775808 one=0x0
    -> Fact[LVI:53] i64 %385 in [1,9223372036854775807) (LVI @ )
    -> Fact[RM:54] i64 %392 in [0,9223372036854775807) (!range)
    -> Fact[KB:55] i64 %392 known bits zero=0x9223372036854775808 one=0x0
    -> Fact[LVI:56] i64 %392 in [1,9223372036854775807) (LVI @ )
    -> Fact[RM:57] i64 %398 in [0,9223372036854775807) (!range)
    -> Fact[KB:58] i64 %398 known bits zero=0x9223372036854775808 one=0x0
    -> Fact[LVI:59] i64 %398 in [6,9223372036854775807) (LVI @ )
    -> Fact[RM:60] i64 %411 in [0,9223372036854775807) (!range)
    -> Fact[KB:61] i64 %411 known bits zero=0x9223372036854775808 one=0x0
    -> Fact[LVI:62] i64 %411 in [1,9223372036854775807) (LVI @ )
    -> Fact[RM:63] i64 %418 in [0,9223372036854775807) (!range)
    -> Fact[KB:64] i64 %418 known bits zero=0x9223372036854775808 one=0x0
    -> Fact[LVI:65] i64 %418 in [1,9223372036854775807) (LVI @ )
    -> Fact[RM:66] i64 %424 in [0,9223372036854775807) (!range)
    -> Fact[KB:67] i64 %424 known bits zero=0x9223372036854775808 one=0x0
    -> [heavy] 68 analysis fact(s) on 56 boundary value(s)
    -> [mv] T3: not a bounds shape (idx vs invariant count)
    -> [ind L0] BASE (1 phi(s) = entry): SAT (WARNING: Potential Integer Overflow Bug Detected!) [Query Latency: 1.697875 ms]
    -> SAT (WARNING: Potential Integer Overflow Bug Detected!) [Query Latency: 8.840875 ms]
    -> [mv] still SAT under 12 hypothesis candidate(s): not versionable
  -> Found UB Trap. Starting Backward Slice...
    -> Guard[0] (false edge of ''):  %425 = icmp samesign ult i64 %424, 7
    -> Guard[1] (true edge of ''):  %.not258 = icmp samesign ult i64 %264, %418
    -> Guard[2] (true edge of ''):  %.not257 = icmp samesign ult i64 %264, %411
    -> Guard[3] (false edge of ''):  %399 = icmp samesign ult i64 %398, 6
    -> Guard[4] (true edge of ''):  %.not256 = icmp samesign ult i64 %264, %392
    -> Guard[5] (true edge of ''):  %.not255 = icmp samesign ult i64 %264, %385
    -> Guard[6] (false edge of ''):  %373 = icmp samesign ult i64 %372, 5
    -> Guard[7] (true edge of ''):  %.not254 = icmp samesign ult i64 %264, %366
    -> Guard[8] (true edge of ''):  %.not253 = icmp samesign ult i64 %264, %359
    -> Guard[9] (false edge of ''):  %347 = icmp samesign ult i64 %346, 4
    -> Guard[10] (true edge of ''):  %.not252 = icmp samesign ult i64 %264, %340
    -> Guard[11] (true edge of ''):  %.not251 = icmp samesign ult i64 %264, %334
    -> Guard[12] (false edge of ''):  %323 = icmp samesign ult i64 %322, 3
    -> Guard[13] (true edge of ''):  %.not250 = icmp samesign ult i64 %264, %316
    -> Guard[14] (true edge of ''):  %.not249 = icmp samesign ult i64 %264, %310
    -> Guard[15] (false edge of ''):  %299 = icmp samesign ult i64 %298, 2
    -> Guard[16] (true edge of ''):  %.not248 = icmp samesign ult i64 %264, %292
    -> Guard[17] (true edge of ''):  %.not247 = icmp samesign ult i64 %264, %286
    -> Guard[18] (false edge of ''):  %275 = icmp eq i64 %274, 0
    -> Guard[19] (true edge of ''):  %.not246 = icmp samesign ult i64 %264, %268
    -> Guard[20] (false edge of ''):  %192 = icmp eq i64 %188, 0
    -> Guard[21] (false edge of ''):  %189 = icmp slt i64 %188, 0
    -> Guard[22] (false edge of ''):  %99 = icmp eq i8 %98, 1
    -> Guard[23] (false edge of ''):  %18 = icmp eq i64 %17, 0
    -> Guard[24] (false edge of 'entry'):  %6 = icmp samesign ult i64 %5, 2
    -> Collected 25 dominating context guard(s).
    -> Frame refused (clobber between loads):  %188 = load i64, ptr @"$s5nbody1nSivp", align 8  vs  %.pre = load i64, ptr @"$s5nbody1nSivp", align 8
         clobber:   call void @swift_endAccess(ptr nonnull %access-scratch46) #2
    -> Frame refused (clobber between loads):  %188 = load i64, ptr @"$s5nbody1nSivp", align 8  vs  %515 = load i64, ptr @"$s5nbody1nSivp", align 8
         clobber: (MemoryPhi: clobber on some incoming arm)
    -> Frame refused (clobber between loads):  %188 = load i64, ptr @"$s5nbody1nSivp", align 8  vs  %519 = load i64, ptr @"$s5nbody1nSivp", align 8
         clobber: (MemoryPhi: clobber on some incoming arm)
    -> Frame refused (clobber between loads):  %188 = load i64, ptr @"$s5nbody1nSivp", align 8  vs  %.pr = load i64, ptr @"$s5nbody1nSivp", align 8
         clobber: (MemoryPhi: clobber on some incoming arm)
    -> Frame refused (clobber between loads):  %188 = load i64, ptr @"$s5nbody1nSivp", align 8  vs  %530 = load i64, ptr @"$s5nbody1nSivp", align 8
         clobber: (MemoryPhi: clobber on some incoming arm)
    -> Frame refused (clobber between loads):  %188 = load i64, ptr @"$s5nbody1nSivp", align 8  vs  %838 = load i64, ptr @"$s5nbody1nSivp", align 8
         clobber: (MemoryPhi: clobber on some incoming arm)
    -> [go3] 0 leaf-closure instruction(s) encoded
    -> Fact[RM:0] i64 %5 in [0,9223372036854775807) (!range)
    -> Fact[KB:1] i64 %5 known bits zero=0x9223372036854775808 one=0x0
    -> Fact[KB:2] i64 %264 known bits zero=0x9223372036854775808 one=0x0
    -> Fact[LVI:3] i64 %264 in [0,9223372036854775806) (LVI @ )
    -> Fact[SCEV:4] i64 %264 in [0,9223372036854775807) (SCEV unsigned)
    -> Fact[SCEV:5] i64 %264 in [0,9223372036854775807) (SCEV signed)
    -> Fact[SCEVSYM:6] i64 %264 - start(0) <=u BTC((9223372036854775806 umin (-1 + %188))) (SCEV symbolic trip count, sub-form)
    -> Fact[PHIINV-hi:7] i64 %264 == i64 0 || ne(i64 %264, i64 %188) (latch-implied bound, 1-induction)
    -> Fact[PHIINV-lo:8] i64 %264 >=s i64 0 (monotone nsw increments, 1 arm(s))
    -> Fact[RM:9] i64 %268 in [0,9223372036854775807) (!range)
    -> Fact[KB:10] i64 %268 known bits zero=0x9223372036854775808 one=0x0
    -> Fact[LVI:11] i64 %268 in [1,9223372036854775807) (LVI @ )
    -> Fact[RM:12] i64 %274 in [0,9223372036854775807) (!range)
    -> Fact[KB:13] i64 %274 known bits zero=0x9223372036854775808 one=0x0
    -> Fact[LVI:14] i64 %274 in [1,9223372036854775807) (LVI @ )
    -> Fact[RM:15] i64 %286 in [0,9223372036854775807) (!range)
    -> Fact[KB:16] i64 %286 known bits zero=0x9223372036854775808 one=0x0
    -> Fact[LVI:17] i64 %286 in [1,9223372036854775807) (LVI @ )
    -> Fact[RM:18] i64 %292 in [0,9223372036854775807) (!range)
    -> Fact[KB:19] i64 %292 known bits zero=0x9223372036854775808 one=0x0
    -> Fact[LVI:20] i64 %292 in [1,9223372036854775807) (LVI @ )
    -> Fact[RM:21] i64 %298 in [0,9223372036854775807) (!range)
    -> Fact[KB:22] i64 %298 known bits zero=0x9223372036854775808 one=0x0
    -> Fact[LVI:23] i64 %298 in [2,9223372036854775807) (LVI @ )
    -> Fact[RM:24] i64 %310 in [0,9223372036854775807) (!range)
    -> Fact[KB:25] i64 %310 known bits zero=0x9223372036854775808 one=0x0
    -> Fact[LVI:26] i64 %310 in [1,9223372036854775807) (LVI @ )
    -> Fact[RM:27] i64 %316 in [0,9223372036854775807) (!range)
    -> Fact[KB:28] i64 %316 known bits zero=0x9223372036854775808 one=0x0
    -> Fact[LVI:29] i64 %316 in [1,9223372036854775807) (LVI @ )
    -> Fact[RM:30] i64 %322 in [0,9223372036854775807) (!range)
    -> Fact[KB:31] i64 %322 known bits zero=0x9223372036854775808 one=0x0
    -> Fact[LVI:32] i64 %322 in [3,9223372036854775807) (LVI @ )
    -> Fact[RM:33] i64 %334 in [0,9223372036854775807) (!range)
    -> Fact[KB:34] i64 %334 known bits zero=0x9223372036854775808 one=0x0
    -> Fact[LVI:35] i64 %334 in [1,9223372036854775807) (LVI @ )
    -> Fact[RM:36] i64 %340 in [0,9223372036854775807) (!range)
    -> Fact[KB:37] i64 %340 known bits zero=0x9223372036854775808 one=0x0
    -> Fact[LVI:38] i64 %340 in [1,9223372036854775807) (LVI @ )
    -> Fact[RM:39] i64 %346 in [0,9223372036854775807) (!range)
    -> Fact[KB:40] i64 %346 known bits zero=0x9223372036854775808 one=0x0
    -> Fact[LVI:41] i64 %346 in [4,9223372036854775807) (LVI @ )
    -> Fact[RM:42] i64 %359 in [0,9223372036854775807) (!range)
    -> Fact[KB:43] i64 %359 known bits zero=0x9223372036854775808 one=0x0
    -> Fact[LVI:44] i64 %359 in [1,9223372036854775807) (LVI @ )
    -> Fact[RM:45] i64 %366 in [0,9223372036854775807) (!range)
    -> Fact[KB:46] i64 %366 known bits zero=0x9223372036854775808 one=0x0
    -> Fact[LVI:47] i64 %366 in [1,9223372036854775807) (LVI @ )
    -> Fact[RM:48] i64 %372 in [0,9223372036854775807) (!range)
    -> Fact[KB:49] i64 %372 known bits zero=0x9223372036854775808 one=0x0
    -> Fact[LVI:50] i64 %372 in [5,9223372036854775807) (LVI @ )
    -> Fact[RM:51] i64 %385 in [0,9223372036854775807) (!range)
    -> Fact[KB:52] i64 %385 known bits zero=0x9223372036854775808 one=0x0
    -> Fact[LVI:53] i64 %385 in [1,9223372036854775807) (LVI @ )
    -> Fact[RM:54] i64 %392 in [0,9223372036854775807) (!range)
    -> Fact[KB:55] i64 %392 known bits zero=0x9223372036854775808 one=0x0
    -> Fact[LVI:56] i64 %392 in [1,9223372036854775807) (LVI @ )
    -> Fact[RM:57] i64 %398 in [0,9223372036854775807) (!range)
    -> Fact[KB:58] i64 %398 known bits zero=0x9223372036854775808 one=0x0
    -> Fact[LVI:59] i64 %398 in [6,9223372036854775807) (LVI @ )
    -> Fact[RM:60] i64 %411 in [0,9223372036854775807) (!range)
    -> Fact[KB:61] i64 %411 known bits zero=0x9223372036854775808 one=0x0
    -> Fact[LVI:62] i64 %411 in [1,9223372036854775807) (LVI @ )
    -> Fact[RM:63] i64 %418 in [0,9223372036854775807) (!range)
    -> Fact[KB:64] i64 %418 known bits zero=0x9223372036854775808 one=0x0
    -> Fact[LVI:65] i64 %418 in [1,9223372036854775807) (LVI @ )
    -> Fact[RM:66] i64 %424 in [0,9223372036854775807) (!range)
    -> Fact[KB:67] i64 %424 known bits zero=0x9223372036854775808 one=0x0
    -> Fact[LVI:68] i64 %424 in [7,9223372036854775807) (LVI @ )
    -> Fact[RM:69] i64 %437 in [0,9223372036854775807) (!range)
    -> Fact[KB:70] i64 %437 known bits zero=0x9223372036854775808 one=0x0
    -> [heavy] 71 analysis fact(s) on 57 boundary value(s)
    -> [mv] T3: not a bounds shape (idx vs invariant count)
    -> [ind L0] BASE (1 phi(s) = entry): SAT (WARNING: Potential Integer Overflow Bug Detected!) [Query Latency: 1.462125 ms]
    -> SAT (WARNING: Potential Integer Overflow Bug Detected!) [Query Latency: 5.417333 ms]
    -> [mv] still SAT under 12 hypothesis candidate(s): not versionable
  -> Found UB Trap. Starting Backward Slice...
    -> Guard[0] (true edge of ''):  %442 = icmp eq i64 %265, %188
    -> Guard[1] (true edge of ''):  %.not259 = icmp samesign ult i64 %264, %437
    -> Guard[2] (false edge of ''):  %425 = icmp samesign ult i64 %424, 7
    -> Guard[3] (true edge of ''):  %.not258 = icmp samesign ult i64 %264, %418
    -> Guard[4] (true edge of ''):  %.not257 = icmp samesign ult i64 %264, %411
    -> Guard[5] (false edge of ''):  %399 = icmp samesign ult i64 %398, 6
    -> Guard[6] (true edge of ''):  %.not256 = icmp samesign ult i64 %264, %392
    -> Guard[7] (true edge of ''):  %.not255 = icmp samesign ult i64 %264, %385
    -> Guard[8] (false edge of ''):  %373 = icmp samesign ult i64 %372, 5
    -> Guard[9] (true edge of ''):  %.not254 = icmp samesign ult i64 %264, %366
    -> Guard[10] (true edge of ''):  %.not253 = icmp samesign ult i64 %264, %359
    -> Guard[11] (false edge of ''):  %347 = icmp samesign ult i64 %346, 4
    -> Guard[12] (true edge of ''):  %.not252 = icmp samesign ult i64 %264, %340
    -> Guard[13] (true edge of ''):  %.not251 = icmp samesign ult i64 %264, %334
    -> Guard[14] (false edge of ''):  %323 = icmp samesign ult i64 %322, 3
    -> Guard[15] (true edge of ''):  %.not250 = icmp samesign ult i64 %264, %316
    -> Guard[16] (true edge of ''):  %.not249 = icmp samesign ult i64 %264, %310
    -> Guard[17] (false edge of ''):  %299 = icmp samesign ult i64 %298, 2
    -> Guard[18] (true edge of ''):  %.not248 = icmp samesign ult i64 %264, %292
    -> Guard[19] (true edge of ''):  %.not247 = icmp samesign ult i64 %264, %286
    -> Guard[20] (false edge of ''):  %275 = icmp eq i64 %274, 0
    -> Guard[21] (true edge of ''):  %.not246 = icmp samesign ult i64 %264, %268
    -> Guard[22] (false edge of ''):  %192 = icmp eq i64 %188, 0
    -> Guard[23] (false edge of ''):  %189 = icmp slt i64 %188, 0
    -> Guard[24] (false edge of ''):  %99 = icmp eq i8 %98, 1
    -> Guard[25] (false edge of ''):  %18 = icmp eq i64 %17, 0
    -> Guard[26] (false edge of 'entry'):  %6 = icmp samesign ult i64 %5, 2
    -> Collected 27 dominating context guard(s).
    -> Frame refused (clobber between loads):  %188 = load i64, ptr @"$s5nbody1nSivp", align 8  vs  %.pre = load i64, ptr @"$s5nbody1nSivp", align 8
         clobber:   call void @swift_endAccess(ptr nonnull %access-scratch46) #2
    -> Frame refused (clobber between loads):  %188 = load i64, ptr @"$s5nbody1nSivp", align 8  vs  %515 = load i64, ptr @"$s5nbody1nSivp", align 8
         clobber: (MemoryPhi: clobber on some incoming arm)
    -> Frame refused (clobber between loads):  %188 = load i64, ptr @"$s5nbody1nSivp", align 8  vs  %519 = load i64, ptr @"$s5nbody1nSivp", align 8
         clobber: (MemoryPhi: clobber on some incoming arm)
    -> Frame refused (clobber between loads):  %188 = load i64, ptr @"$s5nbody1nSivp", align 8  vs  %.pr = load i64, ptr @"$s5nbody1nSivp", align 8
         clobber: (MemoryPhi: clobber on some incoming arm)
    -> Frame refused (clobber between loads):  %188 = load i64, ptr @"$s5nbody1nSivp", align 8  vs  %530 = load i64, ptr @"$s5nbody1nSivp", align 8
         clobber: (MemoryPhi: clobber on some incoming arm)
    -> Frame refused (clobber between loads):  %188 = load i64, ptr @"$s5nbody1nSivp", align 8  vs  %838 = load i64, ptr @"$s5nbody1nSivp", align 8
         clobber: (MemoryPhi: clobber on some incoming arm)
    -> [go3] 0 leaf-closure instruction(s) encoded
    -> Fact[RM:0] i64 %5 in [0,9223372036854775807) (!range)
    -> Fact[KB:1] i64 %5 known bits zero=0x9223372036854775808 one=0x0
    -> Fact[LVI:2] i64 %188 in [1,9223372036854775807) (LVI @ .loopexit319)
    -> Fact[KB:3] i64 %264 known bits zero=0x9223372036854775808 one=0x0
    -> Fact[LVI:4] i64 %264 in [0,9223372036854775806) (LVI @ .loopexit319)
    -> Fact[SCEV:5] i64 %264 in [0,9223372036854775807) (SCEV unsigned)
    -> Fact[SCEV:6] i64 %264 in [0,9223372036854775807) (SCEV signed)
    -> Fact[SCEVSYM:7] i64 %264 - start(0) <=u BTC((9223372036854775806 umin (-1 + %188))) (SCEV symbolic trip count, sub-form)
    -> Fact[PHIINV-hi:8] i64 %264 == i64 0 || ne(i64 %264, i64 %188) (latch-implied bound, 1-induction)
    -> Fact[PHIINV-lo:9] i64 %264 >=s i64 0 (monotone nsw increments, 1 arm(s))
    -> Fact[RM:10] i64 %268 in [0,9223372036854775807) (!range)
    -> Fact[KB:11] i64 %268 known bits zero=0x9223372036854775808 one=0x0
    -> Fact[LVI:12] i64 %268 in [1,9223372036854775807) (LVI @ .loopexit319)
    -> Fact[RM:13] i64 %274 in [0,9223372036854775807) (!range)
    -> Fact[KB:14] i64 %274 known bits zero=0x9223372036854775808 one=0x0
    -> Fact[LVI:15] i64 %274 in [1,9223372036854775807) (LVI @ .loopexit319)
    -> Fact[RM:16] i64 %286 in [0,9223372036854775807) (!range)
    -> Fact[KB:17] i64 %286 known bits zero=0x9223372036854775808 one=0x0
    -> Fact[LVI:18] i64 %286 in [1,9223372036854775807) (LVI @ .loopexit319)
    -> Fact[RM:19] i64 %292 in [0,9223372036854775807) (!range)
    -> Fact[KB:20] i64 %292 known bits zero=0x9223372036854775808 one=0x0
    -> Fact[LVI:21] i64 %292 in [1,9223372036854775807) (LVI @ .loopexit319)
    -> Fact[RM:22] i64 %298 in [0,9223372036854775807) (!range)
    -> Fact[KB:23] i64 %298 known bits zero=0x9223372036854775808 one=0x0
    -> Fact[LVI:24] i64 %298 in [2,9223372036854775807) (LVI @ .loopexit319)
    -> Fact[RM:25] i64 %310 in [0,9223372036854775807) (!range)
    -> Fact[KB:26] i64 %310 known bits zero=0x9223372036854775808 one=0x0
    -> Fact[LVI:27] i64 %310 in [1,9223372036854775807) (LVI @ .loopexit319)
    -> Fact[RM:28] i64 %316 in [0,9223372036854775807) (!range)
    -> Fact[KB:29] i64 %316 known bits zero=0x9223372036854775808 one=0x0
    -> Fact[LVI:30] i64 %316 in [1,9223372036854775807) (LVI @ .loopexit319)
    -> Fact[RM:31] i64 %322 in [0,9223372036854775807) (!range)
    -> Fact[KB:32] i64 %322 known bits zero=0x9223372036854775808 one=0x0
    -> Fact[LVI:33] i64 %322 in [3,9223372036854775807) (LVI @ .loopexit319)
    -> Fact[RM:34] i64 %334 in [0,9223372036854775807) (!range)
    -> Fact[KB:35] i64 %334 known bits zero=0x9223372036854775808 one=0x0
    -> Fact[LVI:36] i64 %334 in [1,9223372036854775807) (LVI @ .loopexit319)
    -> Fact[RM:37] i64 %340 in [0,9223372036854775807) (!range)
    -> Fact[KB:38] i64 %340 known bits zero=0x9223372036854775808 one=0x0
    -> Fact[LVI:39] i64 %340 in [1,9223372036854775807) (LVI @ .loopexit319)
    -> Fact[RM:40] i64 %346 in [0,9223372036854775807) (!range)
    -> Fact[KB:41] i64 %346 known bits zero=0x9223372036854775808 one=0x0
    -> Fact[LVI:42] i64 %346 in [4,9223372036854775807) (LVI @ .loopexit319)
    -> Fact[RM:43] i64 %359 in [0,9223372036854775807) (!range)
    -> Fact[KB:44] i64 %359 known bits zero=0x9223372036854775808 one=0x0
    -> Fact[LVI:45] i64 %359 in [1,9223372036854775807) (LVI @ .loopexit319)
    -> Fact[RM:46] i64 %366 in [0,9223372036854775807) (!range)
    -> Fact[KB:47] i64 %366 known bits zero=0x9223372036854775808 one=0x0
    -> Fact[LVI:48] i64 %366 in [1,9223372036854775807) (LVI @ .loopexit319)
    -> Fact[RM:49] i64 %372 in [0,9223372036854775807) (!range)
    -> Fact[KB:50] i64 %372 known bits zero=0x9223372036854775808 one=0x0
    -> Fact[LVI:51] i64 %372 in [5,9223372036854775807) (LVI @ .loopexit319)
    -> Fact[RM:52] i64 %385 in [0,9223372036854775807) (!range)
    -> Fact[KB:53] i64 %385 known bits zero=0x9223372036854775808 one=0x0
    -> Fact[LVI:54] i64 %385 in [1,9223372036854775807) (LVI @ .loopexit319)
    -> Fact[RM:55] i64 %392 in [0,9223372036854775807) (!range)
    -> Fact[KB:56] i64 %392 known bits zero=0x9223372036854775808 one=0x0
    -> Fact[LVI:57] i64 %392 in [1,9223372036854775807) (LVI @ .loopexit319)
    -> Fact[RM:58] i64 %398 in [0,9223372036854775807) (!range)
    -> Fact[KB:59] i64 %398 known bits zero=0x9223372036854775808 one=0x0
    -> Fact[LVI:60] i64 %398 in [6,9223372036854775807) (LVI @ .loopexit319)
    -> Fact[RM:61] i64 %411 in [0,9223372036854775807) (!range)
    -> Fact[KB:62] i64 %411 known bits zero=0x9223372036854775808 one=0x0
    -> Fact[LVI:63] i64 %411 in [1,9223372036854775807) (LVI @ .loopexit319)
    -> Fact[RM:64] i64 %418 in [0,9223372036854775807) (!range)
    -> Fact[KB:65] i64 %418 known bits zero=0x9223372036854775808 one=0x0
    -> Fact[LVI:66] i64 %418 in [1,9223372036854775807) (LVI @ .loopexit319)
    -> Fact[RM:67] i64 %424 in [0,9223372036854775807) (!range)
    -> Fact[KB:68] i64 %424 known bits zero=0x9223372036854775808 one=0x0
    -> Fact[LVI:69] i64 %424 in [7,9223372036854775807) (LVI @ .loopexit319)
    -> Fact[RM:70] i64 %437 in [0,9223372036854775807) (!range)
    -> Fact[KB:71] i64 %437 known bits zero=0x9223372036854775808 one=0x0
    -> Fact[LVI:72] i64 %437 in [1,9223372036854775807) (LVI @ .loopexit319)
    -> Fact[LVI:73] i64 %188 in [1,9223372036854775807) (LVI @ .loopexit319)
    -> [heavy] 74 analysis fact(s) on 58 boundary value(s)
    -> [ind] trap not in a loop
    -> SAT (WARNING: Potential Integer Overflow Bug Detected!) [Query Latency: 6.849458 ms]
    -> [mv] trap not inside a loop: not versionable
  -> Found UB Trap. Starting Backward Slice...
    -> Guard[0] (false edge of ''):  %198 = icmp eq i64 %.pre, 0
    -> Guard[1] (false edge of '.loopexit319'):  %196 = icmp slt i64 %.pre, 0
    -> Guard[2] (true edge of ''):  %442 = icmp eq i64 %265, %188
    -> Guard[3] (true edge of ''):  %.not259 = icmp samesign ult i64 %264, %437
    -> Guard[4] (false edge of ''):  %425 = icmp samesign ult i64 %424, 7
    -> Guard[5] (true edge of ''):  %.not258 = icmp samesign ult i64 %264, %418
    -> Guard[6] (true edge of ''):  %.not257 = icmp samesign ult i64 %264, %411
    -> Guard[7] (false edge of ''):  %399 = icmp samesign ult i64 %398, 6
    -> Guard[8] (true edge of ''):  %.not256 = icmp samesign ult i64 %264, %392
    -> Guard[9] (true edge of ''):  %.not255 = icmp samesign ult i64 %264, %385
    -> Guard[10] (false edge of ''):  %373 = icmp samesign ult i64 %372, 5
    -> Guard[11] (true edge of ''):  %.not254 = icmp samesign ult i64 %264, %366
    -> Guard[12] (true edge of ''):  %.not253 = icmp samesign ult i64 %264, %359
    -> Guard[13] (false edge of ''):  %347 = icmp samesign ult i64 %346, 4
    -> Guard[14] (true edge of ''):  %.not252 = icmp samesign ult i64 %264, %340
    -> Guard[15] (true edge of ''):  %.not251 = icmp samesign ult i64 %264, %334
    -> Guard[16] (false edge of ''):  %323 = icmp samesign ult i64 %322, 3
    -> Guard[17] (true edge of ''):  %.not250 = icmp samesign ult i64 %264, %316
    -> Guard[18] (true edge of ''):  %.not249 = icmp samesign ult i64 %264, %310
    -> Guard[19] (false edge of ''):  %299 = icmp samesign ult i64 %298, 2
    -> Guard[20] (true edge of ''):  %.not248 = icmp samesign ult i64 %264, %292
    -> Guard[21] (true edge of ''):  %.not247 = icmp samesign ult i64 %264, %286
    -> Guard[22] (false edge of ''):  %275 = icmp eq i64 %274, 0
    -> Guard[23] (true edge of ''):  %.not246 = icmp samesign ult i64 %264, %268
    -> Guard[24] (false edge of ''):  %192 = icmp eq i64 %188, 0
    -> Guard[25] (false edge of ''):  %189 = icmp slt i64 %188, 0
    -> Guard[26] (false edge of ''):  %99 = icmp eq i8 %98, 1
    -> Guard[27] (false edge of ''):  %18 = icmp eq i64 %17, 0
    -> Guard[28] (false edge of 'entry'):  %6 = icmp samesign ult i64 %5, 2
    -> Collected 29 dominating context guard(s).
    -> Frame refused (clobber between loads):  %188 = load i64, ptr @"$s5nbody1nSivp", align 8  vs  %.pre = load i64, ptr @"$s5nbody1nSivp", align 8
         clobber:   call void @swift_endAccess(ptr nonnull %access-scratch46) #2
    -> Frame refused (clobber between loads):  %188 = load i64, ptr @"$s5nbody1nSivp", align 8  vs  %515 = load i64, ptr @"$s5nbody1nSivp", align 8
         clobber: (MemoryPhi: clobber on some incoming arm)
    -> Frame refused (clobber between loads):  %188 = load i64, ptr @"$s5nbody1nSivp", align 8  vs  %519 = load i64, ptr @"$s5nbody1nSivp", align 8
         clobber: (MemoryPhi: clobber on some incoming arm)
    -> Frame refused (clobber between loads):  %188 = load i64, ptr @"$s5nbody1nSivp", align 8  vs  %.pr = load i64, ptr @"$s5nbody1nSivp", align 8
         clobber: (MemoryPhi: clobber on some incoming arm)
    -> Frame refused (clobber between loads):  %188 = load i64, ptr @"$s5nbody1nSivp", align 8  vs  %530 = load i64, ptr @"$s5nbody1nSivp", align 8
         clobber: (MemoryPhi: clobber on some incoming arm)
    -> Frame refused (clobber between loads):  %188 = load i64, ptr @"$s5nbody1nSivp", align 8  vs  %838 = load i64, ptr @"$s5nbody1nSivp", align 8
         clobber: (MemoryPhi: clobber on some incoming arm)
    -> [go3] 0 leaf-closure instruction(s) encoded
    -> Fact[RM:0] i64 %5 in [0,9223372036854775807) (!range)
    -> Fact[KB:1] i64 %5 known bits zero=0x9223372036854775808 one=0x0
    -> Fact[LVI:2] i64 %188 in [1,9223372036854775807) (LVI @ )
    -> Fact[KB:3] i64 %264 known bits zero=0x9223372036854775808 one=0x0
    -> Fact[LVI:4] i64 %264 in [0,9223372036854775806) (LVI @ )
    -> Fact[SCEV:5] i64 %264 in [0,9223372036854775807) (SCEV unsigned)
    -> Fact[SCEV:6] i64 %264 in [0,9223372036854775807) (SCEV signed)
    -> Fact[SCEVSYM:7] i64 %264 - start(0) <=u BTC((9223372036854775806 umin (-1 + %188))) (SCEV symbolic trip count, sub-form)
    -> Fact[PHIINV-hi:8] i64 %264 == i64 0 || ne(i64 %264, i64 %188) (latch-implied bound, 1-induction)
    -> Fact[PHIINV-lo:9] i64 %264 >=s i64 0 (monotone nsw increments, 1 arm(s))
    -> Fact[RM:10] i64 %268 in [0,9223372036854775807) (!range)
    -> Fact[KB:11] i64 %268 known bits zero=0x9223372036854775808 one=0x0
    -> Fact[LVI:12] i64 %268 in [1,9223372036854775807) (LVI @ )
    -> Fact[RM:13] i64 %274 in [0,9223372036854775807) (!range)
    -> Fact[KB:14] i64 %274 known bits zero=0x9223372036854775808 one=0x0
    -> Fact[LVI:15] i64 %274 in [1,9223372036854775807) (LVI @ )
    -> Fact[RM:16] i64 %286 in [0,9223372036854775807) (!range)
    -> Fact[KB:17] i64 %286 known bits zero=0x9223372036854775808 one=0x0
    -> Fact[LVI:18] i64 %286 in [1,9223372036854775807) (LVI @ )
    -> Fact[RM:19] i64 %292 in [0,9223372036854775807) (!range)
    -> Fact[KB:20] i64 %292 known bits zero=0x9223372036854775808 one=0x0
    -> Fact[LVI:21] i64 %292 in [1,9223372036854775807) (LVI @ )
    -> Fact[RM:22] i64 %298 in [0,9223372036854775807) (!range)
    -> Fact[KB:23] i64 %298 known bits zero=0x9223372036854775808 one=0x0
    -> Fact[LVI:24] i64 %298 in [2,9223372036854775807) (LVI @ )
    -> Fact[RM:25] i64 %310 in [0,9223372036854775807) (!range)
    -> Fact[KB:26] i64 %310 known bits zero=0x9223372036854775808 one=0x0
    -> Fact[LVI:27] i64 %310 in [1,9223372036854775807) (LVI @ )
    -> Fact[RM:28] i64 %316 in [0,9223372036854775807) (!range)
    -> Fact[KB:29] i64 %316 known bits zero=0x9223372036854775808 one=0x0
    -> Fact[LVI:30] i64 %316 in [1,9223372036854775807) (LVI @ )
    -> Fact[RM:31] i64 %322 in [0,9223372036854775807) (!range)
    -> Fact[KB:32] i64 %322 known bits zero=0x9223372036854775808 one=0x0
    -> Fact[LVI:33] i64 %322 in [3,9223372036854775807) (LVI @ )
    -> Fact[RM:34] i64 %334 in [0,9223372036854775807) (!range)
    -> Fact[KB:35] i64 %334 known bits zero=0x9223372036854775808 one=0x0
    -> Fact[LVI:36] i64 %334 in [1,9223372036854775807) (LVI @ )
    -> Fact[RM:37] i64 %340 in [0,9223372036854775807) (!range)
    -> Fact[KB:38] i64 %340 known bits zero=0x9223372036854775808 one=0x0
    -> Fact[LVI:39] i64 %340 in [1,9223372036854775807) (LVI @ )
    -> Fact[RM:40] i64 %346 in [0,9223372036854775807) (!range)
    -> Fact[KB:41] i64 %346 known bits zero=0x9223372036854775808 one=0x0
    -> Fact[LVI:42] i64 %346 in [4,9223372036854775807) (LVI @ )
    -> Fact[RM:43] i64 %359 in [0,9223372036854775807) (!range)
    -> Fact[KB:44] i64 %359 known bits zero=0x9223372036854775808 one=0x0
    -> Fact[LVI:45] i64 %359 in [1,9223372036854775807) (LVI @ )
    -> Fact[RM:46] i64 %366 in [0,9223372036854775807) (!range)
    -> Fact[KB:47] i64 %366 known bits zero=0x9223372036854775808 one=0x0
    -> Fact[LVI:48] i64 %366 in [1,9223372036854775807) (LVI @ )
    -> Fact[RM:49] i64 %372 in [0,9223372036854775807) (!range)
    -> Fact[KB:50] i64 %372 known bits zero=0x9223372036854775808 one=0x0
    -> Fact[LVI:51] i64 %372 in [5,9223372036854775807) (LVI @ )
    -> Fact[RM:52] i64 %385 in [0,9223372036854775807) (!range)
    -> Fact[KB:53] i64 %385 known bits zero=0x9223372036854775808 one=0x0
    -> Fact[LVI:54] i64 %385 in [1,9223372036854775807) (LVI @ )
    -> Fact[RM:55] i64 %392 in [0,9223372036854775807) (!range)
    -> Fact[KB:56] i64 %392 known bits zero=0x9223372036854775808 one=0x0
    -> Fact[LVI:57] i64 %392 in [1,9223372036854775807) (LVI @ )
    -> Fact[RM:58] i64 %398 in [0,9223372036854775807) (!range)
    -> Fact[KB:59] i64 %398 known bits zero=0x9223372036854775808 one=0x0
    -> Fact[LVI:60] i64 %398 in [6,9223372036854775807) (LVI @ )
    -> Fact[RM:61] i64 %411 in [0,9223372036854775807) (!range)
    -> Fact[KB:62] i64 %411 known bits zero=0x9223372036854775808 one=0x0
    -> Fact[LVI:63] i64 %411 in [1,9223372036854775807) (LVI @ )
    -> Fact[RM:64] i64 %418 in [0,9223372036854775807) (!range)
    -> Fact[KB:65] i64 %418 known bits zero=0x9223372036854775808 one=0x0
    -> Fact[LVI:66] i64 %418 in [1,9223372036854775807) (LVI @ )
    -> Fact[RM:67] i64 %424 in [0,9223372036854775807) (!range)
    -> Fact[KB:68] i64 %424 known bits zero=0x9223372036854775808 one=0x0
    -> Fact[LVI:69] i64 %424 in [7,9223372036854775807) (LVI @ )
    -> Fact[RM:70] i64 %437 in [0,9223372036854775807) (!range)
    -> Fact[KB:71] i64 %437 known bits zero=0x9223372036854775808 one=0x0
    -> Fact[LVI:72] i64 %437 in [1,9223372036854775807) (LVI @ )
    -> Fact[LVI:73] i64 %.pre in [1,-9223372036854775808) (LVI @ )
    -> Fact[RM:74] i64 %211 in [0,9223372036854775807) (!range)
    -> Fact[KB:75] i64 %211 known bits zero=0x9223372036854775808 one=0x0
    -> Fact[LVI:76] i64 %188 in [1,9223372036854775807) (LVI @ )
    -> [heavy] 77 analysis fact(s) on 61 boundary value(s)
    -> [ind] trap not in a loop
    -> SAT (WARNING: Potential Integer Overflow Bug Detected!) [Query Latency: 9.074000 ms]
    -> [mv] trap not inside a loop: not versionable
  -> Found UB Trap. Starting Backward Slice...
    -> Guard[0] (true edge of ''):  %.not364.not = icmp ugt i64 %211, %umin361
    -> Guard[1] (false edge of ''):  %198 = icmp eq i64 %.pre, 0
    -> Guard[2] (false edge of '.loopexit319'):  %196 = icmp slt i64 %.pre, 0
    -> Guard[3] (true edge of ''):  %442 = icmp eq i64 %265, %188
    -> Guard[4] (true edge of ''):  %.not259 = icmp samesign ult i64 %264, %437
    -> Guard[5] (false edge of ''):  %425 = icmp samesign ult i64 %424, 7
    -> Guard[6] (true edge of ''):  %.not258 = icmp samesign ult i64 %264, %418
    -> Guard[7] (true edge of ''):  %.not257 = icmp samesign ult i64 %264, %411
    -> Guard[8] (false edge of ''):  %399 = icmp samesign ult i64 %398, 6
    -> Guard[9] (true edge of ''):  %.not256 = icmp samesign ult i64 %264, %392
    -> Guard[10] (true edge of ''):  %.not255 = icmp samesign ult i64 %264, %385
    -> Guard[11] (false edge of ''):  %373 = icmp samesign ult i64 %372, 5
    -> Guard[12] (true edge of ''):  %.not254 = icmp samesign ult i64 %264, %366
    -> Guard[13] (true edge of ''):  %.not253 = icmp samesign ult i64 %264, %359
    -> Guard[14] (false edge of ''):  %347 = icmp samesign ult i64 %346, 4
    -> Guard[15] (true edge of ''):  %.not252 = icmp samesign ult i64 %264, %340
    -> Guard[16] (true edge of ''):  %.not251 = icmp samesign ult i64 %264, %334
    -> Guard[17] (false edge of ''):  %323 = icmp samesign ult i64 %322, 3
    -> Guard[18] (true edge of ''):  %.not250 = icmp samesign ult i64 %264, %316
    -> Guard[19] (true edge of ''):  %.not249 = icmp samesign ult i64 %264, %310
    -> Guard[20] (false edge of ''):  %299 = icmp samesign ult i64 %298, 2
    -> Guard[21] (true edge of ''):  %.not248 = icmp samesign ult i64 %264, %292
    -> Guard[22] (true edge of ''):  %.not247 = icmp samesign ult i64 %264, %286
    -> Guard[23] (false edge of ''):  %275 = icmp eq i64 %274, 0
    -> Guard[24] (true edge of ''):  %.not246 = icmp samesign ult i64 %264, %268
    -> Guard[25] (false edge of ''):  %192 = icmp eq i64 %188, 0
    -> Guard[26] (false edge of ''):  %189 = icmp slt i64 %188, 0
    -> Guard[27] (false edge of ''):  %99 = icmp eq i8 %98, 1
    -> Guard[28] (false edge of ''):  %18 = icmp eq i64 %17, 0
    -> Guard[29] (false edge of 'entry'):  %6 = icmp samesign ult i64 %5, 2
    -> Collected 30 dominating context guard(s).
    -> Frame refused (clobber between loads):  %188 = load i64, ptr @"$s5nbody1nSivp", align 8  vs  %.pre = load i64, ptr @"$s5nbody1nSivp", align 8
         clobber:   call void @swift_endAccess(ptr nonnull %access-scratch46) #2
    -> Frame refused (clobber between loads):  %188 = load i64, ptr @"$s5nbody1nSivp", align 8  vs  %515 = load i64, ptr @"$s5nbody1nSivp", align 8
         clobber: (MemoryPhi: clobber on some incoming arm)
    -> Frame refused (clobber between loads):  %188 = load i64, ptr @"$s5nbody1nSivp", align 8  vs  %519 = load i64, ptr @"$s5nbody1nSivp", align 8
         clobber: (MemoryPhi: clobber on some incoming arm)
    -> Frame refused (clobber between loads):  %188 = load i64, ptr @"$s5nbody1nSivp", align 8  vs  %.pr = load i64, ptr @"$s5nbody1nSivp", align 8
         clobber: (MemoryPhi: clobber on some incoming arm)
    -> Frame refused (clobber between loads):  %188 = load i64, ptr @"$s5nbody1nSivp", align 8  vs  %530 = load i64, ptr @"$s5nbody1nSivp", align 8
         clobber: (MemoryPhi: clobber on some incoming arm)
    -> Frame refused (clobber between loads):  %188 = load i64, ptr @"$s5nbody1nSivp", align 8  vs  %838 = load i64, ptr @"$s5nbody1nSivp", align 8
         clobber: (MemoryPhi: clobber on some incoming arm)
    -> [go3] 0 leaf-closure instruction(s) encoded
    -> Fact[RM:0] i64 %5 in [0,9223372036854775807) (!range)
    -> Fact[KB:1] i64 %5 known bits zero=0x9223372036854775808 one=0x0
    -> Fact[LVI:2] i64 %188 in [1,9223372036854775807) (LVI @ .split)
    -> Fact[KB:3] i64 %264 known bits zero=0x9223372036854775808 one=0x0
    -> Fact[LVI:4] i64 %264 in [0,9223372036854775806) (LVI @ .split)
    -> Fact[SCEV:5] i64 %264 in [0,9223372036854775807) (SCEV unsigned)
    -> Fact[SCEV:6] i64 %264 in [0,9223372036854775807) (SCEV signed)
    -> Fact[SCEVSYM:7] i64 %264 - start(0) <=u BTC((9223372036854775806 umin (-1 + %188))) (SCEV symbolic trip count, sub-form)
    -> Fact[PHIINV-hi:8] i64 %264 == i64 0 || ne(i64 %264, i64 %188) (latch-implied bound, 1-induction)
    -> Fact[PHIINV-lo:9] i64 %264 >=s i64 0 (monotone nsw increments, 1 arm(s))
    -> Fact[RM:10] i64 %268 in [0,9223372036854775807) (!range)
    -> Fact[KB:11] i64 %268 known bits zero=0x9223372036854775808 one=0x0
    -> Fact[LVI:12] i64 %268 in [1,9223372036854775807) (LVI @ .split)
    -> Fact[RM:13] i64 %274 in [0,9223372036854775807) (!range)
    -> Fact[KB:14] i64 %274 known bits zero=0x9223372036854775808 one=0x0
    -> Fact[LVI:15] i64 %274 in [1,9223372036854775807) (LVI @ .split)
    -> Fact[RM:16] i64 %286 in [0,9223372036854775807) (!range)
    -> Fact[KB:17] i64 %286 known bits zero=0x9223372036854775808 one=0x0
    -> Fact[LVI:18] i64 %286 in [1,9223372036854775807) (LVI @ .split)
    -> Fact[RM:19] i64 %292 in [0,9223372036854775807) (!range)
    -> Fact[KB:20] i64 %292 known bits zero=0x9223372036854775808 one=0x0
    -> Fact[LVI:21] i64 %292 in [1,9223372036854775807) (LVI @ .split)
    -> Fact[RM:22] i64 %298 in [0,9223372036854775807) (!range)
    -> Fact[KB:23] i64 %298 known bits zero=0x9223372036854775808 one=0x0
    -> Fact[LVI:24] i64 %298 in [2,9223372036854775807) (LVI @ .split)
    -> Fact[RM:25] i64 %310 in [0,9223372036854775807) (!range)
    -> Fact[KB:26] i64 %310 known bits zero=0x9223372036854775808 one=0x0
    -> Fact[LVI:27] i64 %310 in [1,9223372036854775807) (LVI @ .split)
    -> Fact[RM:28] i64 %316 in [0,9223372036854775807) (!range)
    -> Fact[KB:29] i64 %316 known bits zero=0x9223372036854775808 one=0x0
    -> Fact[LVI:30] i64 %316 in [1,9223372036854775807) (LVI @ .split)
    -> Fact[RM:31] i64 %322 in [0,9223372036854775807) (!range)
    -> Fact[KB:32] i64 %322 known bits zero=0x9223372036854775808 one=0x0
    -> Fact[LVI:33] i64 %322 in [3,9223372036854775807) (LVI @ .split)
    -> Fact[RM:34] i64 %334 in [0,9223372036854775807) (!range)
    -> Fact[KB:35] i64 %334 known bits zero=0x9223372036854775808 one=0x0
    -> Fact[LVI:36] i64 %334 in [1,9223372036854775807) (LVI @ .split)
    -> Fact[RM:37] i64 %340 in [0,9223372036854775807) (!range)
    -> Fact[KB:38] i64 %340 known bits zero=0x9223372036854775808 one=0x0
    -> Fact[LVI:39] i64 %340 in [1,9223372036854775807) (LVI @ .split)
    -> Fact[RM:40] i64 %346 in [0,9223372036854775807) (!range)
    -> Fact[KB:41] i64 %346 known bits zero=0x9223372036854775808 one=0x0
    -> Fact[LVI:42] i64 %346 in [4,9223372036854775807) (LVI @ .split)
    -> Fact[RM:43] i64 %359 in [0,9223372036854775807) (!range)
    -> Fact[KB:44] i64 %359 known bits zero=0x9223372036854775808 one=0x0
    -> Fact[LVI:45] i64 %359 in [1,9223372036854775807) (LVI @ .split)
    -> Fact[RM:46] i64 %366 in [0,9223372036854775807) (!range)
    -> Fact[KB:47] i64 %366 known bits zero=0x9223372036854775808 one=0x0
    -> Fact[LVI:48] i64 %366 in [1,9223372036854775807) (LVI @ .split)
    -> Fact[RM:49] i64 %372 in [0,9223372036854775807) (!range)
    -> Fact[KB:50] i64 %372 known bits zero=0x9223372036854775808 one=0x0
    -> Fact[LVI:51] i64 %372 in [5,9223372036854775807) (LVI @ .split)
    -> Fact[RM:52] i64 %385 in [0,9223372036854775807) (!range)
    -> Fact[KB:53] i64 %385 known bits zero=0x9223372036854775808 one=0x0
    -> Fact[LVI:54] i64 %385 in [1,9223372036854775807) (LVI @ .split)
    -> Fact[RM:55] i64 %392 in [0,9223372036854775807) (!range)
    -> Fact[KB:56] i64 %392 known bits zero=0x9223372036854775808 one=0x0
    -> Fact[LVI:57] i64 %392 in [1,9223372036854775807) (LVI @ .split)
    -> Fact[RM:58] i64 %398 in [0,9223372036854775807) (!range)
    -> Fact[KB:59] i64 %398 known bits zero=0x9223372036854775808 one=0x0
    -> Fact[LVI:60] i64 %398 in [6,9223372036854775807) (LVI @ .split)
    -> Fact[RM:61] i64 %411 in [0,9223372036854775807) (!range)
    -> Fact[KB:62] i64 %411 known bits zero=0x9223372036854775808 one=0x0
    -> Fact[LVI:63] i64 %411 in [1,9223372036854775807) (LVI @ .split)
    -> Fact[RM:64] i64 %418 in [0,9223372036854775807) (!range)
    -> Fact[KB:65] i64 %418 known bits zero=0x9223372036854775808 one=0x0
    -> Fact[LVI:66] i64 %418 in [1,9223372036854775807) (LVI @ .split)
    -> Fact[RM:67] i64 %424 in [0,9223372036854775807) (!range)
    -> Fact[KB:68] i64 %424 known bits zero=0x9223372036854775808 one=0x0
    -> Fact[LVI:69] i64 %424 in [7,9223372036854775807) (LVI @ .split)
    -> Fact[RM:70] i64 %437 in [0,9223372036854775807) (!range)
    -> Fact[KB:71] i64 %437 known bits zero=0x9223372036854775808 one=0x0
    -> Fact[LVI:72] i64 %437 in [1,9223372036854775807) (LVI @ .split)
    -> Fact[LVI:73] i64 %.pre in [1,-9223372036854775808) (LVI @ .split)
    -> Fact[RM:74] i64 %211 in [0,9223372036854775807) (!range)
    -> Fact[KB:75] i64 %211 known bits zero=0x9223372036854775808 one=0x0
    -> Fact[LVI:76] i64 %211 in [1,9223372036854775807) (LVI @ .split)
    -> Fact[RM:77] i64 %218 in [0,9223372036854775807) (!range)
    -> Fact[KB:78] i64 %218 known bits zero=0x9223372036854775808 one=0x0
    -> Fact[LVI:79] i64 %218 in [0,9223372036854775807) (LVI @ .split)
    -> Fact[LVI:80] i64 %188 in [1,9223372036854775807) (LVI @ .split)
    -> [heavy] 81 analysis fact(s) on 61 boundary value(s)
    -> [ind] trap not in a loop
    -> SAT (WARNING: Potential Integer Overflow Bug Detected!) [Query Latency: 8.517542 ms]
    -> [mv] trap not inside a loop: not versionable
  -> Found UB Trap. Starting Backward Slice...
    -> Guard[0] (false edge of '.split'):  %.not365 = icmp eq i64 %219, %umin362
    -> Guard[1] (true edge of ''):  %.not364.not = icmp ugt i64 %211, %umin361
    -> Guard[2] (false edge of ''):  %198 = icmp eq i64 %.pre, 0
    -> Guard[3] (false edge of '.loopexit319'):  %196 = icmp slt i64 %.pre, 0
    -> Guard[4] (true edge of ''):  %442 = icmp eq i64 %265, %188
    -> Guard[5] (true edge of ''):  %.not259 = icmp samesign ult i64 %264, %437
    -> Guard[6] (false edge of ''):  %425 = icmp samesign ult i64 %424, 7
    -> Guard[7] (true edge of ''):  %.not258 = icmp samesign ult i64 %264, %418
    -> Guard[8] (true edge of ''):  %.not257 = icmp samesign ult i64 %264, %411
    -> Guard[9] (false edge of ''):  %399 = icmp samesign ult i64 %398, 6
    -> Guard[10] (true edge of ''):  %.not256 = icmp samesign ult i64 %264, %392
    -> Guard[11] (true edge of ''):  %.not255 = icmp samesign ult i64 %264, %385
    -> Guard[12] (false edge of ''):  %373 = icmp samesign ult i64 %372, 5
    -> Guard[13] (true edge of ''):  %.not254 = icmp samesign ult i64 %264, %366
    -> Guard[14] (true edge of ''):  %.not253 = icmp samesign ult i64 %264, %359
    -> Guard[15] (false edge of ''):  %347 = icmp samesign ult i64 %346, 4
    -> Guard[16] (true edge of ''):  %.not252 = icmp samesign ult i64 %264, %340
    -> Guard[17] (true edge of ''):  %.not251 = icmp samesign ult i64 %264, %334
    -> Guard[18] (false edge of ''):  %323 = icmp samesign ult i64 %322, 3
    -> Guard[19] (true edge of ''):  %.not250 = icmp samesign ult i64 %264, %316
    -> Guard[20] (true edge of ''):  %.not249 = icmp samesign ult i64 %264, %310
    -> Guard[21] (false edge of ''):  %299 = icmp samesign ult i64 %298, 2
    -> Guard[22] (true edge of ''):  %.not248 = icmp samesign ult i64 %264, %292
    -> Guard[23] (true edge of ''):  %.not247 = icmp samesign ult i64 %264, %286
    -> Guard[24] (false edge of ''):  %275 = icmp eq i64 %274, 0
    -> Guard[25] (true edge of ''):  %.not246 = icmp samesign ult i64 %264, %268
    -> Guard[26] (false edge of ''):  %192 = icmp eq i64 %188, 0
    -> Guard[27] (false edge of ''):  %189 = icmp slt i64 %188, 0
    -> Guard[28] (false edge of ''):  %99 = icmp eq i8 %98, 1
    -> Guard[29] (false edge of ''):  %18 = icmp eq i64 %17, 0
    -> Guard[30] (false edge of 'entry'):  %6 = icmp samesign ult i64 %5, 2
    -> Collected 31 dominating context guard(s).
    -> Frame refused (clobber between loads):  %188 = load i64, ptr @"$s5nbody1nSivp", align 8  vs  %.pre = load i64, ptr @"$s5nbody1nSivp", align 8
         clobber:   call void @swift_endAccess(ptr nonnull %access-scratch46) #2
    -> Frame refused (clobber between loads):  %188 = load i64, ptr @"$s5nbody1nSivp", align 8  vs  %515 = load i64, ptr @"$s5nbody1nSivp", align 8
         clobber: (MemoryPhi: clobber on some incoming arm)
    -> Frame refused (clobber between loads):  %188 = load i64, ptr @"$s5nbody1nSivp", align 8  vs  %519 = load i64, ptr @"$s5nbody1nSivp", align 8
         clobber: (MemoryPhi: clobber on some incoming arm)
    -> Frame refused (clobber between loads):  %188 = load i64, ptr @"$s5nbody1nSivp", align 8  vs  %.pr = load i64, ptr @"$s5nbody1nSivp", align 8
         clobber: (MemoryPhi: clobber on some incoming arm)
    -> Frame refused (clobber between loads):  %188 = load i64, ptr @"$s5nbody1nSivp", align 8  vs  %530 = load i64, ptr @"$s5nbody1nSivp", align 8
         clobber: (MemoryPhi: clobber on some incoming arm)
    -> Frame refused (clobber between loads):  %188 = load i64, ptr @"$s5nbody1nSivp", align 8  vs  %838 = load i64, ptr @"$s5nbody1nSivp", align 8
         clobber: (MemoryPhi: clobber on some incoming arm)
    -> [go3] 0 leaf-closure instruction(s) encoded
    -> Fact[RM:0] i64 %5 in [0,9223372036854775807) (!range)
    -> Fact[KB:1] i64 %5 known bits zero=0x9223372036854775808 one=0x0
    -> Fact[LVI:2] i64 %188 in [1,9223372036854775807) (LVI @ .split.split)
    -> Fact[KB:3] i64 %264 known bits zero=0x9223372036854775808 one=0x0
    -> Fact[LVI:4] i64 %264 in [0,9223372036854775806) (LVI @ .split.split)
    -> Fact[SCEV:5] i64 %264 in [0,9223372036854775807) (SCEV unsigned)
    -> Fact[SCEV:6] i64 %264 in [0,9223372036854775807) (SCEV signed)
    -> Fact[SCEVSYM:7] i64 %264 - start(0) <=u BTC((9223372036854775806 umin (-1 + %188))) (SCEV symbolic trip count, sub-form)
    -> Fact[PHIINV-hi:8] i64 %264 == i64 0 || ne(i64 %264, i64 %188) (latch-implied bound, 1-induction)
    -> Fact[PHIINV-lo:9] i64 %264 >=s i64 0 (monotone nsw increments, 1 arm(s))
    -> Fact[RM:10] i64 %268 in [0,9223372036854775807) (!range)
    -> Fact[KB:11] i64 %268 known bits zero=0x9223372036854775808 one=0x0
    -> Fact[LVI:12] i64 %268 in [1,9223372036854775807) (LVI @ .split.split)
    -> Fact[RM:13] i64 %274 in [0,9223372036854775807) (!range)
    -> Fact[KB:14] i64 %274 known bits zero=0x9223372036854775808 one=0x0
    -> Fact[LVI:15] i64 %274 in [1,9223372036854775807) (LVI @ .split.split)
    -> Fact[RM:16] i64 %286 in [0,9223372036854775807) (!range)
    -> Fact[KB:17] i64 %286 known bits zero=0x9223372036854775808 one=0x0
    -> Fact[LVI:18] i64 %286 in [1,9223372036854775807) (LVI @ .split.split)
    -> Fact[RM:19] i64 %292 in [0,9223372036854775807) (!range)
    -> Fact[KB:20] i64 %292 known bits zero=0x9223372036854775808 one=0x0
    -> Fact[LVI:21] i64 %292 in [1,9223372036854775807) (LVI @ .split.split)
    -> Fact[RM:22] i64 %298 in [0,9223372036854775807) (!range)
    -> Fact[KB:23] i64 %298 known bits zero=0x9223372036854775808 one=0x0
    -> Fact[LVI:24] i64 %298 in [2,9223372036854775807) (LVI @ .split.split)
    -> Fact[RM:25] i64 %310 in [0,9223372036854775807) (!range)
    -> Fact[KB:26] i64 %310 known bits zero=0x9223372036854775808 one=0x0
    -> Fact[LVI:27] i64 %310 in [1,9223372036854775807) (LVI @ .split.split)
    -> Fact[RM:28] i64 %316 in [0,9223372036854775807) (!range)
    -> Fact[KB:29] i64 %316 known bits zero=0x9223372036854775808 one=0x0
    -> Fact[LVI:30] i64 %316 in [1,9223372036854775807) (LVI @ .split.split)
    -> Fact[RM:31] i64 %322 in [0,9223372036854775807) (!range)
    -> Fact[KB:32] i64 %322 known bits zero=0x9223372036854775808 one=0x0
    -> Fact[LVI:33] i64 %322 in [3,9223372036854775807) (LVI @ .split.split)
    -> Fact[RM:34] i64 %334 in [0,9223372036854775807) (!range)
    -> Fact[KB:35] i64 %334 known bits zero=0x9223372036854775808 one=0x0
    -> Fact[LVI:36] i64 %334 in [1,9223372036854775807) (LVI @ .split.split)
    -> Fact[RM:37] i64 %340 in [0,9223372036854775807) (!range)
    -> Fact[KB:38] i64 %340 known bits zero=0x9223372036854775808 one=0x0
    -> Fact[LVI:39] i64 %340 in [1,9223372036854775807) (LVI @ .split.split)
    -> Fact[RM:40] i64 %346 in [0,9223372036854775807) (!range)
    -> Fact[KB:41] i64 %346 known bits zero=0x9223372036854775808 one=0x0
    -> Fact[LVI:42] i64 %346 in [4,9223372036854775807) (LVI @ .split.split)
    -> Fact[RM:43] i64 %359 in [0,9223372036854775807) (!range)
    -> Fact[KB:44] i64 %359 known bits zero=0x9223372036854775808 one=0x0
    -> Fact[LVI:45] i64 %359 in [1,9223372036854775807) (LVI @ .split.split)
    -> Fact[RM:46] i64 %366 in [0,9223372036854775807) (!range)
    -> Fact[KB:47] i64 %366 known bits zero=0x9223372036854775808 one=0x0
    -> Fact[LVI:48] i64 %366 in [1,9223372036854775807) (LVI @ .split.split)
    -> Fact[RM:49] i64 %372 in [0,9223372036854775807) (!range)
    -> Fact[KB:50] i64 %372 known bits zero=0x9223372036854775808 one=0x0
    -> Fact[LVI:51] i64 %372 in [5,9223372036854775807) (LVI @ .split.split)
    -> Fact[RM:52] i64 %385 in [0,9223372036854775807) (!range)
    -> Fact[KB:53] i64 %385 known bits zero=0x9223372036854775808 one=0x0
    -> Fact[LVI:54] i64 %385 in [1,9223372036854775807) (LVI @ .split.split)
    -> Fact[RM:55] i64 %392 in [0,9223372036854775807) (!range)
    -> Fact[KB:56] i64 %392 known bits zero=0x9223372036854775808 one=0x0
    -> Fact[LVI:57] i64 %392 in [1,9223372036854775807) (LVI @ .split.split)
    -> Fact[RM:58] i64 %398 in [0,9223372036854775807) (!range)
    -> Fact[KB:59] i64 %398 known bits zero=0x9223372036854775808 one=0x0
    -> Fact[LVI:60] i64 %398 in [6,9223372036854775807) (LVI @ .split.split)
    -> Fact[RM:61] i64 %411 in [0,9223372036854775807) (!range)
    -> Fact[KB:62] i64 %411 known bits zero=0x9223372036854775808 one=0x0
    -> Fact[LVI:63] i64 %411 in [1,9223372036854775807) (LVI @ .split.split)
    -> Fact[RM:64] i64 %418 in [0,9223372036854775807) (!range)
    -> Fact[KB:65] i64 %418 known bits zero=0x9223372036854775808 one=0x0
    -> Fact[LVI:66] i64 %418 in [1,9223372036854775807) (LVI @ .split.split)
    -> Fact[RM:67] i64 %424 in [0,9223372036854775807) (!range)
    -> Fact[KB:68] i64 %424 known bits zero=0x9223372036854775808 one=0x0
    -> Fact[LVI:69] i64 %424 in [7,9223372036854775807) (LVI @ .split.split)
    -> Fact[RM:70] i64 %437 in [0,9223372036854775807) (!range)
    -> Fact[KB:71] i64 %437 known bits zero=0x9223372036854775808 one=0x0
    -> Fact[LVI:72] i64 %437 in [1,9223372036854775807) (LVI @ .split.split)
    -> Fact[LVI:73] i64 %.pre in [1,-9223372036854775808) (LVI @ .split.split)
    -> Fact[RM:74] i64 %211 in [0,9223372036854775807) (!range)
    -> Fact[KB:75] i64 %211 known bits zero=0x9223372036854775808 one=0x0
    -> Fact[LVI:76] i64 %211 in [1,9223372036854775807) (LVI @ .split.split)
    -> Fact[RM:77] i64 %212 in [0,9223372036854775807) (!range)
    -> Fact[KB:78] i64 %212 known bits zero=0x9223372036854775808 one=0x0
    -> Fact[LVI:79] i64 %212 in [0,9223372036854775807) (LVI @ .split.split)
    -> Fact[RM:80] i64 %218 in [0,9223372036854775807) (!range)
    -> Fact[KB:81] i64 %218 known bits zero=0x9223372036854775808 one=0x0
    -> Fact[LVI:82] i64 %218 in [0,9223372036854775807) (LVI @ .split.split)
    -> Fact[LVI:83] i64 %188 in [1,9223372036854775807) (LVI @ .split.split)
    -> [heavy] 84 analysis fact(s) on 62 boundary value(s)
    -> [ind] trap not in a loop
    -> SAT (WARNING: Potential Integer Overflow Bug Detected!) [Query Latency: 7.569125 ms]
    -> [mv] trap not inside a loop: not versionable
  -> Found UB Trap. Starting Backward Slice...
    -> Guard[0] (false edge of '.split.split'):  %.not366 = icmp eq i64 %213, %umin362
    -> Guard[1] (false edge of '.split'):  %.not365 = icmp eq i64 %219, %umin362
    -> Guard[2] (true edge of ''):  %.not364.not = icmp ugt i64 %211, %umin361
    -> Guard[3] (false edge of ''):  %198 = icmp eq i64 %.pre, 0
    -> Guard[4] (false edge of '.loopexit319'):  %196 = icmp slt i64 %.pre, 0
    -> Guard[5] (true edge of ''):  %442 = icmp eq i64 %265, %188
    -> Guard[6] (true edge of ''):  %.not259 = icmp samesign ult i64 %264, %437
    -> Guard[7] (false edge of ''):  %425 = icmp samesign ult i64 %424, 7
    -> Guard[8] (true edge of ''):  %.not258 = icmp samesign ult i64 %264, %418
    -> Guard[9] (true edge of ''):  %.not257 = icmp samesign ult i64 %264, %411
    -> Guard[10] (false edge of ''):  %399 = icmp samesign ult i64 %398, 6
    -> Guard[11] (true edge of ''):  %.not256 = icmp samesign ult i64 %264, %392
    -> Guard[12] (true edge of ''):  %.not255 = icmp samesign ult i64 %264, %385
    -> Guard[13] (false edge of ''):  %373 = icmp samesign ult i64 %372, 5
    -> Guard[14] (true edge of ''):  %.not254 = icmp samesign ult i64 %264, %366
    -> Guard[15] (true edge of ''):  %.not253 = icmp samesign ult i64 %264, %359
    -> Guard[16] (false edge of ''):  %347 = icmp samesign ult i64 %346, 4
    -> Guard[17] (true edge of ''):  %.not252 = icmp samesign ult i64 %264, %340
    -> Guard[18] (true edge of ''):  %.not251 = icmp samesign ult i64 %264, %334
    -> Guard[19] (false edge of ''):  %323 = icmp samesign ult i64 %322, 3
    -> Guard[20] (true edge of ''):  %.not250 = icmp samesign ult i64 %264, %316
    -> Guard[21] (true edge of ''):  %.not249 = icmp samesign ult i64 %264, %310
    -> Guard[22] (false edge of ''):  %299 = icmp samesign ult i64 %298, 2
    -> Guard[23] (true edge of ''):  %.not248 = icmp samesign ult i64 %264, %292
    -> Guard[24] (true edge of ''):  %.not247 = icmp samesign ult i64 %264, %286
    -> Guard[25] (false edge of ''):  %275 = icmp eq i64 %274, 0
    -> Guard[26] (true edge of ''):  %.not246 = icmp samesign ult i64 %264, %268
    -> Guard[27] (false edge of ''):  %192 = icmp eq i64 %188, 0
    -> Guard[28] (false edge of ''):  %189 = icmp slt i64 %188, 0
    -> Guard[29] (false edge of ''):  %99 = icmp eq i8 %98, 1
    -> Guard[30] (false edge of ''):  %18 = icmp eq i64 %17, 0
    -> Guard[31] (false edge of 'entry'):  %6 = icmp samesign ult i64 %5, 2
    -> Collected 32 dominating context guard(s).
    -> Frame refused (clobber between loads):  %188 = load i64, ptr @"$s5nbody1nSivp", align 8  vs  %.pre = load i64, ptr @"$s5nbody1nSivp", align 8
         clobber:   call void @swift_endAccess(ptr nonnull %access-scratch46) #2
    -> Frame refused (clobber between loads):  %188 = load i64, ptr @"$s5nbody1nSivp", align 8  vs  %515 = load i64, ptr @"$s5nbody1nSivp", align 8
         clobber: (MemoryPhi: clobber on some incoming arm)
    -> Frame refused (clobber between loads):  %188 = load i64, ptr @"$s5nbody1nSivp", align 8  vs  %519 = load i64, ptr @"$s5nbody1nSivp", align 8
         clobber: (MemoryPhi: clobber on some incoming arm)
    -> Frame refused (clobber between loads):  %188 = load i64, ptr @"$s5nbody1nSivp", align 8  vs  %.pr = load i64, ptr @"$s5nbody1nSivp", align 8
         clobber: (MemoryPhi: clobber on some incoming arm)
    -> Frame refused (clobber between loads):  %188 = load i64, ptr @"$s5nbody1nSivp", align 8  vs  %530 = load i64, ptr @"$s5nbody1nSivp", align 8
         clobber: (MemoryPhi: clobber on some incoming arm)
    -> Frame refused (clobber between loads):  %188 = load i64, ptr @"$s5nbody1nSivp", align 8  vs  %838 = load i64, ptr @"$s5nbody1nSivp", align 8
         clobber: (MemoryPhi: clobber on some incoming arm)
    -> [go3] 0 leaf-closure instruction(s) encoded
    -> Fact[RM:0] i64 %5 in [0,9223372036854775807) (!range)
    -> Fact[KB:1] i64 %5 known bits zero=0x9223372036854775808 one=0x0
    -> Fact[LVI:2] i64 %188 in [1,9223372036854775807) (LVI @ .split.split.split)
    -> Fact[KB:3] i64 %264 known bits zero=0x9223372036854775808 one=0x0
    -> Fact[LVI:4] i64 %264 in [0,9223372036854775806) (LVI @ .split.split.split)
    -> Fact[SCEV:5] i64 %264 in [0,9223372036854775807) (SCEV unsigned)
    -> Fact[SCEV:6] i64 %264 in [0,9223372036854775807) (SCEV signed)
    -> Fact[SCEVSYM:7] i64 %264 - start(0) <=u BTC((9223372036854775806 umin (-1 + %188))) (SCEV symbolic trip count, sub-form)
    -> Fact[PHIINV-hi:8] i64 %264 == i64 0 || ne(i64 %264, i64 %188) (latch-implied bound, 1-induction)
    -> Fact[PHIINV-lo:9] i64 %264 >=s i64 0 (monotone nsw increments, 1 arm(s))
    -> Fact[RM:10] i64 %268 in [0,9223372036854775807) (!range)
    -> Fact[KB:11] i64 %268 known bits zero=0x9223372036854775808 one=0x0
    -> Fact[LVI:12] i64 %268 in [1,9223372036854775807) (LVI @ .split.split.split)
    -> Fact[RM:13] i64 %274 in [0,9223372036854775807) (!range)
    -> Fact[KB:14] i64 %274 known bits zero=0x9223372036854775808 one=0x0
    -> Fact[LVI:15] i64 %274 in [1,9223372036854775807) (LVI @ .split.split.split)
    -> Fact[RM:16] i64 %286 in [0,9223372036854775807) (!range)
    -> Fact[KB:17] i64 %286 known bits zero=0x9223372036854775808 one=0x0
    -> Fact[LVI:18] i64 %286 in [1,9223372036854775807) (LVI @ .split.split.split)
    -> Fact[RM:19] i64 %292 in [0,9223372036854775807) (!range)
    -> Fact[KB:20] i64 %292 known bits zero=0x9223372036854775808 one=0x0
    -> Fact[LVI:21] i64 %292 in [1,9223372036854775807) (LVI @ .split.split.split)
    -> Fact[RM:22] i64 %298 in [0,9223372036854775807) (!range)
    -> Fact[KB:23] i64 %298 known bits zero=0x9223372036854775808 one=0x0
    -> Fact[LVI:24] i64 %298 in [2,9223372036854775807) (LVI @ .split.split.split)
    -> Fact[RM:25] i64 %310 in [0,9223372036854775807) (!range)
    -> Fact[KB:26] i64 %310 known bits zero=0x9223372036854775808 one=0x0
    -> Fact[LVI:27] i64 %310 in [1,9223372036854775807) (LVI @ .split.split.split)
    -> Fact[RM:28] i64 %316 in [0,9223372036854775807) (!range)
    -> Fact[KB:29] i64 %316 known bits zero=0x9223372036854775808 one=0x0
    -> Fact[LVI:30] i64 %316 in [1,9223372036854775807) (LVI @ .split.split.split)
    -> Fact[RM:31] i64 %322 in [0,9223372036854775807) (!range)
    -> Fact[KB:32] i64 %322 known bits zero=0x9223372036854775808 one=0x0
    -> Fact[LVI:33] i64 %322 in [3,9223372036854775807) (LVI @ .split.split.split)
    -> Fact[RM:34] i64 %334 in [0,9223372036854775807) (!range)
    -> Fact[KB:35] i64 %334 known bits zero=0x9223372036854775808 one=0x0
    -> Fact[LVI:36] i64 %334 in [1,9223372036854775807) (LVI @ .split.split.split)
    -> Fact[RM:37] i64 %340 in [0,9223372036854775807) (!range)
    -> Fact[KB:38] i64 %340 known bits zero=0x9223372036854775808 one=0x0
    -> Fact[LVI:39] i64 %340 in [1,9223372036854775807) (LVI @ .split.split.split)
    -> Fact[RM:40] i64 %346 in [0,9223372036854775807) (!range)
    -> Fact[KB:41] i64 %346 known bits zero=0x9223372036854775808 one=0x0
    -> Fact[LVI:42] i64 %346 in [4,9223372036854775807) (LVI @ .split.split.split)
    -> Fact[RM:43] i64 %359 in [0,9223372036854775807) (!range)
    -> Fact[KB:44] i64 %359 known bits zero=0x9223372036854775808 one=0x0
    -> Fact[LVI:45] i64 %359 in [1,9223372036854775807) (LVI @ .split.split.split)
    -> Fact[RM:46] i64 %366 in [0,9223372036854775807) (!range)
    -> Fact[KB:47] i64 %366 known bits zero=0x9223372036854775808 one=0x0
    -> Fact[LVI:48] i64 %366 in [1,9223372036854775807) (LVI @ .split.split.split)
    -> Fact[RM:49] i64 %372 in [0,9223372036854775807) (!range)
    -> Fact[KB:50] i64 %372 known bits zero=0x9223372036854775808 one=0x0
    -> Fact[LVI:51] i64 %372 in [5,9223372036854775807) (LVI @ .split.split.split)
    -> Fact[RM:52] i64 %385 in [0,9223372036854775807) (!range)
    -> Fact[KB:53] i64 %385 known bits zero=0x9223372036854775808 one=0x0
    -> Fact[LVI:54] i64 %385 in [1,9223372036854775807) (LVI @ .split.split.split)
    -> Fact[RM:55] i64 %392 in [0,9223372036854775807) (!range)
    -> Fact[KB:56] i64 %392 known bits zero=0x9223372036854775808 one=0x0
    -> Fact[LVI:57] i64 %392 in [1,9223372036854775807) (LVI @ .split.split.split)
    -> Fact[RM:58] i64 %398 in [0,9223372036854775807) (!range)
    -> Fact[KB:59] i64 %398 known bits zero=0x9223372036854775808 one=0x0
    -> Fact[LVI:60] i64 %398 in [6,9223372036854775807) (LVI @ .split.split.split)
    -> Fact[RM:61] i64 %411 in [0,9223372036854775807) (!range)
    -> Fact[KB:62] i64 %411 known bits zero=0x9223372036854775808 one=0x0
    -> Fact[LVI:63] i64 %411 in [1,9223372036854775807) (LVI @ .split.split.split)
    -> Fact[RM:64] i64 %418 in [0,9223372036854775807) (!range)
    -> Fact[KB:65] i64 %418 known bits zero=0x9223372036854775808 one=0x0
    -> Fact[LVI:66] i64 %418 in [1,9223372036854775807) (LVI @ .split.split.split)
    -> Fact[RM:67] i64 %424 in [0,9223372036854775807) (!range)
    -> Fact[KB:68] i64 %424 known bits zero=0x9223372036854775808 one=0x0
    -> Fact[LVI:69] i64 %424 in [7,9223372036854775807) (LVI @ .split.split.split)
    -> Fact[RM:70] i64 %437 in [0,9223372036854775807) (!range)
    -> Fact[KB:71] i64 %437 known bits zero=0x9223372036854775808 one=0x0
    -> Fact[LVI:72] i64 %437 in [1,9223372036854775807) (LVI @ .split.split.split)
    -> Fact[LVI:73] i64 %.pre in [1,-9223372036854775808) (LVI @ .split.split.split)
    -> Fact[RM:74] i64 %211 in [0,9223372036854775807) (!range)
    -> Fact[KB:75] i64 %211 known bits zero=0x9223372036854775808 one=0x0
    -> Fact[LVI:76] i64 %211 in [1,9223372036854775807) (LVI @ .split.split.split)
    -> Fact[RM:77] i64 %212 in [0,9223372036854775807) (!range)
    -> Fact[KB:78] i64 %212 known bits zero=0x9223372036854775808 one=0x0
    -> Fact[LVI:79] i64 %212 in [0,9223372036854775807) (LVI @ .split.split.split)
    -> Fact[RM:80] i64 %214 in [0,9223372036854775807) (!range)
    -> Fact[KB:81] i64 %214 known bits zero=0x9223372036854775808 one=0x0
    -> Fact[LVI:82] i64 %214 in [0,9223372036854775807) (LVI @ .split.split.split)
    -> Fact[RM:83] i64 %218 in [0,9223372036854775807) (!range)
    -> Fact[KB:84] i64 %218 known bits zero=0x9223372036854775808 one=0x0
    -> Fact[LVI:85] i64 %218 in [0,9223372036854775807) (LVI @ .split.split.split)
    -> Fact[LVI:86] i64 %188 in [1,9223372036854775807) (LVI @ .split.split.split)
    -> [heavy] 87 analysis fact(s) on 63 boundary value(s)
    -> [ind] trap not in a loop
    -> SAT (WARNING: Potential Integer Overflow Bug Detected!) [Query Latency: 4.258542 ms]
    -> [mv] trap not inside a loop: not versionable
  -> Found UB Trap. Starting Backward Slice...
    -> Guard[0] (false edge of ''):  %189 = icmp slt i64 %188, 0
    -> Guard[1] (false edge of ''):  %99 = icmp eq i8 %98, 1
    -> Guard[2] (false edge of ''):  %18 = icmp eq i64 %17, 0
    -> Guard[3] (false edge of 'entry'):  %6 = icmp samesign ult i64 %5, 2
    -> Collected 4 dominating context guard(s).
    -> Frame refused (clobber between loads):  %188 = load i64, ptr @"$s5nbody1nSivp", align 8  vs  %.pre = load i64, ptr @"$s5nbody1nSivp", align 8
         clobber:   call void @swift_endAccess(ptr nonnull %access-scratch46) #2
    -> Frame refused (clobber between loads):  %188 = load i64, ptr @"$s5nbody1nSivp", align 8  vs  %515 = load i64, ptr @"$s5nbody1nSivp", align 8
         clobber: (MemoryPhi: clobber on some incoming arm)
    -> Frame refused (clobber between loads):  %188 = load i64, ptr @"$s5nbody1nSivp", align 8  vs  %519 = load i64, ptr @"$s5nbody1nSivp", align 8
         clobber: (MemoryPhi: clobber on some incoming arm)
    -> Frame refused (clobber between loads):  %188 = load i64, ptr @"$s5nbody1nSivp", align 8  vs  %.pr = load i64, ptr @"$s5nbody1nSivp", align 8
         clobber: (MemoryPhi: clobber on some incoming arm)
    -> Frame refused (clobber between loads):  %188 = load i64, ptr @"$s5nbody1nSivp", align 8  vs  %530 = load i64, ptr @"$s5nbody1nSivp", align 8
         clobber: (MemoryPhi: clobber on some incoming arm)
    -> Frame refused (clobber between loads):  %188 = load i64, ptr @"$s5nbody1nSivp", align 8  vs  %838 = load i64, ptr @"$s5nbody1nSivp", align 8
         clobber: (MemoryPhi: clobber on some incoming arm)
    -> Fact[RM:0] i64 %5 in [0,9223372036854775807) (!range)
    -> Fact[KB:1] i64 %5 known bits zero=0x9223372036854775808 one=0x0
    -> Fact[LVI:2] i64 %188 in [0,9223372036854775807) (LVI @ )
    -> Fact[RM:3] i64 %453 in [0,9223372036854775807) (!range)
    -> Fact[KB:4] i64 %453 known bits zero=0x9223372036854775808 one=0x0
    -> [heavy] 5 analysis fact(s) on 36 boundary value(s)
    -> [ind] trap not in a loop
    -> SAT (WARNING: Potential Integer Overflow Bug Detected!) [Query Latency: 2.694750 ms]
    -> [mv] trap not inside a loop: not versionable
  -> Found UB Trap. Starting Backward Slice...
    -> Guard[0] (false edge of ''):  %454 = icmp eq i64 %453, 0
    -> Guard[1] (false edge of ''):  %189 = icmp slt i64 %188, 0
    -> Guard[2] (false edge of ''):  %99 = icmp eq i8 %98, 1
    -> Guard[3] (false edge of ''):  %18 = icmp eq i64 %17, 0
    -> Guard[4] (false edge of 'entry'):  %6 = icmp samesign ult i64 %5, 2
    -> Collected 5 dominating context guard(s).
    -> Frame refused (clobber between loads):  %188 = load i64, ptr @"$s5nbody1nSivp", align 8  vs  %.pre = load i64, ptr @"$s5nbody1nSivp", align 8
         clobber:   call void @swift_endAccess(ptr nonnull %access-scratch46) #2
    -> Frame refused (clobber between loads):  %188 = load i64, ptr @"$s5nbody1nSivp", align 8  vs  %515 = load i64, ptr @"$s5nbody1nSivp", align 8
         clobber: (MemoryPhi: clobber on some incoming arm)
    -> Frame refused (clobber between loads):  %188 = load i64, ptr @"$s5nbody1nSivp", align 8  vs  %519 = load i64, ptr @"$s5nbody1nSivp", align 8
         clobber: (MemoryPhi: clobber on some incoming arm)
    -> Frame refused (clobber between loads):  %188 = load i64, ptr @"$s5nbody1nSivp", align 8  vs  %.pr = load i64, ptr @"$s5nbody1nSivp", align 8
         clobber: (MemoryPhi: clobber on some incoming arm)
    -> Frame refused (clobber between loads):  %188 = load i64, ptr @"$s5nbody1nSivp", align 8  vs  %530 = load i64, ptr @"$s5nbody1nSivp", align 8
         clobber: (MemoryPhi: clobber on some incoming arm)
    -> Frame refused (clobber between loads):  %188 = load i64, ptr @"$s5nbody1nSivp", align 8  vs  %838 = load i64, ptr @"$s5nbody1nSivp", align 8
         clobber: (MemoryPhi: clobber on some incoming arm)
    -> Fact[RM:0] i64 %5 in [0,9223372036854775807) (!range)
    -> Fact[KB:1] i64 %5 known bits zero=0x9223372036854775808 one=0x0
    -> Fact[LVI:2] i64 %188 in [0,9223372036854775807) (LVI @ )
    -> Fact[RM:3] i64 %453 in [0,9223372036854775807) (!range)
    -> Fact[KB:4] i64 %453 known bits zero=0x9223372036854775808 one=0x0
    -> Fact[LVI:5] i64 %453 in [1,9223372036854775807) (LVI @ )
    -> Fact[RM:6] i64 %468 in [0,9223372036854775807) (!range)
    -> Fact[KB:7] i64 %468 known bits zero=0x9223372036854775808 one=0x0
    -> [heavy] 8 analysis fact(s) on 37 boundary value(s)
    -> [ind] trap not in a loop
    -> SAT (WARNING: Potential Integer Overflow Bug Detected!) [Query Latency: 3.056041 ms]
    -> [mv] trap not inside a loop: not versionable
  -> Found UB Trap. Starting Backward Slice...
    -> Guard[0] (false edge of ''):  %469 = icmp eq i64 %468, 0
    -> Guard[1] (false edge of ''):  %454 = icmp eq i64 %453, 0
    -> Guard[2] (false edge of ''):  %189 = icmp slt i64 %188, 0
    -> Guard[3] (false edge of ''):  %99 = icmp eq i8 %98, 1
    -> Guard[4] (false edge of ''):  %18 = icmp eq i64 %17, 0
    -> Guard[5] (false edge of 'entry'):  %6 = icmp samesign ult i64 %5, 2
    -> Collected 6 dominating context guard(s).
    -> Frame refused (clobber between loads):  %188 = load i64, ptr @"$s5nbody1nSivp", align 8  vs  %.pre = load i64, ptr @"$s5nbody1nSivp", align 8
         clobber:   call void @swift_endAccess(ptr nonnull %access-scratch46) #2
    -> Frame refused (clobber between loads):  %188 = load i64, ptr @"$s5nbody1nSivp", align 8  vs  %515 = load i64, ptr @"$s5nbody1nSivp", align 8
         clobber: (MemoryPhi: clobber on some incoming arm)
    -> Frame refused (clobber between loads):  %188 = load i64, ptr @"$s5nbody1nSivp", align 8  vs  %519 = load i64, ptr @"$s5nbody1nSivp", align 8
         clobber: (MemoryPhi: clobber on some incoming arm)
    -> Frame refused (clobber between loads):  %188 = load i64, ptr @"$s5nbody1nSivp", align 8  vs  %.pr = load i64, ptr @"$s5nbody1nSivp", align 8
         clobber: (MemoryPhi: clobber on some incoming arm)
    -> Frame refused (clobber between loads):  %188 = load i64, ptr @"$s5nbody1nSivp", align 8  vs  %530 = load i64, ptr @"$s5nbody1nSivp", align 8
         clobber: (MemoryPhi: clobber on some incoming arm)
    -> Frame refused (clobber between loads):  %188 = load i64, ptr @"$s5nbody1nSivp", align 8  vs  %838 = load i64, ptr @"$s5nbody1nSivp", align 8
         clobber: (MemoryPhi: clobber on some incoming arm)
    -> Fact[RM:0] i64 %5 in [0,9223372036854775807) (!range)
    -> Fact[KB:1] i64 %5 known bits zero=0x9223372036854775808 one=0x0
    -> Fact[LVI:2] i64 %188 in [0,9223372036854775807) (LVI @ )
    -> Fact[RM:3] i64 %453 in [0,9223372036854775807) (!range)
    -> Fact[KB:4] i64 %453 known bits zero=0x9223372036854775808 one=0x0
    -> Fact[LVI:5] i64 %453 in [1,9223372036854775807) (LVI @ )
    -> Fact[RM:6] i64 %468 in [0,9223372036854775807) (!range)
    -> Fact[KB:7] i64 %468 known bits zero=0x9223372036854775808 one=0x0
    -> Fact[LVI:8] i64 %468 in [1,9223372036854775807) (LVI @ )
    -> Fact[RM:9] i64 %483 in [0,9223372036854775807) (!range)
    -> Fact[KB:10] i64 %483 known bits zero=0x9223372036854775808 one=0x0
    -> [heavy] 11 analysis fact(s) on 38 boundary value(s)
    -> [ind] trap not in a loop
    -> SAT (WARNING: Potential Integer Overflow Bug Detected!) [Query Latency: 2.244000 ms]
    -> [mv] trap not inside a loop: not versionable
  -> Found UB Trap. Starting Backward Slice...
    -> Guard[0] (false edge of ''):  %484 = icmp eq i64 %483, 0
    -> Guard[1] (false edge of ''):  %469 = icmp eq i64 %468, 0
    -> Guard[2] (false edge of ''):  %454 = icmp eq i64 %453, 0
    -> Guard[3] (false edge of ''):  %189 = icmp slt i64 %188, 0
    -> Guard[4] (false edge of ''):  %99 = icmp eq i8 %98, 1
    -> Guard[5] (false edge of ''):  %18 = icmp eq i64 %17, 0
    -> Guard[6] (false edge of 'entry'):  %6 = icmp samesign ult i64 %5, 2
    -> Collected 7 dominating context guard(s).
    -> Frame refused (clobber between loads):  %188 = load i64, ptr @"$s5nbody1nSivp", align 8  vs  %.pre = load i64, ptr @"$s5nbody1nSivp", align 8
         clobber:   call void @swift_endAccess(ptr nonnull %access-scratch46) #2
    -> Frame refused (clobber between loads):  %188 = load i64, ptr @"$s5nbody1nSivp", align 8  vs  %515 = load i64, ptr @"$s5nbody1nSivp", align 8
         clobber: (MemoryPhi: clobber on some incoming arm)
    -> Frame refused (clobber between loads):  %188 = load i64, ptr @"$s5nbody1nSivp", align 8  vs  %519 = load i64, ptr @"$s5nbody1nSivp", align 8
         clobber: (MemoryPhi: clobber on some incoming arm)
    -> Frame refused (clobber between loads):  %188 = load i64, ptr @"$s5nbody1nSivp", align 8  vs  %.pr = load i64, ptr @"$s5nbody1nSivp", align 8
         clobber: (MemoryPhi: clobber on some incoming arm)
    -> Frame refused (clobber between loads):  %188 = load i64, ptr @"$s5nbody1nSivp", align 8  vs  %530 = load i64, ptr @"$s5nbody1nSivp", align 8
         clobber: (MemoryPhi: clobber on some incoming arm)
    -> Frame refused (clobber between loads):  %188 = load i64, ptr @"$s5nbody1nSivp", align 8  vs  %838 = load i64, ptr @"$s5nbody1nSivp", align 8
         clobber: (MemoryPhi: clobber on some incoming arm)
    -> Fact[RM:0] i64 %5 in [0,9223372036854775807) (!range)
    -> Fact[KB:1] i64 %5 known bits zero=0x9223372036854775808 one=0x0
    -> Fact[LVI:2] i64 %188 in [0,9223372036854775807) (LVI @ )
    -> Fact[RM:3] i64 %453 in [0,9223372036854775807) (!range)
    -> Fact[KB:4] i64 %453 known bits zero=0x9223372036854775808 one=0x0
    -> Fact[LVI:5] i64 %453 in [1,9223372036854775807) (LVI @ )
    -> Fact[RM:6] i64 %468 in [0,9223372036854775807) (!range)
    -> Fact[KB:7] i64 %468 known bits zero=0x9223372036854775808 one=0x0
    -> Fact[LVI:8] i64 %468 in [1,9223372036854775807) (LVI @ )
    -> Fact[RM:9] i64 %483 in [0,9223372036854775807) (!range)
    -> Fact[KB:10] i64 %483 known bits zero=0x9223372036854775808 one=0x0
    -> Fact[LVI:11] i64 %483 in [1,9223372036854775807) (LVI @ )
    -> [heavy] 12 analysis fact(s) on 39 boundary value(s)
    -> [ind] trap not in a loop
    -> SAT (WARNING: Potential Integer Overflow Bug Detected!) [Query Latency: 3.166208 ms]
    -> [mv] trap not inside a loop: not versionable
  -> Found UB Trap. Starting Backward Slice...
    -> Guard[0] (false edge of ''):  %492 = icmp eq i64 %489, 0
    -> Guard[1] (false edge of ''):  %490 = icmp slt i64 %489, 0
    -> Guard[2] (false edge of ''):  %484 = icmp eq i64 %483, 0
    -> Guard[3] (false edge of ''):  %469 = icmp eq i64 %468, 0
    -> Guard[4] (false edge of ''):  %454 = icmp eq i64 %453, 0
    -> Guard[5] (false edge of ''):  %189 = icmp slt i64 %188, 0
    -> Guard[6] (false edge of ''):  %99 = icmp eq i8 %98, 1
    -> Guard[7] (false edge of ''):  %18 = icmp eq i64 %17, 0
    -> Guard[8] (false edge of 'entry'):  %6 = icmp samesign ult i64 %5, 2
    -> Collected 9 dominating context guard(s).
    -> Frame refused (clobber between loads):  %188 = load i64, ptr @"$s5nbody1nSivp", align 8  vs  %.pre = load i64, ptr @"$s5nbody1nSivp", align 8
         clobber:   call void @swift_endAccess(ptr nonnull %access-scratch46) #2
    -> Frame refused (clobber between loads):  %188 = load i64, ptr @"$s5nbody1nSivp", align 8  vs  %515 = load i64, ptr @"$s5nbody1nSivp", align 8
         clobber: (MemoryPhi: clobber on some incoming arm)
    -> Frame refused (clobber between loads):  %188 = load i64, ptr @"$s5nbody1nSivp", align 8  vs  %519 = load i64, ptr @"$s5nbody1nSivp", align 8
         clobber: (MemoryPhi: clobber on some incoming arm)
    -> Frame refused (clobber between loads):  %188 = load i64, ptr @"$s5nbody1nSivp", align 8  vs  %.pr = load i64, ptr @"$s5nbody1nSivp", align 8
         clobber: (MemoryPhi: clobber on some incoming arm)
    -> Frame refused (clobber between loads):  %188 = load i64, ptr @"$s5nbody1nSivp", align 8  vs  %530 = load i64, ptr @"$s5nbody1nSivp", align 8
         clobber: (MemoryPhi: clobber on some incoming arm)
    -> Frame refused (clobber between loads):  %188 = load i64, ptr @"$s5nbody1nSivp", align 8  vs  %838 = load i64, ptr @"$s5nbody1nSivp", align 8
         clobber: (MemoryPhi: clobber on some incoming arm)
    -> Fact[RM:0] i64 %5 in [0,9223372036854775807) (!range)
    -> Fact[KB:1] i64 %5 known bits zero=0x9223372036854775808 one=0x0
    -> Fact[RM:2] i64 %453 in [0,9223372036854775807) (!range)
    -> Fact[KB:3] i64 %453 known bits zero=0x9223372036854775808 one=0x0
    -> Fact[RM:4] i64 %468 in [0,9223372036854775807) (!range)
    -> Fact[KB:5] i64 %468 known bits zero=0x9223372036854775808 one=0x0
    -> Fact[RM:6] i64 %483 in [0,9223372036854775807) (!range)
    -> Fact[KB:7] i64 %483 known bits zero=0x9223372036854775808 one=0x0
    -> [heavy] 8 analysis fact(s) on 40 boundary value(s)
    -> [mv] T3: not a bounds shape (idx vs invariant count)
    -> [ind L0] BASE (1 phi(s) = entry): SAT (WARNING: Potential Integer Overflow Bug Detected!) [Query Latency: 0.699333 ms]
    -> SAT (WARNING: Potential Integer Overflow Bug Detected!) [Query Latency: 1.775708 ms]
    -> [mv] still SAT under 24 hypothesis candidate(s): not versionable
  -> Found UB Trap. Starting Backward Slice...
    -> Guard[0] (false edge of ''):  %518 = icmp eq i64 %515, 0
    -> Guard[1] (false edge of '.preheader317.preheader'):  %516 = icmp slt i64 %515, 0
    -> Guard[2] (false edge of ''):  %492 = icmp eq i64 %489, 0
    -> Guard[3] (false edge of ''):  %490 = icmp slt i64 %489, 0
    -> Guard[4] (false edge of ''):  %484 = icmp eq i64 %483, 0
    -> Guard[5] (false edge of ''):  %469 = icmp eq i64 %468, 0
    -> Guard[6] (false edge of ''):  %454 = icmp eq i64 %453, 0
    -> Guard[7] (false edge of ''):  %189 = icmp slt i64 %188, 0
    -> Guard[8] (false edge of ''):  %99 = icmp eq i8 %98, 1
    -> Guard[9] (false edge of ''):  %18 = icmp eq i64 %17, 0
    -> Guard[10] (false edge of 'entry'):  %6 = icmp samesign ult i64 %5, 2
    -> Collected 11 dominating context guard(s).
    -> Frame refused (clobber between loads):  %188 = load i64, ptr @"$s5nbody1nSivp", align 8  vs  %.pre = load i64, ptr @"$s5nbody1nSivp", align 8
         clobber:   call void @swift_endAccess(ptr nonnull %access-scratch46) #2
    -> Frame refused (clobber between loads):  %188 = load i64, ptr @"$s5nbody1nSivp", align 8  vs  %515 = load i64, ptr @"$s5nbody1nSivp", align 8
         clobber: (MemoryPhi: clobber on some incoming arm)
    -> Frame refused (clobber between loads):  %188 = load i64, ptr @"$s5nbody1nSivp", align 8  vs  %519 = load i64, ptr @"$s5nbody1nSivp", align 8
         clobber: (MemoryPhi: clobber on some incoming arm)
    -> Frame refused (clobber between loads):  %188 = load i64, ptr @"$s5nbody1nSivp", align 8  vs  %.pr = load i64, ptr @"$s5nbody1nSivp", align 8
         clobber: (MemoryPhi: clobber on some incoming arm)
    -> Frame refused (clobber between loads):  %188 = load i64, ptr @"$s5nbody1nSivp", align 8  vs  %530 = load i64, ptr @"$s5nbody1nSivp", align 8
         clobber: (MemoryPhi: clobber on some incoming arm)
    -> Frame refused (clobber between loads):  %188 = load i64, ptr @"$s5nbody1nSivp", align 8  vs  %838 = load i64, ptr @"$s5nbody1nSivp", align 8
         clobber: (MemoryPhi: clobber on some incoming arm)
    -> [go3] 0 leaf-closure instruction(s) encoded
    -> Fact[RM:0] i64 %5 in [0,9223372036854775807) (!range)
    -> Fact[KB:1] i64 %5 known bits zero=0x9223372036854775808 one=0x0
    -> Fact[RM:2] i64 %453 in [0,9223372036854775807) (!range)
    -> Fact[KB:3] i64 %453 known bits zero=0x9223372036854775808 one=0x0
    -> Fact[RM:4] i64 %468 in [0,9223372036854775807) (!range)
    -> Fact[KB:5] i64 %468 known bits zero=0x9223372036854775808 one=0x0
    -> Fact[RM:6] i64 %483 in [0,9223372036854775807) (!range)
    -> Fact[KB:7] i64 %483 known bits zero=0x9223372036854775808 one=0x0
    -> Fact[KB:8] i64 %528 known bits zero=0x9223372036854775808 one=0x0
    -> Fact[SCEV:9] i64 %528 in [0,9223372036854775807) (SCEV unsigned)
    -> Fact[SCEV:10] i64 %528 in [0,9223372036854775807) (SCEV signed)
    -> Fact[SCEVSYM:11] i64 %528 - start(0) <=u BTC((-1 + %515)) (SCEV symbolic trip count, sub-form)
    -> Fact[PHIINV-hi:12] i64 %528 == i64 0 || ne(i64 %528, i64 %515) (latch-implied bound, 1-induction)
    -> Fact[PHIINV-lo:13] i64 %528 >=s i64 0 (monotone nsw increments, 1 arm(s))
    -> [heavy] 14 analysis fact(s) on 42 boundary value(s)
    -> [mv] T3: not a bounds shape (idx vs invariant count)
    -> [ind L0] BASE (1 phi(s) = entry): SAT (WARNING: Potential Integer Overflow Bug Detected!) [Query Latency: 0.784458 ms]
    -> [ind L1] BASE (1 phi(s) = entry): SAT (WARNING: Potential Integer Overflow Bug Detected!) [Query Latency: 0.846750 ms]
    -> SAT (WARNING: Potential Integer Overflow Bug Detected!) [Query Latency: 5.844458 ms]
    -> [mv] still SAT under 30 hypothesis candidate(s): not versionable
  -> Found UB Trap. Starting Backward Slice...
    -> Guard[0] (false edge of ''):  %532 = icmp eq i64 %529, %530
    -> Guard[1] (true edge of '.preheader316.preheader'):  %.not368 = icmp sgt i64 %530, %528
    -> Guard[2] (false edge of ''):  %518 = icmp eq i64 %515, 0
    -> Guard[3] (false edge of '.preheader317.preheader'):  %516 = icmp slt i64 %515, 0
    -> Guard[4] (false edge of ''):  %492 = icmp eq i64 %489, 0
    -> Guard[5] (false edge of ''):  %490 = icmp slt i64 %489, 0
    -> Guard[6] (false edge of ''):  %484 = icmp eq i64 %483, 0
    -> Guard[7] (false edge of ''):  %469 = icmp eq i64 %468, 0
    -> Guard[8] (false edge of ''):  %454 = icmp eq i64 %453, 0
    -> Guard[9] (false edge of ''):  %189 = icmp slt i64 %188, 0
    -> Guard[10] (false edge of ''):  %99 = icmp eq i8 %98, 1
    -> Guard[11] (false edge of ''):  %18 = icmp eq i64 %17, 0
    -> Guard[12] (false edge of 'entry'):  %6 = icmp samesign ult i64 %5, 2
    -> Collected 13 dominating context guard(s).
    -> Frame refused (clobber between loads):  %188 = load i64, ptr @"$s5nbody1nSivp", align 8  vs  %.pre = load i64, ptr @"$s5nbody1nSivp", align 8
         clobber:   call void @swift_endAccess(ptr nonnull %access-scratch46) #2
    -> Frame refused (clobber between loads):  %188 = load i64, ptr @"$s5nbody1nSivp", align 8  vs  %515 = load i64, ptr @"$s5nbody1nSivp", align 8
         clobber: (MemoryPhi: clobber on some incoming arm)
    -> Frame refused (clobber between loads):  %188 = load i64, ptr @"$s5nbody1nSivp", align 8  vs  %519 = load i64, ptr @"$s5nbody1nSivp", align 8
         clobber: (MemoryPhi: clobber on some incoming arm)
    -> Frame refused (clobber between loads):  %188 = load i64, ptr @"$s5nbody1nSivp", align 8  vs  %.pr = load i64, ptr @"$s5nbody1nSivp", align 8
         clobber: (MemoryPhi: clobber on some incoming arm)
    -> Frame refused (clobber between loads):  %188 = load i64, ptr @"$s5nbody1nSivp", align 8  vs  %530 = load i64, ptr @"$s5nbody1nSivp", align 8
         clobber: (MemoryPhi: clobber on some incoming arm)
    -> Frame refused (clobber between loads):  %188 = load i64, ptr @"$s5nbody1nSivp", align 8  vs  %838 = load i64, ptr @"$s5nbody1nSivp", align 8
         clobber: (MemoryPhi: clobber on some incoming arm)
    -> [go3] 0 leaf-closure instruction(s) encoded
    -> Fact[RM:0] i64 %5 in [0,9223372036854775807) (!range)
    -> Fact[KB:1] i64 %5 known bits zero=0x9223372036854775808 one=0x0
    -> Fact[RM:2] i64 %453 in [0,9223372036854775807) (!range)
    -> Fact[KB:3] i64 %453 known bits zero=0x9223372036854775808 one=0x0
    -> Fact[RM:4] i64 %468 in [0,9223372036854775807) (!range)
    -> Fact[KB:5] i64 %468 known bits zero=0x9223372036854775808 one=0x0
    -> Fact[RM:6] i64 %483 in [0,9223372036854775807) (!range)
    -> Fact[KB:7] i64 %483 known bits zero=0x9223372036854775808 one=0x0
    -> Fact[KB:8] i64 %528 known bits zero=0x9223372036854775808 one=0x0
    -> Fact[LVI:9] i64 %528 in [-9223372036854775808,9223372036854775807) (LVI @ )
    -> Fact[SCEV:10] i64 %528 in [0,9223372036854775807) (SCEV unsigned)
    -> Fact[SCEV:11] i64 %528 in [0,9223372036854775807) (SCEV signed)
    -> Fact[SCEVSYM:12] i64 %528 - start(0) <=u BTC((-1 + %515)) (SCEV symbolic trip count, sub-form)
    -> Fact[PHIINV-hi:13] i64 %528 == i64 0 || ne(i64 %528, i64 %515) (latch-implied bound, 1-induction)
    -> Fact[PHIINV-lo:14] i64 %528 >=s i64 0 (monotone nsw increments, 1 arm(s))
    -> Fact[RM:15] i64 %540 in [0,9223372036854775807) (!range)
    -> Fact[KB:16] i64 %540 known bits zero=0x9223372036854775808 one=0x0
    -> [heavy] 17 analysis fact(s) on 43 boundary value(s)
    -> [mv] T3: not a bounds shape (idx vs invariant count)
    -> [ind L0] BASE (1 phi(s) = entry): SAT (WARNING: Potential Integer Overflow Bug Detected!) [Query Latency: 0.890083 ms]
    -> [ind L1] BASE (1 phi(s) = entry): SAT (WARNING: Potential Integer Overflow Bug Detected!) [Query Latency: 0.921709 ms]
    -> [ind L2] BASE (1 phi(s) = entry): SAT (WARNING: Potential Integer Overflow Bug Detected!) [Query Latency: 0.924958 ms]
    -> SAT (WARNING: Potential Integer Overflow Bug Detected!) [Query Latency: 3.978625 ms]
    -> [mv] still SAT under 36 hypothesis candidate(s): not versionable
  -> Found UB Trap. Starting Backward Slice...
    -> Guard[0] (true edge of ''):  %.not267 = icmp samesign ult i64 %528, %540
    -> Guard[1] (false edge of ''):  %532 = icmp eq i64 %529, %530
    -> Guard[2] (true edge of '.preheader316.preheader'):  %.not368 = icmp sgt i64 %530, %528
    -> Guard[3] (false edge of ''):  %518 = icmp eq i64 %515, 0
    -> Guard[4] (false edge of '.preheader317.preheader'):  %516 = icmp slt i64 %515, 0
    -> Guard[5] (false edge of ''):  %492 = icmp eq i64 %489, 0
    -> Guard[6] (false edge of ''):  %490 = icmp slt i64 %489, 0
    -> Guard[7] (false edge of ''):  %484 = icmp eq i64 %483, 0
    -> Guard[8] (false edge of ''):  %469 = icmp eq i64 %468, 0
    -> Guard[9] (false edge of ''):  %454 = icmp eq i64 %453, 0
    -> Guard[10] (false edge of ''):  %189 = icmp slt i64 %188, 0
    -> Guard[11] (false edge of ''):  %99 = icmp eq i8 %98, 1
    -> Guard[12] (false edge of ''):  %18 = icmp eq i64 %17, 0
    -> Guard[13] (false edge of 'entry'):  %6 = icmp samesign ult i64 %5, 2
    -> Collected 14 dominating context guard(s).
    -> Frame refused (clobber between loads):  %188 = load i64, ptr @"$s5nbody1nSivp", align 8  vs  %.pre = load i64, ptr @"$s5nbody1nSivp", align 8
         clobber:   call void @swift_endAccess(ptr nonnull %access-scratch46) #2
    -> Frame refused (clobber between loads):  %188 = load i64, ptr @"$s5nbody1nSivp", align 8  vs  %515 = load i64, ptr @"$s5nbody1nSivp", align 8
         clobber: (MemoryPhi: clobber on some incoming arm)
    -> Frame refused (clobber between loads):  %188 = load i64, ptr @"$s5nbody1nSivp", align 8  vs  %519 = load i64, ptr @"$s5nbody1nSivp", align 8
         clobber: (MemoryPhi: clobber on some incoming arm)
    -> Frame refused (clobber between loads):  %188 = load i64, ptr @"$s5nbody1nSivp", align 8  vs  %.pr = load i64, ptr @"$s5nbody1nSivp", align 8
         clobber: (MemoryPhi: clobber on some incoming arm)
    -> Frame refused (clobber between loads):  %188 = load i64, ptr @"$s5nbody1nSivp", align 8  vs  %530 = load i64, ptr @"$s5nbody1nSivp", align 8
         clobber: (MemoryPhi: clobber on some incoming arm)
    -> Frame refused (clobber between loads):  %188 = load i64, ptr @"$s5nbody1nSivp", align 8  vs  %838 = load i64, ptr @"$s5nbody1nSivp", align 8
         clobber: (MemoryPhi: clobber on some incoming arm)
    -> [go3] 1 leaf-closure instruction(s) encoded
    -> Fact[RM:0] i64 %5 in [0,9223372036854775807) (!range)
    -> Fact[KB:1] i64 %5 known bits zero=0x9223372036854775808 one=0x0
    -> Fact[RM:2] i64 %453 in [0,9223372036854775807) (!range)
    -> Fact[KB:3] i64 %453 known bits zero=0x9223372036854775808 one=0x0
    -> Fact[RM:4] i64 %468 in [0,9223372036854775807) (!range)
    -> Fact[KB:5] i64 %468 known bits zero=0x9223372036854775808 one=0x0
    -> Fact[RM:6] i64 %483 in [0,9223372036854775807) (!range)
    -> Fact[KB:7] i64 %483 known bits zero=0x9223372036854775808 one=0x0
    -> Fact[KB:8] i64 %528 known bits zero=0x9223372036854775808 one=0x0
    -> Fact[LVI:9] i64 %528 in [0,9223372036854775806) (LVI @ )
    -> Fact[SCEV:10] i64 %528 in [0,9223372036854775807) (SCEV unsigned)
    -> Fact[SCEV:11] i64 %528 in [0,9223372036854775807) (SCEV signed)
    -> Fact[SCEVSYM:12] i64 %528 - start(0) <=u BTC((-1 + %515)) (SCEV symbolic trip count, sub-form)
    -> Fact[PHIINV-hi:13] i64 %528 == i64 0 || ne(i64 %528, i64 %515) (latch-implied bound, 1-induction)
    -> Fact[PHIINV-lo:14] i64 %528 >=s i64 0 (monotone nsw increments, 1 arm(s))
    -> Fact[SCEV:15] i64 %536 in [1,-3) (SCEV unsigned)
    -> Fact[SCEV:16] i64 %536 in [1,-3) (SCEV signed)
    -> Fact[PHIINV-hi:17] i64 %536 == i64 %529 || ne(i64 %536, i64 %530) (latch-implied bound, 1-induction)
    -> Fact[RM:18] i64 %540 in [0,9223372036854775807) (!range)
    -> Fact[KB:19] i64 %540 known bits zero=0x9223372036854775808 one=0x0
    -> Fact[LVI:20] i64 %540 in [1,9223372036854775807) (LVI @ )
    -> [heavy] 21 analysis fact(s) on 44 boundary value(s)
    -> [mv] T3: not a bounds shape (idx vs invariant count)
    -> [ind L0] BASE (1 phi(s) = entry): SAT (WARNING: Potential Integer Overflow Bug Detected!) [Query Latency: 3.659666 ms]
    -> [ind L1] BASE (1 phi(s) = entry): SAT (WARNING: Potential Integer Overflow Bug Detected!) [Query Latency: 0.894584 ms]
    -> [ind L2] BASE (1 phi(s) = entry): SAT (WARNING: Potential Integer Overflow Bug Detected!) [Query Latency: 0.903750 ms]
    -> SAT (WARNING: Potential Integer Overflow Bug Detected!) [Query Latency: 4.829333 ms]
    -> [mv] still SAT under 36 hypothesis candidate(s): not versionable
  -> Found UB Trap. Starting Backward Slice...
    -> Guard[0] (true edge of ''):  %.not268 = icmp ult i64 %536, %540
    -> Guard[1] (true edge of ''):  %.not267 = icmp samesign ult i64 %528, %540
    -> Guard[2] (false edge of ''):  %532 = icmp eq i64 %529, %530
    -> Guard[3] (true edge of '.preheader316.preheader'):  %.not368 = icmp sgt i64 %530, %528
    -> Guard[4] (false edge of ''):  %518 = icmp eq i64 %515, 0
    -> Guard[5] (false edge of '.preheader317.preheader'):  %516 = icmp slt i64 %515, 0
    -> Guard[6] (false edge of ''):  %492 = icmp eq i64 %489, 0
    -> Guard[7] (false edge of ''):  %490 = icmp slt i64 %489, 0
    -> Guard[8] (false edge of ''):  %484 = icmp eq i64 %483, 0
    -> Guard[9] (false edge of ''):  %469 = icmp eq i64 %468, 0
    -> Guard[10] (false edge of ''):  %454 = icmp eq i64 %453, 0
    -> Guard[11] (false edge of ''):  %189 = icmp slt i64 %188, 0
    -> Guard[12] (false edge of ''):  %99 = icmp eq i8 %98, 1
    -> Guard[13] (false edge of ''):  %18 = icmp eq i64 %17, 0
    -> Guard[14] (false edge of 'entry'):  %6 = icmp samesign ult i64 %5, 2
    -> Collected 15 dominating context guard(s).
    -> Frame refused (clobber between loads):  %188 = load i64, ptr @"$s5nbody1nSivp", align 8  vs  %.pre = load i64, ptr @"$s5nbody1nSivp", align 8
         clobber:   call void @swift_endAccess(ptr nonnull %access-scratch46) #2
    -> Frame refused (clobber between loads):  %188 = load i64, ptr @"$s5nbody1nSivp", align 8  vs  %515 = load i64, ptr @"$s5nbody1nSivp", align 8
         clobber: (MemoryPhi: clobber on some incoming arm)
    -> Frame refused (clobber between loads):  %188 = load i64, ptr @"$s5nbody1nSivp", align 8  vs  %519 = load i64, ptr @"$s5nbody1nSivp", align 8
         clobber: (MemoryPhi: clobber on some incoming arm)
    -> Frame refused (clobber between loads):  %188 = load i64, ptr @"$s5nbody1nSivp", align 8  vs  %.pr = load i64, ptr @"$s5nbody1nSivp", align 8
         clobber: (MemoryPhi: clobber on some incoming arm)
    -> Frame refused (clobber between loads):  %188 = load i64, ptr @"$s5nbody1nSivp", align 8  vs  %530 = load i64, ptr @"$s5nbody1nSivp", align 8
         clobber: (MemoryPhi: clobber on some incoming arm)
    -> Frame refused (clobber between loads):  %188 = load i64, ptr @"$s5nbody1nSivp", align 8  vs  %838 = load i64, ptr @"$s5nbody1nSivp", align 8
         clobber: (MemoryPhi: clobber on some incoming arm)
    -> [go3] 1 leaf-closure instruction(s) encoded
    -> Fact[RM:0] i64 %5 in [0,9223372036854775807) (!range)
    -> Fact[KB:1] i64 %5 known bits zero=0x9223372036854775808 one=0x0
    -> Fact[RM:2] i64 %453 in [0,9223372036854775807) (!range)
    -> Fact[KB:3] i64 %453 known bits zero=0x9223372036854775808 one=0x0
    -> Fact[RM:4] i64 %468 in [0,9223372036854775807) (!range)
    -> Fact[KB:5] i64 %468 known bits zero=0x9223372036854775808 one=0x0
    -> Fact[RM:6] i64 %483 in [0,9223372036854775807) (!range)
    -> Fact[KB:7] i64 %483 known bits zero=0x9223372036854775808 one=0x0
    -> Fact[KB:8] i64 %528 known bits zero=0x9223372036854775808 one=0x0
    -> Fact[LVI:9] i64 %528 in [0,9223372036854775806) (LVI @ )
    -> Fact[SCEV:10] i64 %528 in [0,9223372036854775807) (SCEV unsigned)
    -> Fact[SCEV:11] i64 %528 in [0,9223372036854775807) (SCEV signed)
    -> Fact[SCEVSYM:12] i64 %528 - start(0) <=u BTC((-1 + %515)) (SCEV symbolic trip count, sub-form)
    -> Fact[PHIINV-hi:13] i64 %528 == i64 0 || ne(i64 %528, i64 %515) (latch-implied bound, 1-induction)
    -> Fact[PHIINV-lo:14] i64 %528 >=s i64 0 (monotone nsw increments, 1 arm(s))
    -> Fact[LVI:15] i64 %536 in [0,9223372036854775806) (LVI @ )
    -> Fact[SCEV:16] i64 %536 in [1,-3) (SCEV unsigned)
    -> Fact[SCEV:17] i64 %536 in [1,-3) (SCEV signed)
    -> Fact[PHIINV-hi:18] i64 %536 == i64 %529 || ne(i64 %536, i64 %530) (latch-implied bound, 1-induction)
    -> Fact[RM:19] i64 %540 in [0,9223372036854775807) (!range)
    -> Fact[KB:20] i64 %540 known bits zero=0x9223372036854775808 one=0x0
    -> Fact[LVI:21] i64 %540 in [1,9223372036854775807) (LVI @ )
    -> Fact[RM:22] i64 %551 in [0,9223372036854775807) (!range)
    -> Fact[KB:23] i64 %551 known bits zero=0x9223372036854775808 one=0x0
    -> [heavy] 24 analysis fact(s) on 45 boundary value(s)
    -> [mv] T3: not a bounds shape (idx vs invariant count)
    -> [ind L0] BASE (1 phi(s) = entry): SAT (WARNING: Potential Integer Overflow Bug Detected!) [Query Latency: 0.903291 ms]
    -> [ind L1] BASE (1 phi(s) = entry): SAT (WARNING: Potential Integer Overflow Bug Detected!) [Query Latency: 0.899792 ms]
    -> [ind L2] BASE (1 phi(s) = entry): SAT (WARNING: Potential Integer Overflow Bug Detected!) [Query Latency: 1.336125 ms]
    -> SAT (WARNING: Potential Integer Overflow Bug Detected!) [Query Latency: 5.052375 ms]
    -> [mv] still SAT under 36 hypothesis candidate(s): not versionable
  -> Found UB Trap. Starting Backward Slice...
    -> Guard[0] (true edge of ''):  %.not269 = icmp samesign ult i64 %528, %551
    -> Guard[1] (true edge of ''):  %.not268 = icmp ult i64 %536, %540
    -> Guard[2] (true edge of ''):  %.not267 = icmp samesign ult i64 %528, %540
    -> Guard[3] (false edge of ''):  %532 = icmp eq i64 %529, %530
    -> Guard[4] (true edge of '.preheader316.preheader'):  %.not368 = icmp sgt i64 %530, %528
    -> Guard[5] (false edge of ''):  %518 = icmp eq i64 %515, 0
    -> Guard[6] (false edge of '.preheader317.preheader'):  %516 = icmp slt i64 %515, 0
    -> Guard[7] (false edge of ''):  %492 = icmp eq i64 %489, 0
    -> Guard[8] (false edge of ''):  %490 = icmp slt i64 %489, 0
    -> Guard[9] (false edge of ''):  %484 = icmp eq i64 %483, 0
    -> Guard[10] (false edge of ''):  %469 = icmp eq i64 %468, 0
    -> Guard[11] (false edge of ''):  %454 = icmp eq i64 %453, 0
    -> Guard[12] (false edge of ''):  %189 = icmp slt i64 %188, 0
    -> Guard[13] (false edge of ''):  %99 = icmp eq i8 %98, 1
    -> Guard[14] (false edge of ''):  %18 = icmp eq i64 %17, 0
    -> Guard[15] (false edge of 'entry'):  %6 = icmp samesign ult i64 %5, 2
    -> Collected 16 dominating context guard(s).
    -> Frame refused (clobber between loads):  %188 = load i64, ptr @"$s5nbody1nSivp", align 8  vs  %.pre = load i64, ptr @"$s5nbody1nSivp", align 8
         clobber:   call void @swift_endAccess(ptr nonnull %access-scratch46) #2
    -> Frame refused (clobber between loads):  %188 = load i64, ptr @"$s5nbody1nSivp", align 8  vs  %515 = load i64, ptr @"$s5nbody1nSivp", align 8
         clobber: (MemoryPhi: clobber on some incoming arm)
    -> Frame refused (clobber between loads):  %188 = load i64, ptr @"$s5nbody1nSivp", align 8  vs  %519 = load i64, ptr @"$s5nbody1nSivp", align 8
         clobber: (MemoryPhi: clobber on some incoming arm)
    -> Frame refused (clobber between loads):  %188 = load i64, ptr @"$s5nbody1nSivp", align 8  vs  %.pr = load i64, ptr @"$s5nbody1nSivp", align 8
         clobber: (MemoryPhi: clobber on some incoming arm)
    -> Frame refused (clobber between loads):  %188 = load i64, ptr @"$s5nbody1nSivp", align 8  vs  %530 = load i64, ptr @"$s5nbody1nSivp", align 8
         clobber: (MemoryPhi: clobber on some incoming arm)
    -> Frame refused (clobber between loads):  %188 = load i64, ptr @"$s5nbody1nSivp", align 8  vs  %838 = load i64, ptr @"$s5nbody1nSivp", align 8
         clobber: (MemoryPhi: clobber on some incoming arm)
    -> [go3] 1 leaf-closure instruction(s) encoded
    -> Fact[RM:0] i64 %5 in [0,9223372036854775807) (!range)
    -> Fact[KB:1] i64 %5 known bits zero=0x9223372036854775808 one=0x0
    -> Fact[RM:2] i64 %453 in [0,9223372036854775807) (!range)
    -> Fact[KB:3] i64 %453 known bits zero=0x9223372036854775808 one=0x0
    -> Fact[RM:4] i64 %468 in [0,9223372036854775807) (!range)
    -> Fact[KB:5] i64 %468 known bits zero=0x9223372036854775808 one=0x0
    -> Fact[RM:6] i64 %483 in [0,9223372036854775807) (!range)
    -> Fact[KB:7] i64 %483 known bits zero=0x9223372036854775808 one=0x0
    -> Fact[KB:8] i64 %528 known bits zero=0x9223372036854775808 one=0x0
    -> Fact[LVI:9] i64 %528 in [0,9223372036854775806) (LVI @ )
    -> Fact[SCEV:10] i64 %528 in [0,9223372036854775807) (SCEV unsigned)
    -> Fact[SCEV:11] i64 %528 in [0,9223372036854775807) (SCEV signed)
    -> Fact[SCEVSYM:12] i64 %528 - start(0) <=u BTC((-1 + %515)) (SCEV symbolic trip count, sub-form)
    -> Fact[PHIINV-hi:13] i64 %528 == i64 0 || ne(i64 %528, i64 %515) (latch-implied bound, 1-induction)
    -> Fact[PHIINV-lo:14] i64 %528 >=s i64 0 (monotone nsw increments, 1 arm(s))
    -> Fact[LVI:15] i64 %536 in [0,9223372036854775806) (LVI @ )
    -> Fact[SCEV:16] i64 %536 in [1,-3) (SCEV unsigned)
    -> Fact[SCEV:17] i64 %536 in [1,-3) (SCEV signed)
    -> Fact[PHIINV-hi:18] i64 %536 == i64 %529 || ne(i64 %536, i64 %530) (latch-implied bound, 1-induction)
    -> Fact[RM:19] i64 %540 in [0,9223372036854775807) (!range)
    -> Fact[KB:20] i64 %540 known bits zero=0x9223372036854775808 one=0x0
    -> Fact[LVI:21] i64 %540 in [1,9223372036854775807) (LVI @ )
    -> Fact[RM:22] i64 %551 in [0,9223372036854775807) (!range)
    -> Fact[KB:23] i64 %551 known bits zero=0x9223372036854775808 one=0x0
    -> Fact[LVI:24] i64 %551 in [1,9223372036854775807) (LVI @ )
    -> [heavy] 25 analysis fact(s) on 45 boundary value(s)
    -> [mv] T3: not a bounds shape (idx vs invariant count)
    -> [ind L0] BASE (1 phi(s) = entry): SAT (WARNING: Potential Integer Overflow Bug Detected!) [Query Latency: 1.241125 ms]
    -> [ind L1] BASE (1 phi(s) = entry): SAT (WARNING: Potential Integer Overflow Bug Detected!) [Query Latency: 0.902709 ms]
    -> [ind L2] BASE (1 phi(s) = entry): SAT (WARNING: Potential Integer Overflow Bug Detected!) [Query Latency: 4.106083 ms]
    -> SAT (WARNING: Potential Integer Overflow Bug Detected!) [Query Latency: 3.246667 ms]
    -> [mv] still SAT under 36 hypothesis candidate(s): not versionable
  -> Found UB Trap. Starting Backward Slice...
    -> Guard[0] (true edge of ''):  %.not270 = icmp samesign ult i64 %536, %551
    -> Guard[1] (true edge of ''):  %.not269 = icmp samesign ult i64 %528, %551
    -> Guard[2] (true edge of ''):  %.not268 = icmp ult i64 %536, %540
    -> Guard[3] (true edge of ''):  %.not267 = icmp samesign ult i64 %528, %540
    -> Guard[4] (false edge of ''):  %532 = icmp eq i64 %529, %530
    -> Guard[5] (true edge of '.preheader316.preheader'):  %.not368 = icmp sgt i64 %530, %528
    -> Guard[6] (false edge of ''):  %518 = icmp eq i64 %515, 0
    -> Guard[7] (false edge of '.preheader317.preheader'):  %516 = icmp slt i64 %515, 0
    -> Guard[8] (false edge of ''):  %492 = icmp eq i64 %489, 0
    -> Guard[9] (false edge of ''):  %490 = icmp slt i64 %489, 0
    -> Guard[10] (false edge of ''):  %484 = icmp eq i64 %483, 0
    -> Guard[11] (false edge of ''):  %469 = icmp eq i64 %468, 0
    -> Guard[12] (false edge of ''):  %454 = icmp eq i64 %453, 0
    -> Guard[13] (false edge of ''):  %189 = icmp slt i64 %188, 0
    -> Guard[14] (false edge of ''):  %99 = icmp eq i8 %98, 1
    -> Guard[15] (false edge of ''):  %18 = icmp eq i64 %17, 0
    -> Guard[16] (false edge of 'entry'):  %6 = icmp samesign ult i64 %5, 2
    -> Collected 17 dominating context guard(s).
    -> Frame refused (clobber between loads):  %188 = load i64, ptr @"$s5nbody1nSivp", align 8  vs  %.pre = load i64, ptr @"$s5nbody1nSivp", align 8
         clobber:   call void @swift_endAccess(ptr nonnull %access-scratch46) #2
    -> Frame refused (clobber between loads):  %188 = load i64, ptr @"$s5nbody1nSivp", align 8  vs  %515 = load i64, ptr @"$s5nbody1nSivp", align 8
         clobber: (MemoryPhi: clobber on some incoming arm)
    -> Frame refused (clobber between loads):  %188 = load i64, ptr @"$s5nbody1nSivp", align 8  vs  %519 = load i64, ptr @"$s5nbody1nSivp", align 8
         clobber: (MemoryPhi: clobber on some incoming arm)
    -> Frame refused (clobber between loads):  %188 = load i64, ptr @"$s5nbody1nSivp", align 8  vs  %.pr = load i64, ptr @"$s5nbody1nSivp", align 8
         clobber: (MemoryPhi: clobber on some incoming arm)
    -> Frame refused (clobber between loads):  %188 = load i64, ptr @"$s5nbody1nSivp", align 8  vs  %530 = load i64, ptr @"$s5nbody1nSivp", align 8
         clobber: (MemoryPhi: clobber on some incoming arm)
    -> Frame refused (clobber between loads):  %188 = load i64, ptr @"$s5nbody1nSivp", align 8  vs  %838 = load i64, ptr @"$s5nbody1nSivp", align 8
         clobber: (MemoryPhi: clobber on some incoming arm)
    -> [go3] 1 leaf-closure instruction(s) encoded
    -> Fact[RM:0] i64 %5 in [0,9223372036854775807) (!range)
    -> Fact[KB:1] i64 %5 known bits zero=0x9223372036854775808 one=0x0
    -> Fact[RM:2] i64 %453 in [0,9223372036854775807) (!range)
    -> Fact[KB:3] i64 %453 known bits zero=0x9223372036854775808 one=0x0
    -> Fact[RM:4] i64 %468 in [0,9223372036854775807) (!range)
    -> Fact[KB:5] i64 %468 known bits zero=0x9223372036854775808 one=0x0
    -> Fact[RM:6] i64 %483 in [0,9223372036854775807) (!range)
    -> Fact[KB:7] i64 %483 known bits zero=0x9223372036854775808 one=0x0
    -> Fact[KB:8] i64 %528 known bits zero=0x9223372036854775808 one=0x0
    -> Fact[LVI:9] i64 %528 in [0,9223372036854775806) (LVI @ )
    -> Fact[SCEV:10] i64 %528 in [0,9223372036854775807) (SCEV unsigned)
    -> Fact[SCEV:11] i64 %528 in [0,9223372036854775807) (SCEV signed)
    -> Fact[SCEVSYM:12] i64 %528 - start(0) <=u BTC((-1 + %515)) (SCEV symbolic trip count, sub-form)
    -> Fact[PHIINV-hi:13] i64 %528 == i64 0 || ne(i64 %528, i64 %515) (latch-implied bound, 1-induction)
    -> Fact[PHIINV-lo:14] i64 %528 >=s i64 0 (monotone nsw increments, 1 arm(s))
    -> Fact[LVI:15] i64 %536 in [0,9223372036854775806) (LVI @ )
    -> Fact[SCEV:16] i64 %536 in [1,-3) (SCEV unsigned)
    -> Fact[SCEV:17] i64 %536 in [1,-3) (SCEV signed)
    -> Fact[PHIINV-hi:18] i64 %536 == i64 %529 || ne(i64 %536, i64 %530) (latch-implied bound, 1-induction)
    -> Fact[RM:19] i64 %540 in [0,9223372036854775807) (!range)
    -> Fact[KB:20] i64 %540 known bits zero=0x9223372036854775808 one=0x0
    -> Fact[LVI:21] i64 %540 in [1,9223372036854775807) (LVI @ )
    -> Fact[RM:22] i64 %551 in [0,9223372036854775807) (!range)
    -> Fact[KB:23] i64 %551 known bits zero=0x9223372036854775808 one=0x0
    -> Fact[LVI:24] i64 %551 in [1,9223372036854775807) (LVI @ )
    -> Fact[RM:25] i64 %562 in [0,9223372036854775807) (!range)
    -> Fact[KB:26] i64 %562 known bits zero=0x9223372036854775808 one=0x0
    -> [heavy] 27 analysis fact(s) on 46 boundary value(s)
    -> [mv] T3: not a bounds shape (idx vs invariant count)
    -> [ind L0] BASE (1 phi(s) = entry): SAT (WARNING: Potential Integer Overflow Bug Detected!) [Query Latency: 0.936375 ms]
    -> [ind L1] BASE (1 phi(s) = entry): SAT (WARNING: Potential Integer Overflow Bug Detected!) [Query Latency: 0.980250 ms]
    -> [ind L2] BASE (1 phi(s) = entry): SAT (WARNING: Potential Integer Overflow Bug Detected!) [Query Latency: 1.055959 ms]
    -> SAT (WARNING: Potential Integer Overflow Bug Detected!) [Query Latency: 2.853208 ms]
    -> [mv] still SAT under 36 hypothesis candidate(s): not versionable
  -> Found UB Trap. Starting Backward Slice...
    -> Guard[0] (true edge of ''):  %.not271 = icmp samesign ult i64 %528, %562
    -> Guard[1] (true edge of ''):  %.not270 = icmp samesign ult i64 %536, %551
    -> Guard[2] (true edge of ''):  %.not269 = icmp samesign ult i64 %528, %551
    -> Guard[3] (true edge of ''):  %.not268 = icmp ult i64 %536, %540
    -> Guard[4] (true edge of ''):  %.not267 = icmp samesign ult i64 %528, %540
    -> Guard[5] (false edge of ''):  %532 = icmp eq i64 %529, %530
    -> Guard[6] (true edge of '.preheader316.preheader'):  %.not368 = icmp sgt i64 %530, %528
    -> Guard[7] (false edge of ''):  %518 = icmp eq i64 %515, 0
    -> Guard[8] (false edge of '.preheader317.preheader'):  %516 = icmp slt i64 %515, 0
    -> Guard[9] (false edge of ''):  %492 = icmp eq i64 %489, 0
    -> Guard[10] (false edge of ''):  %490 = icmp slt i64 %489, 0
    -> Guard[11] (false edge of ''):  %484 = icmp eq i64 %483, 0
    -> Guard[12] (false edge of ''):  %469 = icmp eq i64 %468, 0
    -> Guard[13] (false edge of ''):  %454 = icmp eq i64 %453, 0
    -> Guard[14] (false edge of ''):  %189 = icmp slt i64 %188, 0
    -> Guard[15] (false edge of ''):  %99 = icmp eq i8 %98, 1
    -> Guard[16] (false edge of ''):  %18 = icmp eq i64 %17, 0
    -> Guard[17] (false edge of 'entry'):  %6 = icmp samesign ult i64 %5, 2
    -> Collected 18 dominating context guard(s).
    -> Frame refused (clobber between loads):  %188 = load i64, ptr @"$s5nbody1nSivp", align 8  vs  %.pre = load i64, ptr @"$s5nbody1nSivp", align 8
         clobber:   call void @swift_endAccess(ptr nonnull %access-scratch46) #2
    -> Frame refused (clobber between loads):  %188 = load i64, ptr @"$s5nbody1nSivp", align 8  vs  %515 = load i64, ptr @"$s5nbody1nSivp", align 8
         clobber: (MemoryPhi: clobber on some incoming arm)
    -> Frame refused (clobber between loads):  %188 = load i64, ptr @"$s5nbody1nSivp", align 8  vs  %519 = load i64, ptr @"$s5nbody1nSivp", align 8
         clobber: (MemoryPhi: clobber on some incoming arm)
    -> Frame refused (clobber between loads):  %188 = load i64, ptr @"$s5nbody1nSivp", align 8  vs  %.pr = load i64, ptr @"$s5nbody1nSivp", align 8
         clobber: (MemoryPhi: clobber on some incoming arm)
    -> Frame refused (clobber between loads):  %188 = load i64, ptr @"$s5nbody1nSivp", align 8  vs  %530 = load i64, ptr @"$s5nbody1nSivp", align 8
         clobber: (MemoryPhi: clobber on some incoming arm)
    -> Frame refused (clobber between loads):  %188 = load i64, ptr @"$s5nbody1nSivp", align 8  vs  %838 = load i64, ptr @"$s5nbody1nSivp", align 8
         clobber: (MemoryPhi: clobber on some incoming arm)
    -> [go3] 1 leaf-closure instruction(s) encoded
    -> Fact[RM:0] i64 %5 in [0,9223372036854775807) (!range)
    -> Fact[KB:1] i64 %5 known bits zero=0x9223372036854775808 one=0x0
    -> Fact[RM:2] i64 %453 in [0,9223372036854775807) (!range)
    -> Fact[KB:3] i64 %453 known bits zero=0x9223372036854775808 one=0x0
    -> Fact[RM:4] i64 %468 in [0,9223372036854775807) (!range)
    -> Fact[KB:5] i64 %468 known bits zero=0x9223372036854775808 one=0x0
    -> Fact[RM:6] i64 %483 in [0,9223372036854775807) (!range)
    -> Fact[KB:7] i64 %483 known bits zero=0x9223372036854775808 one=0x0
    -> Fact[KB:8] i64 %528 known bits zero=0x9223372036854775808 one=0x0
    -> Fact[LVI:9] i64 %528 in [0,9223372036854775806) (LVI @ )
    -> Fact[SCEV:10] i64 %528 in [0,9223372036854775807) (SCEV unsigned)
    -> Fact[SCEV:11] i64 %528 in [0,9223372036854775807) (SCEV signed)
    -> Fact[SCEVSYM:12] i64 %528 - start(0) <=u BTC((-1 + %515)) (SCEV symbolic trip count, sub-form)
    -> Fact[PHIINV-hi:13] i64 %528 == i64 0 || ne(i64 %528, i64 %515) (latch-implied bound, 1-induction)
    -> Fact[PHIINV-lo:14] i64 %528 >=s i64 0 (monotone nsw increments, 1 arm(s))
    -> Fact[LVI:15] i64 %536 in [0,9223372036854775806) (LVI @ )
    -> Fact[SCEV:16] i64 %536 in [1,-3) (SCEV unsigned)
    -> Fact[SCEV:17] i64 %536 in [1,-3) (SCEV signed)
    -> Fact[PHIINV-hi:18] i64 %536 == i64 %529 || ne(i64 %536, i64 %530) (latch-implied bound, 1-induction)
    -> Fact[RM:19] i64 %540 in [0,9223372036854775807) (!range)
    -> Fact[KB:20] i64 %540 known bits zero=0x9223372036854775808 one=0x0
    -> Fact[LVI:21] i64 %540 in [1,9223372036854775807) (LVI @ )
    -> Fact[RM:22] i64 %551 in [0,9223372036854775807) (!range)
    -> Fact[KB:23] i64 %551 known bits zero=0x9223372036854775808 one=0x0
    -> Fact[LVI:24] i64 %551 in [1,9223372036854775807) (LVI @ )
    -> Fact[RM:25] i64 %562 in [0,9223372036854775807) (!range)
    -> Fact[KB:26] i64 %562 known bits zero=0x9223372036854775808 one=0x0
    -> Fact[LVI:27] i64 %562 in [1,9223372036854775807) (LVI @ )
    -> [heavy] 28 analysis fact(s) on 46 boundary value(s)
    -> [mv] T3: not a bounds shape (idx vs invariant count)
    -> [ind L0] BASE (1 phi(s) = entry): SAT (WARNING: Potential Integer Overflow Bug Detected!) [Query Latency: 0.903042 ms]
    -> [ind L1] BASE (1 phi(s) = entry): SAT (WARNING: Potential Integer Overflow Bug Detected!) [Query Latency: 1.059459 ms]
    -> [ind L2] BASE (1 phi(s) = entry): SAT (WARNING: Potential Integer Overflow Bug Detected!) [Query Latency: 0.905417 ms]
    -> SAT (WARNING: Potential Integer Overflow Bug Detected!) [Query Latency: 3.375667 ms]
    -> [mv] still SAT under 36 hypothesis candidate(s): not versionable
  -> Found UB Trap. Starting Backward Slice...
    -> Guard[0] (true edge of ''):  %.not272 = icmp samesign ult i64 %536, %562
    -> Guard[1] (true edge of ''):  %.not271 = icmp samesign ult i64 %528, %562
    -> Guard[2] (true edge of ''):  %.not270 = icmp samesign ult i64 %536, %551
    -> Guard[3] (true edge of ''):  %.not269 = icmp samesign ult i64 %528, %551
    -> Guard[4] (true edge of ''):  %.not268 = icmp ult i64 %536, %540
    -> Guard[5] (true edge of ''):  %.not267 = icmp samesign ult i64 %528, %540
    -> Guard[6] (false edge of ''):  %532 = icmp eq i64 %529, %530
    -> Guard[7] (true edge of '.preheader316.preheader'):  %.not368 = icmp sgt i64 %530, %528
    -> Guard[8] (false edge of ''):  %518 = icmp eq i64 %515, 0
    -> Guard[9] (false edge of '.preheader317.preheader'):  %516 = icmp slt i64 %515, 0
    -> Guard[10] (false edge of ''):  %492 = icmp eq i64 %489, 0
    -> Guard[11] (false edge of ''):  %490 = icmp slt i64 %489, 0
    -> Guard[12] (false edge of ''):  %484 = icmp eq i64 %483, 0
    -> Guard[13] (false edge of ''):  %469 = icmp eq i64 %468, 0
    -> Guard[14] (false edge of ''):  %454 = icmp eq i64 %453, 0
    -> Guard[15] (false edge of ''):  %189 = icmp slt i64 %188, 0
    -> Guard[16] (false edge of ''):  %99 = icmp eq i8 %98, 1
    -> Guard[17] (false edge of ''):  %18 = icmp eq i64 %17, 0
    -> Guard[18] (false edge of 'entry'):  %6 = icmp samesign ult i64 %5, 2
    -> Collected 19 dominating context guard(s).
    -> Frame refused (clobber between loads):  %188 = load i64, ptr @"$s5nbody1nSivp", align 8  vs  %.pre = load i64, ptr @"$s5nbody1nSivp", align 8
         clobber:   call void @swift_endAccess(ptr nonnull %access-scratch46) #2
    -> Frame refused (clobber between loads):  %188 = load i64, ptr @"$s5nbody1nSivp", align 8  vs  %515 = load i64, ptr @"$s5nbody1nSivp", align 8
         clobber: (MemoryPhi: clobber on some incoming arm)
    -> Frame refused (clobber between loads):  %188 = load i64, ptr @"$s5nbody1nSivp", align 8  vs  %519 = load i64, ptr @"$s5nbody1nSivp", align 8
         clobber: (MemoryPhi: clobber on some incoming arm)
    -> Frame refused (clobber between loads):  %188 = load i64, ptr @"$s5nbody1nSivp", align 8  vs  %.pr = load i64, ptr @"$s5nbody1nSivp", align 8
         clobber: (MemoryPhi: clobber on some incoming arm)
    -> Frame refused (clobber between loads):  %188 = load i64, ptr @"$s5nbody1nSivp", align 8  vs  %530 = load i64, ptr @"$s5nbody1nSivp", align 8
         clobber: (MemoryPhi: clobber on some incoming arm)
    -> Frame refused (clobber between loads):  %188 = load i64, ptr @"$s5nbody1nSivp", align 8  vs  %838 = load i64, ptr @"$s5nbody1nSivp", align 8
         clobber: (MemoryPhi: clobber on some incoming arm)
    -> [go3] 1 leaf-closure instruction(s) encoded
    -> Fact[RM:0] i64 %5 in [0,9223372036854775807) (!range)
    -> Fact[KB:1] i64 %5 known bits zero=0x9223372036854775808 one=0x0
    -> Fact[RM:2] i64 %453 in [0,9223372036854775807) (!range)
    -> Fact[KB:3] i64 %453 known bits zero=0x9223372036854775808 one=0x0
    -> Fact[RM:4] i64 %468 in [0,9223372036854775807) (!range)
    -> Fact[KB:5] i64 %468 known bits zero=0x9223372036854775808 one=0x0
    -> Fact[RM:6] i64 %483 in [0,9223372036854775807) (!range)
    -> Fact[KB:7] i64 %483 known bits zero=0x9223372036854775808 one=0x0
    -> Fact[KB:8] i64 %528 known bits zero=0x9223372036854775808 one=0x0
    -> Fact[LVI:9] i64 %528 in [0,9223372036854775806) (LVI @ )
    -> Fact[SCEV:10] i64 %528 in [0,9223372036854775807) (SCEV unsigned)
    -> Fact[SCEV:11] i64 %528 in [0,9223372036854775807) (SCEV signed)
    -> Fact[SCEVSYM:12] i64 %528 - start(0) <=u BTC((-1 + %515)) (SCEV symbolic trip count, sub-form)
    -> Fact[PHIINV-hi:13] i64 %528 == i64 0 || ne(i64 %528, i64 %515) (latch-implied bound, 1-induction)
    -> Fact[PHIINV-lo:14] i64 %528 >=s i64 0 (monotone nsw increments, 1 arm(s))
    -> Fact[LVI:15] i64 %536 in [0,9223372036854775806) (LVI @ )
    -> Fact[SCEV:16] i64 %536 in [1,-3) (SCEV unsigned)
    -> Fact[SCEV:17] i64 %536 in [1,-3) (SCEV signed)
    -> Fact[PHIINV-hi:18] i64 %536 == i64 %529 || ne(i64 %536, i64 %530) (latch-implied bound, 1-induction)
    -> Fact[RM:19] i64 %540 in [0,9223372036854775807) (!range)
    -> Fact[KB:20] i64 %540 known bits zero=0x9223372036854775808 one=0x0
    -> Fact[LVI:21] i64 %540 in [1,9223372036854775807) (LVI @ )
    -> Fact[RM:22] i64 %551 in [0,9223372036854775807) (!range)
    -> Fact[KB:23] i64 %551 known bits zero=0x9223372036854775808 one=0x0
    -> Fact[LVI:24] i64 %551 in [1,9223372036854775807) (LVI @ )
    -> Fact[RM:25] i64 %562 in [0,9223372036854775807) (!range)
    -> Fact[KB:26] i64 %562 known bits zero=0x9223372036854775808 one=0x0
    -> Fact[LVI:27] i64 %562 in [1,9223372036854775807) (LVI @ )
    -> Fact[RM:28] i64 %582 in [0,9223372036854775807) (!range)
    -> Fact[KB:29] i64 %582 known bits zero=0x9223372036854775808 one=0x0
    -> [heavy] 30 analysis fact(s) on 47 boundary value(s)
    -> [mv] T3: not a bounds shape (idx vs invariant count)
    -> [ind L0] BASE (1 phi(s) = entry): SAT (WARNING: Potential Integer Overflow Bug Detected!) [Query Latency: 0.894667 ms]
    -> [ind L1] BASE (1 phi(s) = entry): SAT (WARNING: Potential Integer Overflow Bug Detected!) [Query Latency: 1.160875 ms]
    -> [ind L2] BASE (1 phi(s) = entry): SAT (WARNING: Potential Integer Overflow Bug Detected!) [Query Latency: 0.994416 ms]
    -> SAT (WARNING: Potential Integer Overflow Bug Detected!) [Query Latency: 4.080375 ms]
    -> [mv] still SAT under 36 hypothesis candidate(s): not versionable
  -> Found UB Trap. Starting Backward Slice...
    -> Guard[0] (true edge of ''):  %.not273 = icmp samesign ult i64 %536, %582
    -> Guard[1] (true edge of ''):  %.not272 = icmp samesign ult i64 %536, %562
    -> Guard[2] (true edge of ''):  %.not271 = icmp samesign ult i64 %528, %562
    -> Guard[3] (true edge of ''):  %.not270 = icmp samesign ult i64 %536, %551
    -> Guard[4] (true edge of ''):  %.not269 = icmp samesign ult i64 %528, %551
    -> Guard[5] (true edge of ''):  %.not268 = icmp ult i64 %536, %540
    -> Guard[6] (true edge of ''):  %.not267 = icmp samesign ult i64 %528, %540
    -> Guard[7] (false edge of ''):  %532 = icmp eq i64 %529, %530
    -> Guard[8] (true edge of '.preheader316.preheader'):  %.not368 = icmp sgt i64 %530, %528
    -> Guard[9] (false edge of ''):  %518 = icmp eq i64 %515, 0
    -> Guard[10] (false edge of '.preheader317.preheader'):  %516 = icmp slt i64 %515, 0
    -> Guard[11] (false edge of ''):  %492 = icmp eq i64 %489, 0
    -> Guard[12] (false edge of ''):  %490 = icmp slt i64 %489, 0
    -> Guard[13] (false edge of ''):  %484 = icmp eq i64 %483, 0
    -> Guard[14] (false edge of ''):  %469 = icmp eq i64 %468, 0
    -> Guard[15] (false edge of ''):  %454 = icmp eq i64 %453, 0
    -> Guard[16] (false edge of ''):  %189 = icmp slt i64 %188, 0
    -> Guard[17] (false edge of ''):  %99 = icmp eq i8 %98, 1
    -> Guard[18] (false edge of ''):  %18 = icmp eq i64 %17, 0
    -> Guard[19] (false edge of 'entry'):  %6 = icmp samesign ult i64 %5, 2
    -> Collected 20 dominating context guard(s).
    -> Frame refused (clobber between loads):  %188 = load i64, ptr @"$s5nbody1nSivp", align 8  vs  %.pre = load i64, ptr @"$s5nbody1nSivp", align 8
         clobber:   call void @swift_endAccess(ptr nonnull %access-scratch46) #2
    -> Frame refused (clobber between loads):  %188 = load i64, ptr @"$s5nbody1nSivp", align 8  vs  %515 = load i64, ptr @"$s5nbody1nSivp", align 8
         clobber: (MemoryPhi: clobber on some incoming arm)
    -> Frame refused (clobber between loads):  %188 = load i64, ptr @"$s5nbody1nSivp", align 8  vs  %519 = load i64, ptr @"$s5nbody1nSivp", align 8
         clobber: (MemoryPhi: clobber on some incoming arm)
    -> Frame refused (clobber between loads):  %188 = load i64, ptr @"$s5nbody1nSivp", align 8  vs  %.pr = load i64, ptr @"$s5nbody1nSivp", align 8
         clobber: (MemoryPhi: clobber on some incoming arm)
    -> Frame refused (clobber between loads):  %188 = load i64, ptr @"$s5nbody1nSivp", align 8  vs  %530 = load i64, ptr @"$s5nbody1nSivp", align 8
         clobber: (MemoryPhi: clobber on some incoming arm)
    -> Frame refused (clobber between loads):  %188 = load i64, ptr @"$s5nbody1nSivp", align 8  vs  %838 = load i64, ptr @"$s5nbody1nSivp", align 8
         clobber: (MemoryPhi: clobber on some incoming arm)
    -> [go3] 1 leaf-closure instruction(s) encoded
    -> Fact[RM:0] i64 %5 in [0,9223372036854775807) (!range)
    -> Fact[KB:1] i64 %5 known bits zero=0x9223372036854775808 one=0x0
    -> Fact[RM:2] i64 %453 in [0,9223372036854775807) (!range)
    -> Fact[KB:3] i64 %453 known bits zero=0x9223372036854775808 one=0x0
    -> Fact[RM:4] i64 %468 in [0,9223372036854775807) (!range)
    -> Fact[KB:5] i64 %468 known bits zero=0x9223372036854775808 one=0x0
    -> Fact[RM:6] i64 %483 in [0,9223372036854775807) (!range)
    -> Fact[KB:7] i64 %483 known bits zero=0x9223372036854775808 one=0x0
    -> Fact[KB:8] i64 %528 known bits zero=0x9223372036854775808 one=0x0
    -> Fact[LVI:9] i64 %528 in [0,9223372036854775806) (LVI @ )
    -> Fact[SCEV:10] i64 %528 in [0,9223372036854775807) (SCEV unsigned)
    -> Fact[SCEV:11] i64 %528 in [0,9223372036854775807) (SCEV signed)
    -> Fact[SCEVSYM:12] i64 %528 - start(0) <=u BTC((-1 + %515)) (SCEV symbolic trip count, sub-form)
    -> Fact[PHIINV-hi:13] i64 %528 == i64 0 || ne(i64 %528, i64 %515) (latch-implied bound, 1-induction)
    -> Fact[PHIINV-lo:14] i64 %528 >=s i64 0 (monotone nsw increments, 1 arm(s))
    -> Fact[LVI:15] i64 %536 in [0,9223372036854775806) (LVI @ )
    -> Fact[SCEV:16] i64 %536 in [1,-3) (SCEV unsigned)
    -> Fact[SCEV:17] i64 %536 in [1,-3) (SCEV signed)
    -> Fact[PHIINV-hi:18] i64 %536 == i64 %529 || ne(i64 %536, i64 %530) (latch-implied bound, 1-induction)
    -> Fact[RM:19] i64 %540 in [0,9223372036854775807) (!range)
    -> Fact[KB:20] i64 %540 known bits zero=0x9223372036854775808 one=0x0
    -> Fact[LVI:21] i64 %540 in [1,9223372036854775807) (LVI @ )
    -> Fact[RM:22] i64 %551 in [0,9223372036854775807) (!range)
    -> Fact[KB:23] i64 %551 known bits zero=0x9223372036854775808 one=0x0
    -> Fact[LVI:24] i64 %551 in [1,9223372036854775807) (LVI @ )
    -> Fact[RM:25] i64 %562 in [0,9223372036854775807) (!range)
    -> Fact[KB:26] i64 %562 known bits zero=0x9223372036854775808 one=0x0
    -> Fact[LVI:27] i64 %562 in [1,9223372036854775807) (LVI @ )
    -> Fact[RM:28] i64 %582 in [0,9223372036854775807) (!range)
    -> Fact[KB:29] i64 %582 known bits zero=0x9223372036854775808 one=0x0
    -> Fact[LVI:30] i64 %582 in [1,9223372036854775807) (LVI @ )
    -> Fact[RM:31] i64 %594 in [0,9223372036854775807) (!range)
    -> Fact[KB:32] i64 %594 known bits zero=0x9223372036854775808 one=0x0
    -> [heavy] 33 analysis fact(s) on 48 boundary value(s)
    -> [mv] T3: not a bounds shape (idx vs invariant count)
    -> [ind L0] BASE (1 phi(s) = entry): SAT (WARNING: Potential Integer Overflow Bug Detected!) [Query Latency: 1.414542 ms]
    -> [ind L1] BASE (1 phi(s) = entry): SAT (WARNING: Potential Integer Overflow Bug Detected!) [Query Latency: 1.463792 ms]
    -> [ind L2] BASE (1 phi(s) = entry): SAT (WARNING: Potential Integer Overflow Bug Detected!) [Query Latency: 1.622000 ms]
    -> SAT (WARNING: Potential Integer Overflow Bug Detected!) [Query Latency: 4.472334 ms]
    -> [mv] still SAT under 36 hypothesis candidate(s): not versionable
  -> Found UB Trap. Starting Backward Slice...
    -> Guard[0] (true edge of ''):  %.not274 = icmp samesign ult i64 %528, %594
    -> Guard[1] (true edge of ''):  %.not273 = icmp samesign ult i64 %536, %582
    -> Guard[2] (true edge of ''):  %.not272 = icmp samesign ult i64 %536, %562
    -> Guard[3] (true edge of ''):  %.not271 = icmp samesign ult i64 %528, %562
    -> Guard[4] (true edge of ''):  %.not270 = icmp samesign ult i64 %536, %551
    -> Guard[5] (true edge of ''):  %.not269 = icmp samesign ult i64 %528, %551
    -> Guard[6] (true edge of ''):  %.not268 = icmp ult i64 %536, %540
    -> Guard[7] (true edge of ''):  %.not267 = icmp samesign ult i64 %528, %540
    -> Guard[8] (false edge of ''):  %532 = icmp eq i64 %529, %530
    -> Guard[9] (true edge of '.preheader316.preheader'):  %.not368 = icmp sgt i64 %530, %528
    -> Guard[10] (false edge of ''):  %518 = icmp eq i64 %515, 0
    -> Guard[11] (false edge of '.preheader317.preheader'):  %516 = icmp slt i64 %515, 0
    -> Guard[12] (false edge of ''):  %492 = icmp eq i64 %489, 0
    -> Guard[13] (false edge of ''):  %490 = icmp slt i64 %489, 0
    -> Guard[14] (false edge of ''):  %484 = icmp eq i64 %483, 0
    -> Guard[15] (false edge of ''):  %469 = icmp eq i64 %468, 0
    -> Guard[16] (false edge of ''):  %454 = icmp eq i64 %453, 0
    -> Guard[17] (false edge of ''):  %189 = icmp slt i64 %188, 0
    -> Guard[18] (false edge of ''):  %99 = icmp eq i8 %98, 1
    -> Guard[19] (false edge of ''):  %18 = icmp eq i64 %17, 0
    -> Guard[20] (false edge of 'entry'):  %6 = icmp samesign ult i64 %5, 2
    -> Collected 21 dominating context guard(s).
    -> Frame refused (clobber between loads):  %188 = load i64, ptr @"$s5nbody1nSivp", align 8  vs  %.pre = load i64, ptr @"$s5nbody1nSivp", align 8
         clobber:   call void @swift_endAccess(ptr nonnull %access-scratch46) #2
    -> Frame refused (clobber between loads):  %188 = load i64, ptr @"$s5nbody1nSivp", align 8  vs  %515 = load i64, ptr @"$s5nbody1nSivp", align 8
         clobber: (MemoryPhi: clobber on some incoming arm)
    -> Frame refused (clobber between loads):  %188 = load i64, ptr @"$s5nbody1nSivp", align 8  vs  %519 = load i64, ptr @"$s5nbody1nSivp", align 8
         clobber: (MemoryPhi: clobber on some incoming arm)
    -> Frame refused (clobber between loads):  %188 = load i64, ptr @"$s5nbody1nSivp", align 8  vs  %.pr = load i64, ptr @"$s5nbody1nSivp", align 8
         clobber: (MemoryPhi: clobber on some incoming arm)
    -> Frame refused (clobber between loads):  %188 = load i64, ptr @"$s5nbody1nSivp", align 8  vs  %530 = load i64, ptr @"$s5nbody1nSivp", align 8
         clobber: (MemoryPhi: clobber on some incoming arm)
    -> Frame refused (clobber between loads):  %188 = load i64, ptr @"$s5nbody1nSivp", align 8  vs  %838 = load i64, ptr @"$s5nbody1nSivp", align 8
         clobber: (MemoryPhi: clobber on some incoming arm)
    -> [go3] 1 leaf-closure instruction(s) encoded
    -> Fact[RM:0] i64 %5 in [0,9223372036854775807) (!range)
    -> Fact[KB:1] i64 %5 known bits zero=0x9223372036854775808 one=0x0
    -> Fact[RM:2] i64 %453 in [0,9223372036854775807) (!range)
    -> Fact[KB:3] i64 %453 known bits zero=0x9223372036854775808 one=0x0
    -> Fact[RM:4] i64 %468 in [0,9223372036854775807) (!range)
    -> Fact[KB:5] i64 %468 known bits zero=0x9223372036854775808 one=0x0
    -> Fact[RM:6] i64 %483 in [0,9223372036854775807) (!range)
    -> Fact[KB:7] i64 %483 known bits zero=0x9223372036854775808 one=0x0
    -> Fact[KB:8] i64 %528 known bits zero=0x9223372036854775808 one=0x0
    -> Fact[LVI:9] i64 %528 in [0,9223372036854775806) (LVI @ )
    -> Fact[SCEV:10] i64 %528 in [0,9223372036854775807) (SCEV unsigned)
    -> Fact[SCEV:11] i64 %528 in [0,9223372036854775807) (SCEV signed)
    -> Fact[SCEVSYM:12] i64 %528 - start(0) <=u BTC((-1 + %515)) (SCEV symbolic trip count, sub-form)
    -> Fact[PHIINV-hi:13] i64 %528 == i64 0 || ne(i64 %528, i64 %515) (latch-implied bound, 1-induction)
    -> Fact[PHIINV-lo:14] i64 %528 >=s i64 0 (monotone nsw increments, 1 arm(s))
    -> Fact[LVI:15] i64 %536 in [0,9223372036854775806) (LVI @ )
    -> Fact[SCEV:16] i64 %536 in [1,-3) (SCEV unsigned)
    -> Fact[SCEV:17] i64 %536 in [1,-3) (SCEV signed)
    -> Fact[PHIINV-hi:18] i64 %536 == i64 %529 || ne(i64 %536, i64 %530) (latch-implied bound, 1-induction)
    -> Fact[RM:19] i64 %540 in [0,9223372036854775807) (!range)
    -> Fact[KB:20] i64 %540 known bits zero=0x9223372036854775808 one=0x0
    -> Fact[LVI:21] i64 %540 in [1,9223372036854775807) (LVI @ )
    -> Fact[RM:22] i64 %551 in [0,9223372036854775807) (!range)
    -> Fact[KB:23] i64 %551 known bits zero=0x9223372036854775808 one=0x0
    -> Fact[LVI:24] i64 %551 in [1,9223372036854775807) (LVI @ )
    -> Fact[RM:25] i64 %562 in [0,9223372036854775807) (!range)
    -> Fact[KB:26] i64 %562 known bits zero=0x9223372036854775808 one=0x0
    -> Fact[LVI:27] i64 %562 in [1,9223372036854775807) (LVI @ )
    -> Fact[RM:28] i64 %582 in [0,9223372036854775807) (!range)
    -> Fact[KB:29] i64 %582 known bits zero=0x9223372036854775808 one=0x0
    -> Fact[LVI:30] i64 %582 in [1,9223372036854775807) (LVI @ )
    -> Fact[RM:31] i64 %594 in [0,9223372036854775807) (!range)
    -> Fact[KB:32] i64 %594 known bits zero=0x9223372036854775808 one=0x0
    -> Fact[LVI:33] i64 %594 in [1,9223372036854775807) (LVI @ )
    -> Fact[RM:34] i64 %604 in [0,9223372036854775807) (!range)
    -> Fact[KB:35] i64 %604 known bits zero=0x9223372036854775808 one=0x0
    -> [heavy] 36 analysis fact(s) on 49 boundary value(s)
    -> [mv] T3: not a bounds shape (idx vs invariant count)
    -> [ind L0] BASE (1 phi(s) = entry): SAT (WARNING: Potential Integer Overflow Bug Detected!) [Query Latency: 0.926625 ms]
    -> [ind L1] BASE (1 phi(s) = entry): SAT (WARNING: Potential Integer Overflow Bug Detected!) [Query Latency: 1.026916 ms]
    -> [ind L2] BASE (1 phi(s) = entry): SAT (WARNING: Potential Integer Overflow Bug Detected!) [Query Latency: 0.933958 ms]
    -> SAT (WARNING: Potential Integer Overflow Bug Detected!) [Query Latency: 3.249292 ms]
    -> [mv] still SAT under 36 hypothesis candidate(s): not versionable
  -> Found UB Trap. Starting Backward Slice...
    -> Guard[0] (true edge of ''):  %.not275 = icmp samesign ult i64 %536, %604
    -> Guard[1] (true edge of ''):  %.not274 = icmp samesign ult i64 %528, %594
    -> Guard[2] (true edge of ''):  %.not273 = icmp samesign ult i64 %536, %582
    -> Guard[3] (true edge of ''):  %.not272 = icmp samesign ult i64 %536, %562
    -> Guard[4] (true edge of ''):  %.not271 = icmp samesign ult i64 %528, %562
    -> Guard[5] (true edge of ''):  %.not270 = icmp samesign ult i64 %536, %551
    -> Guard[6] (true edge of ''):  %.not269 = icmp samesign ult i64 %528, %551
    -> Guard[7] (true edge of ''):  %.not268 = icmp ult i64 %536, %540
    -> Guard[8] (true edge of ''):  %.not267 = icmp samesign ult i64 %528, %540
    -> Guard[9] (false edge of ''):  %532 = icmp eq i64 %529, %530
    -> Guard[10] (true edge of '.preheader316.preheader'):  %.not368 = icmp sgt i64 %530, %528
    -> Guard[11] (false edge of ''):  %518 = icmp eq i64 %515, 0
    -> Guard[12] (false edge of '.preheader317.preheader'):  %516 = icmp slt i64 %515, 0
    -> Guard[13] (false edge of ''):  %492 = icmp eq i64 %489, 0
    -> Guard[14] (false edge of ''):  %490 = icmp slt i64 %489, 0
    -> Guard[15] (false edge of ''):  %484 = icmp eq i64 %483, 0
    -> Guard[16] (false edge of ''):  %469 = icmp eq i64 %468, 0
    -> Guard[17] (false edge of ''):  %454 = icmp eq i64 %453, 0
    -> Guard[18] (false edge of ''):  %189 = icmp slt i64 %188, 0
    -> Guard[19] (false edge of ''):  %99 = icmp eq i8 %98, 1
    -> Guard[20] (false edge of ''):  %18 = icmp eq i64 %17, 0
    -> Guard[21] (false edge of 'entry'):  %6 = icmp samesign ult i64 %5, 2
    -> Collected 22 dominating context guard(s).
    -> Frame refused (clobber between loads):  %188 = load i64, ptr @"$s5nbody1nSivp", align 8  vs  %.pre = load i64, ptr @"$s5nbody1nSivp", align 8
         clobber:   call void @swift_endAccess(ptr nonnull %access-scratch46) #2
    -> Frame refused (clobber between loads):  %188 = load i64, ptr @"$s5nbody1nSivp", align 8  vs  %515 = load i64, ptr @"$s5nbody1nSivp", align 8
         clobber: (MemoryPhi: clobber on some incoming arm)
    -> Frame refused (clobber between loads):  %188 = load i64, ptr @"$s5nbody1nSivp", align 8  vs  %519 = load i64, ptr @"$s5nbody1nSivp", align 8
         clobber: (MemoryPhi: clobber on some incoming arm)
    -> Frame refused (clobber between loads):  %188 = load i64, ptr @"$s5nbody1nSivp", align 8  vs  %.pr = load i64, ptr @"$s5nbody1nSivp", align 8
         clobber: (MemoryPhi: clobber on some incoming arm)
    -> Frame refused (clobber between loads):  %188 = load i64, ptr @"$s5nbody1nSivp", align 8  vs  %530 = load i64, ptr @"$s5nbody1nSivp", align 8
         clobber: (MemoryPhi: clobber on some incoming arm)
    -> Frame refused (clobber between loads):  %188 = load i64, ptr @"$s5nbody1nSivp", align 8  vs  %838 = load i64, ptr @"$s5nbody1nSivp", align 8
         clobber: (MemoryPhi: clobber on some incoming arm)
    -> [go3] 1 leaf-closure instruction(s) encoded
    -> Fact[RM:0] i64 %5 in [0,9223372036854775807) (!range)
    -> Fact[KB:1] i64 %5 known bits zero=0x9223372036854775808 one=0x0
    -> Fact[RM:2] i64 %453 in [0,9223372036854775807) (!range)
    -> Fact[KB:3] i64 %453 known bits zero=0x9223372036854775808 one=0x0
    -> Fact[RM:4] i64 %468 in [0,9223372036854775807) (!range)
    -> Fact[KB:5] i64 %468 known bits zero=0x9223372036854775808 one=0x0
    -> Fact[RM:6] i64 %483 in [0,9223372036854775807) (!range)
    -> Fact[KB:7] i64 %483 known bits zero=0x9223372036854775808 one=0x0
    -> Fact[KB:8] i64 %528 known bits zero=0x9223372036854775808 one=0x0
    -> Fact[LVI:9] i64 %528 in [0,9223372036854775806) (LVI @ )
    -> Fact[SCEV:10] i64 %528 in [0,9223372036854775807) (SCEV unsigned)
    -> Fact[SCEV:11] i64 %528 in [0,9223372036854775807) (SCEV signed)
    -> Fact[SCEVSYM:12] i64 %528 - start(0) <=u BTC((-1 + %515)) (SCEV symbolic trip count, sub-form)
    -> Fact[PHIINV-hi:13] i64 %528 == i64 0 || ne(i64 %528, i64 %515) (latch-implied bound, 1-induction)
    -> Fact[PHIINV-lo:14] i64 %528 >=s i64 0 (monotone nsw increments, 1 arm(s))
    -> Fact[LVI:15] i64 %536 in [0,9223372036854775806) (LVI @ )
    -> Fact[SCEV:16] i64 %536 in [1,-3) (SCEV unsigned)
    -> Fact[SCEV:17] i64 %536 in [1,-3) (SCEV signed)
    -> Fact[PHIINV-hi:18] i64 %536 == i64 %529 || ne(i64 %536, i64 %530) (latch-implied bound, 1-induction)
    -> Fact[RM:19] i64 %540 in [0,9223372036854775807) (!range)
    -> Fact[KB:20] i64 %540 known bits zero=0x9223372036854775808 one=0x0
    -> Fact[LVI:21] i64 %540 in [1,9223372036854775807) (LVI @ )
    -> Fact[RM:22] i64 %551 in [0,9223372036854775807) (!range)
    -> Fact[KB:23] i64 %551 known bits zero=0x9223372036854775808 one=0x0
    -> Fact[LVI:24] i64 %551 in [1,9223372036854775807) (LVI @ )
    -> Fact[RM:25] i64 %562 in [0,9223372036854775807) (!range)
    -> Fact[KB:26] i64 %562 known bits zero=0x9223372036854775808 one=0x0
    -> Fact[LVI:27] i64 %562 in [1,9223372036854775807) (LVI @ )
    -> Fact[RM:28] i64 %582 in [0,9223372036854775807) (!range)
    -> Fact[KB:29] i64 %582 known bits zero=0x9223372036854775808 one=0x0
    -> Fact[LVI:30] i64 %582 in [1,9223372036854775807) (LVI @ )
    -> Fact[RM:31] i64 %594 in [0,9223372036854775807) (!range)
    -> Fact[KB:32] i64 %594 known bits zero=0x9223372036854775808 one=0x0
    -> Fact[LVI:33] i64 %594 in [1,9223372036854775807) (LVI @ )
    -> Fact[RM:34] i64 %604 in [0,9223372036854775807) (!range)
    -> Fact[KB:35] i64 %604 known bits zero=0x9223372036854775808 one=0x0
    -> Fact[LVI:36] i64 %604 in [1,9223372036854775807) (LVI @ )
    -> Fact[RM:37] i64 %616 in [0,9223372036854775807) (!range)
    -> Fact[KB:38] i64 %616 known bits zero=0x9223372036854775808 one=0x0
    -> [heavy] 39 analysis fact(s) on 50 boundary value(s)
    -> [mv] T3: not a bounds shape (idx vs invariant count)
    -> [ind L0] BASE (1 phi(s) = entry): SAT (WARNING: Potential Integer Overflow Bug Detected!) [Query Latency: 1.000209 ms]
    -> [ind L1] BASE (1 phi(s) = entry): SAT (WARNING: Potential Integer Overflow Bug Detected!) [Query Latency: 1.043208 ms]
    -> [ind L2] BASE (1 phi(s) = entry): SAT (WARNING: Potential Integer Overflow Bug Detected!) [Query Latency: 1.745833 ms]
    -> SAT (WARNING: Potential Integer Overflow Bug Detected!) [Query Latency: 3.629584 ms]
    -> [mv] still SAT under 36 hypothesis candidate(s): not versionable
  -> Found UB Trap. Starting Backward Slice...
    -> Guard[0] (true edge of ''):  %.not276 = icmp samesign ult i64 %528, %616
    -> Guard[1] (true edge of ''):  %.not275 = icmp samesign ult i64 %536, %604
    -> Guard[2] (true edge of ''):  %.not274 = icmp samesign ult i64 %528, %594
    -> Guard[3] (true edge of ''):  %.not273 = icmp samesign ult i64 %536, %582
    -> Guard[4] (true edge of ''):  %.not272 = icmp samesign ult i64 %536, %562
    -> Guard[5] (true edge of ''):  %.not271 = icmp samesign ult i64 %528, %562
    -> Guard[6] (true edge of ''):  %.not270 = icmp samesign ult i64 %536, %551
    -> Guard[7] (true edge of ''):  %.not269 = icmp samesign ult i64 %528, %551
    -> Guard[8] (true edge of ''):  %.not268 = icmp ult i64 %536, %540
    -> Guard[9] (true edge of ''):  %.not267 = icmp samesign ult i64 %528, %540
    -> Guard[10] (false edge of ''):  %532 = icmp eq i64 %529, %530
    -> Guard[11] (true edge of '.preheader316.preheader'):  %.not368 = icmp sgt i64 %530, %528
    -> Guard[12] (false edge of ''):  %518 = icmp eq i64 %515, 0
    -> Guard[13] (false edge of '.preheader317.preheader'):  %516 = icmp slt i64 %515, 0
    -> Guard[14] (false edge of ''):  %492 = icmp eq i64 %489, 0
    -> Guard[15] (false edge of ''):  %490 = icmp slt i64 %489, 0
    -> Guard[16] (false edge of ''):  %484 = icmp eq i64 %483, 0
    -> Guard[17] (false edge of ''):  %469 = icmp eq i64 %468, 0
    -> Guard[18] (false edge of ''):  %454 = icmp eq i64 %453, 0
    -> Guard[19] (false edge of ''):  %189 = icmp slt i64 %188, 0
    -> Guard[20] (false edge of ''):  %99 = icmp eq i8 %98, 1
    -> Guard[21] (false edge of ''):  %18 = icmp eq i64 %17, 0
    -> Guard[22] (false edge of 'entry'):  %6 = icmp samesign ult i64 %5, 2
    -> Collected 23 dominating context guard(s).
    -> Frame refused (clobber between loads):  %188 = load i64, ptr @"$s5nbody1nSivp", align 8  vs  %.pre = load i64, ptr @"$s5nbody1nSivp", align 8
         clobber:   call void @swift_endAccess(ptr nonnull %access-scratch46) #2
    -> Frame refused (clobber between loads):  %188 = load i64, ptr @"$s5nbody1nSivp", align 8  vs  %515 = load i64, ptr @"$s5nbody1nSivp", align 8
         clobber: (MemoryPhi: clobber on some incoming arm)
    -> Frame refused (clobber between loads):  %188 = load i64, ptr @"$s5nbody1nSivp", align 8  vs  %519 = load i64, ptr @"$s5nbody1nSivp", align 8
         clobber: (MemoryPhi: clobber on some incoming arm)
    -> Frame refused (clobber between loads):  %188 = load i64, ptr @"$s5nbody1nSivp", align 8  vs  %.pr = load i64, ptr @"$s5nbody1nSivp", align 8
         clobber: (MemoryPhi: clobber on some incoming arm)
    -> Frame refused (clobber between loads):  %188 = load i64, ptr @"$s5nbody1nSivp", align 8  vs  %530 = load i64, ptr @"$s5nbody1nSivp", align 8
         clobber: (MemoryPhi: clobber on some incoming arm)
    -> Frame refused (clobber between loads):  %188 = load i64, ptr @"$s5nbody1nSivp", align 8  vs  %838 = load i64, ptr @"$s5nbody1nSivp", align 8
         clobber: (MemoryPhi: clobber on some incoming arm)
    -> [go3] 1 leaf-closure instruction(s) encoded
    -> Fact[RM:0] i64 %5 in [0,9223372036854775807) (!range)
    -> Fact[KB:1] i64 %5 known bits zero=0x9223372036854775808 one=0x0
    -> Fact[RM:2] i64 %453 in [0,9223372036854775807) (!range)
    -> Fact[KB:3] i64 %453 known bits zero=0x9223372036854775808 one=0x0
    -> Fact[RM:4] i64 %468 in [0,9223372036854775807) (!range)
    -> Fact[KB:5] i64 %468 known bits zero=0x9223372036854775808 one=0x0
    -> Fact[RM:6] i64 %483 in [0,9223372036854775807) (!range)
    -> Fact[KB:7] i64 %483 known bits zero=0x9223372036854775808 one=0x0
    -> Fact[KB:8] i64 %528 known bits zero=0x9223372036854775808 one=0x0
    -> Fact[LVI:9] i64 %528 in [0,9223372036854775806) (LVI @ )
    -> Fact[SCEV:10] i64 %528 in [0,9223372036854775807) (SCEV unsigned)
    -> Fact[SCEV:11] i64 %528 in [0,9223372036854775807) (SCEV signed)
    -> Fact[SCEVSYM:12] i64 %528 - start(0) <=u BTC((-1 + %515)) (SCEV symbolic trip count, sub-form)
    -> Fact[PHIINV-hi:13] i64 %528 == i64 0 || ne(i64 %528, i64 %515) (latch-implied bound, 1-induction)
    -> Fact[PHIINV-lo:14] i64 %528 >=s i64 0 (monotone nsw increments, 1 arm(s))
    -> Fact[LVI:15] i64 %536 in [0,9223372036854775806) (LVI @ )
    -> Fact[SCEV:16] i64 %536 in [1,-3) (SCEV unsigned)
    -> Fact[SCEV:17] i64 %536 in [1,-3) (SCEV signed)
    -> Fact[PHIINV-hi:18] i64 %536 == i64 %529 || ne(i64 %536, i64 %530) (latch-implied bound, 1-induction)
    -> Fact[RM:19] i64 %540 in [0,9223372036854775807) (!range)
    -> Fact[KB:20] i64 %540 known bits zero=0x9223372036854775808 one=0x0
    -> Fact[LVI:21] i64 %540 in [1,9223372036854775807) (LVI @ )
    -> Fact[RM:22] i64 %551 in [0,9223372036854775807) (!range)
    -> Fact[KB:23] i64 %551 known bits zero=0x9223372036854775808 one=0x0
    -> Fact[LVI:24] i64 %551 in [1,9223372036854775807) (LVI @ )
    -> Fact[RM:25] i64 %562 in [0,9223372036854775807) (!range)
    -> Fact[KB:26] i64 %562 known bits zero=0x9223372036854775808 one=0x0
    -> Fact[LVI:27] i64 %562 in [1,9223372036854775807) (LVI @ )
    -> Fact[RM:28] i64 %582 in [0,9223372036854775807) (!range)
    -> Fact[KB:29] i64 %582 known bits zero=0x9223372036854775808 one=0x0
    -> Fact[LVI:30] i64 %582 in [1,9223372036854775807) (LVI @ )
    -> Fact[RM:31] i64 %594 in [0,9223372036854775807) (!range)
    -> Fact[KB:32] i64 %594 known bits zero=0x9223372036854775808 one=0x0
    -> Fact[LVI:33] i64 %594 in [1,9223372036854775807) (LVI @ )
    -> Fact[RM:34] i64 %604 in [0,9223372036854775807) (!range)
    -> Fact[KB:35] i64 %604 known bits zero=0x9223372036854775808 one=0x0
    -> Fact[LVI:36] i64 %604 in [1,9223372036854775807) (LVI @ )
    -> Fact[RM:37] i64 %616 in [0,9223372036854775807) (!range)
    -> Fact[KB:38] i64 %616 known bits zero=0x9223372036854775808 one=0x0
    -> Fact[LVI:39] i64 %616 in [1,9223372036854775807) (LVI @ )
    -> Fact[RM:40] i64 %626 in [0,9223372036854775807) (!range)
    -> Fact[KB:41] i64 %626 known bits zero=0x9223372036854775808 one=0x0
    -> [heavy] 42 analysis fact(s) on 51 boundary value(s)
    -> [mv] T3: not a bounds shape (idx vs invariant count)
    -> [ind L0] BASE (1 phi(s) = entry): SAT (WARNING: Potential Integer Overflow Bug Detected!) [Query Latency: 1.546917 ms]
    -> [ind L1] BASE (1 phi(s) = entry): SAT (WARNING: Potential Integer Overflow Bug Detected!) [Query Latency: 1.753250 ms]
    -> [ind L2] BASE (1 phi(s) = entry): SAT (WARNING: Potential Integer Overflow Bug Detected!) [Query Latency: 1.674459 ms]
    -> SAT (WARNING: Potential Integer Overflow Bug Detected!) [Query Latency: 3.236333 ms]
    -> [mv] still SAT under 36 hypothesis candidate(s): not versionable
  -> Found UB Trap. Starting Backward Slice...
    -> Guard[0] (true edge of ''):  %.not277 = icmp samesign ult i64 %536, %626
    -> Guard[1] (true edge of ''):  %.not276 = icmp samesign ult i64 %528, %616
    -> Guard[2] (true edge of ''):  %.not275 = icmp samesign ult i64 %536, %604
    -> Guard[3] (true edge of ''):  %.not274 = icmp samesign ult i64 %528, %594
    -> Guard[4] (true edge of ''):  %.not273 = icmp samesign ult i64 %536, %582
    -> Guard[5] (true edge of ''):  %.not272 = icmp samesign ult i64 %536, %562
    -> Guard[6] (true edge of ''):  %.not271 = icmp samesign ult i64 %528, %562
    -> Guard[7] (true edge of ''):  %.not270 = icmp samesign ult i64 %536, %551
    -> Guard[8] (true edge of ''):  %.not269 = icmp samesign ult i64 %528, %551
    -> Guard[9] (true edge of ''):  %.not268 = icmp ult i64 %536, %540
    -> Guard[10] (true edge of ''):  %.not267 = icmp samesign ult i64 %528, %540
    -> Guard[11] (false edge of ''):  %532 = icmp eq i64 %529, %530
    -> Guard[12] (true edge of '.preheader316.preheader'):  %.not368 = icmp sgt i64 %530, %528
    -> Guard[13] (false edge of ''):  %518 = icmp eq i64 %515, 0
    -> Guard[14] (false edge of '.preheader317.preheader'):  %516 = icmp slt i64 %515, 0
    -> Guard[15] (false edge of ''):  %492 = icmp eq i64 %489, 0
    -> Guard[16] (false edge of ''):  %490 = icmp slt i64 %489, 0
    -> Guard[17] (false edge of ''):  %484 = icmp eq i64 %483, 0
    -> Guard[18] (false edge of ''):  %469 = icmp eq i64 %468, 0
    -> Guard[19] (false edge of ''):  %454 = icmp eq i64 %453, 0
    -> Guard[20] (false edge of ''):  %189 = icmp slt i64 %188, 0
    -> Guard[21] (false edge of ''):  %99 = icmp eq i8 %98, 1
    -> Guard[22] (false edge of ''):  %18 = icmp eq i64 %17, 0
    -> Guard[23] (false edge of 'entry'):  %6 = icmp samesign ult i64 %5, 2
    -> Collected 24 dominating context guard(s).
    -> Frame refused (clobber between loads):  %188 = load i64, ptr @"$s5nbody1nSivp", align 8  vs  %.pre = load i64, ptr @"$s5nbody1nSivp", align 8
         clobber:   call void @swift_endAccess(ptr nonnull %access-scratch46) #2
    -> Frame refused (clobber between loads):  %188 = load i64, ptr @"$s5nbody1nSivp", align 8  vs  %515 = load i64, ptr @"$s5nbody1nSivp", align 8
         clobber: (MemoryPhi: clobber on some incoming arm)
    -> Frame refused (clobber between loads):  %188 = load i64, ptr @"$s5nbody1nSivp", align 8  vs  %519 = load i64, ptr @"$s5nbody1nSivp", align 8
         clobber: (MemoryPhi: clobber on some incoming arm)
    -> Frame refused (clobber between loads):  %188 = load i64, ptr @"$s5nbody1nSivp", align 8  vs  %.pr = load i64, ptr @"$s5nbody1nSivp", align 8
         clobber: (MemoryPhi: clobber on some incoming arm)
    -> Frame refused (clobber between loads):  %188 = load i64, ptr @"$s5nbody1nSivp", align 8  vs  %530 = load i64, ptr @"$s5nbody1nSivp", align 8
         clobber: (MemoryPhi: clobber on some incoming arm)
    -> Frame refused (clobber between loads):  %188 = load i64, ptr @"$s5nbody1nSivp", align 8  vs  %838 = load i64, ptr @"$s5nbody1nSivp", align 8
         clobber: (MemoryPhi: clobber on some incoming arm)
    -> [go3] 1 leaf-closure instruction(s) encoded
    -> Fact[RM:0] i64 %5 in [0,9223372036854775807) (!range)
    -> Fact[KB:1] i64 %5 known bits zero=0x9223372036854775808 one=0x0
    -> Fact[RM:2] i64 %453 in [0,9223372036854775807) (!range)
    -> Fact[KB:3] i64 %453 known bits zero=0x9223372036854775808 one=0x0
    -> Fact[RM:4] i64 %468 in [0,9223372036854775807) (!range)
    -> Fact[KB:5] i64 %468 known bits zero=0x9223372036854775808 one=0x0
    -> Fact[RM:6] i64 %483 in [0,9223372036854775807) (!range)
    -> Fact[KB:7] i64 %483 known bits zero=0x9223372036854775808 one=0x0
    -> Fact[KB:8] i64 %528 known bits zero=0x9223372036854775808 one=0x0
    -> Fact[LVI:9] i64 %528 in [0,9223372036854775806) (LVI @ )
    -> Fact[SCEV:10] i64 %528 in [0,9223372036854775807) (SCEV unsigned)
    -> Fact[SCEV:11] i64 %528 in [0,9223372036854775807) (SCEV signed)
    -> Fact[SCEVSYM:12] i64 %528 - start(0) <=u BTC((-1 + %515)) (SCEV symbolic trip count, sub-form)
    -> Fact[PHIINV-hi:13] i64 %528 == i64 0 || ne(i64 %528, i64 %515) (latch-implied bound, 1-induction)
    -> Fact[PHIINV-lo:14] i64 %528 >=s i64 0 (monotone nsw increments, 1 arm(s))
    -> Fact[LVI:15] i64 %536 in [0,9223372036854775806) (LVI @ )
    -> Fact[SCEV:16] i64 %536 in [1,-3) (SCEV unsigned)
    -> Fact[SCEV:17] i64 %536 in [1,-3) (SCEV signed)
    -> Fact[PHIINV-hi:18] i64 %536 == i64 %529 || ne(i64 %536, i64 %530) (latch-implied bound, 1-induction)
    -> Fact[RM:19] i64 %540 in [0,9223372036854775807) (!range)
    -> Fact[KB:20] i64 %540 known bits zero=0x9223372036854775808 one=0x0
    -> Fact[LVI:21] i64 %540 in [1,9223372036854775807) (LVI @ )
    -> Fact[RM:22] i64 %551 in [0,9223372036854775807) (!range)
    -> Fact[KB:23] i64 %551 known bits zero=0x9223372036854775808 one=0x0
    -> Fact[LVI:24] i64 %551 in [1,9223372036854775807) (LVI @ )
    -> Fact[RM:25] i64 %562 in [0,9223372036854775807) (!range)
    -> Fact[KB:26] i64 %562 known bits zero=0x9223372036854775808 one=0x0
    -> Fact[LVI:27] i64 %562 in [1,9223372036854775807) (LVI @ )
    -> Fact[RM:28] i64 %582 in [0,9223372036854775807) (!range)
    -> Fact[KB:29] i64 %582 known bits zero=0x9223372036854775808 one=0x0
    -> Fact[LVI:30] i64 %582 in [1,9223372036854775807) (LVI @ )
    -> Fact[RM:31] i64 %594 in [0,9223372036854775807) (!range)
    -> Fact[KB:32] i64 %594 known bits zero=0x9223372036854775808 one=0x0
    -> Fact[LVI:33] i64 %594 in [1,9223372036854775807) (LVI @ )
    -> Fact[RM:34] i64 %604 in [0,9223372036854775807) (!range)
    -> Fact[KB:35] i64 %604 known bits zero=0x9223372036854775808 one=0x0
    -> Fact[LVI:36] i64 %604 in [1,9223372036854775807) (LVI @ )
    -> Fact[RM:37] i64 %616 in [0,9223372036854775807) (!range)
    -> Fact[KB:38] i64 %616 known bits zero=0x9223372036854775808 one=0x0
    -> Fact[LVI:39] i64 %616 in [1,9223372036854775807) (LVI @ )
    -> Fact[RM:40] i64 %626 in [0,9223372036854775807) (!range)
    -> Fact[KB:41] i64 %626 known bits zero=0x9223372036854775808 one=0x0
    -> Fact[LVI:42] i64 %626 in [1,9223372036854775807) (LVI @ )
    -> Fact[RM:43] i64 %638 in [0,9223372036854775807) (!range)
    -> Fact[KB:44] i64 %638 known bits zero=0x9223372036854775808 one=0x0
    -> [heavy] 45 analysis fact(s) on 52 boundary value(s)
    -> [mv] T3: not a bounds shape (idx vs invariant count)
    -> [ind L0] BASE (1 phi(s) = entry): SAT (WARNING: Potential Integer Overflow Bug Detected!) [Query Latency: 1.595084 ms]
    -> [ind L1] BASE (1 phi(s) = entry): SAT (WARNING: Potential Integer Overflow Bug Detected!) [Query Latency: 1.814458 ms]
    -> [ind L2] BASE (1 phi(s) = entry): SAT (WARNING: Potential Integer Overflow Bug Detected!) [Query Latency: 2.690042 ms]
    -> SAT (WARNING: Potential Integer Overflow Bug Detected!) [Query Latency: 4.519708 ms]
    -> [mv] still SAT under 36 hypothesis candidate(s): not versionable
  -> Found UB Trap. Starting Backward Slice...
    -> Guard[0] (true edge of ''):  %.not278 = icmp samesign ult i64 %528, %638
    -> Guard[1] (true edge of ''):  %.not277 = icmp samesign ult i64 %536, %626
    -> Guard[2] (true edge of ''):  %.not276 = icmp samesign ult i64 %528, %616
    -> Guard[3] (true edge of ''):  %.not275 = icmp samesign ult i64 %536, %604
    -> Guard[4] (true edge of ''):  %.not274 = icmp samesign ult i64 %528, %594
    -> Guard[5] (true edge of ''):  %.not273 = icmp samesign ult i64 %536, %582
    -> Guard[6] (true edge of ''):  %.not272 = icmp samesign ult i64 %536, %562
    -> Guard[7] (true edge of ''):  %.not271 = icmp samesign ult i64 %528, %562
    -> Guard[8] (true edge of ''):  %.not270 = icmp samesign ult i64 %536, %551
    -> Guard[9] (true edge of ''):  %.not269 = icmp samesign ult i64 %528, %551
    -> Guard[10] (true edge of ''):  %.not268 = icmp ult i64 %536, %540
    -> Guard[11] (true edge of ''):  %.not267 = icmp samesign ult i64 %528, %540
    -> Guard[12] (false edge of ''):  %532 = icmp eq i64 %529, %530
    -> Guard[13] (true edge of '.preheader316.preheader'):  %.not368 = icmp sgt i64 %530, %528
    -> Guard[14] (false edge of ''):  %518 = icmp eq i64 %515, 0
    -> Guard[15] (false edge of '.preheader317.preheader'):  %516 = icmp slt i64 %515, 0
    -> Guard[16] (false edge of ''):  %492 = icmp eq i64 %489, 0
    -> Guard[17] (false edge of ''):  %490 = icmp slt i64 %489, 0
    -> Guard[18] (false edge of ''):  %484 = icmp eq i64 %483, 0
    -> Guard[19] (false edge of ''):  %469 = icmp eq i64 %468, 0
    -> Guard[20] (false edge of ''):  %454 = icmp eq i64 %453, 0
    -> Guard[21] (false edge of ''):  %189 = icmp slt i64 %188, 0
    -> Guard[22] (false edge of ''):  %99 = icmp eq i8 %98, 1
    -> Guard[23] (false edge of ''):  %18 = icmp eq i64 %17, 0
    -> Guard[24] (false edge of 'entry'):  %6 = icmp samesign ult i64 %5, 2
    -> Collected 25 dominating context guard(s).
    -> Frame refused (clobber between loads):  %188 = load i64, ptr @"$s5nbody1nSivp", align 8  vs  %.pre = load i64, ptr @"$s5nbody1nSivp", align 8
         clobber:   call void @swift_endAccess(ptr nonnull %access-scratch46) #2
    -> Frame refused (clobber between loads):  %188 = load i64, ptr @"$s5nbody1nSivp", align 8  vs  %515 = load i64, ptr @"$s5nbody1nSivp", align 8
         clobber: (MemoryPhi: clobber on some incoming arm)
    -> Frame refused (clobber between loads):  %188 = load i64, ptr @"$s5nbody1nSivp", align 8  vs  %519 = load i64, ptr @"$s5nbody1nSivp", align 8
         clobber: (MemoryPhi: clobber on some incoming arm)
    -> Frame refused (clobber between loads):  %188 = load i64, ptr @"$s5nbody1nSivp", align 8  vs  %.pr = load i64, ptr @"$s5nbody1nSivp", align 8
         clobber: (MemoryPhi: clobber on some incoming arm)
    -> Frame refused (clobber between loads):  %188 = load i64, ptr @"$s5nbody1nSivp", align 8  vs  %530 = load i64, ptr @"$s5nbody1nSivp", align 8
         clobber: (MemoryPhi: clobber on some incoming arm)
    -> Frame refused (clobber between loads):  %188 = load i64, ptr @"$s5nbody1nSivp", align 8  vs  %838 = load i64, ptr @"$s5nbody1nSivp", align 8
         clobber: (MemoryPhi: clobber on some incoming arm)
    -> [go3] 1 leaf-closure instruction(s) encoded
    -> Fact[RM:0] i64 %5 in [0,9223372036854775807) (!range)
    -> Fact[KB:1] i64 %5 known bits zero=0x9223372036854775808 one=0x0
    -> Fact[RM:2] i64 %453 in [0,9223372036854775807) (!range)
    -> Fact[KB:3] i64 %453 known bits zero=0x9223372036854775808 one=0x0
    -> Fact[RM:4] i64 %468 in [0,9223372036854775807) (!range)
    -> Fact[KB:5] i64 %468 known bits zero=0x9223372036854775808 one=0x0
    -> Fact[RM:6] i64 %483 in [0,9223372036854775807) (!range)
    -> Fact[KB:7] i64 %483 known bits zero=0x9223372036854775808 one=0x0
    -> Fact[KB:8] i64 %528 known bits zero=0x9223372036854775808 one=0x0
    -> Fact[LVI:9] i64 %528 in [0,9223372036854775806) (LVI @ )
    -> Fact[SCEV:10] i64 %528 in [0,9223372036854775807) (SCEV unsigned)
    -> Fact[SCEV:11] i64 %528 in [0,9223372036854775807) (SCEV signed)
    -> Fact[SCEVSYM:12] i64 %528 - start(0) <=u BTC((-1 + %515)) (SCEV symbolic trip count, sub-form)
    -> Fact[PHIINV-hi:13] i64 %528 == i64 0 || ne(i64 %528, i64 %515) (latch-implied bound, 1-induction)
    -> Fact[PHIINV-lo:14] i64 %528 >=s i64 0 (monotone nsw increments, 1 arm(s))
    -> Fact[LVI:15] i64 %536 in [0,9223372036854775806) (LVI @ )
    -> Fact[SCEV:16] i64 %536 in [1,-3) (SCEV unsigned)
    -> Fact[SCEV:17] i64 %536 in [1,-3) (SCEV signed)
    -> Fact[PHIINV-hi:18] i64 %536 == i64 %529 || ne(i64 %536, i64 %530) (latch-implied bound, 1-induction)
    -> Fact[RM:19] i64 %540 in [0,9223372036854775807) (!range)
    -> Fact[KB:20] i64 %540 known bits zero=0x9223372036854775808 one=0x0
    -> Fact[LVI:21] i64 %540 in [1,9223372036854775807) (LVI @ )
    -> Fact[RM:22] i64 %551 in [0,9223372036854775807) (!range)
    -> Fact[KB:23] i64 %551 known bits zero=0x9223372036854775808 one=0x0
    -> Fact[LVI:24] i64 %551 in [1,9223372036854775807) (LVI @ )
    -> Fact[RM:25] i64 %562 in [0,9223372036854775807) (!range)
    -> Fact[KB:26] i64 %562 known bits zero=0x9223372036854775808 one=0x0
    -> Fact[LVI:27] i64 %562 in [1,9223372036854775807) (LVI @ )
    -> Fact[RM:28] i64 %582 in [0,9223372036854775807) (!range)
    -> Fact[KB:29] i64 %582 known bits zero=0x9223372036854775808 one=0x0
    -> Fact[LVI:30] i64 %582 in [1,9223372036854775807) (LVI @ )
    -> Fact[RM:31] i64 %594 in [0,9223372036854775807) (!range)
    -> Fact[KB:32] i64 %594 known bits zero=0x9223372036854775808 one=0x0
    -> Fact[LVI:33] i64 %594 in [1,9223372036854775807) (LVI @ )
    -> Fact[RM:34] i64 %604 in [0,9223372036854775807) (!range)
    -> Fact[KB:35] i64 %604 known bits zero=0x9223372036854775808 one=0x0
    -> Fact[LVI:36] i64 %604 in [1,9223372036854775807) (LVI @ )
    -> Fact[RM:37] i64 %616 in [0,9223372036854775807) (!range)
    -> Fact[KB:38] i64 %616 known bits zero=0x9223372036854775808 one=0x0
    -> Fact[LVI:39] i64 %616 in [1,9223372036854775807) (LVI @ )
    -> Fact[RM:40] i64 %626 in [0,9223372036854775807) (!range)
    -> Fact[KB:41] i64 %626 known bits zero=0x9223372036854775808 one=0x0
    -> Fact[LVI:42] i64 %626 in [1,9223372036854775807) (LVI @ )
    -> Fact[RM:43] i64 %638 in [0,9223372036854775807) (!range)
    -> Fact[KB:44] i64 %638 known bits zero=0x9223372036854775808 one=0x0
    -> Fact[LVI:45] i64 %638 in [1,9223372036854775807) (LVI @ )
    -> Fact[RM:46] i64 %648 in [0,9223372036854775807) (!range)
    -> Fact[KB:47] i64 %648 known bits zero=0x9223372036854775808 one=0x0
    -> [heavy] 48 analysis fact(s) on 53 boundary value(s)
    -> [mv] T3: not a bounds shape (idx vs invariant count)
    -> [ind L0] BASE (1 phi(s) = entry): SAT (WARNING: Potential Integer Overflow Bug Detected!) [Query Latency: 1.635666 ms]
    -> [ind L1] BASE (1 phi(s) = entry): SAT (WARNING: Potential Integer Overflow Bug Detected!) [Query Latency: 1.763250 ms]
    -> [ind L2] BASE (1 phi(s) = entry): SAT (WARNING: Potential Integer Overflow Bug Detected!) [Query Latency: 1.846250 ms]
    -> SAT (WARNING: Potential Integer Overflow Bug Detected!) [Query Latency: 4.609959 ms]
    -> [mv] still SAT under 36 hypothesis candidate(s): not versionable
  -> Found UB Trap. Starting Backward Slice...
    -> Guard[0] (true edge of ''):  %.not279 = icmp samesign ult i64 %528, %648
    -> Guard[1] (true edge of ''):  %.not278 = icmp samesign ult i64 %528, %638
    -> Guard[2] (true edge of ''):  %.not277 = icmp samesign ult i64 %536, %626
    -> Guard[3] (true edge of ''):  %.not276 = icmp samesign ult i64 %528, %616
    -> Guard[4] (true edge of ''):  %.not275 = icmp samesign ult i64 %536, %604
    -> Guard[5] (true edge of ''):  %.not274 = icmp samesign ult i64 %528, %594
    -> Guard[6] (true edge of ''):  %.not273 = icmp samesign ult i64 %536, %582
    -> Guard[7] (true edge of ''):  %.not272 = icmp samesign ult i64 %536, %562
    -> Guard[8] (true edge of ''):  %.not271 = icmp samesign ult i64 %528, %562
    -> Guard[9] (true edge of ''):  %.not270 = icmp samesign ult i64 %536, %551
    -> Guard[10] (true edge of ''):  %.not269 = icmp samesign ult i64 %528, %551
    -> Guard[11] (true edge of ''):  %.not268 = icmp ult i64 %536, %540
    -> Guard[12] (true edge of ''):  %.not267 = icmp samesign ult i64 %528, %540
    -> Guard[13] (false edge of ''):  %532 = icmp eq i64 %529, %530
    -> Guard[14] (true edge of '.preheader316.preheader'):  %.not368 = icmp sgt i64 %530, %528
    -> Guard[15] (false edge of ''):  %518 = icmp eq i64 %515, 0
    -> Guard[16] (false edge of '.preheader317.preheader'):  %516 = icmp slt i64 %515, 0
    -> Guard[17] (false edge of ''):  %492 = icmp eq i64 %489, 0
    -> Guard[18] (false edge of ''):  %490 = icmp slt i64 %489, 0
    -> Guard[19] (false edge of ''):  %484 = icmp eq i64 %483, 0
    -> Guard[20] (false edge of ''):  %469 = icmp eq i64 %468, 0
    -> Guard[21] (false edge of ''):  %454 = icmp eq i64 %453, 0
    -> Guard[22] (false edge of ''):  %189 = icmp slt i64 %188, 0
    -> Guard[23] (false edge of ''):  %99 = icmp eq i8 %98, 1
    -> Guard[24] (false edge of ''):  %18 = icmp eq i64 %17, 0
    -> Guard[25] (false edge of 'entry'):  %6 = icmp samesign ult i64 %5, 2
    -> Collected 26 dominating context guard(s).
    -> Frame refused (clobber between loads):  %188 = load i64, ptr @"$s5nbody1nSivp", align 8  vs  %.pre = load i64, ptr @"$s5nbody1nSivp", align 8
         clobber:   call void @swift_endAccess(ptr nonnull %access-scratch46) #2
    -> Frame refused (clobber between loads):  %188 = load i64, ptr @"$s5nbody1nSivp", align 8  vs  %515 = load i64, ptr @"$s5nbody1nSivp", align 8
         clobber: (MemoryPhi: clobber on some incoming arm)
    -> Frame refused (clobber between loads):  %188 = load i64, ptr @"$s5nbody1nSivp", align 8  vs  %519 = load i64, ptr @"$s5nbody1nSivp", align 8
         clobber: (MemoryPhi: clobber on some incoming arm)
    -> Frame refused (clobber between loads):  %188 = load i64, ptr @"$s5nbody1nSivp", align 8  vs  %.pr = load i64, ptr @"$s5nbody1nSivp", align 8
         clobber: (MemoryPhi: clobber on some incoming arm)
    -> Frame refused (clobber between loads):  %188 = load i64, ptr @"$s5nbody1nSivp", align 8  vs  %530 = load i64, ptr @"$s5nbody1nSivp", align 8
         clobber: (MemoryPhi: clobber on some incoming arm)
    -> Frame refused (clobber between loads):  %188 = load i64, ptr @"$s5nbody1nSivp", align 8  vs  %838 = load i64, ptr @"$s5nbody1nSivp", align 8
         clobber: (MemoryPhi: clobber on some incoming arm)
    -> [go3] 1 leaf-closure instruction(s) encoded
    -> Fact[RM:0] i64 %5 in [0,9223372036854775807) (!range)
    -> Fact[KB:1] i64 %5 known bits zero=0x9223372036854775808 one=0x0
    -> Fact[RM:2] i64 %453 in [0,9223372036854775807) (!range)
    -> Fact[KB:3] i64 %453 known bits zero=0x9223372036854775808 one=0x0
    -> Fact[RM:4] i64 %468 in [0,9223372036854775807) (!range)
    -> Fact[KB:5] i64 %468 known bits zero=0x9223372036854775808 one=0x0
    -> Fact[RM:6] i64 %483 in [0,9223372036854775807) (!range)
    -> Fact[KB:7] i64 %483 known bits zero=0x9223372036854775808 one=0x0
    -> Fact[KB:8] i64 %528 known bits zero=0x9223372036854775808 one=0x0
    -> Fact[LVI:9] i64 %528 in [0,9223372036854775806) (LVI @ )
    -> Fact[SCEV:10] i64 %528 in [0,9223372036854775807) (SCEV unsigned)
    -> Fact[SCEV:11] i64 %528 in [0,9223372036854775807) (SCEV signed)
    -> Fact[SCEVSYM:12] i64 %528 - start(0) <=u BTC((-1 + %515)) (SCEV symbolic trip count, sub-form)
    -> Fact[PHIINV-hi:13] i64 %528 == i64 0 || ne(i64 %528, i64 %515) (latch-implied bound, 1-induction)
    -> Fact[PHIINV-lo:14] i64 %528 >=s i64 0 (monotone nsw increments, 1 arm(s))
    -> Fact[LVI:15] i64 %536 in [0,9223372036854775806) (LVI @ )
    -> Fact[SCEV:16] i64 %536 in [1,-3) (SCEV unsigned)
    -> Fact[SCEV:17] i64 %536 in [1,-3) (SCEV signed)
    -> Fact[PHIINV-hi:18] i64 %536 == i64 %529 || ne(i64 %536, i64 %530) (latch-implied bound, 1-induction)
    -> Fact[RM:19] i64 %540 in [0,9223372036854775807) (!range)
    -> Fact[KB:20] i64 %540 known bits zero=0x9223372036854775808 one=0x0
    -> Fact[LVI:21] i64 %540 in [1,9223372036854775807) (LVI @ )
    -> Fact[RM:22] i64 %551 in [0,9223372036854775807) (!range)
    -> Fact[KB:23] i64 %551 known bits zero=0x9223372036854775808 one=0x0
    -> Fact[LVI:24] i64 %551 in [1,9223372036854775807) (LVI @ )
    -> Fact[RM:25] i64 %562 in [0,9223372036854775807) (!range)
    -> Fact[KB:26] i64 %562 known bits zero=0x9223372036854775808 one=0x0
    -> Fact[LVI:27] i64 %562 in [1,9223372036854775807) (LVI @ )
    -> Fact[RM:28] i64 %582 in [0,9223372036854775807) (!range)
    -> Fact[KB:29] i64 %582 known bits zero=0x9223372036854775808 one=0x0
    -> Fact[LVI:30] i64 %582 in [1,9223372036854775807) (LVI @ )
    -> Fact[RM:31] i64 %594 in [0,9223372036854775807) (!range)
    -> Fact[KB:32] i64 %594 known bits zero=0x9223372036854775808 one=0x0
    -> Fact[LVI:33] i64 %594 in [1,9223372036854775807) (LVI @ )
    -> Fact[RM:34] i64 %604 in [0,9223372036854775807) (!range)
    -> Fact[KB:35] i64 %604 known bits zero=0x9223372036854775808 one=0x0
    -> Fact[LVI:36] i64 %604 in [1,9223372036854775807) (LVI @ )
    -> Fact[RM:37] i64 %616 in [0,9223372036854775807) (!range)
    -> Fact[KB:38] i64 %616 known bits zero=0x9223372036854775808 one=0x0
    -> Fact[LVI:39] i64 %616 in [1,9223372036854775807) (LVI @ )
    -> Fact[RM:40] i64 %626 in [0,9223372036854775807) (!range)
    -> Fact[KB:41] i64 %626 known bits zero=0x9223372036854775808 one=0x0
    -> Fact[LVI:42] i64 %626 in [1,9223372036854775807) (LVI @ )
    -> Fact[RM:43] i64 %638 in [0,9223372036854775807) (!range)
    -> Fact[KB:44] i64 %638 known bits zero=0x9223372036854775808 one=0x0
    -> Fact[LVI:45] i64 %638 in [1,9223372036854775807) (LVI @ )
    -> Fact[RM:46] i64 %648 in [0,9223372036854775807) (!range)
    -> Fact[KB:47] i64 %648 known bits zero=0x9223372036854775808 one=0x0
    -> Fact[LVI:48] i64 %648 in [1,9223372036854775807) (LVI @ )
    -> Fact[RM:49] i64 %660 in [0,9223372036854775807) (!range)
    -> Fact[KB:50] i64 %660 known bits zero=0x9223372036854775808 one=0x0
    -> [heavy] 51 analysis fact(s) on 54 boundary value(s)
    -> [mv] T3: not a bounds shape (idx vs invariant count)
    -> [ind L0] BASE (1 phi(s) = entry): SAT (WARNING: Potential Integer Overflow Bug Detected!) [Query Latency: 1.737083 ms]
    -> [ind L1] BASE (1 phi(s) = entry): SAT (WARNING: Potential Integer Overflow Bug Detected!) [Query Latency: 1.659708 ms]
    -> [ind L2] BASE (1 phi(s) = entry): SAT (WARNING: Potential Integer Overflow Bug Detected!) [Query Latency: 1.644709 ms]
    -> SAT (WARNING: Potential Integer Overflow Bug Detected!) [Query Latency: 5.047083 ms]
    -> [mv] still SAT under 36 hypothesis candidate(s): not versionable
  -> Found UB Trap. Starting Backward Slice...
    -> Guard[0] (true edge of ''):  %.not280 = icmp samesign ult i64 %536, %660
    -> Guard[1] (true edge of ''):  %.not279 = icmp samesign ult i64 %528, %648
    -> Guard[2] (true edge of ''):  %.not278 = icmp samesign ult i64 %528, %638
    -> Guard[3] (true edge of ''):  %.not277 = icmp samesign ult i64 %536, %626
    -> Guard[4] (true edge of ''):  %.not276 = icmp samesign ult i64 %528, %616
    -> Guard[5] (true edge of ''):  %.not275 = icmp samesign ult i64 %536, %604
    -> Guard[6] (true edge of ''):  %.not274 = icmp samesign ult i64 %528, %594
    -> Guard[7] (true edge of ''):  %.not273 = icmp samesign ult i64 %536, %582
    -> Guard[8] (true edge of ''):  %.not272 = icmp samesign ult i64 %536, %562
    -> Guard[9] (true edge of ''):  %.not271 = icmp samesign ult i64 %528, %562
    -> Guard[10] (true edge of ''):  %.not270 = icmp samesign ult i64 %536, %551
    -> Guard[11] (true edge of ''):  %.not269 = icmp samesign ult i64 %528, %551
    -> Guard[12] (true edge of ''):  %.not268 = icmp ult i64 %536, %540
    -> Guard[13] (true edge of ''):  %.not267 = icmp samesign ult i64 %528, %540
    -> Guard[14] (false edge of ''):  %532 = icmp eq i64 %529, %530
    -> Guard[15] (true edge of '.preheader316.preheader'):  %.not368 = icmp sgt i64 %530, %528
    -> Guard[16] (false edge of ''):  %518 = icmp eq i64 %515, 0
    -> Guard[17] (false edge of '.preheader317.preheader'):  %516 = icmp slt i64 %515, 0
    -> Guard[18] (false edge of ''):  %492 = icmp eq i64 %489, 0
    -> Guard[19] (false edge of ''):  %490 = icmp slt i64 %489, 0
    -> Guard[20] (false edge of ''):  %484 = icmp eq i64 %483, 0
    -> Guard[21] (false edge of ''):  %469 = icmp eq i64 %468, 0
    -> Guard[22] (false edge of ''):  %454 = icmp eq i64 %453, 0
    -> Guard[23] (false edge of ''):  %189 = icmp slt i64 %188, 0
    -> Guard[24] (false edge of ''):  %99 = icmp eq i8 %98, 1
    -> Guard[25] (false edge of ''):  %18 = icmp eq i64 %17, 0
    -> Guard[26] (false edge of 'entry'):  %6 = icmp samesign ult i64 %5, 2
    -> Collected 27 dominating context guard(s).
    -> Frame refused (clobber between loads):  %188 = load i64, ptr @"$s5nbody1nSivp", align 8  vs  %.pre = load i64, ptr @"$s5nbody1nSivp", align 8
         clobber:   call void @swift_endAccess(ptr nonnull %access-scratch46) #2
    -> Frame refused (clobber between loads):  %188 = load i64, ptr @"$s5nbody1nSivp", align 8  vs  %515 = load i64, ptr @"$s5nbody1nSivp", align 8
         clobber: (MemoryPhi: clobber on some incoming arm)
    -> Frame refused (clobber between loads):  %188 = load i64, ptr @"$s5nbody1nSivp", align 8  vs  %519 = load i64, ptr @"$s5nbody1nSivp", align 8
         clobber: (MemoryPhi: clobber on some incoming arm)
    -> Frame refused (clobber between loads):  %188 = load i64, ptr @"$s5nbody1nSivp", align 8  vs  %.pr = load i64, ptr @"$s5nbody1nSivp", align 8
         clobber: (MemoryPhi: clobber on some incoming arm)
    -> Frame refused (clobber between loads):  %188 = load i64, ptr @"$s5nbody1nSivp", align 8  vs  %530 = load i64, ptr @"$s5nbody1nSivp", align 8
         clobber: (MemoryPhi: clobber on some incoming arm)
    -> Frame refused (clobber between loads):  %188 = load i64, ptr @"$s5nbody1nSivp", align 8  vs  %838 = load i64, ptr @"$s5nbody1nSivp", align 8
         clobber: (MemoryPhi: clobber on some incoming arm)
    -> [go3] 1 leaf-closure instruction(s) encoded
    -> Fact[RM:0] i64 %5 in [0,9223372036854775807) (!range)
    -> Fact[KB:1] i64 %5 known bits zero=0x9223372036854775808 one=0x0
    -> Fact[RM:2] i64 %453 in [0,9223372036854775807) (!range)
    -> Fact[KB:3] i64 %453 known bits zero=0x9223372036854775808 one=0x0
    -> Fact[RM:4] i64 %468 in [0,9223372036854775807) (!range)
    -> Fact[KB:5] i64 %468 known bits zero=0x9223372036854775808 one=0x0
    -> Fact[RM:6] i64 %483 in [0,9223372036854775807) (!range)
    -> Fact[KB:7] i64 %483 known bits zero=0x9223372036854775808 one=0x0
    -> Fact[KB:8] i64 %528 known bits zero=0x9223372036854775808 one=0x0
    -> Fact[LVI:9] i64 %528 in [0,9223372036854775806) (LVI @ )
    -> Fact[SCEV:10] i64 %528 in [0,9223372036854775807) (SCEV unsigned)
    -> Fact[SCEV:11] i64 %528 in [0,9223372036854775807) (SCEV signed)
    -> Fact[SCEVSYM:12] i64 %528 - start(0) <=u BTC((-1 + %515)) (SCEV symbolic trip count, sub-form)
    -> Fact[PHIINV-hi:13] i64 %528 == i64 0 || ne(i64 %528, i64 %515) (latch-implied bound, 1-induction)
    -> Fact[PHIINV-lo:14] i64 %528 >=s i64 0 (monotone nsw increments, 1 arm(s))
    -> Fact[LVI:15] i64 %536 in [0,9223372036854775806) (LVI @ )
    -> Fact[SCEV:16] i64 %536 in [1,-3) (SCEV unsigned)
    -> Fact[SCEV:17] i64 %536 in [1,-3) (SCEV signed)
    -> Fact[PHIINV-hi:18] i64 %536 == i64 %529 || ne(i64 %536, i64 %530) (latch-implied bound, 1-induction)
    -> Fact[RM:19] i64 %540 in [0,9223372036854775807) (!range)
    -> Fact[KB:20] i64 %540 known bits zero=0x9223372036854775808 one=0x0
    -> Fact[LVI:21] i64 %540 in [1,9223372036854775807) (LVI @ )
    -> Fact[RM:22] i64 %551 in [0,9223372036854775807) (!range)
    -> Fact[KB:23] i64 %551 known bits zero=0x9223372036854775808 one=0x0
    -> Fact[LVI:24] i64 %551 in [1,9223372036854775807) (LVI @ )
    -> Fact[RM:25] i64 %562 in [0,9223372036854775807) (!range)
    -> Fact[KB:26] i64 %562 known bits zero=0x9223372036854775808 one=0x0
    -> Fact[LVI:27] i64 %562 in [1,9223372036854775807) (LVI @ )
    -> Fact[RM:28] i64 %582 in [0,9223372036854775807) (!range)
    -> Fact[KB:29] i64 %582 known bits zero=0x9223372036854775808 one=0x0
    -> Fact[LVI:30] i64 %582 in [1,9223372036854775807) (LVI @ )
    -> Fact[RM:31] i64 %594 in [0,9223372036854775807) (!range)
    -> Fact[KB:32] i64 %594 known bits zero=0x9223372036854775808 one=0x0
    -> Fact[LVI:33] i64 %594 in [1,9223372036854775807) (LVI @ )
    -> Fact[RM:34] i64 %604 in [0,9223372036854775807) (!range)
    -> Fact[KB:35] i64 %604 known bits zero=0x9223372036854775808 one=0x0
    -> Fact[LVI:36] i64 %604 in [1,9223372036854775807) (LVI @ )
    -> Fact[RM:37] i64 %616 in [0,9223372036854775807) (!range)
    -> Fact[KB:38] i64 %616 known bits zero=0x9223372036854775808 one=0x0
    -> Fact[LVI:39] i64 %616 in [1,9223372036854775807) (LVI @ )
    -> Fact[RM:40] i64 %626 in [0,9223372036854775807) (!range)
    -> Fact[KB:41] i64 %626 known bits zero=0x9223372036854775808 one=0x0
    -> Fact[LVI:42] i64 %626 in [1,9223372036854775807) (LVI @ )
    -> Fact[RM:43] i64 %638 in [0,9223372036854775807) (!range)
    -> Fact[KB:44] i64 %638 known bits zero=0x9223372036854775808 one=0x0
    -> Fact[LVI:45] i64 %638 in [1,9223372036854775807) (LVI @ )
    -> Fact[RM:46] i64 %648 in [0,9223372036854775807) (!range)
    -> Fact[KB:47] i64 %648 known bits zero=0x9223372036854775808 one=0x0
    -> Fact[LVI:48] i64 %648 in [1,9223372036854775807) (LVI @ )
    -> Fact[RM:49] i64 %660 in [0,9223372036854775807) (!range)
    -> Fact[KB:50] i64 %660 known bits zero=0x9223372036854775808 one=0x0
    -> Fact[LVI:51] i64 %660 in [1,9223372036854775807) (LVI @ )
    -> Fact[RM:52] i64 %670 in [0,9223372036854775807) (!range)
    -> Fact[KB:53] i64 %670 known bits zero=0x9223372036854775808 one=0x0
    -> [heavy] 54 analysis fact(s) on 55 boundary value(s)
    -> [mv] T3: not a bounds shape (idx vs invariant count)
    -> [ind L0] BASE (1 phi(s) = entry): SAT (WARNING: Potential Integer Overflow Bug Detected!) [Query Latency: 1.645625 ms]
    -> [ind L1] BASE (1 phi(s) = entry): SAT (WARNING: Potential Integer Overflow Bug Detected!) [Query Latency: 1.784583 ms]
    -> [ind L2] BASE (1 phi(s) = entry): SAT (WARNING: Potential Integer Overflow Bug Detected!) [Query Latency: 1.929417 ms]
    -> SAT (WARNING: Potential Integer Overflow Bug Detected!) [Query Latency: 5.114583 ms]
    -> [mv] still SAT under 36 hypothesis candidate(s): not versionable
  -> Found UB Trap. Starting Backward Slice...
    -> Guard[0] (true edge of ''):  %.not281 = icmp samesign ult i64 %528, %670
    -> Guard[1] (true edge of ''):  %.not280 = icmp samesign ult i64 %536, %660
    -> Guard[2] (true edge of ''):  %.not279 = icmp samesign ult i64 %528, %648
    -> Guard[3] (true edge of ''):  %.not278 = icmp samesign ult i64 %528, %638
    -> Guard[4] (true edge of ''):  %.not277 = icmp samesign ult i64 %536, %626
    -> Guard[5] (true edge of ''):  %.not276 = icmp samesign ult i64 %528, %616
    -> Guard[6] (true edge of ''):  %.not275 = icmp samesign ult i64 %536, %604
    -> Guard[7] (true edge of ''):  %.not274 = icmp samesign ult i64 %528, %594
    -> Guard[8] (true edge of ''):  %.not273 = icmp samesign ult i64 %536, %582
    -> Guard[9] (true edge of ''):  %.not272 = icmp samesign ult i64 %536, %562
    -> Guard[10] (true edge of ''):  %.not271 = icmp samesign ult i64 %528, %562
    -> Guard[11] (true edge of ''):  %.not270 = icmp samesign ult i64 %536, %551
    -> Guard[12] (true edge of ''):  %.not269 = icmp samesign ult i64 %528, %551
    -> Guard[13] (true edge of ''):  %.not268 = icmp ult i64 %536, %540
    -> Guard[14] (true edge of ''):  %.not267 = icmp samesign ult i64 %528, %540
    -> Guard[15] (false edge of ''):  %532 = icmp eq i64 %529, %530
    -> Guard[16] (true edge of '.preheader316.preheader'):  %.not368 = icmp sgt i64 %530, %528
    -> Guard[17] (false edge of ''):  %518 = icmp eq i64 %515, 0
    -> Guard[18] (false edge of '.preheader317.preheader'):  %516 = icmp slt i64 %515, 0
    -> Guard[19] (false edge of ''):  %492 = icmp eq i64 %489, 0
    -> Guard[20] (false edge of ''):  %490 = icmp slt i64 %489, 0
    -> Guard[21] (false edge of ''):  %484 = icmp eq i64 %483, 0
    -> Guard[22] (false edge of ''):  %469 = icmp eq i64 %468, 0
    -> Guard[23] (false edge of ''):  %454 = icmp eq i64 %453, 0
    -> Guard[24] (false edge of ''):  %189 = icmp slt i64 %188, 0
    -> Guard[25] (false edge of ''):  %99 = icmp eq i8 %98, 1
    -> Guard[26] (false edge of ''):  %18 = icmp eq i64 %17, 0
    -> Guard[27] (false edge of 'entry'):  %6 = icmp samesign ult i64 %5, 2
    -> Collected 28 dominating context guard(s).
    -> Frame refused (clobber between loads):  %188 = load i64, ptr @"$s5nbody1nSivp", align 8  vs  %.pre = load i64, ptr @"$s5nbody1nSivp", align 8
         clobber:   call void @swift_endAccess(ptr nonnull %access-scratch46) #2
    -> Frame refused (clobber between loads):  %188 = load i64, ptr @"$s5nbody1nSivp", align 8  vs  %515 = load i64, ptr @"$s5nbody1nSivp", align 8
         clobber: (MemoryPhi: clobber on some incoming arm)
    -> Frame refused (clobber between loads):  %188 = load i64, ptr @"$s5nbody1nSivp", align 8  vs  %519 = load i64, ptr @"$s5nbody1nSivp", align 8
         clobber: (MemoryPhi: clobber on some incoming arm)
    -> Frame refused (clobber between loads):  %188 = load i64, ptr @"$s5nbody1nSivp", align 8  vs  %.pr = load i64, ptr @"$s5nbody1nSivp", align 8
         clobber: (MemoryPhi: clobber on some incoming arm)
    -> Frame refused (clobber between loads):  %188 = load i64, ptr @"$s5nbody1nSivp", align 8  vs  %530 = load i64, ptr @"$s5nbody1nSivp", align 8
         clobber: (MemoryPhi: clobber on some incoming arm)
    -> Frame refused (clobber between loads):  %188 = load i64, ptr @"$s5nbody1nSivp", align 8  vs  %838 = load i64, ptr @"$s5nbody1nSivp", align 8
         clobber: (MemoryPhi: clobber on some incoming arm)
    -> [go3] 1 leaf-closure instruction(s) encoded
    -> Fact[RM:0] i64 %5 in [0,9223372036854775807) (!range)
    -> Fact[KB:1] i64 %5 known bits zero=0x9223372036854775808 one=0x0
    -> Fact[RM:2] i64 %453 in [0,9223372036854775807) (!range)
    -> Fact[KB:3] i64 %453 known bits zero=0x9223372036854775808 one=0x0
    -> Fact[RM:4] i64 %468 in [0,9223372036854775807) (!range)
    -> Fact[KB:5] i64 %468 known bits zero=0x9223372036854775808 one=0x0
    -> Fact[RM:6] i64 %483 in [0,9223372036854775807) (!range)
    -> Fact[KB:7] i64 %483 known bits zero=0x9223372036854775808 one=0x0
    -> Fact[KB:8] i64 %528 known bits zero=0x9223372036854775808 one=0x0
    -> Fact[LVI:9] i64 %528 in [0,9223372036854775806) (LVI @ )
    -> Fact[SCEV:10] i64 %528 in [0,9223372036854775807) (SCEV unsigned)
    -> Fact[SCEV:11] i64 %528 in [0,9223372036854775807) (SCEV signed)
    -> Fact[SCEVSYM:12] i64 %528 - start(0) <=u BTC((-1 + %515)) (SCEV symbolic trip count, sub-form)
    -> Fact[PHIINV-hi:13] i64 %528 == i64 0 || ne(i64 %528, i64 %515) (latch-implied bound, 1-induction)
    -> Fact[PHIINV-lo:14] i64 %528 >=s i64 0 (monotone nsw increments, 1 arm(s))
    -> Fact[LVI:15] i64 %536 in [0,9223372036854775806) (LVI @ )
    -> Fact[SCEV:16] i64 %536 in [1,-3) (SCEV unsigned)
    -> Fact[SCEV:17] i64 %536 in [1,-3) (SCEV signed)
    -> Fact[PHIINV-hi:18] i64 %536 == i64 %529 || ne(i64 %536, i64 %530) (latch-implied bound, 1-induction)
    -> Fact[RM:19] i64 %540 in [0,9223372036854775807) (!range)
    -> Fact[KB:20] i64 %540 known bits zero=0x9223372036854775808 one=0x0
    -> Fact[LVI:21] i64 %540 in [1,9223372036854775807) (LVI @ )
    -> Fact[RM:22] i64 %551 in [0,9223372036854775807) (!range)
    -> Fact[KB:23] i64 %551 known bits zero=0x9223372036854775808 one=0x0
    -> Fact[LVI:24] i64 %551 in [1,9223372036854775807) (LVI @ )
    -> Fact[RM:25] i64 %562 in [0,9223372036854775807) (!range)
    -> Fact[KB:26] i64 %562 known bits zero=0x9223372036854775808 one=0x0
    -> Fact[LVI:27] i64 %562 in [1,9223372036854775807) (LVI @ )
    -> Fact[RM:28] i64 %582 in [0,9223372036854775807) (!range)
    -> Fact[KB:29] i64 %582 known bits zero=0x9223372036854775808 one=0x0
    -> Fact[LVI:30] i64 %582 in [1,9223372036854775807) (LVI @ )
    -> Fact[RM:31] i64 %594 in [0,9223372036854775807) (!range)
    -> Fact[KB:32] i64 %594 known bits zero=0x9223372036854775808 one=0x0
    -> Fact[LVI:33] i64 %594 in [1,9223372036854775807) (LVI @ )
    -> Fact[RM:34] i64 %604 in [0,9223372036854775807) (!range)
    -> Fact[KB:35] i64 %604 known bits zero=0x9223372036854775808 one=0x0
    -> Fact[LVI:36] i64 %604 in [1,9223372036854775807) (LVI @ )
    -> Fact[RM:37] i64 %616 in [0,9223372036854775807) (!range)
    -> Fact[KB:38] i64 %616 known bits zero=0x9223372036854775808 one=0x0
    -> Fact[LVI:39] i64 %616 in [1,9223372036854775807) (LVI @ )
    -> Fact[RM:40] i64 %626 in [0,9223372036854775807) (!range)
    -> Fact[KB:41] i64 %626 known bits zero=0x9223372036854775808 one=0x0
    -> Fact[LVI:42] i64 %626 in [1,9223372036854775807) (LVI @ )
    -> Fact[RM:43] i64 %638 in [0,9223372036854775807) (!range)
    -> Fact[KB:44] i64 %638 known bits zero=0x9223372036854775808 one=0x0
    -> Fact[LVI:45] i64 %638 in [1,9223372036854775807) (LVI @ )
    -> Fact[RM:46] i64 %648 in [0,9223372036854775807) (!range)
    -> Fact[KB:47] i64 %648 known bits zero=0x9223372036854775808 one=0x0
    -> Fact[LVI:48] i64 %648 in [1,9223372036854775807) (LVI @ )
    -> Fact[RM:49] i64 %660 in [0,9223372036854775807) (!range)
    -> Fact[KB:50] i64 %660 known bits zero=0x9223372036854775808 one=0x0
    -> Fact[LVI:51] i64 %660 in [1,9223372036854775807) (LVI @ )
    -> Fact[RM:52] i64 %670 in [0,9223372036854775807) (!range)
    -> Fact[KB:53] i64 %670 known bits zero=0x9223372036854775808 one=0x0
    -> Fact[LVI:54] i64 %670 in [1,9223372036854775807) (LVI @ )
    -> Fact[RM:55] i64 %682 in [0,9223372036854775807) (!range)
    -> Fact[KB:56] i64 %682 known bits zero=0x9223372036854775808 one=0x0
    -> [heavy] 57 analysis fact(s) on 56 boundary value(s)
    -> [mv] T3: not a bounds shape (idx vs invariant count)
    -> [ind L0] BASE (1 phi(s) = entry): SAT (WARNING: Potential Integer Overflow Bug Detected!) [Query Latency: 1.707209 ms]
    -> [ind L1] BASE (1 phi(s) = entry): SAT (WARNING: Potential Integer Overflow Bug Detected!) [Query Latency: 1.895542 ms]
    -> [ind L2] BASE (1 phi(s) = entry): SAT (WARNING: Potential Integer Overflow Bug Detected!) [Query Latency: 1.977167 ms]
    -> SAT (WARNING: Potential Integer Overflow Bug Detected!) [Query Latency: 4.941291 ms]
    -> [mv] still SAT under 36 hypothesis candidate(s): not versionable
  -> Found UB Trap. Starting Backward Slice...
    -> Guard[0] (true edge of ''):  %.not282 = icmp samesign ult i64 %536, %682
    -> Guard[1] (true edge of ''):  %.not281 = icmp samesign ult i64 %528, %670
    -> Guard[2] (true edge of ''):  %.not280 = icmp samesign ult i64 %536, %660
    -> Guard[3] (true edge of ''):  %.not279 = icmp samesign ult i64 %528, %648
    -> Guard[4] (true edge of ''):  %.not278 = icmp samesign ult i64 %528, %638
    -> Guard[5] (true edge of ''):  %.not277 = icmp samesign ult i64 %536, %626
    -> Guard[6] (true edge of ''):  %.not276 = icmp samesign ult i64 %528, %616
    -> Guard[7] (true edge of ''):  %.not275 = icmp samesign ult i64 %536, %604
    -> Guard[8] (true edge of ''):  %.not274 = icmp samesign ult i64 %528, %594
    -> Guard[9] (true edge of ''):  %.not273 = icmp samesign ult i64 %536, %582
    -> Guard[10] (true edge of ''):  %.not272 = icmp samesign ult i64 %536, %562
    -> Guard[11] (true edge of ''):  %.not271 = icmp samesign ult i64 %528, %562
    -> Guard[12] (true edge of ''):  %.not270 = icmp samesign ult i64 %536, %551
    -> Guard[13] (true edge of ''):  %.not269 = icmp samesign ult i64 %528, %551
    -> Guard[14] (true edge of ''):  %.not268 = icmp ult i64 %536, %540
    -> Guard[15] (true edge of ''):  %.not267 = icmp samesign ult i64 %528, %540
    -> Guard[16] (false edge of ''):  %532 = icmp eq i64 %529, %530
    -> Guard[17] (true edge of '.preheader316.preheader'):  %.not368 = icmp sgt i64 %530, %528
    -> Guard[18] (false edge of ''):  %518 = icmp eq i64 %515, 0
    -> Guard[19] (false edge of '.preheader317.preheader'):  %516 = icmp slt i64 %515, 0
    -> Guard[20] (false edge of ''):  %492 = icmp eq i64 %489, 0
    -> Guard[21] (false edge of ''):  %490 = icmp slt i64 %489, 0
    -> Guard[22] (false edge of ''):  %484 = icmp eq i64 %483, 0
    -> Guard[23] (false edge of ''):  %469 = icmp eq i64 %468, 0
    -> Guard[24] (false edge of ''):  %454 = icmp eq i64 %453, 0
    -> Guard[25] (false edge of ''):  %189 = icmp slt i64 %188, 0
    -> Guard[26] (false edge of ''):  %99 = icmp eq i8 %98, 1
    -> Guard[27] (false edge of ''):  %18 = icmp eq i64 %17, 0
    -> Guard[28] (false edge of 'entry'):  %6 = icmp samesign ult i64 %5, 2
    -> Collected 29 dominating context guard(s).
    -> Frame refused (clobber between loads):  %188 = load i64, ptr @"$s5nbody1nSivp", align 8  vs  %.pre = load i64, ptr @"$s5nbody1nSivp", align 8
         clobber:   call void @swift_endAccess(ptr nonnull %access-scratch46) #2
    -> Frame refused (clobber between loads):  %188 = load i64, ptr @"$s5nbody1nSivp", align 8  vs  %515 = load i64, ptr @"$s5nbody1nSivp", align 8
         clobber: (MemoryPhi: clobber on some incoming arm)
    -> Frame refused (clobber between loads):  %188 = load i64, ptr @"$s5nbody1nSivp", align 8  vs  %519 = load i64, ptr @"$s5nbody1nSivp", align 8
         clobber: (MemoryPhi: clobber on some incoming arm)
    -> Frame refused (clobber between loads):  %188 = load i64, ptr @"$s5nbody1nSivp", align 8  vs  %.pr = load i64, ptr @"$s5nbody1nSivp", align 8
         clobber: (MemoryPhi: clobber on some incoming arm)
    -> Frame refused (clobber between loads):  %188 = load i64, ptr @"$s5nbody1nSivp", align 8  vs  %530 = load i64, ptr @"$s5nbody1nSivp", align 8
         clobber: (MemoryPhi: clobber on some incoming arm)
    -> Frame refused (clobber between loads):  %188 = load i64, ptr @"$s5nbody1nSivp", align 8  vs  %838 = load i64, ptr @"$s5nbody1nSivp", align 8
         clobber: (MemoryPhi: clobber on some incoming arm)
    -> [go3] 1 leaf-closure instruction(s) encoded
    -> Fact[RM:0] i64 %5 in [0,9223372036854775807) (!range)
    -> Fact[KB:1] i64 %5 known bits zero=0x9223372036854775808 one=0x0
    -> Fact[RM:2] i64 %453 in [0,9223372036854775807) (!range)
    -> Fact[KB:3] i64 %453 known bits zero=0x9223372036854775808 one=0x0
    -> Fact[RM:4] i64 %468 in [0,9223372036854775807) (!range)
    -> Fact[KB:5] i64 %468 known bits zero=0x9223372036854775808 one=0x0
    -> Fact[RM:6] i64 %483 in [0,9223372036854775807) (!range)
    -> Fact[KB:7] i64 %483 known bits zero=0x9223372036854775808 one=0x0
    -> Fact[KB:8] i64 %528 known bits zero=0x9223372036854775808 one=0x0
    -> Fact[LVI:9] i64 %528 in [0,9223372036854775806) (LVI @ )
    -> Fact[SCEV:10] i64 %528 in [0,9223372036854775807) (SCEV unsigned)
    -> Fact[SCEV:11] i64 %528 in [0,9223372036854775807) (SCEV signed)
    -> Fact[SCEVSYM:12] i64 %528 - start(0) <=u BTC((-1 + %515)) (SCEV symbolic trip count, sub-form)
    -> Fact[PHIINV-hi:13] i64 %528 == i64 0 || ne(i64 %528, i64 %515) (latch-implied bound, 1-induction)
    -> Fact[PHIINV-lo:14] i64 %528 >=s i64 0 (monotone nsw increments, 1 arm(s))
    -> Fact[LVI:15] i64 %536 in [0,9223372036854775806) (LVI @ )
    -> Fact[SCEV:16] i64 %536 in [1,-3) (SCEV unsigned)
    -> Fact[SCEV:17] i64 %536 in [1,-3) (SCEV signed)
    -> Fact[PHIINV-hi:18] i64 %536 == i64 %529 || ne(i64 %536, i64 %530) (latch-implied bound, 1-induction)
    -> Fact[RM:19] i64 %540 in [0,9223372036854775807) (!range)
    -> Fact[KB:20] i64 %540 known bits zero=0x9223372036854775808 one=0x0
    -> Fact[LVI:21] i64 %540 in [1,9223372036854775807) (LVI @ )
    -> Fact[RM:22] i64 %551 in [0,9223372036854775807) (!range)
    -> Fact[KB:23] i64 %551 known bits zero=0x9223372036854775808 one=0x0
    -> Fact[LVI:24] i64 %551 in [1,9223372036854775807) (LVI @ )
    -> Fact[RM:25] i64 %562 in [0,9223372036854775807) (!range)
    -> Fact[KB:26] i64 %562 known bits zero=0x9223372036854775808 one=0x0
    -> Fact[LVI:27] i64 %562 in [1,9223372036854775807) (LVI @ )
    -> Fact[RM:28] i64 %582 in [0,9223372036854775807) (!range)
    -> Fact[KB:29] i64 %582 known bits zero=0x9223372036854775808 one=0x0
    -> Fact[LVI:30] i64 %582 in [1,9223372036854775807) (LVI @ )
    -> Fact[RM:31] i64 %594 in [0,9223372036854775807) (!range)
    -> Fact[KB:32] i64 %594 known bits zero=0x9223372036854775808 one=0x0
    -> Fact[LVI:33] i64 %594 in [1,9223372036854775807) (LVI @ )
    -> Fact[RM:34] i64 %604 in [0,9223372036854775807) (!range)
    -> Fact[KB:35] i64 %604 known bits zero=0x9223372036854775808 one=0x0
    -> Fact[LVI:36] i64 %604 in [1,9223372036854775807) (LVI @ )
    -> Fact[RM:37] i64 %616 in [0,9223372036854775807) (!range)
    -> Fact[KB:38] i64 %616 known bits zero=0x9223372036854775808 one=0x0
    -> Fact[LVI:39] i64 %616 in [1,9223372036854775807) (LVI @ )
    -> Fact[RM:40] i64 %626 in [0,9223372036854775807) (!range)
    -> Fact[KB:41] i64 %626 known bits zero=0x9223372036854775808 one=0x0
    -> Fact[LVI:42] i64 %626 in [1,9223372036854775807) (LVI @ )
    -> Fact[RM:43] i64 %638 in [0,9223372036854775807) (!range)
    -> Fact[KB:44] i64 %638 known bits zero=0x9223372036854775808 one=0x0
    -> Fact[LVI:45] i64 %638 in [1,9223372036854775807) (LVI @ )
    -> Fact[RM:46] i64 %648 in [0,9223372036854775807) (!range)
    -> Fact[KB:47] i64 %648 known bits zero=0x9223372036854775808 one=0x0
    -> Fact[LVI:48] i64 %648 in [1,9223372036854775807) (LVI @ )
    -> Fact[RM:49] i64 %660 in [0,9223372036854775807) (!range)
    -> Fact[KB:50] i64 %660 known bits zero=0x9223372036854775808 one=0x0
    -> Fact[LVI:51] i64 %660 in [1,9223372036854775807) (LVI @ )
    -> Fact[RM:52] i64 %670 in [0,9223372036854775807) (!range)
    -> Fact[KB:53] i64 %670 known bits zero=0x9223372036854775808 one=0x0
    -> Fact[LVI:54] i64 %670 in [1,9223372036854775807) (LVI @ )
    -> Fact[RM:55] i64 %682 in [0,9223372036854775807) (!range)
    -> Fact[KB:56] i64 %682 known bits zero=0x9223372036854775808 one=0x0
    -> Fact[LVI:57] i64 %682 in [1,9223372036854775807) (LVI @ )
    -> Fact[RM:58] i64 %692 in [0,9223372036854775807) (!range)
    -> Fact[KB:59] i64 %692 known bits zero=0x9223372036854775808 one=0x0
    -> [heavy] 60 analysis fact(s) on 57 boundary value(s)
    -> [mv] T3: not a bounds shape (idx vs invariant count)
    -> [ind L0] BASE (1 phi(s) = entry): SAT (WARNING: Potential Integer Overflow Bug Detected!) [Query Latency: 1.097458 ms]
    -> [ind L1] BASE (1 phi(s) = entry): SAT (WARNING: Potential Integer Overflow Bug Detected!) [Query Latency: 1.180334 ms]
    -> [ind L2] BASE (1 phi(s) = entry): SAT (WARNING: Potential Integer Overflow Bug Detected!) [Query Latency: 2.071125 ms]
    -> SAT (WARNING: Potential Integer Overflow Bug Detected!) [Query Latency: 2.815208 ms]
    -> [mv] still SAT under 36 hypothesis candidate(s): not versionable
  -> Found UB Trap. Starting Backward Slice...
    -> Guard[0] (true edge of ''):  %.not283 = icmp samesign ult i64 %528, %692
    -> Guard[1] (true edge of ''):  %.not282 = icmp samesign ult i64 %536, %682
    -> Guard[2] (true edge of ''):  %.not281 = icmp samesign ult i64 %528, %670
    -> Guard[3] (true edge of ''):  %.not280 = icmp samesign ult i64 %536, %660
    -> Guard[4] (true edge of ''):  %.not279 = icmp samesign ult i64 %528, %648
    -> Guard[5] (true edge of ''):  %.not278 = icmp samesign ult i64 %528, %638
    -> Guard[6] (true edge of ''):  %.not277 = icmp samesign ult i64 %536, %626
    -> Guard[7] (true edge of ''):  %.not276 = icmp samesign ult i64 %528, %616
    -> Guard[8] (true edge of ''):  %.not275 = icmp samesign ult i64 %536, %604
    -> Guard[9] (true edge of ''):  %.not274 = icmp samesign ult i64 %528, %594
    -> Guard[10] (true edge of ''):  %.not273 = icmp samesign ult i64 %536, %582
    -> Guard[11] (true edge of ''):  %.not272 = icmp samesign ult i64 %536, %562
    -> Guard[12] (true edge of ''):  %.not271 = icmp samesign ult i64 %528, %562
    -> Guard[13] (true edge of ''):  %.not270 = icmp samesign ult i64 %536, %551
    -> Guard[14] (true edge of ''):  %.not269 = icmp samesign ult i64 %528, %551
    -> Guard[15] (true edge of ''):  %.not268 = icmp ult i64 %536, %540
    -> Guard[16] (true edge of ''):  %.not267 = icmp samesign ult i64 %528, %540
    -> Guard[17] (false edge of ''):  %532 = icmp eq i64 %529, %530
    -> Guard[18] (true edge of '.preheader316.preheader'):  %.not368 = icmp sgt i64 %530, %528
    -> Guard[19] (false edge of ''):  %518 = icmp eq i64 %515, 0
    -> Guard[20] (false edge of '.preheader317.preheader'):  %516 = icmp slt i64 %515, 0
    -> Guard[21] (false edge of ''):  %492 = icmp eq i64 %489, 0
    -> Guard[22] (false edge of ''):  %490 = icmp slt i64 %489, 0
    -> Guard[23] (false edge of ''):  %484 = icmp eq i64 %483, 0
    -> Guard[24] (false edge of ''):  %469 = icmp eq i64 %468, 0
    -> Guard[25] (false edge of ''):  %454 = icmp eq i64 %453, 0
    -> Guard[26] (false edge of ''):  %189 = icmp slt i64 %188, 0
    -> Guard[27] (false edge of ''):  %99 = icmp eq i8 %98, 1
    -> Guard[28] (false edge of ''):  %18 = icmp eq i64 %17, 0
    -> Guard[29] (false edge of 'entry'):  %6 = icmp samesign ult i64 %5, 2
    -> Collected 30 dominating context guard(s).
    -> Frame refused (clobber between loads):  %188 = load i64, ptr @"$s5nbody1nSivp", align 8  vs  %.pre = load i64, ptr @"$s5nbody1nSivp", align 8
         clobber:   call void @swift_endAccess(ptr nonnull %access-scratch46) #2
    -> Frame refused (clobber between loads):  %188 = load i64, ptr @"$s5nbody1nSivp", align 8  vs  %515 = load i64, ptr @"$s5nbody1nSivp", align 8
         clobber: (MemoryPhi: clobber on some incoming arm)
    -> Frame refused (clobber between loads):  %188 = load i64, ptr @"$s5nbody1nSivp", align 8  vs  %519 = load i64, ptr @"$s5nbody1nSivp", align 8
         clobber: (MemoryPhi: clobber on some incoming arm)
    -> Frame refused (clobber between loads):  %188 = load i64, ptr @"$s5nbody1nSivp", align 8  vs  %.pr = load i64, ptr @"$s5nbody1nSivp", align 8
         clobber: (MemoryPhi: clobber on some incoming arm)
    -> Frame refused (clobber between loads):  %188 = load i64, ptr @"$s5nbody1nSivp", align 8  vs  %530 = load i64, ptr @"$s5nbody1nSivp", align 8
         clobber: (MemoryPhi: clobber on some incoming arm)
    -> Frame refused (clobber between loads):  %188 = load i64, ptr @"$s5nbody1nSivp", align 8  vs  %838 = load i64, ptr @"$s5nbody1nSivp", align 8
         clobber: (MemoryPhi: clobber on some incoming arm)
    -> [go3] 1 leaf-closure instruction(s) encoded
    -> Fact[RM:0] i64 %5 in [0,9223372036854775807) (!range)
    -> Fact[KB:1] i64 %5 known bits zero=0x9223372036854775808 one=0x0
    -> Fact[RM:2] i64 %453 in [0,9223372036854775807) (!range)
    -> Fact[KB:3] i64 %453 known bits zero=0x9223372036854775808 one=0x0
    -> Fact[RM:4] i64 %468 in [0,9223372036854775807) (!range)
    -> Fact[KB:5] i64 %468 known bits zero=0x9223372036854775808 one=0x0
    -> Fact[RM:6] i64 %483 in [0,9223372036854775807) (!range)
    -> Fact[KB:7] i64 %483 known bits zero=0x9223372036854775808 one=0x0
    -> Fact[KB:8] i64 %528 known bits zero=0x9223372036854775808 one=0x0
    -> Fact[LVI:9] i64 %528 in [0,9223372036854775806) (LVI @ )
    -> Fact[SCEV:10] i64 %528 in [0,9223372036854775807) (SCEV unsigned)
    -> Fact[SCEV:11] i64 %528 in [0,9223372036854775807) (SCEV signed)
    -> Fact[SCEVSYM:12] i64 %528 - start(0) <=u BTC((-1 + %515)) (SCEV symbolic trip count, sub-form)
    -> Fact[PHIINV-hi:13] i64 %528 == i64 0 || ne(i64 %528, i64 %515) (latch-implied bound, 1-induction)
    -> Fact[PHIINV-lo:14] i64 %528 >=s i64 0 (monotone nsw increments, 1 arm(s))
    -> Fact[LVI:15] i64 %536 in [0,9223372036854775806) (LVI @ )
    -> Fact[SCEV:16] i64 %536 in [1,-3) (SCEV unsigned)
    -> Fact[SCEV:17] i64 %536 in [1,-3) (SCEV signed)
    -> Fact[PHIINV-hi:18] i64 %536 == i64 %529 || ne(i64 %536, i64 %530) (latch-implied bound, 1-induction)
    -> Fact[RM:19] i64 %540 in [0,9223372036854775807) (!range)
    -> Fact[KB:20] i64 %540 known bits zero=0x9223372036854775808 one=0x0
    -> Fact[LVI:21] i64 %540 in [1,9223372036854775807) (LVI @ )
    -> Fact[RM:22] i64 %551 in [0,9223372036854775807) (!range)
    -> Fact[KB:23] i64 %551 known bits zero=0x9223372036854775808 one=0x0
    -> Fact[LVI:24] i64 %551 in [1,9223372036854775807) (LVI @ )
    -> Fact[RM:25] i64 %562 in [0,9223372036854775807) (!range)
    -> Fact[KB:26] i64 %562 known bits zero=0x9223372036854775808 one=0x0
    -> Fact[LVI:27] i64 %562 in [1,9223372036854775807) (LVI @ )
    -> Fact[RM:28] i64 %582 in [0,9223372036854775807) (!range)
    -> Fact[KB:29] i64 %582 known bits zero=0x9223372036854775808 one=0x0
    -> Fact[LVI:30] i64 %582 in [1,9223372036854775807) (LVI @ )
    -> Fact[RM:31] i64 %594 in [0,9223372036854775807) (!range)
    -> Fact[KB:32] i64 %594 known bits zero=0x9223372036854775808 one=0x0
    -> Fact[LVI:33] i64 %594 in [1,9223372036854775807) (LVI @ )
    -> Fact[RM:34] i64 %604 in [0,9223372036854775807) (!range)
    -> Fact[KB:35] i64 %604 known bits zero=0x9223372036854775808 one=0x0
    -> Fact[LVI:36] i64 %604 in [1,9223372036854775807) (LVI @ )
    -> Fact[RM:37] i64 %616 in [0,9223372036854775807) (!range)
    -> Fact[KB:38] i64 %616 known bits zero=0x9223372036854775808 one=0x0
    -> Fact[LVI:39] i64 %616 in [1,9223372036854775807) (LVI @ )
    -> Fact[RM:40] i64 %626 in [0,9223372036854775807) (!range)
    -> Fact[KB:41] i64 %626 known bits zero=0x9223372036854775808 one=0x0
    -> Fact[LVI:42] i64 %626 in [1,9223372036854775807) (LVI @ )
    -> Fact[RM:43] i64 %638 in [0,9223372036854775807) (!range)
    -> Fact[KB:44] i64 %638 known bits zero=0x9223372036854775808 one=0x0
    -> Fact[LVI:45] i64 %638 in [1,9223372036854775807) (LVI @ )
    -> Fact[RM:46] i64 %648 in [0,9223372036854775807) (!range)
    -> Fact[KB:47] i64 %648 known bits zero=0x9223372036854775808 one=0x0
    -> Fact[LVI:48] i64 %648 in [1,9223372036854775807) (LVI @ )
    -> Fact[RM:49] i64 %660 in [0,9223372036854775807) (!range)
    -> Fact[KB:50] i64 %660 known bits zero=0x9223372036854775808 one=0x0
    -> Fact[LVI:51] i64 %660 in [1,9223372036854775807) (LVI @ )
    -> Fact[RM:52] i64 %670 in [0,9223372036854775807) (!range)
    -> Fact[KB:53] i64 %670 known bits zero=0x9223372036854775808 one=0x0
    -> Fact[LVI:54] i64 %670 in [1,9223372036854775807) (LVI @ )
    -> Fact[RM:55] i64 %682 in [0,9223372036854775807) (!range)
    -> Fact[KB:56] i64 %682 known bits zero=0x9223372036854775808 one=0x0
    -> Fact[LVI:57] i64 %682 in [1,9223372036854775807) (LVI @ )
    -> Fact[RM:58] i64 %692 in [0,9223372036854775807) (!range)
    -> Fact[KB:59] i64 %692 known bits zero=0x9223372036854775808 one=0x0
    -> Fact[LVI:60] i64 %692 in [1,9223372036854775807) (LVI @ )
    -> Fact[RM:61] i64 %704 in [0,9223372036854775807) (!range)
    -> Fact[KB:62] i64 %704 known bits zero=0x9223372036854775808 one=0x0
    -> [heavy] 63 analysis fact(s) on 58 boundary value(s)
    -> [mv] T3: not a bounds shape (idx vs invariant count)
    -> [ind L0] BASE (1 phi(s) = entry): SAT (WARNING: Potential Integer Overflow Bug Detected!) [Query Latency: 1.708541 ms]
    -> [ind L1] BASE (1 phi(s) = entry): SAT (WARNING: Potential Integer Overflow Bug Detected!) [Query Latency: 1.947958 ms]
    -> [ind L2] BASE (1 phi(s) = entry): SAT (WARNING: Potential Integer Overflow Bug Detected!) [Query Latency: 1.940416 ms]
    -> SAT (WARNING: Potential Integer Overflow Bug Detected!) [Query Latency: 3.747333 ms]
    -> [mv] still SAT under 36 hypothesis candidate(s): not versionable
  -> Found UB Trap. Starting Backward Slice...
    -> Guard[0] (true edge of '.loopexit315'):  %534 = icmp eq i64 %529, %515
    -> Guard[1] (true edge of '.preheader316.preheader'):  %.not368 = icmp sgt i64 %530, %528
    -> Guard[2] (false edge of ''):  %518 = icmp eq i64 %515, 0
    -> Guard[3] (false edge of '.preheader317.preheader'):  %516 = icmp slt i64 %515, 0
    -> Guard[4] (false edge of ''):  %492 = icmp eq i64 %489, 0
    -> Guard[5] (false edge of ''):  %490 = icmp slt i64 %489, 0
    -> Guard[6] (false edge of ''):  %484 = icmp eq i64 %483, 0
    -> Guard[7] (false edge of ''):  %469 = icmp eq i64 %468, 0
    -> Guard[8] (false edge of ''):  %454 = icmp eq i64 %453, 0
    -> Guard[9] (false edge of ''):  %189 = icmp slt i64 %188, 0
    -> Guard[10] (false edge of ''):  %99 = icmp eq i8 %98, 1
    -> Guard[11] (false edge of ''):  %18 = icmp eq i64 %17, 0
    -> Guard[12] (false edge of 'entry'):  %6 = icmp samesign ult i64 %5, 2
    -> Collected 13 dominating context guard(s).
    -> Frame refused (clobber between loads):  %188 = load i64, ptr @"$s5nbody1nSivp", align 8  vs  %.pre = load i64, ptr @"$s5nbody1nSivp", align 8
         clobber:   call void @swift_endAccess(ptr nonnull %access-scratch46) #2
    -> Frame refused (clobber between loads):  %188 = load i64, ptr @"$s5nbody1nSivp", align 8  vs  %515 = load i64, ptr @"$s5nbody1nSivp", align 8
         clobber: (MemoryPhi: clobber on some incoming arm)
    -> Frame refused (clobber between loads):  %188 = load i64, ptr @"$s5nbody1nSivp", align 8  vs  %519 = load i64, ptr @"$s5nbody1nSivp", align 8
         clobber: (MemoryPhi: clobber on some incoming arm)
    -> Frame refused (clobber between loads):  %188 = load i64, ptr @"$s5nbody1nSivp", align 8  vs  %.pr = load i64, ptr @"$s5nbody1nSivp", align 8
         clobber: (MemoryPhi: clobber on some incoming arm)
    -> Frame refused (clobber between loads):  %188 = load i64, ptr @"$s5nbody1nSivp", align 8  vs  %530 = load i64, ptr @"$s5nbody1nSivp", align 8
         clobber: (MemoryPhi: clobber on some incoming arm)
    -> Frame refused (clobber between loads):  %188 = load i64, ptr @"$s5nbody1nSivp", align 8  vs  %838 = load i64, ptr @"$s5nbody1nSivp", align 8
         clobber: (MemoryPhi: clobber on some incoming arm)
    -> [go3] 0 leaf-closure instruction(s) encoded
    -> Fact[RM:0] i64 %5 in [0,9223372036854775807) (!range)
    -> Fact[KB:1] i64 %5 known bits zero=0x9223372036854775808 one=0x0
    -> Fact[RM:2] i64 %453 in [0,9223372036854775807) (!range)
    -> Fact[KB:3] i64 %453 known bits zero=0x9223372036854775808 one=0x0
    -> Fact[RM:4] i64 %468 in [0,9223372036854775807) (!range)
    -> Fact[KB:5] i64 %468 known bits zero=0x9223372036854775808 one=0x0
    -> Fact[RM:6] i64 %483 in [0,9223372036854775807) (!range)
    -> Fact[KB:7] i64 %483 known bits zero=0x9223372036854775808 one=0x0
    -> Fact[LVI:8] i64 %515 in [1,0) (LVI @ )
    -> Fact[KB:9] i64 %528 known bits zero=0x9223372036854775808 one=0x0
    -> Fact[LVI:10] i64 %528 in [-9223372036854775808,9223372036854775807) (LVI @ )
    -> Fact[SCEV:11] i64 %528 in [0,9223372036854775807) (SCEV unsigned)
    -> Fact[SCEV:12] i64 %528 in [0,9223372036854775807) (SCEV signed)
    -> Fact[SCEVSYM:13] i64 %528 - start(0) <=u BTC((-1 + %515)) (SCEV symbolic trip count, sub-form)
    -> Fact[PHIINV-hi:14] i64 %528 == i64 0 || ne(i64 %528, i64 %515) (latch-implied bound, 1-induction)
    -> Fact[PHIINV-lo:15] i64 %528 >=s i64 0 (monotone nsw increments, 1 arm(s))
    -> Fact[LVI:16] i64 %530 in [-9223372036854775807,-9223372036854775808) (LVI @ )
    -> Fact[LVI:17] i64 %515 in [1,0) (LVI @ )
    -> [heavy] 18 analysis fact(s) on 43 boundary value(s)
    -> [mv] T3: not a bounds shape (idx vs invariant count)
    -> [ind L0] BASE (1 phi(s) = entry): SAT (WARNING: Potential Integer Overflow Bug Detected!) [Query Latency: 0.731875 ms]
    -> SAT (WARNING: Potential Integer Overflow Bug Detected!) [Query Latency: 4.281625 ms]
    -> [mv] still SAT under 24 hypothesis candidate(s): not versionable
  -> Found UB Trap. Starting Backward Slice...
    -> Guard[0] (false edge of ''):  %527 = icmp eq i64 %.pr, 0
    -> Guard[1] (false edge of ''):  %525 = icmp slt i64 %.pr, 0
    -> Guard[2] (true edge of '.loopexit315'):  %534 = icmp eq i64 %529, %515
    -> Guard[3] (true edge of '.preheader316.preheader'):  %.not368 = icmp sgt i64 %530, %528
    -> Guard[4] (false edge of ''):  %518 = icmp eq i64 %515, 0
    -> Guard[5] (false edge of '.preheader317.preheader'):  %516 = icmp slt i64 %515, 0
    -> Guard[6] (false edge of ''):  %492 = icmp eq i64 %489, 0
    -> Guard[7] (false edge of ''):  %490 = icmp slt i64 %489, 0
    -> Guard[8] (false edge of ''):  %484 = icmp eq i64 %483, 0
    -> Guard[9] (false edge of ''):  %469 = icmp eq i64 %468, 0
    -> Guard[10] (false edge of ''):  %454 = icmp eq i64 %453, 0
    -> Guard[11] (false edge of ''):  %189 = icmp slt i64 %188, 0
    -> Guard[12] (false edge of ''):  %99 = icmp eq i8 %98, 1
    -> Guard[13] (false edge of ''):  %18 = icmp eq i64 %17, 0
    -> Guard[14] (false edge of 'entry'):  %6 = icmp samesign ult i64 %5, 2
    -> Collected 15 dominating context guard(s).
    -> Frame refused (clobber between loads):  %188 = load i64, ptr @"$s5nbody1nSivp", align 8  vs  %.pre = load i64, ptr @"$s5nbody1nSivp", align 8
         clobber:   call void @swift_endAccess(ptr nonnull %access-scratch46) #2
    -> Frame refused (clobber between loads):  %188 = load i64, ptr @"$s5nbody1nSivp", align 8  vs  %515 = load i64, ptr @"$s5nbody1nSivp", align 8
         clobber: (MemoryPhi: clobber on some incoming arm)
    -> Frame refused (clobber between loads):  %188 = load i64, ptr @"$s5nbody1nSivp", align 8  vs  %519 = load i64, ptr @"$s5nbody1nSivp", align 8
         clobber: (MemoryPhi: clobber on some incoming arm)
    -> Frame refused (clobber between loads):  %188 = load i64, ptr @"$s5nbody1nSivp", align 8  vs  %.pr = load i64, ptr @"$s5nbody1nSivp", align 8
         clobber: (MemoryPhi: clobber on some incoming arm)
    -> Frame refused (clobber between loads):  %188 = load i64, ptr @"$s5nbody1nSivp", align 8  vs  %530 = load i64, ptr @"$s5nbody1nSivp", align 8
         clobber: (MemoryPhi: clobber on some incoming arm)
    -> Frame refused (clobber between loads):  %188 = load i64, ptr @"$s5nbody1nSivp", align 8  vs  %838 = load i64, ptr @"$s5nbody1nSivp", align 8
         clobber: (MemoryPhi: clobber on some incoming arm)
    -> [go3] 0 leaf-closure instruction(s) encoded
    -> Fact[RM:0] i64 %5 in [0,9223372036854775807) (!range)
    -> Fact[KB:1] i64 %5 known bits zero=0x9223372036854775808 one=0x0
    -> Fact[RM:2] i64 %453 in [0,9223372036854775807) (!range)
    -> Fact[KB:3] i64 %453 known bits zero=0x9223372036854775808 one=0x0
    -> Fact[RM:4] i64 %468 in [0,9223372036854775807) (!range)
    -> Fact[KB:5] i64 %468 known bits zero=0x9223372036854775808 one=0x0
    -> Fact[RM:6] i64 %483 in [0,9223372036854775807) (!range)
    -> Fact[KB:7] i64 %483 known bits zero=0x9223372036854775808 one=0x0
    -> Fact[KB:8] i64 %528 known bits zero=0x9223372036854775808 one=0x0
    -> Fact[SCEV:9] i64 %528 in [0,9223372036854775807) (SCEV unsigned)
    -> Fact[SCEV:10] i64 %528 in [0,9223372036854775807) (SCEV signed)
    -> Fact[SCEVSYM:11] i64 %528 - start(0) <=u BTC((-1 + %515)) (SCEV symbolic trip count, sub-form)
    -> Fact[PHIINV-hi:12] i64 %528 == i64 0 || ne(i64 %528, i64 %515) (latch-implied bound, 1-induction)
    -> Fact[PHIINV-lo:13] i64 %528 >=s i64 0 (monotone nsw increments, 1 arm(s))
    -> Fact[KB:14] i64 %714 known bits zero=0x9223372036854775808 one=0x0
    -> Fact[SCEV:15] i64 %714 in [0,9223372036854775807) (SCEV unsigned)
    -> Fact[SCEV:16] i64 %714 in [0,9223372036854775807) (SCEV signed)
    -> Fact[SCEVSYM:17] i64 %714 - start(0) <=u BTC((9223372036854775806 umin (-1 + %.pr))) (SCEV symbolic trip count, sub-form)
    -> Fact[PHIINV-hi:18] i64 %714 == i64 0 || ne(i64 %714, i64 %.pr) (latch-implied bound, 1-induction)
    -> Fact[PHIINV-lo:19] i64 %714 >=s i64 0 (monotone nsw increments, 1 arm(s))
    -> Fact[RM:20] i64 %719 in [0,9223372036854775807) (!range)
    -> Fact[KB:21] i64 %719 known bits zero=0x9223372036854775808 one=0x0
    -> [heavy] 22 analysis fact(s) on 45 boundary value(s)
    -> [mv] T3: not a bounds shape (idx vs invariant count)
    -> [ind L0] BASE (1 phi(s) = entry): SAT (WARNING: Potential Integer Overflow Bug Detected!) [Query Latency: 0.852625 ms]
    -> [ind L1] BASE (1 phi(s) = entry): SAT (WARNING: Potential Integer Overflow Bug Detected!) [Query Latency: 1.149458 ms]
    -> SAT (WARNING: Potential Integer Overflow Bug Detected!) [Query Latency: 4.988292 ms]
    -> [mv] still SAT under 39 hypothesis candidate(s): not versionable
  -> Found UB Trap. Starting Backward Slice...
    -> Guard[0] (true edge of '.preheader'):  %.not285 = icmp samesign ult i64 %714, %719
    -> Guard[1] (false edge of ''):  %527 = icmp eq i64 %.pr, 0
    -> Guard[2] (false edge of ''):  %525 = icmp slt i64 %.pr, 0
    -> Guard[3] (true edge of '.loopexit315'):  %534 = icmp eq i64 %529, %515
    -> Guard[4] (true edge of '.preheader316.preheader'):  %.not368 = icmp sgt i64 %530, %528
    -> Guard[5] (false edge of ''):  %518 = icmp eq i64 %515, 0
    -> Guard[6] (false edge of '.preheader317.preheader'):  %516 = icmp slt i64 %515, 0
    -> Guard[7] (false edge of ''):  %492 = icmp eq i64 %489, 0
    -> Guard[8] (false edge of ''):  %490 = icmp slt i64 %489, 0
    -> Guard[9] (false edge of ''):  %484 = icmp eq i64 %483, 0
    -> Guard[10] (false edge of ''):  %469 = icmp eq i64 %468, 0
    -> Guard[11] (false edge of ''):  %454 = icmp eq i64 %453, 0
    -> Guard[12] (false edge of ''):  %189 = icmp slt i64 %188, 0
    -> Guard[13] (false edge of ''):  %99 = icmp eq i8 %98, 1
    -> Guard[14] (false edge of ''):  %18 = icmp eq i64 %17, 0
    -> Guard[15] (false edge of 'entry'):  %6 = icmp samesign ult i64 %5, 2
    -> Collected 16 dominating context guard(s).
    -> Frame refused (clobber between loads):  %188 = load i64, ptr @"$s5nbody1nSivp", align 8  vs  %.pre = load i64, ptr @"$s5nbody1nSivp", align 8
         clobber:   call void @swift_endAccess(ptr nonnull %access-scratch46) #2
    -> Frame refused (clobber between loads):  %188 = load i64, ptr @"$s5nbody1nSivp", align 8  vs  %515 = load i64, ptr @"$s5nbody1nSivp", align 8
         clobber: (MemoryPhi: clobber on some incoming arm)
    -> Frame refused (clobber between loads):  %188 = load i64, ptr @"$s5nbody1nSivp", align 8  vs  %519 = load i64, ptr @"$s5nbody1nSivp", align 8
         clobber: (MemoryPhi: clobber on some incoming arm)
    -> Frame refused (clobber between loads):  %188 = load i64, ptr @"$s5nbody1nSivp", align 8  vs  %.pr = load i64, ptr @"$s5nbody1nSivp", align 8
         clobber: (MemoryPhi: clobber on some incoming arm)
    -> Frame refused (clobber between loads):  %188 = load i64, ptr @"$s5nbody1nSivp", align 8  vs  %530 = load i64, ptr @"$s5nbody1nSivp", align 8
         clobber: (MemoryPhi: clobber on some incoming arm)
    -> Frame refused (clobber between loads):  %188 = load i64, ptr @"$s5nbody1nSivp", align 8  vs  %838 = load i64, ptr @"$s5nbody1nSivp", align 8
         clobber: (MemoryPhi: clobber on some incoming arm)
    -> [go3] 0 leaf-closure instruction(s) encoded
    -> Fact[RM:0] i64 %5 in [0,9223372036854775807) (!range)
    -> Fact[KB:1] i64 %5 known bits zero=0x9223372036854775808 one=0x0
    -> Fact[RM:2] i64 %453 in [0,9223372036854775807) (!range)
    -> Fact[KB:3] i64 %453 known bits zero=0x9223372036854775808 one=0x0
    -> Fact[RM:4] i64 %468 in [0,9223372036854775807) (!range)
    -> Fact[KB:5] i64 %468 known bits zero=0x9223372036854775808 one=0x0
    -> Fact[RM:6] i64 %483 in [0,9223372036854775807) (!range)
    -> Fact[KB:7] i64 %483 known bits zero=0x9223372036854775808 one=0x0
    -> Fact[KB:8] i64 %528 known bits zero=0x9223372036854775808 one=0x0
    -> Fact[SCEV:9] i64 %528 in [0,9223372036854775807) (SCEV unsigned)
    -> Fact[SCEV:10] i64 %528 in [0,9223372036854775807) (SCEV signed)
    -> Fact[SCEVSYM:11] i64 %528 - start(0) <=u BTC((-1 + %515)) (SCEV symbolic trip count, sub-form)
    -> Fact[PHIINV-hi:12] i64 %528 == i64 0 || ne(i64 %528, i64 %515) (latch-implied bound, 1-induction)
    -> Fact[PHIINV-lo:13] i64 %528 >=s i64 0 (monotone nsw increments, 1 arm(s))
    -> Fact[KB:14] i64 %714 known bits zero=0x9223372036854775808 one=0x0
    -> Fact[LVI:15] i64 %714 in [0,9223372036854775806) (LVI @ )
    -> Fact[SCEV:16] i64 %714 in [0,9223372036854775807) (SCEV unsigned)
    -> Fact[SCEV:17] i64 %714 in [0,9223372036854775807) (SCEV signed)
    -> Fact[SCEVSYM:18] i64 %714 - start(0) <=u BTC((9223372036854775806 umin (-1 + %.pr))) (SCEV symbolic trip count, sub-form)
    -> Fact[PHIINV-hi:19] i64 %714 == i64 0 || ne(i64 %714, i64 %.pr) (latch-implied bound, 1-induction)
    -> Fact[PHIINV-lo:20] i64 %714 >=s i64 0 (monotone nsw increments, 1 arm(s))
    -> Fact[RM:21] i64 %719 in [0,9223372036854775807) (!range)
    -> Fact[KB:22] i64 %719 known bits zero=0x9223372036854775808 one=0x0
    -> Fact[LVI:23] i64 %719 in [1,9223372036854775807) (LVI @ )
    -> Fact[RM:24] i64 %731 in [0,9223372036854775807) (!range)
    -> Fact[KB:25] i64 %731 known bits zero=0x9223372036854775808 one=0x0
    -> [heavy] 26 analysis fact(s) on 46 boundary value(s)
    -> [mv] T3: not a bounds shape (idx vs invariant count)
    -> [ind L0] BASE (1 phi(s) = entry): SAT (WARNING: Potential Integer Overflow Bug Detected!) [Query Latency: 0.870708 ms]
    -> [ind L1] BASE (1 phi(s) = entry): SAT (WARNING: Potential Integer Overflow Bug Detected!) [Query Latency: 0.902916 ms]
    -> SAT (WARNING: Potential Integer Overflow Bug Detected!) [Query Latency: 4.267750 ms]
    -> [mv] still SAT under 39 hypothesis candidate(s): not versionable
  -> Found UB Trap. Starting Backward Slice...
    -> Guard[0] (true edge of ''):  %.not286 = icmp samesign ult i64 %714, %731
    -> Guard[1] (true edge of '.preheader'):  %.not285 = icmp samesign ult i64 %714, %719
    -> Guard[2] (false edge of ''):  %527 = icmp eq i64 %.pr, 0
    -> Guard[3] (false edge of ''):  %525 = icmp slt i64 %.pr, 0
    -> Guard[4] (true edge of '.loopexit315'):  %534 = icmp eq i64 %529, %515
    -> Guard[5] (true edge of '.preheader316.preheader'):  %.not368 = icmp sgt i64 %530, %528
    -> Guard[6] (false edge of ''):  %518 = icmp eq i64 %515, 0
    -> Guard[7] (false edge of '.preheader317.preheader'):  %516 = icmp slt i64 %515, 0
    -> Guard[8] (false edge of ''):  %492 = icmp eq i64 %489, 0
    -> Guard[9] (false edge of ''):  %490 = icmp slt i64 %489, 0
    -> Guard[10] (false edge of ''):  %484 = icmp eq i64 %483, 0
    -> Guard[11] (false edge of ''):  %469 = icmp eq i64 %468, 0
    -> Guard[12] (false edge of ''):  %454 = icmp eq i64 %453, 0
    -> Guard[13] (false edge of ''):  %189 = icmp slt i64 %188, 0
    -> Guard[14] (false edge of ''):  %99 = icmp eq i8 %98, 1
    -> Guard[15] (false edge of ''):  %18 = icmp eq i64 %17, 0
    -> Guard[16] (false edge of 'entry'):  %6 = icmp samesign ult i64 %5, 2
    -> Collected 17 dominating context guard(s).
    -> Frame refused (clobber between loads):  %188 = load i64, ptr @"$s5nbody1nSivp", align 8  vs  %.pre = load i64, ptr @"$s5nbody1nSivp", align 8
         clobber:   call void @swift_endAccess(ptr nonnull %access-scratch46) #2
    -> Frame refused (clobber between loads):  %188 = load i64, ptr @"$s5nbody1nSivp", align 8  vs  %515 = load i64, ptr @"$s5nbody1nSivp", align 8
         clobber: (MemoryPhi: clobber on some incoming arm)
    -> Frame refused (clobber between loads):  %188 = load i64, ptr @"$s5nbody1nSivp", align 8  vs  %519 = load i64, ptr @"$s5nbody1nSivp", align 8
         clobber: (MemoryPhi: clobber on some incoming arm)
    -> Frame refused (clobber between loads):  %188 = load i64, ptr @"$s5nbody1nSivp", align 8  vs  %.pr = load i64, ptr @"$s5nbody1nSivp", align 8
         clobber: (MemoryPhi: clobber on some incoming arm)
    -> Frame refused (clobber between loads):  %188 = load i64, ptr @"$s5nbody1nSivp", align 8  vs  %530 = load i64, ptr @"$s5nbody1nSivp", align 8
         clobber: (MemoryPhi: clobber on some incoming arm)
    -> Frame refused (clobber between loads):  %188 = load i64, ptr @"$s5nbody1nSivp", align 8  vs  %838 = load i64, ptr @"$s5nbody1nSivp", align 8
         clobber: (MemoryPhi: clobber on some incoming arm)
    -> [go3] 0 leaf-closure instruction(s) encoded
    -> Fact[RM:0] i64 %5 in [0,9223372036854775807) (!range)
    -> Fact[KB:1] i64 %5 known bits zero=0x9223372036854775808 one=0x0
    -> Fact[RM:2] i64 %453 in [0,9223372036854775807) (!range)
    -> Fact[KB:3] i64 %453 known bits zero=0x9223372036854775808 one=0x0
    -> Fact[RM:4] i64 %468 in [0,9223372036854775807) (!range)
    -> Fact[KB:5] i64 %468 known bits zero=0x9223372036854775808 one=0x0
    -> Fact[RM:6] i64 %483 in [0,9223372036854775807) (!range)
    -> Fact[KB:7] i64 %483 known bits zero=0x9223372036854775808 one=0x0
    -> Fact[KB:8] i64 %528 known bits zero=0x9223372036854775808 one=0x0
    -> Fact[SCEV:9] i64 %528 in [0,9223372036854775807) (SCEV unsigned)
    -> Fact[SCEV:10] i64 %528 in [0,9223372036854775807) (SCEV signed)
    -> Fact[SCEVSYM:11] i64 %528 - start(0) <=u BTC((-1 + %515)) (SCEV symbolic trip count, sub-form)
    -> Fact[PHIINV-hi:12] i64 %528 == i64 0 || ne(i64 %528, i64 %515) (latch-implied bound, 1-induction)
    -> Fact[PHIINV-lo:13] i64 %528 >=s i64 0 (monotone nsw increments, 1 arm(s))
    -> Fact[KB:14] i64 %714 known bits zero=0x9223372036854775808 one=0x0
    -> Fact[LVI:15] i64 %714 in [0,9223372036854775806) (LVI @ )
    -> Fact[SCEV:16] i64 %714 in [0,9223372036854775807) (SCEV unsigned)
    -> Fact[SCEV:17] i64 %714 in [0,9223372036854775807) (SCEV signed)
    -> Fact[SCEVSYM:18] i64 %714 - start(0) <=u BTC((9223372036854775806 umin (-1 + %.pr))) (SCEV symbolic trip count, sub-form)
    -> Fact[PHIINV-hi:19] i64 %714 == i64 0 || ne(i64 %714, i64 %.pr) (latch-implied bound, 1-induction)
    -> Fact[PHIINV-lo:20] i64 %714 >=s i64 0 (monotone nsw increments, 1 arm(s))
    -> Fact[RM:21] i64 %719 in [0,9223372036854775807) (!range)
    -> Fact[KB:22] i64 %719 known bits zero=0x9223372036854775808 one=0x0
    -> Fact[LVI:23] i64 %719 in [1,9223372036854775807) (LVI @ )
    -> Fact[RM:24] i64 %731 in [0,9223372036854775807) (!range)
    -> Fact[KB:25] i64 %731 known bits zero=0x9223372036854775808 one=0x0
    -> Fact[LVI:26] i64 %731 in [1,9223372036854775807) (LVI @ )
    -> Fact[RM:27] i64 %741 in [0,9223372036854775807) (!range)
    -> Fact[KB:28] i64 %741 known bits zero=0x9223372036854775808 one=0x0
    -> [heavy] 29 analysis fact(s) on 47 boundary value(s)
    -> [mv] T3: not a bounds shape (idx vs invariant count)
    -> [ind L0] BASE (1 phi(s) = entry): SAT (WARNING: Potential Integer Overflow Bug Detected!) [Query Latency: 0.938375 ms]
    -> [ind L1] BASE (1 phi(s) = entry): SAT (WARNING: Potential Integer Overflow Bug Detected!) [Query Latency: 1.025458 ms]
    -> SAT (WARNING: Potential Integer Overflow Bug Detected!) [Query Latency: 6.622334 ms]
    -> [mv] still SAT under 39 hypothesis candidate(s): not versionable
  -> Found UB Trap. Starting Backward Slice...
    -> Guard[0] (true edge of ''):  %.not287 = icmp samesign ult i64 %714, %741
    -> Guard[1] (true edge of ''):  %.not286 = icmp samesign ult i64 %714, %731
    -> Guard[2] (true edge of '.preheader'):  %.not285 = icmp samesign ult i64 %714, %719
    -> Guard[3] (false edge of ''):  %527 = icmp eq i64 %.pr, 0
    -> Guard[4] (false edge of ''):  %525 = icmp slt i64 %.pr, 0
    -> Guard[5] (true edge of '.loopexit315'):  %534 = icmp eq i64 %529, %515
    -> Guard[6] (true edge of '.preheader316.preheader'):  %.not368 = icmp sgt i64 %530, %528
    -> Guard[7] (false edge of ''):  %518 = icmp eq i64 %515, 0
    -> Guard[8] (false edge of '.preheader317.preheader'):  %516 = icmp slt i64 %515, 0
    -> Guard[9] (false edge of ''):  %492 = icmp eq i64 %489, 0
    -> Guard[10] (false edge of ''):  %490 = icmp slt i64 %489, 0
    -> Guard[11] (false edge of ''):  %484 = icmp eq i64 %483, 0
    -> Guard[12] (false edge of ''):  %469 = icmp eq i64 %468, 0
    -> Guard[13] (false edge of ''):  %454 = icmp eq i64 %453, 0
    -> Guard[14] (false edge of ''):  %189 = icmp slt i64 %188, 0
    -> Guard[15] (false edge of ''):  %99 = icmp eq i8 %98, 1
    -> Guard[16] (false edge of ''):  %18 = icmp eq i64 %17, 0
    -> Guard[17] (false edge of 'entry'):  %6 = icmp samesign ult i64 %5, 2
    -> Collected 18 dominating context guard(s).
    -> Frame refused (clobber between loads):  %188 = load i64, ptr @"$s5nbody1nSivp", align 8  vs  %.pre = load i64, ptr @"$s5nbody1nSivp", align 8
         clobber:   call void @swift_endAccess(ptr nonnull %access-scratch46) #2
    -> Frame refused (clobber between loads):  %188 = load i64, ptr @"$s5nbody1nSivp", align 8  vs  %515 = load i64, ptr @"$s5nbody1nSivp", align 8
         clobber: (MemoryPhi: clobber on some incoming arm)
    -> Frame refused (clobber between loads):  %188 = load i64, ptr @"$s5nbody1nSivp", align 8  vs  %519 = load i64, ptr @"$s5nbody1nSivp", align 8
         clobber: (MemoryPhi: clobber on some incoming arm)
    -> Frame refused (clobber between loads):  %188 = load i64, ptr @"$s5nbody1nSivp", align 8  vs  %.pr = load i64, ptr @"$s5nbody1nSivp", align 8
         clobber: (MemoryPhi: clobber on some incoming arm)
    -> Frame refused (clobber between loads):  %188 = load i64, ptr @"$s5nbody1nSivp", align 8  vs  %530 = load i64, ptr @"$s5nbody1nSivp", align 8
         clobber: (MemoryPhi: clobber on some incoming arm)
    -> Frame refused (clobber between loads):  %188 = load i64, ptr @"$s5nbody1nSivp", align 8  vs  %838 = load i64, ptr @"$s5nbody1nSivp", align 8
         clobber: (MemoryPhi: clobber on some incoming arm)
    -> [go3] 0 leaf-closure instruction(s) encoded
    -> Fact[RM:0] i64 %5 in [0,9223372036854775807) (!range)
    -> Fact[KB:1] i64 %5 known bits zero=0x9223372036854775808 one=0x0
    -> Fact[RM:2] i64 %453 in [0,9223372036854775807) (!range)
    -> Fact[KB:3] i64 %453 known bits zero=0x9223372036854775808 one=0x0
    -> Fact[RM:4] i64 %468 in [0,9223372036854775807) (!range)
    -> Fact[KB:5] i64 %468 known bits zero=0x9223372036854775808 one=0x0
    -> Fact[RM:6] i64 %483 in [0,9223372036854775807) (!range)
    -> Fact[KB:7] i64 %483 known bits zero=0x9223372036854775808 one=0x0
    -> Fact[KB:8] i64 %528 known bits zero=0x9223372036854775808 one=0x0
    -> Fact[SCEV:9] i64 %528 in [0,9223372036854775807) (SCEV unsigned)
    -> Fact[SCEV:10] i64 %528 in [0,9223372036854775807) (SCEV signed)
    -> Fact[SCEVSYM:11] i64 %528 - start(0) <=u BTC((-1 + %515)) (SCEV symbolic trip count, sub-form)
    -> Fact[PHIINV-hi:12] i64 %528 == i64 0 || ne(i64 %528, i64 %515) (latch-implied bound, 1-induction)
    -> Fact[PHIINV-lo:13] i64 %528 >=s i64 0 (monotone nsw increments, 1 arm(s))
    -> Fact[KB:14] i64 %714 known bits zero=0x9223372036854775808 one=0x0
    -> Fact[LVI:15] i64 %714 in [0,9223372036854775806) (LVI @ )
    -> Fact[SCEV:16] i64 %714 in [0,9223372036854775807) (SCEV unsigned)
    -> Fact[SCEV:17] i64 %714 in [0,9223372036854775807) (SCEV signed)
    -> Fact[SCEVSYM:18] i64 %714 - start(0) <=u BTC((9223372036854775806 umin (-1 + %.pr))) (SCEV symbolic trip count, sub-form)
    -> Fact[PHIINV-hi:19] i64 %714 == i64 0 || ne(i64 %714, i64 %.pr) (latch-implied bound, 1-induction)
    -> Fact[PHIINV-lo:20] i64 %714 >=s i64 0 (monotone nsw increments, 1 arm(s))
    -> Fact[RM:21] i64 %719 in [0,9223372036854775807) (!range)
    -> Fact[KB:22] i64 %719 known bits zero=0x9223372036854775808 one=0x0
    -> Fact[LVI:23] i64 %719 in [1,9223372036854775807) (LVI @ )
    -> Fact[RM:24] i64 %731 in [0,9223372036854775807) (!range)
    -> Fact[KB:25] i64 %731 known bits zero=0x9223372036854775808 one=0x0
    -> Fact[LVI:26] i64 %731 in [1,9223372036854775807) (LVI @ )
    -> Fact[RM:27] i64 %741 in [0,9223372036854775807) (!range)
    -> Fact[KB:28] i64 %741 known bits zero=0x9223372036854775808 one=0x0
    -> Fact[LVI:29] i64 %741 in [1,9223372036854775807) (LVI @ )
    -> Fact[RM:30] i64 %753 in [0,9223372036854775807) (!range)
    -> Fact[KB:31] i64 %753 known bits zero=0x9223372036854775808 one=0x0
    -> [heavy] 32 analysis fact(s) on 48 boundary value(s)
    -> [mv] T3: not a bounds shape (idx vs invariant count)
    -> [ind L0] BASE (1 phi(s) = entry): SAT (WARNING: Potential Integer Overflow Bug Detected!) [Query Latency: 0.991959 ms]
    -> [ind L1] BASE (1 phi(s) = entry): SAT (WARNING: Potential Integer Overflow Bug Detected!) [Query Latency: 1.120000 ms]
    -> SAT (WARNING: Potential Integer Overflow Bug Detected!) [Query Latency: 6.002708 ms]
    -> [mv] still SAT under 39 hypothesis candidate(s): not versionable
  -> Found UB Trap. Starting Backward Slice...
    -> Guard[0] (true edge of ''):  %.not288 = icmp samesign ult i64 %714, %753
    -> Guard[1] (true edge of ''):  %.not287 = icmp samesign ult i64 %714, %741
    -> Guard[2] (true edge of ''):  %.not286 = icmp samesign ult i64 %714, %731
    -> Guard[3] (true edge of '.preheader'):  %.not285 = icmp samesign ult i64 %714, %719
    -> Guard[4] (false edge of ''):  %527 = icmp eq i64 %.pr, 0
    -> Guard[5] (false edge of ''):  %525 = icmp slt i64 %.pr, 0
    -> Guard[6] (true edge of '.loopexit315'):  %534 = icmp eq i64 %529, %515
    -> Guard[7] (true edge of '.preheader316.preheader'):  %.not368 = icmp sgt i64 %530, %528
    -> Guard[8] (false edge of ''):  %518 = icmp eq i64 %515, 0
    -> Guard[9] (false edge of '.preheader317.preheader'):  %516 = icmp slt i64 %515, 0
    -> Guard[10] (false edge of ''):  %492 = icmp eq i64 %489, 0
    -> Guard[11] (false edge of ''):  %490 = icmp slt i64 %489, 0
    -> Guard[12] (false edge of ''):  %484 = icmp eq i64 %483, 0
    -> Guard[13] (false edge of ''):  %469 = icmp eq i64 %468, 0
    -> Guard[14] (false edge of ''):  %454 = icmp eq i64 %453, 0
    -> Guard[15] (false edge of ''):  %189 = icmp slt i64 %188, 0
    -> Guard[16] (false edge of ''):  %99 = icmp eq i8 %98, 1
    -> Guard[17] (false edge of ''):  %18 = icmp eq i64 %17, 0
    -> Guard[18] (false edge of 'entry'):  %6 = icmp samesign ult i64 %5, 2
    -> Collected 19 dominating context guard(s).
    -> Frame refused (clobber between loads):  %188 = load i64, ptr @"$s5nbody1nSivp", align 8  vs  %.pre = load i64, ptr @"$s5nbody1nSivp", align 8
         clobber:   call void @swift_endAccess(ptr nonnull %access-scratch46) #2
    -> Frame refused (clobber between loads):  %188 = load i64, ptr @"$s5nbody1nSivp", align 8  vs  %515 = load i64, ptr @"$s5nbody1nSivp", align 8
         clobber: (MemoryPhi: clobber on some incoming arm)
    -> Frame refused (clobber between loads):  %188 = load i64, ptr @"$s5nbody1nSivp", align 8  vs  %519 = load i64, ptr @"$s5nbody1nSivp", align 8
         clobber: (MemoryPhi: clobber on some incoming arm)
    -> Frame refused (clobber between loads):  %188 = load i64, ptr @"$s5nbody1nSivp", align 8  vs  %.pr = load i64, ptr @"$s5nbody1nSivp", align 8
         clobber: (MemoryPhi: clobber on some incoming arm)
    -> Frame refused (clobber between loads):  %188 = load i64, ptr @"$s5nbody1nSivp", align 8  vs  %530 = load i64, ptr @"$s5nbody1nSivp", align 8
         clobber: (MemoryPhi: clobber on some incoming arm)
    -> Frame refused (clobber between loads):  %188 = load i64, ptr @"$s5nbody1nSivp", align 8  vs  %838 = load i64, ptr @"$s5nbody1nSivp", align 8
         clobber: (MemoryPhi: clobber on some incoming arm)
    -> [go3] 0 leaf-closure instruction(s) encoded
    -> Fact[RM:0] i64 %5 in [0,9223372036854775807) (!range)
    -> Fact[KB:1] i64 %5 known bits zero=0x9223372036854775808 one=0x0
    -> Fact[RM:2] i64 %453 in [0,9223372036854775807) (!range)
    -> Fact[KB:3] i64 %453 known bits zero=0x9223372036854775808 one=0x0
    -> Fact[RM:4] i64 %468 in [0,9223372036854775807) (!range)
    -> Fact[KB:5] i64 %468 known bits zero=0x9223372036854775808 one=0x0
    -> Fact[RM:6] i64 %483 in [0,9223372036854775807) (!range)
    -> Fact[KB:7] i64 %483 known bits zero=0x9223372036854775808 one=0x0
    -> Fact[KB:8] i64 %528 known bits zero=0x9223372036854775808 one=0x0
    -> Fact[SCEV:9] i64 %528 in [0,9223372036854775807) (SCEV unsigned)
    -> Fact[SCEV:10] i64 %528 in [0,9223372036854775807) (SCEV signed)
    -> Fact[SCEVSYM:11] i64 %528 - start(0) <=u BTC((-1 + %515)) (SCEV symbolic trip count, sub-form)
    -> Fact[PHIINV-hi:12] i64 %528 == i64 0 || ne(i64 %528, i64 %515) (latch-implied bound, 1-induction)
    -> Fact[PHIINV-lo:13] i64 %528 >=s i64 0 (monotone nsw increments, 1 arm(s))
    -> Fact[KB:14] i64 %714 known bits zero=0x9223372036854775808 one=0x0
    -> Fact[LVI:15] i64 %714 in [0,9223372036854775806) (LVI @ )
    -> Fact[SCEV:16] i64 %714 in [0,9223372036854775807) (SCEV unsigned)
    -> Fact[SCEV:17] i64 %714 in [0,9223372036854775807) (SCEV signed)
    -> Fact[SCEVSYM:18] i64 %714 - start(0) <=u BTC((9223372036854775806 umin (-1 + %.pr))) (SCEV symbolic trip count, sub-form)
    -> Fact[PHIINV-hi:19] i64 %714 == i64 0 || ne(i64 %714, i64 %.pr) (latch-implied bound, 1-induction)
    -> Fact[PHIINV-lo:20] i64 %714 >=s i64 0 (monotone nsw increments, 1 arm(s))
    -> Fact[RM:21] i64 %719 in [0,9223372036854775807) (!range)
    -> Fact[KB:22] i64 %719 known bits zero=0x9223372036854775808 one=0x0
    -> Fact[LVI:23] i64 %719 in [1,9223372036854775807) (LVI @ )
    -> Fact[RM:24] i64 %731 in [0,9223372036854775807) (!range)
    -> Fact[KB:25] i64 %731 known bits zero=0x9223372036854775808 one=0x0
    -> Fact[LVI:26] i64 %731 in [1,9223372036854775807) (LVI @ )
    -> Fact[RM:27] i64 %741 in [0,9223372036854775807) (!range)
    -> Fact[KB:28] i64 %741 known bits zero=0x9223372036854775808 one=0x0
    -> Fact[LVI:29] i64 %741 in [1,9223372036854775807) (LVI @ )
    -> Fact[RM:30] i64 %753 in [0,9223372036854775807) (!range)
    -> Fact[KB:31] i64 %753 known bits zero=0x9223372036854775808 one=0x0
    -> Fact[LVI:32] i64 %753 in [1,9223372036854775807) (LVI @ )
    -> Fact[RM:33] i64 %763 in [0,9223372036854775807) (!range)
    -> Fact[KB:34] i64 %763 known bits zero=0x9223372036854775808 one=0x0
    -> [heavy] 35 analysis fact(s) on 49 boundary value(s)
    -> [mv] T3: not a bounds shape (idx vs invariant count)
    -> [ind L0] BASE (1 phi(s) = entry): SAT (WARNING: Potential Integer Overflow Bug Detected!) [Query Latency: 1.037167 ms]
    -> [ind L1] BASE (1 phi(s) = entry): SAT (WARNING: Potential Integer Overflow Bug Detected!) [Query Latency: 1.172750 ms]
    -> SAT (WARNING: Potential Integer Overflow Bug Detected!) [Query Latency: 4.692333 ms]
    -> [mv] still SAT under 39 hypothesis candidate(s): not versionable
  -> Found UB Trap. Starting Backward Slice...
    -> Guard[0] (true edge of ''):  %.not289 = icmp samesign ult i64 %714, %763
    -> Guard[1] (true edge of ''):  %.not288 = icmp samesign ult i64 %714, %753
    -> Guard[2] (true edge of ''):  %.not287 = icmp samesign ult i64 %714, %741
    -> Guard[3] (true edge of ''):  %.not286 = icmp samesign ult i64 %714, %731
    -> Guard[4] (true edge of '.preheader'):  %.not285 = icmp samesign ult i64 %714, %719
    -> Guard[5] (false edge of ''):  %527 = icmp eq i64 %.pr, 0
    -> Guard[6] (false edge of ''):  %525 = icmp slt i64 %.pr, 0
    -> Guard[7] (true edge of '.loopexit315'):  %534 = icmp eq i64 %529, %515
    -> Guard[8] (true edge of '.preheader316.preheader'):  %.not368 = icmp sgt i64 %530, %528
    -> Guard[9] (false edge of ''):  %518 = icmp eq i64 %515, 0
    -> Guard[10] (false edge of '.preheader317.preheader'):  %516 = icmp slt i64 %515, 0
    -> Guard[11] (false edge of ''):  %492 = icmp eq i64 %489, 0
    -> Guard[12] (false edge of ''):  %490 = icmp slt i64 %489, 0
    -> Guard[13] (false edge of ''):  %484 = icmp eq i64 %483, 0
    -> Guard[14] (false edge of ''):  %469 = icmp eq i64 %468, 0
    -> Guard[15] (false edge of ''):  %454 = icmp eq i64 %453, 0
    -> Guard[16] (false edge of ''):  %189 = icmp slt i64 %188, 0
    -> Guard[17] (false edge of ''):  %99 = icmp eq i8 %98, 1
    -> Guard[18] (false edge of ''):  %18 = icmp eq i64 %17, 0
    -> Guard[19] (false edge of 'entry'):  %6 = icmp samesign ult i64 %5, 2
    -> Collected 20 dominating context guard(s).
    -> Frame refused (clobber between loads):  %188 = load i64, ptr @"$s5nbody1nSivp", align 8  vs  %.pre = load i64, ptr @"$s5nbody1nSivp", align 8
         clobber:   call void @swift_endAccess(ptr nonnull %access-scratch46) #2
    -> Frame refused (clobber between loads):  %188 = load i64, ptr @"$s5nbody1nSivp", align 8  vs  %515 = load i64, ptr @"$s5nbody1nSivp", align 8
         clobber: (MemoryPhi: clobber on some incoming arm)
    -> Frame refused (clobber between loads):  %188 = load i64, ptr @"$s5nbody1nSivp", align 8  vs  %519 = load i64, ptr @"$s5nbody1nSivp", align 8
         clobber: (MemoryPhi: clobber on some incoming arm)
    -> Frame refused (clobber between loads):  %188 = load i64, ptr @"$s5nbody1nSivp", align 8  vs  %.pr = load i64, ptr @"$s5nbody1nSivp", align 8
         clobber: (MemoryPhi: clobber on some incoming arm)
    -> Frame refused (clobber between loads):  %188 = load i64, ptr @"$s5nbody1nSivp", align 8  vs  %530 = load i64, ptr @"$s5nbody1nSivp", align 8
         clobber: (MemoryPhi: clobber on some incoming arm)
    -> Frame refused (clobber between loads):  %188 = load i64, ptr @"$s5nbody1nSivp", align 8  vs  %838 = load i64, ptr @"$s5nbody1nSivp", align 8
         clobber: (MemoryPhi: clobber on some incoming arm)
    -> [go3] 0 leaf-closure instruction(s) encoded
    -> Fact[RM:0] i64 %5 in [0,9223372036854775807) (!range)
    -> Fact[KB:1] i64 %5 known bits zero=0x9223372036854775808 one=0x0
    -> Fact[RM:2] i64 %453 in [0,9223372036854775807) (!range)
    -> Fact[KB:3] i64 %453 known bits zero=0x9223372036854775808 one=0x0
    -> Fact[RM:4] i64 %468 in [0,9223372036854775807) (!range)
    -> Fact[KB:5] i64 %468 known bits zero=0x9223372036854775808 one=0x0
    -> Fact[RM:6] i64 %483 in [0,9223372036854775807) (!range)
    -> Fact[KB:7] i64 %483 known bits zero=0x9223372036854775808 one=0x0
    -> Fact[KB:8] i64 %528 known bits zero=0x9223372036854775808 one=0x0
    -> Fact[SCEV:9] i64 %528 in [0,9223372036854775807) (SCEV unsigned)
    -> Fact[SCEV:10] i64 %528 in [0,9223372036854775807) (SCEV signed)
    -> Fact[SCEVSYM:11] i64 %528 - start(0) <=u BTC((-1 + %515)) (SCEV symbolic trip count, sub-form)
    -> Fact[PHIINV-hi:12] i64 %528 == i64 0 || ne(i64 %528, i64 %515) (latch-implied bound, 1-induction)
    -> Fact[PHIINV-lo:13] i64 %528 >=s i64 0 (monotone nsw increments, 1 arm(s))
    -> Fact[KB:14] i64 %714 known bits zero=0x9223372036854775808 one=0x0
    -> Fact[LVI:15] i64 %714 in [0,9223372036854775806) (LVI @ )
    -> Fact[SCEV:16] i64 %714 in [0,9223372036854775807) (SCEV unsigned)
    -> Fact[SCEV:17] i64 %714 in [0,9223372036854775807) (SCEV signed)
    -> Fact[SCEVSYM:18] i64 %714 - start(0) <=u BTC((9223372036854775806 umin (-1 + %.pr))) (SCEV symbolic trip count, sub-form)
    -> Fact[PHIINV-hi:19] i64 %714 == i64 0 || ne(i64 %714, i64 %.pr) (latch-implied bound, 1-induction)
    -> Fact[PHIINV-lo:20] i64 %714 >=s i64 0 (monotone nsw increments, 1 arm(s))
    -> Fact[RM:21] i64 %719 in [0,9223372036854775807) (!range)
    -> Fact[KB:22] i64 %719 known bits zero=0x9223372036854775808 one=0x0
    -> Fact[LVI:23] i64 %719 in [1,9223372036854775807) (LVI @ )
    -> Fact[RM:24] i64 %731 in [0,9223372036854775807) (!range)
    -> Fact[KB:25] i64 %731 known bits zero=0x9223372036854775808 one=0x0
    -> Fact[LVI:26] i64 %731 in [1,9223372036854775807) (LVI @ )
    -> Fact[RM:27] i64 %741 in [0,9223372036854775807) (!range)
    -> Fact[KB:28] i64 %741 known bits zero=0x9223372036854775808 one=0x0
    -> Fact[LVI:29] i64 %741 in [1,9223372036854775807) (LVI @ )
    -> Fact[RM:30] i64 %753 in [0,9223372036854775807) (!range)
    -> Fact[KB:31] i64 %753 known bits zero=0x9223372036854775808 one=0x0
    -> Fact[LVI:32] i64 %753 in [1,9223372036854775807) (LVI @ )
    -> Fact[RM:33] i64 %763 in [0,9223372036854775807) (!range)
    -> Fact[KB:34] i64 %763 known bits zero=0x9223372036854775808 one=0x0
    -> Fact[LVI:35] i64 %763 in [1,9223372036854775807) (LVI @ )
    -> Fact[RM:36] i64 %775 in [0,9223372036854775807) (!range)
    -> Fact[KB:37] i64 %775 known bits zero=0x9223372036854775808 one=0x0
    -> [heavy] 38 analysis fact(s) on 50 boundary value(s)
    -> [mv] T3: not a bounds shape (idx vs invariant count)
    -> [ind L0] BASE (1 phi(s) = entry): SAT (WARNING: Potential Integer Overflow Bug Detected!) [Query Latency: 0.945875 ms]
    -> [ind L1] BASE (1 phi(s) = entry): SAT (WARNING: Potential Integer Overflow Bug Detected!) [Query Latency: 1.685916 ms]
    -> SAT (WARNING: Potential Integer Overflow Bug Detected!) [Query Latency: 3.223292 ms]
    -> [mv] still SAT under 39 hypothesis candidate(s): not versionable
  -> Found UB Trap. Starting Backward Slice...
    -> Guard[0] (false edge of ''):  %490 = icmp slt i64 %489, 0
    -> Guard[1] (false edge of ''):  %484 = icmp eq i64 %483, 0
    -> Guard[2] (false edge of ''):  %469 = icmp eq i64 %468, 0
    -> Guard[3] (false edge of ''):  %454 = icmp eq i64 %453, 0
    -> Guard[4] (false edge of ''):  %189 = icmp slt i64 %188, 0
    -> Guard[5] (false edge of ''):  %99 = icmp eq i8 %98, 1
    -> Guard[6] (false edge of ''):  %18 = icmp eq i64 %17, 0
    -> Guard[7] (false edge of 'entry'):  %6 = icmp samesign ult i64 %5, 2
    -> Collected 8 dominating context guard(s).
    -> Frame refused (clobber between loads):  %188 = load i64, ptr @"$s5nbody1nSivp", align 8  vs  %.pre = load i64, ptr @"$s5nbody1nSivp", align 8
         clobber:   call void @swift_endAccess(ptr nonnull %access-scratch46) #2
    -> Frame refused (clobber between loads):  %188 = load i64, ptr @"$s5nbody1nSivp", align 8  vs  %515 = load i64, ptr @"$s5nbody1nSivp", align 8
         clobber: (MemoryPhi: clobber on some incoming arm)
    -> Frame refused (clobber between loads):  %188 = load i64, ptr @"$s5nbody1nSivp", align 8  vs  %519 = load i64, ptr @"$s5nbody1nSivp", align 8
         clobber: (MemoryPhi: clobber on some incoming arm)
    -> Frame refused (clobber between loads):  %188 = load i64, ptr @"$s5nbody1nSivp", align 8  vs  %.pr = load i64, ptr @"$s5nbody1nSivp", align 8
         clobber: (MemoryPhi: clobber on some incoming arm)
    -> Frame refused (clobber between loads):  %188 = load i64, ptr @"$s5nbody1nSivp", align 8  vs  %530 = load i64, ptr @"$s5nbody1nSivp", align 8
         clobber: (MemoryPhi: clobber on some incoming arm)
    -> Frame refused (clobber between loads):  %188 = load i64, ptr @"$s5nbody1nSivp", align 8  vs  %838 = load i64, ptr @"$s5nbody1nSivp", align 8
         clobber: (MemoryPhi: clobber on some incoming arm)
    -> Fact[RM:0] i64 %5 in [0,9223372036854775807) (!range)
    -> Fact[KB:1] i64 %5 known bits zero=0x9223372036854775808 one=0x0
    -> Fact[RM:2] i64 %453 in [0,9223372036854775807) (!range)
    -> Fact[KB:3] i64 %453 known bits zero=0x9223372036854775808 one=0x0
    -> Fact[RM:4] i64 %468 in [0,9223372036854775807) (!range)
    -> Fact[KB:5] i64 %468 known bits zero=0x9223372036854775808 one=0x0
    -> Fact[RM:6] i64 %483 in [0,9223372036854775807) (!range)
    -> Fact[KB:7] i64 %483 known bits zero=0x9223372036854775808 one=0x0
    -> [heavy] 8 analysis fact(s) on 40 boundary value(s)
    -> [ind] trap not in a loop
    -> SAT (WARNING: Potential Integer Overflow Bug Detected!) [Query Latency: 2.264417 ms]
    -> [mv] trap not inside a loop: not versionable
  -> Found UB Trap. Starting Backward Slice...
    -> Guard[0] (false edge of ''):  %522 = icmp eq i64 %519, 0
    -> Guard[1] (false edge of '.loopexit318'):  %520 = icmp slt i64 %519, 0
    -> Guard[2] (false edge of ''):  %490 = icmp slt i64 %489, 0
    -> Guard[3] (false edge of ''):  %484 = icmp eq i64 %483, 0
    -> Guard[4] (false edge of ''):  %469 = icmp eq i64 %468, 0
    -> Guard[5] (false edge of ''):  %454 = icmp eq i64 %453, 0
    -> Guard[6] (false edge of ''):  %189 = icmp slt i64 %188, 0
    -> Guard[7] (false edge of ''):  %99 = icmp eq i8 %98, 1
    -> Guard[8] (false edge of ''):  %18 = icmp eq i64 %17, 0
    -> Guard[9] (false edge of 'entry'):  %6 = icmp samesign ult i64 %5, 2
    -> Collected 10 dominating context guard(s).
    -> Frame refused (clobber between loads):  %188 = load i64, ptr @"$s5nbody1nSivp", align 8  vs  %.pre = load i64, ptr @"$s5nbody1nSivp", align 8
         clobber:   call void @swift_endAccess(ptr nonnull %access-scratch46) #2
    -> Frame refused (clobber between loads):  %188 = load i64, ptr @"$s5nbody1nSivp", align 8  vs  %515 = load i64, ptr @"$s5nbody1nSivp", align 8
         clobber: (MemoryPhi: clobber on some incoming arm)
    -> Frame refused (clobber between loads):  %188 = load i64, ptr @"$s5nbody1nSivp", align 8  vs  %519 = load i64, ptr @"$s5nbody1nSivp", align 8
         clobber: (MemoryPhi: clobber on some incoming arm)
    -> Frame refused (clobber between loads):  %188 = load i64, ptr @"$s5nbody1nSivp", align 8  vs  %.pr = load i64, ptr @"$s5nbody1nSivp", align 8
         clobber: (MemoryPhi: clobber on some incoming arm)
    -> Frame refused (clobber between loads):  %188 = load i64, ptr @"$s5nbody1nSivp", align 8  vs  %530 = load i64, ptr @"$s5nbody1nSivp", align 8
         clobber: (MemoryPhi: clobber on some incoming arm)
    -> Frame refused (clobber between loads):  %188 = load i64, ptr @"$s5nbody1nSivp", align 8  vs  %838 = load i64, ptr @"$s5nbody1nSivp", align 8
         clobber: (MemoryPhi: clobber on some incoming arm)
    -> [go3] 0 leaf-closure instruction(s) encoded
    -> Fact[RM:0] i64 %5 in [0,9223372036854775807) (!range)
    -> Fact[KB:1] i64 %5 known bits zero=0x9223372036854775808 one=0x0
    -> Fact[RM:2] i64 %453 in [0,9223372036854775807) (!range)
    -> Fact[KB:3] i64 %453 known bits zero=0x9223372036854775808 one=0x0
    -> Fact[RM:4] i64 %468 in [0,9223372036854775807) (!range)
    -> Fact[KB:5] i64 %468 known bits zero=0x9223372036854775808 one=0x0
    -> Fact[RM:6] i64 %483 in [0,9223372036854775807) (!range)
    -> Fact[KB:7] i64 %483 known bits zero=0x9223372036854775808 one=0x0
    -> Fact[KB:8] i64 %799 known bits zero=0x9223372036854775808 one=0x0
    -> Fact[SCEV:9] i64 %799 in [0,9223372036854775807) (SCEV unsigned)
    -> Fact[SCEV:10] i64 %799 in [0,9223372036854775807) (SCEV signed)
    -> Fact[SCEVSYM:11] i64 %799 - start(0) <=u BTC((9223372036854775806 umin (-1 + %519))) (SCEV symbolic trip count, sub-form)
    -> Fact[PHIINV-hi:12] i64 %799 == i64 0 || ne(i64 %799, i64 %519) (latch-implied bound, 1-induction)
    -> Fact[PHIINV-lo:13] i64 %799 >=s i64 0 (monotone nsw increments, 1 arm(s))
    -> Fact[RM:14] i64 %804 in [0,9223372036854775807) (!range)
    -> Fact[KB:15] i64 %804 known bits zero=0x9223372036854775808 one=0x0
    -> [heavy] 16 analysis fact(s) on 42 boundary value(s)
    -> [mv] T3: not a bounds shape (idx vs invariant count)
    -> [ind L0] BASE (1 phi(s) = entry): SAT (WARNING: Potential Integer Overflow Bug Detected!) [Query Latency: 0.876833 ms]
    -> SAT (WARNING: Potential Integer Overflow Bug Detected!) [Query Latency: 2.948750 ms]
    -> [mv] still SAT under 27 hypothesis candidate(s): not versionable
  -> Found UB Trap. Starting Backward Slice...
    -> Guard[0] (true edge of ''):  %.not292 = icmp samesign ult i64 %799, %804
    -> Guard[1] (false edge of ''):  %522 = icmp eq i64 %519, 0
    -> Guard[2] (false edge of '.loopexit318'):  %520 = icmp slt i64 %519, 0
    -> Guard[3] (false edge of ''):  %490 = icmp slt i64 %489, 0
    -> Guard[4] (false edge of ''):  %484 = icmp eq i64 %483, 0
    -> Guard[5] (false edge of ''):  %469 = icmp eq i64 %468, 0
    -> Guard[6] (false edge of ''):  %454 = icmp eq i64 %453, 0
    -> Guard[7] (false edge of ''):  %189 = icmp slt i64 %188, 0
    -> Guard[8] (false edge of ''):  %99 = icmp eq i8 %98, 1
    -> Guard[9] (false edge of ''):  %18 = icmp eq i64 %17, 0
    -> Guard[10] (false edge of 'entry'):  %6 = icmp samesign ult i64 %5, 2
    -> Collected 11 dominating context guard(s).
    -> Frame refused (clobber between loads):  %188 = load i64, ptr @"$s5nbody1nSivp", align 8  vs  %.pre = load i64, ptr @"$s5nbody1nSivp", align 8
         clobber:   call void @swift_endAccess(ptr nonnull %access-scratch46) #2
    -> Frame refused (clobber between loads):  %188 = load i64, ptr @"$s5nbody1nSivp", align 8  vs  %515 = load i64, ptr @"$s5nbody1nSivp", align 8
         clobber: (MemoryPhi: clobber on some incoming arm)
    -> Frame refused (clobber between loads):  %188 = load i64, ptr @"$s5nbody1nSivp", align 8  vs  %519 = load i64, ptr @"$s5nbody1nSivp", align 8
         clobber: (MemoryPhi: clobber on some incoming arm)
    -> Frame refused (clobber between loads):  %188 = load i64, ptr @"$s5nbody1nSivp", align 8  vs  %.pr = load i64, ptr @"$s5nbody1nSivp", align 8
         clobber: (MemoryPhi: clobber on some incoming arm)
    -> Frame refused (clobber between loads):  %188 = load i64, ptr @"$s5nbody1nSivp", align 8  vs  %530 = load i64, ptr @"$s5nbody1nSivp", align 8
         clobber: (MemoryPhi: clobber on some incoming arm)
    -> Frame refused (clobber between loads):  %188 = load i64, ptr @"$s5nbody1nSivp", align 8  vs  %838 = load i64, ptr @"$s5nbody1nSivp", align 8
         clobber: (MemoryPhi: clobber on some incoming arm)
    -> [go3] 0 leaf-closure instruction(s) encoded
    -> Fact[RM:0] i64 %5 in [0,9223372036854775807) (!range)
    -> Fact[KB:1] i64 %5 known bits zero=0x9223372036854775808 one=0x0
    -> Fact[RM:2] i64 %453 in [0,9223372036854775807) (!range)
    -> Fact[KB:3] i64 %453 known bits zero=0x9223372036854775808 one=0x0
    -> Fact[RM:4] i64 %468 in [0,9223372036854775807) (!range)
    -> Fact[KB:5] i64 %468 known bits zero=0x9223372036854775808 one=0x0
    -> Fact[RM:6] i64 %483 in [0,9223372036854775807) (!range)
    -> Fact[KB:7] i64 %483 known bits zero=0x9223372036854775808 one=0x0
    -> Fact[KB:8] i64 %799 known bits zero=0x9223372036854775808 one=0x0
    -> Fact[LVI:9] i64 %799 in [0,9223372036854775806) (LVI @ )
    -> Fact[SCEV:10] i64 %799 in [0,9223372036854775807) (SCEV unsigned)
    -> Fact[SCEV:11] i64 %799 in [0,9223372036854775807) (SCEV signed)
    -> Fact[SCEVSYM:12] i64 %799 - start(0) <=u BTC((9223372036854775806 umin (-1 + %519))) (SCEV symbolic trip count, sub-form)
    -> Fact[PHIINV-hi:13] i64 %799 == i64 0 || ne(i64 %799, i64 %519) (latch-implied bound, 1-induction)
    -> Fact[PHIINV-lo:14] i64 %799 >=s i64 0 (monotone nsw increments, 1 arm(s))
    -> Fact[RM:15] i64 %804 in [0,9223372036854775807) (!range)
    -> Fact[KB:16] i64 %804 known bits zero=0x9223372036854775808 one=0x0
    -> Fact[LVI:17] i64 %804 in [1,9223372036854775807) (LVI @ )
    -> Fact[RM:18] i64 %812 in [0,9223372036854775807) (!range)
    -> Fact[KB:19] i64 %812 known bits zero=0x9223372036854775808 one=0x0
    -> [heavy] 20 analysis fact(s) on 43 boundary value(s)
    -> [mv] T3: not a bounds shape (idx vs invariant count)
    -> [ind L0] BASE (1 phi(s) = entry): SAT (WARNING: Potential Integer Overflow Bug Detected!) [Query Latency: 0.867500 ms]
    -> SAT (WARNING: Potential Integer Overflow Bug Detected!) [Query Latency: 3.460416 ms]
    -> [mv] still SAT under 27 hypothesis candidate(s): not versionable
  -> Found UB Trap. Starting Backward Slice...
    -> Guard[0] (true edge of ''):  %.not293 = icmp samesign ult i64 %799, %812
    -> Guard[1] (true edge of ''):  %.not292 = icmp samesign ult i64 %799, %804
    -> Guard[2] (false edge of ''):  %522 = icmp eq i64 %519, 0
    -> Guard[3] (false edge of '.loopexit318'):  %520 = icmp slt i64 %519, 0
    -> Guard[4] (false edge of ''):  %490 = icmp slt i64 %489, 0
    -> Guard[5] (false edge of ''):  %484 = icmp eq i64 %483, 0
    -> Guard[6] (false edge of ''):  %469 = icmp eq i64 %468, 0
    -> Guard[7] (false edge of ''):  %454 = icmp eq i64 %453, 0
    -> Guard[8] (false edge of ''):  %189 = icmp slt i64 %188, 0
    -> Guard[9] (false edge of ''):  %99 = icmp eq i8 %98, 1
    -> Guard[10] (false edge of ''):  %18 = icmp eq i64 %17, 0
    -> Guard[11] (false edge of 'entry'):  %6 = icmp samesign ult i64 %5, 2
    -> Collected 12 dominating context guard(s).
    -> Frame refused (clobber between loads):  %188 = load i64, ptr @"$s5nbody1nSivp", align 8  vs  %.pre = load i64, ptr @"$s5nbody1nSivp", align 8
         clobber:   call void @swift_endAccess(ptr nonnull %access-scratch46) #2
    -> Frame refused (clobber between loads):  %188 = load i64, ptr @"$s5nbody1nSivp", align 8  vs  %515 = load i64, ptr @"$s5nbody1nSivp", align 8
         clobber: (MemoryPhi: clobber on some incoming arm)
    -> Frame refused (clobber between loads):  %188 = load i64, ptr @"$s5nbody1nSivp", align 8  vs  %519 = load i64, ptr @"$s5nbody1nSivp", align 8
         clobber: (MemoryPhi: clobber on some incoming arm)
    -> Frame refused (clobber between loads):  %188 = load i64, ptr @"$s5nbody1nSivp", align 8  vs  %.pr = load i64, ptr @"$s5nbody1nSivp", align 8
         clobber: (MemoryPhi: clobber on some incoming arm)
    -> Frame refused (clobber between loads):  %188 = load i64, ptr @"$s5nbody1nSivp", align 8  vs  %530 = load i64, ptr @"$s5nbody1nSivp", align 8
         clobber: (MemoryPhi: clobber on some incoming arm)
    -> Frame refused (clobber between loads):  %188 = load i64, ptr @"$s5nbody1nSivp", align 8  vs  %838 = load i64, ptr @"$s5nbody1nSivp", align 8
         clobber: (MemoryPhi: clobber on some incoming arm)
    -> [go3] 0 leaf-closure instruction(s) encoded
    -> Fact[RM:0] i64 %5 in [0,9223372036854775807) (!range)
    -> Fact[KB:1] i64 %5 known bits zero=0x9223372036854775808 one=0x0
    -> Fact[RM:2] i64 %453 in [0,9223372036854775807) (!range)
    -> Fact[KB:3] i64 %453 known bits zero=0x9223372036854775808 one=0x0
    -> Fact[RM:4] i64 %468 in [0,9223372036854775807) (!range)
    -> Fact[KB:5] i64 %468 known bits zero=0x9223372036854775808 one=0x0
    -> Fact[RM:6] i64 %483 in [0,9223372036854775807) (!range)
    -> Fact[KB:7] i64 %483 known bits zero=0x9223372036854775808 one=0x0
    -> Fact[KB:8] i64 %799 known bits zero=0x9223372036854775808 one=0x0
    -> Fact[LVI:9] i64 %799 in [0,9223372036854775806) (LVI @ )
    -> Fact[SCEV:10] i64 %799 in [0,9223372036854775807) (SCEV unsigned)
    -> Fact[SCEV:11] i64 %799 in [0,9223372036854775807) (SCEV signed)
    -> Fact[SCEVSYM:12] i64 %799 - start(0) <=u BTC((9223372036854775806 umin (-1 + %519))) (SCEV symbolic trip count, sub-form)
    -> Fact[PHIINV-hi:13] i64 %799 == i64 0 || ne(i64 %799, i64 %519) (latch-implied bound, 1-induction)
    -> Fact[PHIINV-lo:14] i64 %799 >=s i64 0 (monotone nsw increments, 1 arm(s))
    -> Fact[RM:15] i64 %804 in [0,9223372036854775807) (!range)
    -> Fact[KB:16] i64 %804 known bits zero=0x9223372036854775808 one=0x0
    -> Fact[LVI:17] i64 %804 in [1,9223372036854775807) (LVI @ )
    -> Fact[RM:18] i64 %812 in [0,9223372036854775807) (!range)
    -> Fact[KB:19] i64 %812 known bits zero=0x9223372036854775808 one=0x0
    -> Fact[LVI:20] i64 %812 in [1,9223372036854775807) (LVI @ )
    -> Fact[RM:21] i64 %816 in [0,9223372036854775807) (!range)
    -> Fact[KB:22] i64 %816 known bits zero=0x9223372036854775808 one=0x0
    -> [heavy] 23 analysis fact(s) on 44 boundary value(s)
    -> [mv] T3: not a bounds shape (idx vs invariant count)
    -> [ind L0] BASE (1 phi(s) = entry): SAT (WARNING: Potential Integer Overflow Bug Detected!) [Query Latency: 0.886750 ms]
    -> SAT (WARNING: Potential Integer Overflow Bug Detected!) [Query Latency: 2.973542 ms]
    -> [mv] still SAT under 27 hypothesis candidate(s): not versionable
  -> Found UB Trap. Starting Backward Slice...
    -> Guard[0] (true edge of ''):  %.not294 = icmp samesign ult i64 %799, %816
    -> Guard[1] (true edge of ''):  %.not293 = icmp samesign ult i64 %799, %812
    -> Guard[2] (true edge of ''):  %.not292 = icmp samesign ult i64 %799, %804
    -> Guard[3] (false edge of ''):  %522 = icmp eq i64 %519, 0
    -> Guard[4] (false edge of '.loopexit318'):  %520 = icmp slt i64 %519, 0
    -> Guard[5] (false edge of ''):  %490 = icmp slt i64 %489, 0
    -> Guard[6] (false edge of ''):  %484 = icmp eq i64 %483, 0
    -> Guard[7] (false edge of ''):  %469 = icmp eq i64 %468, 0
    -> Guard[8] (false edge of ''):  %454 = icmp eq i64 %453, 0
    -> Guard[9] (false edge of ''):  %189 = icmp slt i64 %188, 0
    -> Guard[10] (false edge of ''):  %99 = icmp eq i8 %98, 1
    -> Guard[11] (false edge of ''):  %18 = icmp eq i64 %17, 0
    -> Guard[12] (false edge of 'entry'):  %6 = icmp samesign ult i64 %5, 2
    -> Collected 13 dominating context guard(s).
    -> Frame refused (clobber between loads):  %188 = load i64, ptr @"$s5nbody1nSivp", align 8  vs  %.pre = load i64, ptr @"$s5nbody1nSivp", align 8
         clobber:   call void @swift_endAccess(ptr nonnull %access-scratch46) #2
    -> Frame refused (clobber between loads):  %188 = load i64, ptr @"$s5nbody1nSivp", align 8  vs  %515 = load i64, ptr @"$s5nbody1nSivp", align 8
         clobber: (MemoryPhi: clobber on some incoming arm)
    -> Frame refused (clobber between loads):  %188 = load i64, ptr @"$s5nbody1nSivp", align 8  vs  %519 = load i64, ptr @"$s5nbody1nSivp", align 8
         clobber: (MemoryPhi: clobber on some incoming arm)
    -> Frame refused (clobber between loads):  %188 = load i64, ptr @"$s5nbody1nSivp", align 8  vs  %.pr = load i64, ptr @"$s5nbody1nSivp", align 8
         clobber: (MemoryPhi: clobber on some incoming arm)
    -> Frame refused (clobber between loads):  %188 = load i64, ptr @"$s5nbody1nSivp", align 8  vs  %530 = load i64, ptr @"$s5nbody1nSivp", align 8
         clobber: (MemoryPhi: clobber on some incoming arm)
    -> Frame refused (clobber between loads):  %188 = load i64, ptr @"$s5nbody1nSivp", align 8  vs  %838 = load i64, ptr @"$s5nbody1nSivp", align 8
         clobber: (MemoryPhi: clobber on some incoming arm)
    -> [go3] 0 leaf-closure instruction(s) encoded
    -> Fact[RM:0] i64 %5 in [0,9223372036854775807) (!range)
    -> Fact[KB:1] i64 %5 known bits zero=0x9223372036854775808 one=0x0
    -> Fact[RM:2] i64 %453 in [0,9223372036854775807) (!range)
    -> Fact[KB:3] i64 %453 known bits zero=0x9223372036854775808 one=0x0
    -> Fact[RM:4] i64 %468 in [0,9223372036854775807) (!range)
    -> Fact[KB:5] i64 %468 known bits zero=0x9223372036854775808 one=0x0
    -> Fact[RM:6] i64 %483 in [0,9223372036854775807) (!range)
    -> Fact[KB:7] i64 %483 known bits zero=0x9223372036854775808 one=0x0
    -> Fact[KB:8] i64 %799 known bits zero=0x9223372036854775808 one=0x0
    -> Fact[LVI:9] i64 %799 in [0,9223372036854775806) (LVI @ )
    -> Fact[SCEV:10] i64 %799 in [0,9223372036854775807) (SCEV unsigned)
    -> Fact[SCEV:11] i64 %799 in [0,9223372036854775807) (SCEV signed)
    -> Fact[SCEVSYM:12] i64 %799 - start(0) <=u BTC((9223372036854775806 umin (-1 + %519))) (SCEV symbolic trip count, sub-form)
    -> Fact[PHIINV-hi:13] i64 %799 == i64 0 || ne(i64 %799, i64 %519) (latch-implied bound, 1-induction)
    -> Fact[PHIINV-lo:14] i64 %799 >=s i64 0 (monotone nsw increments, 1 arm(s))
    -> Fact[RM:15] i64 %804 in [0,9223372036854775807) (!range)
    -> Fact[KB:16] i64 %804 known bits zero=0x9223372036854775808 one=0x0
    -> Fact[LVI:17] i64 %804 in [1,9223372036854775807) (LVI @ )
    -> Fact[RM:18] i64 %812 in [0,9223372036854775807) (!range)
    -> Fact[KB:19] i64 %812 known bits zero=0x9223372036854775808 one=0x0
    -> Fact[LVI:20] i64 %812 in [1,9223372036854775807) (LVI @ )
    -> Fact[RM:21] i64 %816 in [0,9223372036854775807) (!range)
    -> Fact[KB:22] i64 %816 known bits zero=0x9223372036854775808 one=0x0
    -> Fact[LVI:23] i64 %816 in [1,9223372036854775807) (LVI @ )
    -> Fact[RM:24] i64 %820 in [0,9223372036854775807) (!range)
    -> Fact[KB:25] i64 %820 known bits zero=0x9223372036854775808 one=0x0
    -> [heavy] 26 analysis fact(s) on 45 boundary value(s)
    -> [mv] T3: not a bounds shape (idx vs invariant count)
    -> [ind L0] BASE (1 phi(s) = entry): SAT (WARNING: Potential Integer Overflow Bug Detected!) [Query Latency: 0.995750 ms]
    -> SAT (WARNING: Potential Integer Overflow Bug Detected!) [Query Latency: 3.601875 ms]
    -> [mv] still SAT under 27 hypothesis candidate(s): not versionable
  -> Found UB Trap. Starting Backward Slice...
    -> Guard[0] (true edge of ''):  %.not295 = icmp samesign ult i64 %799, %820
    -> Guard[1] (true edge of ''):  %.not294 = icmp samesign ult i64 %799, %816
    -> Guard[2] (true edge of ''):  %.not293 = icmp samesign ult i64 %799, %812
    -> Guard[3] (true edge of ''):  %.not292 = icmp samesign ult i64 %799, %804
    -> Guard[4] (false edge of ''):  %522 = icmp eq i64 %519, 0
    -> Guard[5] (false edge of '.loopexit318'):  %520 = icmp slt i64 %519, 0
    -> Guard[6] (false edge of ''):  %490 = icmp slt i64 %489, 0
    -> Guard[7] (false edge of ''):  %484 = icmp eq i64 %483, 0
    -> Guard[8] (false edge of ''):  %469 = icmp eq i64 %468, 0
    -> Guard[9] (false edge of ''):  %454 = icmp eq i64 %453, 0
    -> Guard[10] (false edge of ''):  %189 = icmp slt i64 %188, 0
    -> Guard[11] (false edge of ''):  %99 = icmp eq i8 %98, 1
    -> Guard[12] (false edge of ''):  %18 = icmp eq i64 %17, 0
    -> Guard[13] (false edge of 'entry'):  %6 = icmp samesign ult i64 %5, 2
    -> Collected 14 dominating context guard(s).
    -> Frame refused (clobber between loads):  %188 = load i64, ptr @"$s5nbody1nSivp", align 8  vs  %.pre = load i64, ptr @"$s5nbody1nSivp", align 8
         clobber:   call void @swift_endAccess(ptr nonnull %access-scratch46) #2
    -> Frame refused (clobber between loads):  %188 = load i64, ptr @"$s5nbody1nSivp", align 8  vs  %515 = load i64, ptr @"$s5nbody1nSivp", align 8
         clobber: (MemoryPhi: clobber on some incoming arm)
    -> Frame refused (clobber between loads):  %188 = load i64, ptr @"$s5nbody1nSivp", align 8  vs  %519 = load i64, ptr @"$s5nbody1nSivp", align 8
         clobber: (MemoryPhi: clobber on some incoming arm)
    -> Frame refused (clobber between loads):  %188 = load i64, ptr @"$s5nbody1nSivp", align 8  vs  %.pr = load i64, ptr @"$s5nbody1nSivp", align 8
         clobber: (MemoryPhi: clobber on some incoming arm)
    -> Frame refused (clobber between loads):  %188 = load i64, ptr @"$s5nbody1nSivp", align 8  vs  %530 = load i64, ptr @"$s5nbody1nSivp", align 8
         clobber: (MemoryPhi: clobber on some incoming arm)
    -> Frame refused (clobber between loads):  %188 = load i64, ptr @"$s5nbody1nSivp", align 8  vs  %838 = load i64, ptr @"$s5nbody1nSivp", align 8
         clobber: (MemoryPhi: clobber on some incoming arm)
    -> [go3] 0 leaf-closure instruction(s) encoded
    -> Fact[RM:0] i64 %5 in [0,9223372036854775807) (!range)
    -> Fact[KB:1] i64 %5 known bits zero=0x9223372036854775808 one=0x0
    -> Fact[RM:2] i64 %453 in [0,9223372036854775807) (!range)
    -> Fact[KB:3] i64 %453 known bits zero=0x9223372036854775808 one=0x0
    -> Fact[RM:4] i64 %468 in [0,9223372036854775807) (!range)
    -> Fact[KB:5] i64 %468 known bits zero=0x9223372036854775808 one=0x0
    -> Fact[RM:6] i64 %483 in [0,9223372036854775807) (!range)
    -> Fact[KB:7] i64 %483 known bits zero=0x9223372036854775808 one=0x0
    -> Fact[KB:8] i64 %799 known bits zero=0x9223372036854775808 one=0x0
    -> Fact[LVI:9] i64 %799 in [0,9223372036854775806) (LVI @ )
    -> Fact[SCEV:10] i64 %799 in [0,9223372036854775807) (SCEV unsigned)
    -> Fact[SCEV:11] i64 %799 in [0,9223372036854775807) (SCEV signed)
    -> Fact[SCEVSYM:12] i64 %799 - start(0) <=u BTC((9223372036854775806 umin (-1 + %519))) (SCEV symbolic trip count, sub-form)
    -> Fact[PHIINV-hi:13] i64 %799 == i64 0 || ne(i64 %799, i64 %519) (latch-implied bound, 1-induction)
    -> Fact[PHIINV-lo:14] i64 %799 >=s i64 0 (monotone nsw increments, 1 arm(s))
    -> Fact[RM:15] i64 %804 in [0,9223372036854775807) (!range)
    -> Fact[KB:16] i64 %804 known bits zero=0x9223372036854775808 one=0x0
    -> Fact[LVI:17] i64 %804 in [1,9223372036854775807) (LVI @ )
    -> Fact[RM:18] i64 %812 in [0,9223372036854775807) (!range)
    -> Fact[KB:19] i64 %812 known bits zero=0x9223372036854775808 one=0x0
    -> Fact[LVI:20] i64 %812 in [1,9223372036854775807) (LVI @ )
    -> Fact[RM:21] i64 %816 in [0,9223372036854775807) (!range)
    -> Fact[KB:22] i64 %816 known bits zero=0x9223372036854775808 one=0x0
    -> Fact[LVI:23] i64 %816 in [1,9223372036854775807) (LVI @ )
    -> Fact[RM:24] i64 %820 in [0,9223372036854775807) (!range)
    -> Fact[KB:25] i64 %820 known bits zero=0x9223372036854775808 one=0x0
    -> Fact[LVI:26] i64 %820 in [1,9223372036854775807) (LVI @ )
    -> [heavy] 27 analysis fact(s) on 46 boundary value(s)
    -> [mv] T3: not a bounds shape (idx vs invariant count)
    -> [ind L0] BASE (1 phi(s) = entry): SAT (WARNING: Potential Integer Overflow Bug Detected!) [Query Latency: 0.974917 ms]
    -> SAT (WARNING: Potential Integer Overflow Bug Detected!) [Query Latency: 6.279208 ms]
    -> [mv] still SAT under 27 hypothesis candidate(s): not versionable
  -> Found UB Trap. Starting Backward Slice...
    -> Guard[0] (false edge of ''):  %840 = icmp eq i64 %801, %838
    -> Guard[1] (true edge of ''):  %.not369 = icmp sgt i64 %838, %799
    -> Guard[2] (true edge of ''):  %.not295 = icmp samesign ult i64 %799, %820
    -> Guard[3] (true edge of ''):  %.not294 = icmp samesign ult i64 %799, %816
    -> Guard[4] (true edge of ''):  %.not293 = icmp samesign ult i64 %799, %812
    -> Guard[5] (true edge of ''):  %.not292 = icmp samesign ult i64 %799, %804
    -> Guard[6] (false edge of ''):  %522 = icmp eq i64 %519, 0
    -> Guard[7] (false edge of '.loopexit318'):  %520 = icmp slt i64 %519, 0
    -> Guard[8] (false edge of ''):  %490 = icmp slt i64 %489, 0
    -> Guard[9] (false edge of ''):  %484 = icmp eq i64 %483, 0
    -> Guard[10] (false edge of ''):  %469 = icmp eq i64 %468, 0
    -> Guard[11] (false edge of ''):  %454 = icmp eq i64 %453, 0
    -> Guard[12] (false edge of ''):  %189 = icmp slt i64 %188, 0
    -> Guard[13] (false edge of ''):  %99 = icmp eq i8 %98, 1
    -> Guard[14] (false edge of ''):  %18 = icmp eq i64 %17, 0
    -> Guard[15] (false edge of 'entry'):  %6 = icmp samesign ult i64 %5, 2
    -> Collected 16 dominating context guard(s).
    -> Frame refused (clobber between loads):  %188 = load i64, ptr @"$s5nbody1nSivp", align 8  vs  %.pre = load i64, ptr @"$s5nbody1nSivp", align 8
         clobber:   call void @swift_endAccess(ptr nonnull %access-scratch46) #2
    -> Frame refused (clobber between loads):  %188 = load i64, ptr @"$s5nbody1nSivp", align 8  vs  %515 = load i64, ptr @"$s5nbody1nSivp", align 8
         clobber: (MemoryPhi: clobber on some incoming arm)
    -> Frame refused (clobber between loads):  %188 = load i64, ptr @"$s5nbody1nSivp", align 8  vs  %519 = load i64, ptr @"$s5nbody1nSivp", align 8
         clobber: (MemoryPhi: clobber on some incoming arm)
    -> Frame refused (clobber between loads):  %188 = load i64, ptr @"$s5nbody1nSivp", align 8  vs  %.pr = load i64, ptr @"$s5nbody1nSivp", align 8
         clobber: (MemoryPhi: clobber on some incoming arm)
    -> Frame refused (clobber between loads):  %188 = load i64, ptr @"$s5nbody1nSivp", align 8  vs  %530 = load i64, ptr @"$s5nbody1nSivp", align 8
         clobber: (MemoryPhi: clobber on some incoming arm)
    -> Frame refused (clobber between loads):  %188 = load i64, ptr @"$s5nbody1nSivp", align 8  vs  %838 = load i64, ptr @"$s5nbody1nSivp", align 8
         clobber: (MemoryPhi: clobber on some incoming arm)
    -> [go3] 0 leaf-closure instruction(s) encoded
    -> Fact[RM:0] i64 %5 in [0,9223372036854775807) (!range)
    -> Fact[KB:1] i64 %5 known bits zero=0x9223372036854775808 one=0x0
    -> Fact[RM:2] i64 %453 in [0,9223372036854775807) (!range)
    -> Fact[KB:3] i64 %453 known bits zero=0x9223372036854775808 one=0x0
    -> Fact[RM:4] i64 %468 in [0,9223372036854775807) (!range)
    -> Fact[KB:5] i64 %468 known bits zero=0x9223372036854775808 one=0x0
    -> Fact[RM:6] i64 %483 in [0,9223372036854775807) (!range)
    -> Fact[KB:7] i64 %483 known bits zero=0x9223372036854775808 one=0x0
    -> Fact[KB:8] i64 %799 known bits zero=0x9223372036854775808 one=0x0
    -> Fact[LVI:9] i64 %799 in [0,9223372036854775806) (LVI @ )
    -> Fact[SCEV:10] i64 %799 in [0,9223372036854775807) (SCEV unsigned)
    -> Fact[SCEV:11] i64 %799 in [0,9223372036854775807) (SCEV signed)
    -> Fact[SCEVSYM:12] i64 %799 - start(0) <=u BTC((9223372036854775806 umin (-1 + %519))) (SCEV symbolic trip count, sub-form)
    -> Fact[PHIINV-hi:13] i64 %799 == i64 0 || ne(i64 %799, i64 %519) (latch-implied bound, 1-induction)
    -> Fact[PHIINV-lo:14] i64 %799 >=s i64 0 (monotone nsw increments, 1 arm(s))
    -> Fact[RM:15] i64 %804 in [0,9223372036854775807) (!range)
    -> Fact[KB:16] i64 %804 known bits zero=0x9223372036854775808 one=0x0
    -> Fact[RM:17] i64 %812 in [0,9223372036854775807) (!range)
    -> Fact[KB:18] i64 %812 known bits zero=0x9223372036854775808 one=0x0
    -> Fact[RM:19] i64 %816 in [0,9223372036854775807) (!range)
    -> Fact[KB:20] i64 %816 known bits zero=0x9223372036854775808 one=0x0
    -> Fact[RM:21] i64 %820 in [0,9223372036854775807) (!range)
    -> Fact[KB:22] i64 %820 known bits zero=0x9223372036854775808 one=0x0
    -> Fact[RM:23] i64 %.pre363 in [0,9223372036854775807) (!range)
    -> Fact[KB:24] i64 %.pre363 known bits zero=0x9223372036854775808 one=0x0
    -> [heavy] 25 analysis fact(s) on 47 boundary value(s)
    -> [mv] T3: not a bounds shape (idx vs invariant count)
    -> [ind L0] BASE (1 phi(s) = entry): SAT (WARNING: Potential Integer Overflow Bug Detected!) [Query Latency: 1.009833 ms]
    -> [ind L1] BASE (1 phi(s) = entry): SAT (WARNING: Potential Integer Overflow Bug Detected!) [Query Latency: 0.952458 ms]
    -> SAT (WARNING: Potential Integer Overflow Bug Detected!) [Query Latency: 2.795208 ms]
    -> [mv] still SAT under 48 hypothesis candidate(s): not versionable
  -> Found UB Trap. Starting Backward Slice...
    -> Guard[0] (true edge of ''):  %.not297 = icmp samesign ult i64 %799, %.pre363
    -> Guard[1] (false edge of ''):  %840 = icmp eq i64 %801, %838
    -> Guard[2] (true edge of ''):  %.not369 = icmp sgt i64 %838, %799
    -> Guard[3] (true edge of ''):  %.not295 = icmp samesign ult i64 %799, %820
    -> Guard[4] (true edge of ''):  %.not294 = icmp samesign ult i64 %799, %816
    -> Guard[5] (true edge of ''):  %.not293 = icmp samesign ult i64 %799, %812
    -> Guard[6] (true edge of ''):  %.not292 = icmp samesign ult i64 %799, %804
    -> Guard[7] (false edge of ''):  %522 = icmp eq i64 %519, 0
    -> Guard[8] (false edge of '.loopexit318'):  %520 = icmp slt i64 %519, 0
    -> Guard[9] (false edge of ''):  %490 = icmp slt i64 %489, 0
    -> Guard[10] (false edge of ''):  %484 = icmp eq i64 %483, 0
    -> Guard[11] (false edge of ''):  %469 = icmp eq i64 %468, 0
    -> Guard[12] (false edge of ''):  %454 = icmp eq i64 %453, 0
    -> Guard[13] (false edge of ''):  %189 = icmp slt i64 %188, 0
    -> Guard[14] (false edge of ''):  %99 = icmp eq i8 %98, 1
    -> Guard[15] (false edge of ''):  %18 = icmp eq i64 %17, 0
    -> Guard[16] (false edge of 'entry'):  %6 = icmp samesign ult i64 %5, 2
    -> Collected 17 dominating context guard(s).
    -> Frame refused (clobber between loads):  %188 = load i64, ptr @"$s5nbody1nSivp", align 8  vs  %.pre = load i64, ptr @"$s5nbody1nSivp", align 8
         clobber:   call void @swift_endAccess(ptr nonnull %access-scratch46) #2
    -> Frame refused (clobber between loads):  %188 = load i64, ptr @"$s5nbody1nSivp", align 8  vs  %515 = load i64, ptr @"$s5nbody1nSivp", align 8
         clobber: (MemoryPhi: clobber on some incoming arm)
    -> Frame refused (clobber between loads):  %188 = load i64, ptr @"$s5nbody1nSivp", align 8  vs  %519 = load i64, ptr @"$s5nbody1nSivp", align 8
         clobber: (MemoryPhi: clobber on some incoming arm)
    -> Frame refused (clobber between loads):  %188 = load i64, ptr @"$s5nbody1nSivp", align 8  vs  %.pr = load i64, ptr @"$s5nbody1nSivp", align 8
         clobber: (MemoryPhi: clobber on some incoming arm)
    -> Frame refused (clobber between loads):  %188 = load i64, ptr @"$s5nbody1nSivp", align 8  vs  %530 = load i64, ptr @"$s5nbody1nSivp", align 8
         clobber: (MemoryPhi: clobber on some incoming arm)
    -> Frame refused (clobber between loads):  %188 = load i64, ptr @"$s5nbody1nSivp", align 8  vs  %838 = load i64, ptr @"$s5nbody1nSivp", align 8
         clobber: (MemoryPhi: clobber on some incoming arm)
    -> [go3] 1 leaf-closure instruction(s) encoded
    -> Fact[RM:0] i64 %5 in [0,9223372036854775807) (!range)
    -> Fact[KB:1] i64 %5 known bits zero=0x9223372036854775808 one=0x0
    -> Fact[RM:2] i64 %453 in [0,9223372036854775807) (!range)
    -> Fact[KB:3] i64 %453 known bits zero=0x9223372036854775808 one=0x0
    -> Fact[RM:4] i64 %468 in [0,9223372036854775807) (!range)
    -> Fact[KB:5] i64 %468 known bits zero=0x9223372036854775808 one=0x0
    -> Fact[RM:6] i64 %483 in [0,9223372036854775807) (!range)
    -> Fact[KB:7] i64 %483 known bits zero=0x9223372036854775808 one=0x0
    -> Fact[KB:8] i64 %799 known bits zero=0x9223372036854775808 one=0x0
    -> Fact[LVI:9] i64 %799 in [0,9223372036854775806) (LVI @ )
    -> Fact[SCEV:10] i64 %799 in [0,9223372036854775807) (SCEV unsigned)
    -> Fact[SCEV:11] i64 %799 in [0,9223372036854775807) (SCEV signed)
    -> Fact[SCEVSYM:12] i64 %799 - start(0) <=u BTC((9223372036854775806 umin (-1 + %519))) (SCEV symbolic trip count, sub-form)
    -> Fact[PHIINV-hi:13] i64 %799 == i64 0 || ne(i64 %799, i64 %519) (latch-implied bound, 1-induction)
    -> Fact[PHIINV-lo:14] i64 %799 >=s i64 0 (monotone nsw increments, 1 arm(s))
    -> Fact[RM:15] i64 %804 in [0,9223372036854775807) (!range)
    -> Fact[KB:16] i64 %804 known bits zero=0x9223372036854775808 one=0x0
    -> Fact[RM:17] i64 %812 in [0,9223372036854775807) (!range)
    -> Fact[KB:18] i64 %812 known bits zero=0x9223372036854775808 one=0x0
    -> Fact[RM:19] i64 %816 in [0,9223372036854775807) (!range)
    -> Fact[KB:20] i64 %816 known bits zero=0x9223372036854775808 one=0x0
    -> Fact[RM:21] i64 %820 in [0,9223372036854775807) (!range)
    -> Fact[KB:22] i64 %820 known bits zero=0x9223372036854775808 one=0x0
    -> Fact[RM:23] i64 %.pre363 in [0,9223372036854775807) (!range)
    -> Fact[KB:24] i64 %.pre363 known bits zero=0x9223372036854775808 one=0x0
    -> Fact[LVI:25] i64 %.pre363 in [1,0) (LVI @ )
    -> Fact[KB:26] i64 %862 known bits zero=0x9223372036854775808 one=0x0
    -> Fact[SCEV:27] i64 %862 in [1,-9223372036854775808) (SCEV unsigned)
    -> Fact[SCEV:28] i64 %862 in [1,-9223372036854775808) (SCEV signed)
    -> Fact[PHIINV-hi:29] i64 %862 == i64 %801 || ne(i64 %862, i64 %838) (latch-implied bound, 1-induction)
    -> Fact[PHIINV-lo:30] i64 %862 >=s i64 %801 (monotone nsw increments, 1 arm(s))
    -> [heavy] 31 analysis fact(s) on 48 boundary value(s)
    -> [mv] T3 symbolic index bound: max(idx) = (-1 + %838)
    -> [ind L0] BASE (1 phi(s) = entry): SAT (WARNING: Potential Integer Overflow Bug Detected!) [Query Latency: 1.106166 ms]
    -> [ind L1] BASE (1 phi(s) = entry): SAT (WARNING: Potential Integer Overflow Bug Detected!) [Query Latency: 0.916834 ms]
    -> SAT (WARNING: Potential Integer Overflow Bug Detected!) [Query Latency: 7.093542 ms]
    -> [mv] still SAT under 49 hypothesis candidate(s): not versionable
  -> Found UB Trap. Starting Backward Slice...
    -> Guard[0] (true edge of ''):  %.not298 = icmp samesign ult i64 %862, %.pre363
    -> Guard[1] (true edge of ''):  %.not297 = icmp samesign ult i64 %799, %.pre363
    -> Guard[2] (false edge of ''):  %840 = icmp eq i64 %801, %838
    -> Guard[3] (true edge of ''):  %.not369 = icmp sgt i64 %838, %799
    -> Guard[4] (true edge of ''):  %.not295 = icmp samesign ult i64 %799, %820
    -> Guard[5] (true edge of ''):  %.not294 = icmp samesign ult i64 %799, %816
    -> Guard[6] (true edge of ''):  %.not293 = icmp samesign ult i64 %799, %812
    -> Guard[7] (true edge of ''):  %.not292 = icmp samesign ult i64 %799, %804
    -> Guard[8] (false edge of ''):  %522 = icmp eq i64 %519, 0
    -> Guard[9] (false edge of '.loopexit318'):  %520 = icmp slt i64 %519, 0
    -> Guard[10] (false edge of ''):  %490 = icmp slt i64 %489, 0
    -> Guard[11] (false edge of ''):  %484 = icmp eq i64 %483, 0
    -> Guard[12] (false edge of ''):  %469 = icmp eq i64 %468, 0
    -> Guard[13] (false edge of ''):  %454 = icmp eq i64 %453, 0
    -> Guard[14] (false edge of ''):  %189 = icmp slt i64 %188, 0
    -> Guard[15] (false edge of ''):  %99 = icmp eq i8 %98, 1
    -> Guard[16] (false edge of ''):  %18 = icmp eq i64 %17, 0
    -> Guard[17] (false edge of 'entry'):  %6 = icmp samesign ult i64 %5, 2
    -> Collected 18 dominating context guard(s).
    -> Frame refused (clobber between loads):  %188 = load i64, ptr @"$s5nbody1nSivp", align 8  vs  %.pre = load i64, ptr @"$s5nbody1nSivp", align 8
         clobber:   call void @swift_endAccess(ptr nonnull %access-scratch46) #2
    -> Frame refused (clobber between loads):  %188 = load i64, ptr @"$s5nbody1nSivp", align 8  vs  %515 = load i64, ptr @"$s5nbody1nSivp", align 8
         clobber: (MemoryPhi: clobber on some incoming arm)
    -> Frame refused (clobber between loads):  %188 = load i64, ptr @"$s5nbody1nSivp", align 8  vs  %519 = load i64, ptr @"$s5nbody1nSivp", align 8
         clobber: (MemoryPhi: clobber on some incoming arm)
    -> Frame refused (clobber between loads):  %188 = load i64, ptr @"$s5nbody1nSivp", align 8  vs  %.pr = load i64, ptr @"$s5nbody1nSivp", align 8
         clobber: (MemoryPhi: clobber on some incoming arm)
    -> Frame refused (clobber between loads):  %188 = load i64, ptr @"$s5nbody1nSivp", align 8  vs  %530 = load i64, ptr @"$s5nbody1nSivp", align 8
         clobber: (MemoryPhi: clobber on some incoming arm)
    -> Frame refused (clobber between loads):  %188 = load i64, ptr @"$s5nbody1nSivp", align 8  vs  %838 = load i64, ptr @"$s5nbody1nSivp", align 8
         clobber: (MemoryPhi: clobber on some incoming arm)
    -> [go3] 1 leaf-closure instruction(s) encoded
    -> Fact[RM:0] i64 %5 in [0,9223372036854775807) (!range)
    -> Fact[KB:1] i64 %5 known bits zero=0x9223372036854775808 one=0x0
    -> Fact[RM:2] i64 %453 in [0,9223372036854775807) (!range)
    -> Fact[KB:3] i64 %453 known bits zero=0x9223372036854775808 one=0x0
    -> Fact[RM:4] i64 %468 in [0,9223372036854775807) (!range)
    -> Fact[KB:5] i64 %468 known bits zero=0x9223372036854775808 one=0x0
    -> Fact[RM:6] i64 %483 in [0,9223372036854775807) (!range)
    -> Fact[KB:7] i64 %483 known bits zero=0x9223372036854775808 one=0x0
    -> Fact[KB:8] i64 %799 known bits zero=0x9223372036854775808 one=0x0
    -> Fact[LVI:9] i64 %799 in [0,9223372036854775806) (LVI @ )
    -> Fact[SCEV:10] i64 %799 in [0,9223372036854775807) (SCEV unsigned)
    -> Fact[SCEV:11] i64 %799 in [0,9223372036854775807) (SCEV signed)
    -> Fact[SCEVSYM:12] i64 %799 - start(0) <=u BTC((9223372036854775806 umin (-1 + %519))) (SCEV symbolic trip count, sub-form)
    -> Fact[PHIINV-hi:13] i64 %799 == i64 0 || ne(i64 %799, i64 %519) (latch-implied bound, 1-induction)
    -> Fact[PHIINV-lo:14] i64 %799 >=s i64 0 (monotone nsw increments, 1 arm(s))
    -> Fact[RM:15] i64 %804 in [0,9223372036854775807) (!range)
    -> Fact[KB:16] i64 %804 known bits zero=0x9223372036854775808 one=0x0
    -> Fact[RM:17] i64 %812 in [0,9223372036854775807) (!range)
    -> Fact[KB:18] i64 %812 known bits zero=0x9223372036854775808 one=0x0
    -> Fact[RM:19] i64 %816 in [0,9223372036854775807) (!range)
    -> Fact[KB:20] i64 %816 known bits zero=0x9223372036854775808 one=0x0
    -> Fact[RM:21] i64 %820 in [0,9223372036854775807) (!range)
    -> Fact[KB:22] i64 %820 known bits zero=0x9223372036854775808 one=0x0
    -> Fact[RM:23] i64 %.pre363 in [0,9223372036854775807) (!range)
    -> Fact[KB:24] i64 %.pre363 known bits zero=0x9223372036854775808 one=0x0
    -> Fact[LVI:25] i64 %.pre363 in [1,0) (LVI @ )
    -> Fact[KB:26] i64 %862 known bits zero=0x9223372036854775808 one=0x0
    -> Fact[LVI:27] i64 %862 in [0,-1) (LVI @ )
    -> Fact[SCEV:28] i64 %862 in [1,-9223372036854775808) (SCEV unsigned)
    -> Fact[SCEV:29] i64 %862 in [1,-9223372036854775808) (SCEV signed)
    -> Fact[PHIINV-hi:30] i64 %862 == i64 %801 || ne(i64 %862, i64 %838) (latch-implied bound, 1-induction)
    -> Fact[PHIINV-lo:31] i64 %862 >=s i64 %801 (monotone nsw increments, 1 arm(s))
    -> Fact[RM:32] i64 %870 in [0,9223372036854775807) (!range)
    -> Fact[KB:33] i64 %870 known bits zero=0x9223372036854775808 one=0x0
    -> [heavy] 34 analysis fact(s) on 49 boundary value(s)
    -> [mv] T3: not a bounds shape (idx vs invariant count)
    -> [ind L0] BASE (1 phi(s) = entry): SAT (WARNING: Potential Integer Overflow Bug Detected!) [Query Latency: 0.980333 ms]
    -> [ind L1] BASE (1 phi(s) = entry): SAT (WARNING: Potential Integer Overflow Bug Detected!) [Query Latency: 1.010875 ms]
    -> SAT (WARNING: Potential Integer Overflow Bug Detected!) [Query Latency: 3.053667 ms]
    -> [mv] still SAT under 48 hypothesis candidate(s): not versionable
  -> Found UB Trap. Starting Backward Slice...
    -> Guard[0] (true edge of ''):  %.not299 = icmp samesign ult i64 %799, %870
    -> Guard[1] (true edge of ''):  %.not298 = icmp samesign ult i64 %862, %.pre363
    -> Guard[2] (true edge of ''):  %.not297 = icmp samesign ult i64 %799, %.pre363
    -> Guard[3] (false edge of ''):  %840 = icmp eq i64 %801, %838
    -> Guard[4] (true edge of ''):  %.not369 = icmp sgt i64 %838, %799
    -> Guard[5] (true edge of ''):  %.not295 = icmp samesign ult i64 %799, %820
    -> Guard[6] (true edge of ''):  %.not294 = icmp samesign ult i64 %799, %816
    -> Guard[7] (true edge of ''):  %.not293 = icmp samesign ult i64 %799, %812
    -> Guard[8] (true edge of ''):  %.not292 = icmp samesign ult i64 %799, %804
    -> Guard[9] (false edge of ''):  %522 = icmp eq i64 %519, 0
    -> Guard[10] (false edge of '.loopexit318'):  %520 = icmp slt i64 %519, 0
    -> Guard[11] (false edge of ''):  %490 = icmp slt i64 %489, 0
    -> Guard[12] (false edge of ''):  %484 = icmp eq i64 %483, 0
    -> Guard[13] (false edge of ''):  %469 = icmp eq i64 %468, 0
    -> Guard[14] (false edge of ''):  %454 = icmp eq i64 %453, 0
    -> Guard[15] (false edge of ''):  %189 = icmp slt i64 %188, 0
    -> Guard[16] (false edge of ''):  %99 = icmp eq i8 %98, 1
    -> Guard[17] (false edge of ''):  %18 = icmp eq i64 %17, 0
    -> Guard[18] (false edge of 'entry'):  %6 = icmp samesign ult i64 %5, 2
    -> Collected 19 dominating context guard(s).
    -> Frame refused (clobber between loads):  %188 = load i64, ptr @"$s5nbody1nSivp", align 8  vs  %.pre = load i64, ptr @"$s5nbody1nSivp", align 8
         clobber:   call void @swift_endAccess(ptr nonnull %access-scratch46) #2
    -> Frame refused (clobber between loads):  %188 = load i64, ptr @"$s5nbody1nSivp", align 8  vs  %515 = load i64, ptr @"$s5nbody1nSivp", align 8
         clobber: (MemoryPhi: clobber on some incoming arm)
    -> Frame refused (clobber between loads):  %188 = load i64, ptr @"$s5nbody1nSivp", align 8  vs  %519 = load i64, ptr @"$s5nbody1nSivp", align 8
         clobber: (MemoryPhi: clobber on some incoming arm)
    -> Frame refused (clobber between loads):  %188 = load i64, ptr @"$s5nbody1nSivp", align 8  vs  %.pr = load i64, ptr @"$s5nbody1nSivp", align 8
         clobber: (MemoryPhi: clobber on some incoming arm)
    -> Frame refused (clobber between loads):  %188 = load i64, ptr @"$s5nbody1nSivp", align 8  vs  %530 = load i64, ptr @"$s5nbody1nSivp", align 8
         clobber: (MemoryPhi: clobber on some incoming arm)
    -> Frame refused (clobber between loads):  %188 = load i64, ptr @"$s5nbody1nSivp", align 8  vs  %838 = load i64, ptr @"$s5nbody1nSivp", align 8
         clobber: (MemoryPhi: clobber on some incoming arm)
    -> [go3] 1 leaf-closure instruction(s) encoded
    -> Fact[RM:0] i64 %5 in [0,9223372036854775807) (!range)
    -> Fact[KB:1] i64 %5 known bits zero=0x9223372036854775808 one=0x0
    -> Fact[RM:2] i64 %453 in [0,9223372036854775807) (!range)
    -> Fact[KB:3] i64 %453 known bits zero=0x9223372036854775808 one=0x0
    -> Fact[RM:4] i64 %468 in [0,9223372036854775807) (!range)
    -> Fact[KB:5] i64 %468 known bits zero=0x9223372036854775808 one=0x0
    -> Fact[RM:6] i64 %483 in [0,9223372036854775807) (!range)
    -> Fact[KB:7] i64 %483 known bits zero=0x9223372036854775808 one=0x0
    -> Fact[KB:8] i64 %799 known bits zero=0x9223372036854775808 one=0x0
    -> Fact[LVI:9] i64 %799 in [0,9223372036854775806) (LVI @ )
    -> Fact[SCEV:10] i64 %799 in [0,9223372036854775807) (SCEV unsigned)
    -> Fact[SCEV:11] i64 %799 in [0,9223372036854775807) (SCEV signed)
    -> Fact[SCEVSYM:12] i64 %799 - start(0) <=u BTC((9223372036854775806 umin (-1 + %519))) (SCEV symbolic trip count, sub-form)
    -> Fact[PHIINV-hi:13] i64 %799 == i64 0 || ne(i64 %799, i64 %519) (latch-implied bound, 1-induction)
    -> Fact[PHIINV-lo:14] i64 %799 >=s i64 0 (monotone nsw increments, 1 arm(s))
    -> Fact[RM:15] i64 %804 in [0,9223372036854775807) (!range)
    -> Fact[KB:16] i64 %804 known bits zero=0x9223372036854775808 one=0x0
    -> Fact[RM:17] i64 %812 in [0,9223372036854775807) (!range)
    -> Fact[KB:18] i64 %812 known bits zero=0x9223372036854775808 one=0x0
    -> Fact[RM:19] i64 %816 in [0,9223372036854775807) (!range)
    -> Fact[KB:20] i64 %816 known bits zero=0x9223372036854775808 one=0x0
    -> Fact[RM:21] i64 %820 in [0,9223372036854775807) (!range)
    -> Fact[KB:22] i64 %820 known bits zero=0x9223372036854775808 one=0x0
    -> Fact[RM:23] i64 %.pre363 in [0,9223372036854775807) (!range)
    -> Fact[KB:24] i64 %.pre363 known bits zero=0x9223372036854775808 one=0x0
    -> Fact[LVI:25] i64 %.pre363 in [1,0) (LVI @ )
    -> Fact[KB:26] i64 %862 known bits zero=0x9223372036854775808 one=0x0
    -> Fact[LVI:27] i64 %862 in [0,-1) (LVI @ )
    -> Fact[SCEV:28] i64 %862 in [1,-9223372036854775808) (SCEV unsigned)
    -> Fact[SCEV:29] i64 %862 in [1,-9223372036854775808) (SCEV signed)
    -> Fact[PHIINV-hi:30] i64 %862 == i64 %801 || ne(i64 %862, i64 %838) (latch-implied bound, 1-induction)
    -> Fact[PHIINV-lo:31] i64 %862 >=s i64 %801 (monotone nsw increments, 1 arm(s))
    -> Fact[RM:32] i64 %870 in [0,9223372036854775807) (!range)
    -> Fact[KB:33] i64 %870 known bits zero=0x9223372036854775808 one=0x0
    -> Fact[LVI:34] i64 %870 in [1,9223372036854775807) (LVI @ )
    -> [heavy] 35 analysis fact(s) on 49 boundary value(s)
    -> [mv] T3: not a bounds shape (idx vs invariant count)
    -> [ind L0] BASE (1 phi(s) = entry): SAT (WARNING: Potential Integer Overflow Bug Detected!) [Query Latency: 0.841625 ms]
    -> [ind L1] BASE (1 phi(s) = entry): SAT (WARNING: Potential Integer Overflow Bug Detected!) [Query Latency: 1.068875 ms]
    -> SAT (WARNING: Potential Integer Overflow Bug Detected!) [Query Latency: 3.346083 ms]
    -> [mv] still SAT under 48 hypothesis candidate(s): not versionable
  -> Found UB Trap. Starting Backward Slice...
    -> Guard[0] (true edge of ''):  %.not300 = icmp samesign ult i64 %862, %870
    -> Guard[1] (true edge of ''):  %.not299 = icmp samesign ult i64 %799, %870
    -> Guard[2] (true edge of ''):  %.not298 = icmp samesign ult i64 %862, %.pre363
    -> Guard[3] (true edge of ''):  %.not297 = icmp samesign ult i64 %799, %.pre363
    -> Guard[4] (false edge of ''):  %840 = icmp eq i64 %801, %838
    -> Guard[5] (true edge of ''):  %.not369 = icmp sgt i64 %838, %799
    -> Guard[6] (true edge of ''):  %.not295 = icmp samesign ult i64 %799, %820
    -> Guard[7] (true edge of ''):  %.not294 = icmp samesign ult i64 %799, %816
    -> Guard[8] (true edge of ''):  %.not293 = icmp samesign ult i64 %799, %812
    -> Guard[9] (true edge of ''):  %.not292 = icmp samesign ult i64 %799, %804
    -> Guard[10] (false edge of ''):  %522 = icmp eq i64 %519, 0
    -> Guard[11] (false edge of '.loopexit318'):  %520 = icmp slt i64 %519, 0
    -> Guard[12] (false edge of ''):  %490 = icmp slt i64 %489, 0
    -> Guard[13] (false edge of ''):  %484 = icmp eq i64 %483, 0
    -> Guard[14] (false edge of ''):  %469 = icmp eq i64 %468, 0
    -> Guard[15] (false edge of ''):  %454 = icmp eq i64 %453, 0
    -> Guard[16] (false edge of ''):  %189 = icmp slt i64 %188, 0
    -> Guard[17] (false edge of ''):  %99 = icmp eq i8 %98, 1
    -> Guard[18] (false edge of ''):  %18 = icmp eq i64 %17, 0
    -> Guard[19] (false edge of 'entry'):  %6 = icmp samesign ult i64 %5, 2
    -> Collected 20 dominating context guard(s).
    -> Frame refused (clobber between loads):  %188 = load i64, ptr @"$s5nbody1nSivp", align 8  vs  %.pre = load i64, ptr @"$s5nbody1nSivp", align 8
         clobber:   call void @swift_endAccess(ptr nonnull %access-scratch46) #2
    -> Frame refused (clobber between loads):  %188 = load i64, ptr @"$s5nbody1nSivp", align 8  vs  %515 = load i64, ptr @"$s5nbody1nSivp", align 8
         clobber: (MemoryPhi: clobber on some incoming arm)
    -> Frame refused (clobber between loads):  %188 = load i64, ptr @"$s5nbody1nSivp", align 8  vs  %519 = load i64, ptr @"$s5nbody1nSivp", align 8
         clobber: (MemoryPhi: clobber on some incoming arm)
    -> Frame refused (clobber between loads):  %188 = load i64, ptr @"$s5nbody1nSivp", align 8  vs  %.pr = load i64, ptr @"$s5nbody1nSivp", align 8
         clobber: (MemoryPhi: clobber on some incoming arm)
    -> Frame refused (clobber between loads):  %188 = load i64, ptr @"$s5nbody1nSivp", align 8  vs  %530 = load i64, ptr @"$s5nbody1nSivp", align 8
         clobber: (MemoryPhi: clobber on some incoming arm)
    -> Frame refused (clobber between loads):  %188 = load i64, ptr @"$s5nbody1nSivp", align 8  vs  %838 = load i64, ptr @"$s5nbody1nSivp", align 8
         clobber: (MemoryPhi: clobber on some incoming arm)
    -> [go3] 1 leaf-closure instruction(s) encoded
    -> Fact[RM:0] i64 %5 in [0,9223372036854775807) (!range)
    -> Fact[KB:1] i64 %5 known bits zero=0x9223372036854775808 one=0x0
    -> Fact[RM:2] i64 %453 in [0,9223372036854775807) (!range)
    -> Fact[KB:3] i64 %453 known bits zero=0x9223372036854775808 one=0x0
    -> Fact[RM:4] i64 %468 in [0,9223372036854775807) (!range)
    -> Fact[KB:5] i64 %468 known bits zero=0x9223372036854775808 one=0x0
    -> Fact[RM:6] i64 %483 in [0,9223372036854775807) (!range)
    -> Fact[KB:7] i64 %483 known bits zero=0x9223372036854775808 one=0x0
    -> Fact[KB:8] i64 %799 known bits zero=0x9223372036854775808 one=0x0
    -> Fact[LVI:9] i64 %799 in [0,9223372036854775806) (LVI @ )
    -> Fact[SCEV:10] i64 %799 in [0,9223372036854775807) (SCEV unsigned)
    -> Fact[SCEV:11] i64 %799 in [0,9223372036854775807) (SCEV signed)
    -> Fact[SCEVSYM:12] i64 %799 - start(0) <=u BTC((9223372036854775806 umin (-1 + %519))) (SCEV symbolic trip count, sub-form)
    -> Fact[PHIINV-hi:13] i64 %799 == i64 0 || ne(i64 %799, i64 %519) (latch-implied bound, 1-induction)
    -> Fact[PHIINV-lo:14] i64 %799 >=s i64 0 (monotone nsw increments, 1 arm(s))
    -> Fact[RM:15] i64 %804 in [0,9223372036854775807) (!range)
    -> Fact[KB:16] i64 %804 known bits zero=0x9223372036854775808 one=0x0
    -> Fact[RM:17] i64 %812 in [0,9223372036854775807) (!range)
    -> Fact[KB:18] i64 %812 known bits zero=0x9223372036854775808 one=0x0
    -> Fact[RM:19] i64 %816 in [0,9223372036854775807) (!range)
    -> Fact[KB:20] i64 %816 known bits zero=0x9223372036854775808 one=0x0
    -> Fact[RM:21] i64 %820 in [0,9223372036854775807) (!range)
    -> Fact[KB:22] i64 %820 known bits zero=0x9223372036854775808 one=0x0
    -> Fact[RM:23] i64 %.pre363 in [0,9223372036854775807) (!range)
    -> Fact[KB:24] i64 %.pre363 known bits zero=0x9223372036854775808 one=0x0
    -> Fact[LVI:25] i64 %.pre363 in [1,0) (LVI @ )
    -> Fact[KB:26] i64 %862 known bits zero=0x9223372036854775808 one=0x0
    -> Fact[LVI:27] i64 %862 in [0,9223372036854775806) (LVI @ )
    -> Fact[SCEV:28] i64 %862 in [1,-9223372036854775808) (SCEV unsigned)
    -> Fact[SCEV:29] i64 %862 in [1,-9223372036854775808) (SCEV signed)
    -> Fact[PHIINV-hi:30] i64 %862 == i64 %801 || ne(i64 %862, i64 %838) (latch-implied bound, 1-induction)
    -> Fact[PHIINV-lo:31] i64 %862 >=s i64 %801 (monotone nsw increments, 1 arm(s))
    -> Fact[RM:32] i64 %870 in [0,9223372036854775807) (!range)
    -> Fact[KB:33] i64 %870 known bits zero=0x9223372036854775808 one=0x0
    -> Fact[LVI:34] i64 %870 in [1,9223372036854775807) (LVI @ )
    -> Fact[RM:35] i64 %877 in [0,9223372036854775807) (!range)
    -> Fact[KB:36] i64 %877 known bits zero=0x9223372036854775808 one=0x0
    -> [heavy] 37 analysis fact(s) on 50 boundary value(s)
    -> [mv] T3: not a bounds shape (idx vs invariant count)
    -> [ind L0] BASE (1 phi(s) = entry): SAT (WARNING: Potential Integer Overflow Bug Detected!) [Query Latency: 1.031041 ms]
    -> [ind L1] BASE (1 phi(s) = entry): SAT (WARNING: Potential Integer Overflow Bug Detected!) [Query Latency: 1.029708 ms]
    -> SAT (WARNING: Potential Integer Overflow Bug Detected!) [Query Latency: 3.431042 ms]
    -> [mv] still SAT under 48 hypothesis candidate(s): not versionable
  -> Found UB Trap. Starting Backward Slice...
    -> Guard[0] (true edge of ''):  %.not301 = icmp samesign ult i64 %799, %877
    -> Guard[1] (true edge of ''):  %.not300 = icmp samesign ult i64 %862, %870
    -> Guard[2] (true edge of ''):  %.not299 = icmp samesign ult i64 %799, %870
    -> Guard[3] (true edge of ''):  %.not298 = icmp samesign ult i64 %862, %.pre363
    -> Guard[4] (true edge of ''):  %.not297 = icmp samesign ult i64 %799, %.pre363
    -> Guard[5] (false edge of ''):  %840 = icmp eq i64 %801, %838
    -> Guard[6] (true edge of ''):  %.not369 = icmp sgt i64 %838, %799
    -> Guard[7] (true edge of ''):  %.not295 = icmp samesign ult i64 %799, %820
    -> Guard[8] (true edge of ''):  %.not294 = icmp samesign ult i64 %799, %816
    -> Guard[9] (true edge of ''):  %.not293 = icmp samesign ult i64 %799, %812
    -> Guard[10] (true edge of ''):  %.not292 = icmp samesign ult i64 %799, %804
    -> Guard[11] (false edge of ''):  %522 = icmp eq i64 %519, 0
    -> Guard[12] (false edge of '.loopexit318'):  %520 = icmp slt i64 %519, 0
    -> Guard[13] (false edge of ''):  %490 = icmp slt i64 %489, 0
    -> Guard[14] (false edge of ''):  %484 = icmp eq i64 %483, 0
    -> Guard[15] (false edge of ''):  %469 = icmp eq i64 %468, 0
    -> Guard[16] (false edge of ''):  %454 = icmp eq i64 %453, 0
    -> Guard[17] (false edge of ''):  %189 = icmp slt i64 %188, 0
    -> Guard[18] (false edge of ''):  %99 = icmp eq i8 %98, 1
    -> Guard[19] (false edge of ''):  %18 = icmp eq i64 %17, 0
    -> Guard[20] (false edge of 'entry'):  %6 = icmp samesign ult i64 %5, 2
    -> Collected 21 dominating context guard(s).
    -> Frame refused (clobber between loads):  %188 = load i64, ptr @"$s5nbody1nSivp", align 8  vs  %.pre = load i64, ptr @"$s5nbody1nSivp", align 8
         clobber:   call void @swift_endAccess(ptr nonnull %access-scratch46) #2
    -> Frame refused (clobber between loads):  %188 = load i64, ptr @"$s5nbody1nSivp", align 8  vs  %515 = load i64, ptr @"$s5nbody1nSivp", align 8
         clobber: (MemoryPhi: clobber on some incoming arm)
    -> Frame refused (clobber between loads):  %188 = load i64, ptr @"$s5nbody1nSivp", align 8  vs  %519 = load i64, ptr @"$s5nbody1nSivp", align 8
         clobber: (MemoryPhi: clobber on some incoming arm)
    -> Frame refused (clobber between loads):  %188 = load i64, ptr @"$s5nbody1nSivp", align 8  vs  %.pr = load i64, ptr @"$s5nbody1nSivp", align 8
         clobber: (MemoryPhi: clobber on some incoming arm)
    -> Frame refused (clobber between loads):  %188 = load i64, ptr @"$s5nbody1nSivp", align 8  vs  %530 = load i64, ptr @"$s5nbody1nSivp", align 8
         clobber: (MemoryPhi: clobber on some incoming arm)
    -> Frame refused (clobber between loads):  %188 = load i64, ptr @"$s5nbody1nSivp", align 8  vs  %838 = load i64, ptr @"$s5nbody1nSivp", align 8
         clobber: (MemoryPhi: clobber on some incoming arm)
    -> [go3] 1 leaf-closure instruction(s) encoded
    -> Fact[RM:0] i64 %5 in [0,9223372036854775807) (!range)
    -> Fact[KB:1] i64 %5 known bits zero=0x9223372036854775808 one=0x0
    -> Fact[RM:2] i64 %453 in [0,9223372036854775807) (!range)
    -> Fact[KB:3] i64 %453 known bits zero=0x9223372036854775808 one=0x0
    -> Fact[RM:4] i64 %468 in [0,9223372036854775807) (!range)
    -> Fact[KB:5] i64 %468 known bits zero=0x9223372036854775808 one=0x0
    -> Fact[RM:6] i64 %483 in [0,9223372036854775807) (!range)
    -> Fact[KB:7] i64 %483 known bits zero=0x9223372036854775808 one=0x0
    -> Fact[KB:8] i64 %799 known bits zero=0x9223372036854775808 one=0x0
    -> Fact[LVI:9] i64 %799 in [0,9223372036854775806) (LVI @ )
    -> Fact[SCEV:10] i64 %799 in [0,9223372036854775807) (SCEV unsigned)
    -> Fact[SCEV:11] i64 %799 in [0,9223372036854775807) (SCEV signed)
    -> Fact[SCEVSYM:12] i64 %799 - start(0) <=u BTC((9223372036854775806 umin (-1 + %519))) (SCEV symbolic trip count, sub-form)
    -> Fact[PHIINV-hi:13] i64 %799 == i64 0 || ne(i64 %799, i64 %519) (latch-implied bound, 1-induction)
    -> Fact[PHIINV-lo:14] i64 %799 >=s i64 0 (monotone nsw increments, 1 arm(s))
    -> Fact[RM:15] i64 %804 in [0,9223372036854775807) (!range)
    -> Fact[KB:16] i64 %804 known bits zero=0x9223372036854775808 one=0x0
    -> Fact[RM:17] i64 %812 in [0,9223372036854775807) (!range)
    -> Fact[KB:18] i64 %812 known bits zero=0x9223372036854775808 one=0x0
    -> Fact[RM:19] i64 %816 in [0,9223372036854775807) (!range)
    -> Fact[KB:20] i64 %816 known bits zero=0x9223372036854775808 one=0x0
    -> Fact[RM:21] i64 %820 in [0,9223372036854775807) (!range)
    -> Fact[KB:22] i64 %820 known bits zero=0x9223372036854775808 one=0x0
    -> Fact[RM:23] i64 %.pre363 in [0,9223372036854775807) (!range)
    -> Fact[KB:24] i64 %.pre363 known bits zero=0x9223372036854775808 one=0x0
    -> Fact[LVI:25] i64 %.pre363 in [1,0) (LVI @ )
    -> Fact[KB:26] i64 %862 known bits zero=0x9223372036854775808 one=0x0
    -> Fact[LVI:27] i64 %862 in [0,9223372036854775806) (LVI @ )
    -> Fact[SCEV:28] i64 %862 in [1,-9223372036854775808) (SCEV unsigned)
    -> Fact[SCEV:29] i64 %862 in [1,-9223372036854775808) (SCEV signed)
    -> Fact[PHIINV-hi:30] i64 %862 == i64 %801 || ne(i64 %862, i64 %838) (latch-implied bound, 1-induction)
    -> Fact[PHIINV-lo:31] i64 %862 >=s i64 %801 (monotone nsw increments, 1 arm(s))
    -> Fact[RM:32] i64 %870 in [0,9223372036854775807) (!range)
    -> Fact[KB:33] i64 %870 known bits zero=0x9223372036854775808 one=0x0
    -> Fact[LVI:34] i64 %870 in [1,9223372036854775807) (LVI @ )
    -> Fact[RM:35] i64 %877 in [0,9223372036854775807) (!range)
    -> Fact[KB:36] i64 %877 known bits zero=0x9223372036854775808 one=0x0
    -> Fact[LVI:37] i64 %877 in [1,9223372036854775807) (LVI @ )
    -> [heavy] 38 analysis fact(s) on 50 boundary value(s)
    -> [mv] T3: not a bounds shape (idx vs invariant count)
    -> [ind L0] BASE (1 phi(s) = entry): SAT (WARNING: Potential Integer Overflow Bug Detected!) [Query Latency: 0.949667 ms]
    -> [ind L1] BASE (1 phi(s) = entry): SAT (WARNING: Potential Integer Overflow Bug Detected!) [Query Latency: 0.910458 ms]
    -> SAT (WARNING: Potential Integer Overflow Bug Detected!) [Query Latency: 3.917875 ms]
    -> [mv] still SAT under 48 hypothesis candidate(s): not versionable
  -> Found UB Trap. Starting Backward Slice...
    -> Guard[0] (true edge of ''):  %.not302 = icmp samesign ult i64 %862, %877
    -> Guard[1] (true edge of ''):  %.not301 = icmp samesign ult i64 %799, %877
    -> Guard[2] (true edge of ''):  %.not300 = icmp samesign ult i64 %862, %870
    -> Guard[3] (true edge of ''):  %.not299 = icmp samesign ult i64 %799, %870
    -> Guard[4] (true edge of ''):  %.not298 = icmp samesign ult i64 %862, %.pre363
    -> Guard[5] (true edge of ''):  %.not297 = icmp samesign ult i64 %799, %.pre363
    -> Guard[6] (false edge of ''):  %840 = icmp eq i64 %801, %838
    -> Guard[7] (true edge of ''):  %.not369 = icmp sgt i64 %838, %799
    -> Guard[8] (true edge of ''):  %.not295 = icmp samesign ult i64 %799, %820
    -> Guard[9] (true edge of ''):  %.not294 = icmp samesign ult i64 %799, %816
    -> Guard[10] (true edge of ''):  %.not293 = icmp samesign ult i64 %799, %812
    -> Guard[11] (true edge of ''):  %.not292 = icmp samesign ult i64 %799, %804
    -> Guard[12] (false edge of ''):  %522 = icmp eq i64 %519, 0
    -> Guard[13] (false edge of '.loopexit318'):  %520 = icmp slt i64 %519, 0
    -> Guard[14] (false edge of ''):  %490 = icmp slt i64 %489, 0
    -> Guard[15] (false edge of ''):  %484 = icmp eq i64 %483, 0
    -> Guard[16] (false edge of ''):  %469 = icmp eq i64 %468, 0
    -> Guard[17] (false edge of ''):  %454 = icmp eq i64 %453, 0
    -> Guard[18] (false edge of ''):  %189 = icmp slt i64 %188, 0
    -> Guard[19] (false edge of ''):  %99 = icmp eq i8 %98, 1
    -> Guard[20] (false edge of ''):  %18 = icmp eq i64 %17, 0
    -> Guard[21] (false edge of 'entry'):  %6 = icmp samesign ult i64 %5, 2
    -> Collected 22 dominating context guard(s).
    -> Frame refused (clobber between loads):  %188 = load i64, ptr @"$s5nbody1nSivp", align 8  vs  %.pre = load i64, ptr @"$s5nbody1nSivp", align 8
         clobber:   call void @swift_endAccess(ptr nonnull %access-scratch46) #2
    -> Frame refused (clobber between loads):  %188 = load i64, ptr @"$s5nbody1nSivp", align 8  vs  %515 = load i64, ptr @"$s5nbody1nSivp", align 8
         clobber: (MemoryPhi: clobber on some incoming arm)
    -> Frame refused (clobber between loads):  %188 = load i64, ptr @"$s5nbody1nSivp", align 8  vs  %519 = load i64, ptr @"$s5nbody1nSivp", align 8
         clobber: (MemoryPhi: clobber on some incoming arm)
    -> Frame refused (clobber between loads):  %188 = load i64, ptr @"$s5nbody1nSivp", align 8  vs  %.pr = load i64, ptr @"$s5nbody1nSivp", align 8
         clobber: (MemoryPhi: clobber on some incoming arm)
    -> Frame refused (clobber between loads):  %188 = load i64, ptr @"$s5nbody1nSivp", align 8  vs  %530 = load i64, ptr @"$s5nbody1nSivp", align 8
         clobber: (MemoryPhi: clobber on some incoming arm)
    -> Frame refused (clobber between loads):  %188 = load i64, ptr @"$s5nbody1nSivp", align 8  vs  %838 = load i64, ptr @"$s5nbody1nSivp", align 8
         clobber: (MemoryPhi: clobber on some incoming arm)
    -> [go3] 1 leaf-closure instruction(s) encoded
    -> Fact[RM:0] i64 %5 in [0,9223372036854775807) (!range)
    -> Fact[KB:1] i64 %5 known bits zero=0x9223372036854775808 one=0x0
    -> Fact[RM:2] i64 %453 in [0,9223372036854775807) (!range)
    -> Fact[KB:3] i64 %453 known bits zero=0x9223372036854775808 one=0x0
    -> Fact[RM:4] i64 %468 in [0,9223372036854775807) (!range)
    -> Fact[KB:5] i64 %468 known bits zero=0x9223372036854775808 one=0x0
    -> Fact[RM:6] i64 %483 in [0,9223372036854775807) (!range)
    -> Fact[KB:7] i64 %483 known bits zero=0x9223372036854775808 one=0x0
    -> Fact[KB:8] i64 %799 known bits zero=0x9223372036854775808 one=0x0
    -> Fact[LVI:9] i64 %799 in [0,9223372036854775806) (LVI @ )
    -> Fact[SCEV:10] i64 %799 in [0,9223372036854775807) (SCEV unsigned)
    -> Fact[SCEV:11] i64 %799 in [0,9223372036854775807) (SCEV signed)
    -> Fact[SCEVSYM:12] i64 %799 - start(0) <=u BTC((9223372036854775806 umin (-1 + %519))) (SCEV symbolic trip count, sub-form)
    -> Fact[PHIINV-hi:13] i64 %799 == i64 0 || ne(i64 %799, i64 %519) (latch-implied bound, 1-induction)
    -> Fact[PHIINV-lo:14] i64 %799 >=s i64 0 (monotone nsw increments, 1 arm(s))
    -> Fact[RM:15] i64 %804 in [0,9223372036854775807) (!range)
    -> Fact[KB:16] i64 %804 known bits zero=0x9223372036854775808 one=0x0
    -> Fact[RM:17] i64 %812 in [0,9223372036854775807) (!range)
    -> Fact[KB:18] i64 %812 known bits zero=0x9223372036854775808 one=0x0
    -> Fact[RM:19] i64 %816 in [0,9223372036854775807) (!range)
    -> Fact[KB:20] i64 %816 known bits zero=0x9223372036854775808 one=0x0
    -> Fact[RM:21] i64 %820 in [0,9223372036854775807) (!range)
    -> Fact[KB:22] i64 %820 known bits zero=0x9223372036854775808 one=0x0
    -> Fact[RM:23] i64 %.pre363 in [0,9223372036854775807) (!range)
    -> Fact[KB:24] i64 %.pre363 known bits zero=0x9223372036854775808 one=0x0
    -> Fact[LVI:25] i64 %.pre363 in [1,0) (LVI @ )
    -> Fact[KB:26] i64 %862 known bits zero=0x9223372036854775808 one=0x0
    -> Fact[LVI:27] i64 %862 in [0,9223372036854775806) (LVI @ )
    -> Fact[SCEV:28] i64 %862 in [1,-9223372036854775808) (SCEV unsigned)
    -> Fact[SCEV:29] i64 %862 in [1,-9223372036854775808) (SCEV signed)
    -> Fact[PHIINV-hi:30] i64 %862 == i64 %801 || ne(i64 %862, i64 %838) (latch-implied bound, 1-induction)
    -> Fact[PHIINV-lo:31] i64 %862 >=s i64 %801 (monotone nsw increments, 1 arm(s))
    -> Fact[RM:32] i64 %870 in [0,9223372036854775807) (!range)
    -> Fact[KB:33] i64 %870 known bits zero=0x9223372036854775808 one=0x0
    -> Fact[LVI:34] i64 %870 in [1,9223372036854775807) (LVI @ )
    -> Fact[RM:35] i64 %877 in [0,9223372036854775807) (!range)
    -> Fact[KB:36] i64 %877 known bits zero=0x9223372036854775808 one=0x0
    -> Fact[LVI:37] i64 %877 in [1,9223372036854775807) (LVI @ )
    -> Fact[RM:38] i64 %884 in [0,9223372036854775807) (!range)
    -> Fact[KB:39] i64 %884 known bits zero=0x9223372036854775808 one=0x0
    -> [heavy] 40 analysis fact(s) on 51 boundary value(s)
    -> [mv] T3: not a bounds shape (idx vs invariant count)
    -> [ind L0] BASE (1 phi(s) = entry): SAT (WARNING: Potential Integer Overflow Bug Detected!) [Query Latency: 1.606541 ms]
    -> [ind L1] BASE (1 phi(s) = entry): SAT (WARNING: Potential Integer Overflow Bug Detected!) [Query Latency: 1.527750 ms]
    -> SAT (WARNING: Potential Integer Overflow Bug Detected!) [Query Latency: 3.334875 ms]
    -> [mv] still SAT under 48 hypothesis candidate(s): not versionable
  -> Found UB Trap. Starting Backward Slice...
    -> Guard[0] (true edge of ''):  %.not303 = icmp samesign ult i64 %799, %884
    -> Guard[1] (true edge of ''):  %.not302 = icmp samesign ult i64 %862, %877
    -> Guard[2] (true edge of ''):  %.not301 = icmp samesign ult i64 %799, %877
    -> Guard[3] (true edge of ''):  %.not300 = icmp samesign ult i64 %862, %870
    -> Guard[4] (true edge of ''):  %.not299 = icmp samesign ult i64 %799, %870
    -> Guard[5] (true edge of ''):  %.not298 = icmp samesign ult i64 %862, %.pre363
    -> Guard[6] (true edge of ''):  %.not297 = icmp samesign ult i64 %799, %.pre363
    -> Guard[7] (false edge of ''):  %840 = icmp eq i64 %801, %838
    -> Guard[8] (true edge of ''):  %.not369 = icmp sgt i64 %838, %799
    -> Guard[9] (true edge of ''):  %.not295 = icmp samesign ult i64 %799, %820
    -> Guard[10] (true edge of ''):  %.not294 = icmp samesign ult i64 %799, %816
    -> Guard[11] (true edge of ''):  %.not293 = icmp samesign ult i64 %799, %812
    -> Guard[12] (true edge of ''):  %.not292 = icmp samesign ult i64 %799, %804
    -> Guard[13] (false edge of ''):  %522 = icmp eq i64 %519, 0
    -> Guard[14] (false edge of '.loopexit318'):  %520 = icmp slt i64 %519, 0
    -> Guard[15] (false edge of ''):  %490 = icmp slt i64 %489, 0
    -> Guard[16] (false edge of ''):  %484 = icmp eq i64 %483, 0
    -> Guard[17] (false edge of ''):  %469 = icmp eq i64 %468, 0
    -> Guard[18] (false edge of ''):  %454 = icmp eq i64 %453, 0
    -> Guard[19] (false edge of ''):  %189 = icmp slt i64 %188, 0
    -> Guard[20] (false edge of ''):  %99 = icmp eq i8 %98, 1
    -> Guard[21] (false edge of ''):  %18 = icmp eq i64 %17, 0
    -> Guard[22] (false edge of 'entry'):  %6 = icmp samesign ult i64 %5, 2
    -> Collected 23 dominating context guard(s).
    -> Frame refused (clobber between loads):  %188 = load i64, ptr @"$s5nbody1nSivp", align 8  vs  %.pre = load i64, ptr @"$s5nbody1nSivp", align 8
         clobber:   call void @swift_endAccess(ptr nonnull %access-scratch46) #2
    -> Frame refused (clobber between loads):  %188 = load i64, ptr @"$s5nbody1nSivp", align 8  vs  %515 = load i64, ptr @"$s5nbody1nSivp", align 8
         clobber: (MemoryPhi: clobber on some incoming arm)
    -> Frame refused (clobber between loads):  %188 = load i64, ptr @"$s5nbody1nSivp", align 8  vs  %519 = load i64, ptr @"$s5nbody1nSivp", align 8
         clobber: (MemoryPhi: clobber on some incoming arm)
    -> Frame refused (clobber between loads):  %188 = load i64, ptr @"$s5nbody1nSivp", align 8  vs  %.pr = load i64, ptr @"$s5nbody1nSivp", align 8
         clobber: (MemoryPhi: clobber on some incoming arm)
    -> Frame refused (clobber between loads):  %188 = load i64, ptr @"$s5nbody1nSivp", align 8  vs  %530 = load i64, ptr @"$s5nbody1nSivp", align 8
         clobber: (MemoryPhi: clobber on some incoming arm)
    -> Frame refused (clobber between loads):  %188 = load i64, ptr @"$s5nbody1nSivp", align 8  vs  %838 = load i64, ptr @"$s5nbody1nSivp", align 8
         clobber: (MemoryPhi: clobber on some incoming arm)
    -> [go3] 1 leaf-closure instruction(s) encoded
    -> Fact[RM:0] i64 %5 in [0,9223372036854775807) (!range)
    -> Fact[KB:1] i64 %5 known bits zero=0x9223372036854775808 one=0x0
    -> Fact[RM:2] i64 %453 in [0,9223372036854775807) (!range)
    -> Fact[KB:3] i64 %453 known bits zero=0x9223372036854775808 one=0x0
    -> Fact[RM:4] i64 %468 in [0,9223372036854775807) (!range)
    -> Fact[KB:5] i64 %468 known bits zero=0x9223372036854775808 one=0x0
    -> Fact[RM:6] i64 %483 in [0,9223372036854775807) (!range)
    -> Fact[KB:7] i64 %483 known bits zero=0x9223372036854775808 one=0x0
    -> Fact[KB:8] i64 %799 known bits zero=0x9223372036854775808 one=0x0
    -> Fact[LVI:9] i64 %799 in [0,9223372036854775806) (LVI @ )
    -> Fact[SCEV:10] i64 %799 in [0,9223372036854775807) (SCEV unsigned)
    -> Fact[SCEV:11] i64 %799 in [0,9223372036854775807) (SCEV signed)
    -> Fact[SCEVSYM:12] i64 %799 - start(0) <=u BTC((9223372036854775806 umin (-1 + %519))) (SCEV symbolic trip count, sub-form)
    -> Fact[PHIINV-hi:13] i64 %799 == i64 0 || ne(i64 %799, i64 %519) (latch-implied bound, 1-induction)
    -> Fact[PHIINV-lo:14] i64 %799 >=s i64 0 (monotone nsw increments, 1 arm(s))
    -> Fact[RM:15] i64 %804 in [0,9223372036854775807) (!range)
    -> Fact[KB:16] i64 %804 known bits zero=0x9223372036854775808 one=0x0
    -> Fact[RM:17] i64 %812 in [0,9223372036854775807) (!range)
    -> Fact[KB:18] i64 %812 known bits zero=0x9223372036854775808 one=0x0
    -> Fact[RM:19] i64 %816 in [0,9223372036854775807) (!range)
    -> Fact[KB:20] i64 %816 known bits zero=0x9223372036854775808 one=0x0
    -> Fact[RM:21] i64 %820 in [0,9223372036854775807) (!range)
    -> Fact[KB:22] i64 %820 known bits zero=0x9223372036854775808 one=0x0
    -> Fact[RM:23] i64 %.pre363 in [0,9223372036854775807) (!range)
    -> Fact[KB:24] i64 %.pre363 known bits zero=0x9223372036854775808 one=0x0
    -> Fact[LVI:25] i64 %.pre363 in [1,0) (LVI @ )
    -> Fact[KB:26] i64 %862 known bits zero=0x9223372036854775808 one=0x0
    -> Fact[LVI:27] i64 %862 in [0,9223372036854775806) (LVI @ )
    -> Fact[SCEV:28] i64 %862 in [1,-9223372036854775808) (SCEV unsigned)
    -> Fact[SCEV:29] i64 %862 in [1,-9223372036854775808) (SCEV signed)
    -> Fact[PHIINV-hi:30] i64 %862 == i64 %801 || ne(i64 %862, i64 %838) (latch-implied bound, 1-induction)
    -> Fact[PHIINV-lo:31] i64 %862 >=s i64 %801 (monotone nsw increments, 1 arm(s))
    -> Fact[RM:32] i64 %870 in [0,9223372036854775807) (!range)
    -> Fact[KB:33] i64 %870 known bits zero=0x9223372036854775808 one=0x0
    -> Fact[LVI:34] i64 %870 in [1,9223372036854775807) (LVI @ )
    -> Fact[RM:35] i64 %877 in [0,9223372036854775807) (!range)
    -> Fact[KB:36] i64 %877 known bits zero=0x9223372036854775808 one=0x0
    -> Fact[LVI:37] i64 %877 in [1,9223372036854775807) (LVI @ )
    -> Fact[RM:38] i64 %884 in [0,9223372036854775807) (!range)
    -> Fact[KB:39] i64 %884 known bits zero=0x9223372036854775808 one=0x0
    -> Fact[LVI:40] i64 %884 in [1,9223372036854775807) (LVI @ )
    -> [heavy] 41 analysis fact(s) on 51 boundary value(s)
    -> [mv] T3: not a bounds shape (idx vs invariant count)
    -> [ind L0] BASE (1 phi(s) = entry): SAT (WARNING: Potential Integer Overflow Bug Detected!) [Query Latency: 1.131250 ms]
    -> [ind L1] BASE (1 phi(s) = entry): SAT (WARNING: Potential Integer Overflow Bug Detected!) [Query Latency: 1.067958 ms]
    -> SAT (WARNING: Potential Integer Overflow Bug Detected!) [Query Latency: 2.792250 ms]
    -> [mv] still SAT under 48 hypothesis candidate(s): not versionable
  -> Found UB Trap. Starting Backward Slice...
    -> Guard[0] (true edge of ''):  %.not = icmp eq i64 %13, 0
    -> Guard[1] (true edge of ''):  %.not245 = icmp eq i64 %21, 0
    -> Guard[2] (false edge of ''):  %18 = icmp eq i64 %17, 0
    -> Guard[3] (false edge of 'entry'):  %6 = icmp samesign ult i64 %5, 2
    -> Collected 4 dominating context guard(s).
    -> Fact[RM:0] i64 %5 in [0,9223372036854775807) (!range)
    -> Fact[KB:1] i64 %5 known bits zero=0x9223372036854775808 one=0x0
    -> Fact[LVI:2] i64 %5 in [2,9223372036854775807) (LVI @ )
    -> Fact[LVI:3] i64 %12 in [0,-2305843009213693952) (LVI @ )
    -> [heavy] 4 analysis fact(s) on 6 boundary value(s)
    -> [ind] trap not in a loop
    -> SAT (WARNING: Potential Integer Overflow Bug Detected!) [Query Latency: 0.169791 ms]
    -> [mv] trap not inside a loop: not versionable
  -> Found UB Trap. Starting Backward Slice...
    -> Guard[0] (true edge of ''):  %.not = icmp eq i64 %13, 0
    -> Guard[1] (true edge of ''):  %.not245 = icmp eq i64 %21, 0
    -> Guard[2] (false edge of ''):  %18 = icmp eq i64 %17, 0
    -> Guard[3] (false edge of 'entry'):  %6 = icmp samesign ult i64 %5, 2
    -> Collected 4 dominating context guard(s).
    -> Fact[RM:0] i64 %5 in [0,9223372036854775807) (!range)
    -> Fact[KB:1] i64 %5 known bits zero=0x9223372036854775808 one=0x0
    -> Fact[LVI:2] i64 %5 in [2,9223372036854775807) (LVI @ )
    -> Fact[LVI:3] i64 %12 in [0,-2305843009213693952) (LVI @ )
    -> [heavy] 4 analysis fact(s) on 6 boundary value(s)
    -> [ind] trap not in a loop
    -> SAT (WARNING: Potential Integer Overflow Bug Detected!) [Query Latency: 0.152417 ms]
    -> [mv] trap not inside a loop: not versionable
  => Total Traps Eliminated: 0
  => Traps Folded In Fast Copies (mv): 0
  => Total Trap Attempts: 76
  => Total SMT Queries Executed: 76
  => Total SMT Query Latency: 8.558491e+02 ms
  => Average SMT Query Latency: 1.126117e+01 ms
  => Total DFS & SMT Execution Time: 1.810526e+03 ms
--------------------------------------------------

[Z3 Oracle] Analyzing Function: $ss13_parseInteger5ascii5radixq_Sgx_SitSyRzs010FixedWidthB0R_r0_lFSS_SiTg5
  [tier: heavy]
  => Total Traps Eliminated: 0
  => Traps Folded In Fast Copies (mv): 0
  => Total Trap Attempts: 0
  => Total SMT Queries Executed: 0
  => Total SMT Query Latency: 0.000000e+00 ms
  => Average SMT Query Latency: 0.000000e+00 ms
  => Total DFS & SMT Execution Time: 2.670800e-02 ms
--------------------------------------------------

[Z3 Oracle] Analyzing Function: $ss12_ArrayBufferV20_consumeAndCreateNewAByxGyFSd_Tg5
  [tier: heavy]
  => Total Traps Eliminated: 0
  => Traps Folded In Fast Copies (mv): 0
  => Total Trap Attempts: 0
  => Total SMT Queries Executed: 0
  => Total SMT Query Latency: 0.000000e+00 ms
  => Average SMT Query Latency: 0.000000e+00 ms
  => Total DFS & SMT Execution Time: 5.916000e-03 ms
--------------------------------------------------

[Z3 Oracle] Analyzing Function: __swift_instantiateConcreteTypeFromMangledNameV2
  [tier: heavy]
  => Total Traps Eliminated: 0
  => Traps Folded In Fast Copies (mv): 0
  => Total Trap Attempts: 0
  => Total SMT Queries Executed: 0
  => Total SMT Query Latency: 0.000000e+00 ms
  => Average SMT Query Latency: 0.000000e+00 ms
  => Total DFS & SMT Execution Time: 7.709000e-03 ms
--------------------------------------------------

[Z3 Oracle] Analyzing Function: $ss12_ArrayBufferV20_consumeAndCreateNew14bufferIsUnique15minimumCapacity13growForAppendAByxGSb_SiSbtFSd_Tg5
  [tier: heavy]
  -> Found UB Trap. Starting Backward Slice...
    -> Guard[0] (true edge of ''):  %8 = icmp slt i64 %7, %1
    -> Guard[1] (true edge of 'entry'):i1 %2
    -> Collected 2 dominating context guard(s).
    -> Fact[LVI:0] i64 %1 in [1,-9223372036854775808) (LVI @ )
    -> [heavy] 1 analysis fact(s) on 2 boundary value(s)
    -> [ind] trap not in a loop
    -> SAT (WARNING: Potential Integer Overflow Bug Detected!) [Query Latency: 0.110209 ms]
    -> [mv] trap not inside a loop: not versionable
  => Total Traps Eliminated: 0
  => Traps Folded In Fast Copies (mv): 0
  => Total Trap Attempts: 1
  => Total SMT Queries Executed: 1
  => Total SMT Query Latency: 1.102090e-01 ms
  => Average SMT Query Latency: 1.102090e-01 ms
  => Total DFS & SMT Execution Time: 8.932500e-01 ms
--------------------------------------------------

[Z3 Oracle] Analyzing Function: $ss13_parseInteger5ascii5radixq_Sgx_SitSyRzs010FixedWidthB0R_r0_lFADSRys5UInt8VGXEfU_SS_SiTg5
  [tier: heavy]
  -> Found UB Trap. Starting Backward Slice...
    -> Collected 0 dominating context guard(s).
    -> [heavy] 0 analysis fact(s) on 1 boundary value(s)
    -> [ind] trap not in a loop
    -> SAT (WARNING: Potential Integer Overflow Bug Detected!) [Query Latency: 0.087042 ms]
    -> [mv] trap not inside a loop: not versionable
  -> Found UB Trap. Starting Backward Slice...
    -> Collected 0 dominating context guard(s).
    -> [heavy] 0 analysis fact(s) on 1 boundary value(s)
    -> [ind] trap not in a loop
    -> SAT (WARNING: Potential Integer Overflow Bug Detected!) [Query Latency: 0.072208 ms]
    -> [mv] trap not inside a loop: not versionable
  => Total Traps Eliminated: 0
  => Traps Folded In Fast Copies (mv): 0
  => Total Trap Attempts: 2
  => Total SMT Queries Executed: 2
  => Total SMT Query Latency: 1.592500e-01 ms
  => Average SMT Query Latency: 7.962500e-02 ms
  => Total DFS & SMT Execution Time: 1.238916e+00 ms
--------------------------------------------------

[Z3 Oracle] Analyzing Function: $sSS8_copyingyS2SFZ
  [tier: heavy]
  => Total Traps Eliminated: 0
  => Traps Folded In Fast Copies (mv): 0
  => Total Trap Attempts: 0
  => Total SMT Queries Executed: 0
  => Total SMT Query Latency: 0.000000e+00 ms
  => Average SMT Query Latency: 0.000000e+00 ms
  => Total DFS & SMT Execution Time: 5.375000e-03 ms
--------------------------------------------------

[Z3 Oracle] Analyzing Function: $sSlsEy11SubSequenceQzqd__cSXRd__5BoundQyd__5IndexRtzluigSS_s16PartialRangeFromVySSAEVGTgq5
  [tier: heavy]
  -> Found UB Trap. Starting Backward Slice...
    -> Collected 0 dominating context guard(s).
    -> [heavy] 0 analysis fact(s) on 3 boundary value(s)
    -> [ind] trap not in a loop
    -> SAT (WARNING: Potential Integer Overflow Bug Detected!) [Query Latency: 0.259917 ms]
    -> [mv] trap not inside a loop: not versionable
  => Total Traps Eliminated: 0
  => Traps Folded In Fast Copies (mv): 0
  => Total Trap Attempts: 1
  => Total SMT Queries Executed: 1
  => Total SMT Query Latency: 2.599170e-01 ms
  => Average SMT Query Latency: 2.599170e-01 ms
  => Total DFS & SMT Execution Time: 8.031250e-01 ms
--------------------------------------------------

[Z3 Oracle] Analyzing Function: $sSS8_copyingySSSsFZ
  [tier: heavy]
  -> Found UB Trap. Starting Backward Slice...
    -> Guard[0] (false edge of ''):  %11 = icmp eq i64 %10, 0
    -> Guard[1] (false edge of 'entry'):  %8 = icmp eq i64 %7, 0
    -> Collected 2 dominating context guard(s).
    -> Fact[LVI:0] i64 %6 in [1152921504606846976,0) (LVI @ )
    -> Fact[LVI:1] i64 %10 in [1,0) (LVI @ )
    -> [heavy] 2 analysis fact(s) on 3 boundary value(s)
    -> [ind] trap not in a loop
    -> SAT (WARNING: Potential Integer Overflow Bug Detected!) [Query Latency: 0.124125 ms]
    -> [mv] trap not inside a loop: not versionable
  => Total Traps Eliminated: 0
  => Traps Folded In Fast Copies (mv): 0
  => Total Trap Attempts: 1
  => Total SMT Queries Executed: 1
  => Total SMT Query Latency: 1.241250e-01 ms
  => Average SMT Query Latency: 1.241250e-01 ms
  => Total DFS & SMT Execution Time: 7.650430e-01 ms
--------------------------------------------------

[Z3 Oracle] Analyzing Function: $ss22_ContiguousArrayBufferV19_uninitializedCount15minimumCapacityAByxGSi_SitcfCs5UInt8V_Tt1gq5
  [tier: heavy]
  => Total Traps Eliminated: 0
  => Traps Folded In Fast Copies (mv): 0
  => Total Trap Attempts: 0
  => Total SMT Queries Executed: 0
  => Total SMT Query Latency: 0.000000e+00 ms
  => Average SMT Query Latency: 0.000000e+00 ms
  => Total DFS & SMT Execution Time: 6.750000e-03 ms
--------------------------------------------------

[Z3 Oracle] Analyzing Function: $sSTsE21_copySequenceContents12initializing8IteratorQz_SitSry7ElementQzG_tFSs8UTF8ViewV_Tgq5
  [tier: heavy]
  -> Found UB Trap. Starting Backward Slice...
    -> Guard[0] (false edge of ''):  %11 = icmp eq i64 %2, 0
    -> Guard[1] (false edge of 'entry'):  %8 = icmp eq i64 %1, 0
    -> Collected 2 dominating context guard(s).
    -> Fact[LVI:0] i64 %1 in [1,0) (LVI @ )
    -> Fact[LVI:1] i64 %2 in [1,0) (LVI @ )
    -> [heavy] 2 analysis fact(s) on 2 boundary value(s)
    -> [ind] trap not in a loop
    -> SAT (WARNING: Potential Integer Overflow Bug Detected!) [Query Latency: 0.065291 ms]
    -> [mv] trap not inside a loop: not versionable
  -> Found UB Trap. Starting Backward Slice...
    -> Guard[0] (false edge of ''):  %17 = icmp eq i64 %16, %14
    -> Guard[1] (false edge of ''):  %13 = icmp slt i64 %2, 0
    -> Guard[2] (false edge of ''):  %11 = icmp eq i64 %2, 0
    -> Guard[3] (false edge of 'entry'):  %8 = icmp eq i64 %1, 0
    -> Collected 4 dominating context guard(s).
    -> [heavy] 0 analysis fact(s) on 8 boundary value(s)
    -> [mv] T3: trap condition not an ICmp
    -> [ind L0] BASE (3 phi(s) = entry): SAT (WARNING: Potential Integer Overflow Bug Detected!) [Query Latency: 0.398959 ms]
    -> SAT (WARNING: Potential Integer Overflow Bug Detected!) [Query Latency: 0.524083 ms]
    -> [mv] still SAT under 18 hypothesis candidate(s): not versionable
  -> Found UB Trap. Starting Backward Slice...
    -> Guard[0] (false edge of ''):  %21 = icmp eq i64 %20, 0
    -> Guard[1] (false edge of ''):  %48 = or i1 %46, %47
    -> Guard[2] (false edge of ''):  %17 = icmp eq i64 %16, %14
    -> Guard[3] (false edge of ''):  %13 = icmp slt i64 %2, 0
    -> Guard[4] (false edge of ''):  %11 = icmp eq i64 %2, 0
    -> Guard[5] (false edge of 'entry'):  %8 = icmp eq i64 %1, 0
    -> Collected 6 dominating context guard(s).
    -> Fact[LVI:0] i64 %19 in [1152921504606846976,0) (LVI @ )
    -> [heavy] 1 analysis fact(s) on 9 boundary value(s)
    -> [mv] T3: refused, bound not invariant in the trap loop: (%72 /u 65536)
    -> [ind L0] BASE (3 phi(s) = entry): SAT (WARNING: Potential Integer Overflow Bug Detected!) [Query Latency: 0.296708 ms]
    -> SAT (WARNING: Potential Integer Overflow Bug Detected!) [Query Latency: 0.484750 ms]
    -> [mv] hypothesis contradicts the context: refusing (H vacuous): {%35 >u 281474976710655}
  => Total Traps Eliminated: 0
  => Traps Folded In Fast Copies (mv): 0
  => Total Trap Attempts: 3
  => Total SMT Queries Executed: 3
  => Total SMT Query Latency: 2.988543e+00 ms
  => Average SMT Query Latency: 9.961810e-01 ms
  => Total DFS & SMT Execution Time: 6.565625e+00 ms
--------------------------------------------------

[Z3 Oracle] Analyzing Function: $ss11_StringGutsV27_slowEnsureMatchingEncodingySS5IndexVAEF
  [tier: heavy]
  => Total Traps Eliminated: 0
  => Traps Folded In Fast Copies (mv): 0
  => Total Trap Attempts: 0
  => Total SMT Queries Executed: 0
  => Total SMT Query Latency: 0.000000e+00 ms
  => Average SMT Query Latency: 0.000000e+00 ms
  => Total DFS & SMT Execution Time: 8.833000e-03 ms
--------------------------------------------------
