[ODeSSy] 85 trap site(s) across 12 function(s); threads=1 [tier: heavy] [frame] [mv] [narrow] [ind] [traps=odessy.chk]

[Z3 Oracle] Analyzing Function: main
  [tier: heavy]
  -> Found UB Trap. Starting Backward Slice...
    -> Collected 0 dominating context guard(s).
    -> Fact[RM:0] i64 %5 in [0,9223372036854775807) (!range)
    -> Fact[KB:1] i64 %5 known bits zero=0x9223372036854775808 one=0x0
    -> [heavy] 2 analysis fact(s) on 1 boundary value(s)
    -> [ind] trap not in a loop
    -> SAT (WARNING: Potential Integer Overflow Bug Detected!) [Query Latency: 0.480808 ms]
    -> [mv] trap not inside a loop: not versionable
  -> Found UB Trap. Starting Backward Slice...
    -> Guard[0] (false edge of ''):  %18 = icmp eq i64 %17, 0
    -> Guard[1] (false edge of 'entry'):  %6 = icmp samesign ult i64 %5, 2
    -> Collected 2 dominating context guard(s).
    -> Fact[RM:0] i64 %5 in [0,9223372036854775807) (!range)
    -> Fact[KB:1] i64 %5 known bits zero=0x9223372036854775808 one=0x0
    -> [heavy] 2 analysis fact(s) on 20 boundary value(s)
    -> [ind] trap not in a loop
    -> SAT (WARNING: Potential Integer Overflow Bug Detected!) [Query Latency: 19.731595 ms]
    -> [mv] trap not inside a loop: not versionable
  -> Found UB Trap. Starting Backward Slice...
    -> Guard[0] (false edge of ''):  %39 = icmp eq i8 %38, 1
    -> Guard[1] (false edge of ''):  %18 = icmp eq i64 %17, 0
    -> Guard[2] (false edge of 'entry'):  %6 = icmp samesign ult i64 %5, 2
    -> Collected 3 dominating context guard(s).
    -> Frame refused (clobber between loads):  %127 = load i64, ptr @"$s5nbody1nSivp", align 8  vs  %.pre = load i64, ptr @"$s5nbody1nSivp", align 8
         clobber:   call void @swift_endAccess(ptr nonnull %access-scratch56) #2
    -> Frame refused (clobber between loads):  %127 = load i64, ptr @"$s5nbody1nSivp", align 8  vs  %447 = load i64, ptr @"$s5nbody1nSivp", align 8
         clobber: (MemoryPhi: clobber on some incoming arm)
    -> Frame refused (clobber between loads):  %127 = load i64, ptr @"$s5nbody1nSivp", align 8  vs  %451 = load i64, ptr @"$s5nbody1nSivp", align 8
         clobber: (MemoryPhi: clobber on some incoming arm)
    -> Frame refused (clobber between loads):  %127 = load i64, ptr @"$s5nbody1nSivp", align 8  vs  %.pr = load i64, ptr @"$s5nbody1nSivp", align 8
         clobber: (MemoryPhi: clobber on some incoming arm)
    -> Frame refused (clobber between loads):  %127 = load i64, ptr @"$s5nbody1nSivp", align 8  vs  %462 = load i64, ptr @"$s5nbody1nSivp", align 8
         clobber: (MemoryPhi: clobber on some incoming arm)
    -> Frame refused (clobber between loads):  %127 = load i64, ptr @"$s5nbody1nSivp", align 8  vs  %769 = load i64, ptr @"$s5nbody1nSivp", align 8
         clobber: (MemoryPhi: clobber on some incoming arm)
    -> Fact[RM:0] i64 %5 in [0,9223372036854775807) (!range)
    -> Fact[KB:1] i64 %5 known bits zero=0x9223372036854775808 one=0x0
    -> [heavy] 2 analysis fact(s) on 21 boundary value(s)
    -> [ind] trap not in a loop
    -> SAT (WARNING: Potential Integer Overflow Bug Detected!) [Query Latency: 3.698303 ms]
    -> [mv] trap not inside a loop: not versionable
  -> Found UB Trap. Starting Backward Slice...
    -> Guard[0] (false edge of ''):  %130 = icmp eq i64 %127, 0
    -> Guard[1] (false edge of ''):  %128 = icmp slt i64 %127, 0
    -> Guard[2] (false edge of ''):  %39 = icmp eq i8 %38, 1
    -> Guard[3] (false edge of ''):  %18 = icmp eq i64 %17, 0
    -> Guard[4] (false edge of 'entry'):  %6 = icmp samesign ult i64 %5, 2
    -> Collected 5 dominating context guard(s).
    -> Frame refused (clobber between loads):  %127 = load i64, ptr @"$s5nbody1nSivp", align 8  vs  %.pre = load i64, ptr @"$s5nbody1nSivp", align 8
         clobber:   call void @swift_endAccess(ptr nonnull %access-scratch56) #2
    -> Frame refused (clobber between loads):  %127 = load i64, ptr @"$s5nbody1nSivp", align 8  vs  %447 = load i64, ptr @"$s5nbody1nSivp", align 8
         clobber: (MemoryPhi: clobber on some incoming arm)
    -> Frame refused (clobber between loads):  %127 = load i64, ptr @"$s5nbody1nSivp", align 8  vs  %451 = load i64, ptr @"$s5nbody1nSivp", align 8
         clobber: (MemoryPhi: clobber on some incoming arm)
    -> Frame refused (clobber between loads):  %127 = load i64, ptr @"$s5nbody1nSivp", align 8  vs  %.pr = load i64, ptr @"$s5nbody1nSivp", align 8
         clobber: (MemoryPhi: clobber on some incoming arm)
    -> Frame refused (clobber between loads):  %127 = load i64, ptr @"$s5nbody1nSivp", align 8  vs  %462 = load i64, ptr @"$s5nbody1nSivp", align 8
         clobber: (MemoryPhi: clobber on some incoming arm)
    -> Frame refused (clobber between loads):  %127 = load i64, ptr @"$s5nbody1nSivp", align 8  vs  %769 = load i64, ptr @"$s5nbody1nSivp", align 8
         clobber: (MemoryPhi: clobber on some incoming arm)
    -> [go3] 0 leaf-closure instruction(s) encoded
    -> Fact[RM:0] i64 %5 in [0,9223372036854775807) (!range)
    -> Fact[KB:1] i64 %5 known bits zero=0x9223372036854775808 one=0x0
    -> Fact[KB:2] i64 %166 known bits zero=0x9223372036854775808 one=0x0
    -> Fact[SCEV:3] i64 %166 in [0,9223372036854775807) (SCEV unsigned)
    -> Fact[SCEV:4] i64 %166 in [0,9223372036854775807) (SCEV signed)
    -> Fact[SCEVSYM:5] i64 %166 - start(0) <=u BTC((9223372036854775806 umin (-1 + %127))) (SCEV symbolic trip count, sub-form)
    -> Fact[PHIINV-hi:6] i64 %166 == i64 0 || ne(i64 %166, i64 %127) (latch-implied bound, 1-induction)
    -> Fact[PHIINV-lo:7] i64 %166 >=s i64 0 (monotone nsw increments, 1 arm(s))
    -> Fact[RM:8] i64 %170 in [0,9223372036854775807) (!range)
    -> Fact[KB:9] i64 %170 known bits zero=0x9223372036854775808 one=0x0
    -> [heavy] 10 analysis fact(s) on 23 boundary value(s)
    -> [mv] T3: not a bounds shape (idx vs invariant count)
    -> [ind L0] BASE (1 phi(s) = entry): SAT (WARNING: Potential Integer Overflow Bug Detected!) [Query Latency: 2.159930 ms]
    -> SAT (WARNING: Potential Integer Overflow Bug Detected!) [Query Latency: 4.597231 ms]
    -> [mv] still SAT under 12 hypothesis candidate(s): not versionable
  -> Found UB Trap. Starting Backward Slice...
    -> Guard[0] (true edge of ''):  %.not230 = icmp samesign ult i64 %166, %170
    -> Guard[1] (false edge of ''):  %130 = icmp eq i64 %127, 0
    -> Guard[2] (false edge of ''):  %128 = icmp slt i64 %127, 0
    -> Guard[3] (false edge of ''):  %39 = icmp eq i8 %38, 1
    -> Guard[4] (false edge of ''):  %18 = icmp eq i64 %17, 0
    -> Guard[5] (false edge of 'entry'):  %6 = icmp samesign ult i64 %5, 2
    -> Collected 6 dominating context guard(s).
    -> Frame refused (clobber between loads):  %127 = load i64, ptr @"$s5nbody1nSivp", align 8  vs  %.pre = load i64, ptr @"$s5nbody1nSivp", align 8
         clobber:   call void @swift_endAccess(ptr nonnull %access-scratch56) #2
    -> Frame refused (clobber between loads):  %127 = load i64, ptr @"$s5nbody1nSivp", align 8  vs  %447 = load i64, ptr @"$s5nbody1nSivp", align 8
         clobber: (MemoryPhi: clobber on some incoming arm)
    -> Frame refused (clobber between loads):  %127 = load i64, ptr @"$s5nbody1nSivp", align 8  vs  %451 = load i64, ptr @"$s5nbody1nSivp", align 8
         clobber: (MemoryPhi: clobber on some incoming arm)
    -> Frame refused (clobber between loads):  %127 = load i64, ptr @"$s5nbody1nSivp", align 8  vs  %.pr = load i64, ptr @"$s5nbody1nSivp", align 8
         clobber: (MemoryPhi: clobber on some incoming arm)
    -> Frame refused (clobber between loads):  %127 = load i64, ptr @"$s5nbody1nSivp", align 8  vs  %462 = load i64, ptr @"$s5nbody1nSivp", align 8
         clobber: (MemoryPhi: clobber on some incoming arm)
    -> Frame refused (clobber between loads):  %127 = load i64, ptr @"$s5nbody1nSivp", align 8  vs  %769 = load i64, ptr @"$s5nbody1nSivp", align 8
         clobber: (MemoryPhi: clobber on some incoming arm)
    -> [go3] 0 leaf-closure instruction(s) encoded
    -> Fact[RM:0] i64 %5 in [0,9223372036854775807) (!range)
    -> Fact[KB:1] i64 %5 known bits zero=0x9223372036854775808 one=0x0
    -> Fact[KB:2] i64 %166 known bits zero=0x9223372036854775808 one=0x0
    -> Fact[LVI:3] i64 %166 in [0,9223372036854775806) (LVI @ )
    -> Fact[SCEV:4] i64 %166 in [0,9223372036854775807) (SCEV unsigned)
    -> Fact[SCEV:5] i64 %166 in [0,9223372036854775807) (SCEV signed)
    -> Fact[SCEVSYM:6] i64 %166 - start(0) <=u BTC((9223372036854775806 umin (-1 + %127))) (SCEV symbolic trip count, sub-form)
    -> Fact[PHIINV-hi:7] i64 %166 == i64 0 || ne(i64 %166, i64 %127) (latch-implied bound, 1-induction)
    -> Fact[PHIINV-lo:8] i64 %166 >=s i64 0 (monotone nsw increments, 1 arm(s))
    -> Fact[RM:9] i64 %170 in [0,9223372036854775807) (!range)
    -> Fact[KB:10] i64 %170 known bits zero=0x9223372036854775808 one=0x0
    -> Fact[LVI:11] i64 %170 in [1,9223372036854775807) (LVI @ )
    -> Fact[RM:12] i64 %176 in [0,9223372036854775807) (!range)
    -> Fact[KB:13] i64 %176 known bits zero=0x9223372036854775808 one=0x0
    -> [heavy] 14 analysis fact(s) on 24 boundary value(s)
    -> [mv] T3: not a bounds shape (idx vs invariant count)
    -> [ind L0] BASE (1 phi(s) = entry): SAT (WARNING: Potential Integer Overflow Bug Detected!) [Query Latency: 2.118213 ms]
    -> SAT (WARNING: Potential Integer Overflow Bug Detected!) [Query Latency: 3.979183 ms]
    -> [mv] still SAT under 12 hypothesis candidate(s): not versionable
  -> Found UB Trap. Starting Backward Slice...
    -> Guard[0] (false edge of ''):  %177 = icmp eq i64 %176, 0
    -> Guard[1] (true edge of ''):  %.not230 = icmp samesign ult i64 %166, %170
    -> Guard[2] (false edge of ''):  %130 = icmp eq i64 %127, 0
    -> Guard[3] (false edge of ''):  %128 = icmp slt i64 %127, 0
    -> Guard[4] (false edge of ''):  %39 = icmp eq i8 %38, 1
    -> Guard[5] (false edge of ''):  %18 = icmp eq i64 %17, 0
    -> Guard[6] (false edge of 'entry'):  %6 = icmp samesign ult i64 %5, 2
    -> Collected 7 dominating context guard(s).
    -> Frame refused (clobber between loads):  %127 = load i64, ptr @"$s5nbody1nSivp", align 8  vs  %.pre = load i64, ptr @"$s5nbody1nSivp", align 8
         clobber:   call void @swift_endAccess(ptr nonnull %access-scratch56) #2
    -> Frame refused (clobber between loads):  %127 = load i64, ptr @"$s5nbody1nSivp", align 8  vs  %447 = load i64, ptr @"$s5nbody1nSivp", align 8
         clobber: (MemoryPhi: clobber on some incoming arm)
    -> Frame refused (clobber between loads):  %127 = load i64, ptr @"$s5nbody1nSivp", align 8  vs  %451 = load i64, ptr @"$s5nbody1nSivp", align 8
         clobber: (MemoryPhi: clobber on some incoming arm)
    -> Frame refused (clobber between loads):  %127 = load i64, ptr @"$s5nbody1nSivp", align 8  vs  %.pr = load i64, ptr @"$s5nbody1nSivp", align 8
         clobber: (MemoryPhi: clobber on some incoming arm)
    -> Frame refused (clobber between loads):  %127 = load i64, ptr @"$s5nbody1nSivp", align 8  vs  %462 = load i64, ptr @"$s5nbody1nSivp", align 8
         clobber: (MemoryPhi: clobber on some incoming arm)
    -> Frame refused (clobber between loads):  %127 = load i64, ptr @"$s5nbody1nSivp", align 8  vs  %769 = load i64, ptr @"$s5nbody1nSivp", align 8
         clobber: (MemoryPhi: clobber on some incoming arm)
    -> [go3] 0 leaf-closure instruction(s) encoded
    -> Fact[RM:0] i64 %5 in [0,9223372036854775807) (!range)
    -> Fact[KB:1] i64 %5 known bits zero=0x9223372036854775808 one=0x0
    -> Fact[KB:2] i64 %166 known bits zero=0x9223372036854775808 one=0x0
    -> Fact[LVI:3] i64 %166 in [0,9223372036854775806) (LVI @ )
    -> Fact[SCEV:4] i64 %166 in [0,9223372036854775807) (SCEV unsigned)
    -> Fact[SCEV:5] i64 %166 in [0,9223372036854775807) (SCEV signed)
    -> Fact[SCEVSYM:6] i64 %166 - start(0) <=u BTC((9223372036854775806 umin (-1 + %127))) (SCEV symbolic trip count, sub-form)
    -> Fact[PHIINV-hi:7] i64 %166 == i64 0 || ne(i64 %166, i64 %127) (latch-implied bound, 1-induction)
    -> Fact[PHIINV-lo:8] i64 %166 >=s i64 0 (monotone nsw increments, 1 arm(s))
    -> Fact[RM:9] i64 %170 in [0,9223372036854775807) (!range)
    -> Fact[KB:10] i64 %170 known bits zero=0x9223372036854775808 one=0x0
    -> Fact[LVI:11] i64 %170 in [1,9223372036854775807) (LVI @ )
    -> Fact[RM:12] i64 %176 in [0,9223372036854775807) (!range)
    -> Fact[KB:13] i64 %176 known bits zero=0x9223372036854775808 one=0x0
    -> Fact[LVI:14] i64 %176 in [1,9223372036854775807) (LVI @ )
    -> Fact[RM:15] i64 %188 in [0,9223372036854775807) (!range)
    -> Fact[KB:16] i64 %188 known bits zero=0x9223372036854775808 one=0x0
    -> [heavy] 17 analysis fact(s) on 25 boundary value(s)
    -> [mv] T3: not a bounds shape (idx vs invariant count)
    -> [ind L0] BASE (1 phi(s) = entry): SAT (WARNING: Potential Integer Overflow Bug Detected!) [Query Latency: 2.518374 ms]
    -> SAT (WARNING: Potential Integer Overflow Bug Detected!) [Query Latency: 7.886364 ms]
    -> [mv] still SAT under 12 hypothesis candidate(s): not versionable
  -> Found UB Trap. Starting Backward Slice...
    -> Guard[0] (true edge of ''):  %.not231 = icmp samesign ult i64 %166, %188
    -> Guard[1] (false edge of ''):  %177 = icmp eq i64 %176, 0
    -> Guard[2] (true edge of ''):  %.not230 = icmp samesign ult i64 %166, %170
    -> Guard[3] (false edge of ''):  %130 = icmp eq i64 %127, 0
    -> Guard[4] (false edge of ''):  %128 = icmp slt i64 %127, 0
    -> Guard[5] (false edge of ''):  %39 = icmp eq i8 %38, 1
    -> Guard[6] (false edge of ''):  %18 = icmp eq i64 %17, 0
    -> Guard[7] (false edge of 'entry'):  %6 = icmp samesign ult i64 %5, 2
    -> Collected 8 dominating context guard(s).
    -> Frame refused (clobber between loads):  %127 = load i64, ptr @"$s5nbody1nSivp", align 8  vs  %.pre = load i64, ptr @"$s5nbody1nSivp", align 8
         clobber:   call void @swift_endAccess(ptr nonnull %access-scratch56) #2
    -> Frame refused (clobber between loads):  %127 = load i64, ptr @"$s5nbody1nSivp", align 8  vs  %447 = load i64, ptr @"$s5nbody1nSivp", align 8
         clobber: (MemoryPhi: clobber on some incoming arm)
    -> Frame refused (clobber between loads):  %127 = load i64, ptr @"$s5nbody1nSivp", align 8  vs  %451 = load i64, ptr @"$s5nbody1nSivp", align 8
         clobber: (MemoryPhi: clobber on some incoming arm)
    -> Frame refused (clobber between loads):  %127 = load i64, ptr @"$s5nbody1nSivp", align 8  vs  %.pr = load i64, ptr @"$s5nbody1nSivp", align 8
         clobber: (MemoryPhi: clobber on some incoming arm)
    -> Frame refused (clobber between loads):  %127 = load i64, ptr @"$s5nbody1nSivp", align 8  vs  %462 = load i64, ptr @"$s5nbody1nSivp", align 8
         clobber: (MemoryPhi: clobber on some incoming arm)
    -> Frame refused (clobber between loads):  %127 = load i64, ptr @"$s5nbody1nSivp", align 8  vs  %769 = load i64, ptr @"$s5nbody1nSivp", align 8
         clobber: (MemoryPhi: clobber on some incoming arm)
    -> [go3] 0 leaf-closure instruction(s) encoded
    -> Fact[RM:0] i64 %5 in [0,9223372036854775807) (!range)
    -> Fact[KB:1] i64 %5 known bits zero=0x9223372036854775808 one=0x0
    -> Fact[KB:2] i64 %166 known bits zero=0x9223372036854775808 one=0x0
    -> Fact[LVI:3] i64 %166 in [0,9223372036854775806) (LVI @ )
    -> Fact[SCEV:4] i64 %166 in [0,9223372036854775807) (SCEV unsigned)
    -> Fact[SCEV:5] i64 %166 in [0,9223372036854775807) (SCEV signed)
    -> Fact[SCEVSYM:6] i64 %166 - start(0) <=u BTC((9223372036854775806 umin (-1 + %127))) (SCEV symbolic trip count, sub-form)
    -> Fact[PHIINV-hi:7] i64 %166 == i64 0 || ne(i64 %166, i64 %127) (latch-implied bound, 1-induction)
    -> Fact[PHIINV-lo:8] i64 %166 >=s i64 0 (monotone nsw increments, 1 arm(s))
    -> Fact[RM:9] i64 %170 in [0,9223372036854775807) (!range)
    -> Fact[KB:10] i64 %170 known bits zero=0x9223372036854775808 one=0x0
    -> Fact[LVI:11] i64 %170 in [1,9223372036854775807) (LVI @ )
    -> Fact[RM:12] i64 %176 in [0,9223372036854775807) (!range)
    -> Fact[KB:13] i64 %176 known bits zero=0x9223372036854775808 one=0x0
    -> Fact[LVI:14] i64 %176 in [1,9223372036854775807) (LVI @ )
    -> Fact[RM:15] i64 %188 in [0,9223372036854775807) (!range)
    -> Fact[KB:16] i64 %188 known bits zero=0x9223372036854775808 one=0x0
    -> Fact[LVI:17] i64 %188 in [1,9223372036854775807) (LVI @ )
    -> Fact[RM:18] i64 %194 in [0,9223372036854775807) (!range)
    -> Fact[KB:19] i64 %194 known bits zero=0x9223372036854775808 one=0x0
    -> [heavy] 20 analysis fact(s) on 26 boundary value(s)
    -> [mv] T3: not a bounds shape (idx vs invariant count)
    -> [ind L0] BASE (1 phi(s) = entry): SAT (WARNING: Potential Integer Overflow Bug Detected!) [Query Latency: 2.753899 ms]
    -> SAT (WARNING: Potential Integer Overflow Bug Detected!) [Query Latency: 8.053912 ms]
    -> [mv] still SAT under 12 hypothesis candidate(s): not versionable
  -> Found UB Trap. Starting Backward Slice...
    -> Guard[0] (true edge of ''):  %.not232 = icmp samesign ult i64 %166, %194
    -> Guard[1] (true edge of ''):  %.not231 = icmp samesign ult i64 %166, %188
    -> Guard[2] (false edge of ''):  %177 = icmp eq i64 %176, 0
    -> Guard[3] (true edge of ''):  %.not230 = icmp samesign ult i64 %166, %170
    -> Guard[4] (false edge of ''):  %130 = icmp eq i64 %127, 0
    -> Guard[5] (false edge of ''):  %128 = icmp slt i64 %127, 0
    -> Guard[6] (false edge of ''):  %39 = icmp eq i8 %38, 1
    -> Guard[7] (false edge of ''):  %18 = icmp eq i64 %17, 0
    -> Guard[8] (false edge of 'entry'):  %6 = icmp samesign ult i64 %5, 2
    -> Collected 9 dominating context guard(s).
    -> Frame refused (clobber between loads):  %127 = load i64, ptr @"$s5nbody1nSivp", align 8  vs  %.pre = load i64, ptr @"$s5nbody1nSivp", align 8
         clobber:   call void @swift_endAccess(ptr nonnull %access-scratch56) #2
    -> Frame refused (clobber between loads):  %127 = load i64, ptr @"$s5nbody1nSivp", align 8  vs  %447 = load i64, ptr @"$s5nbody1nSivp", align 8
         clobber: (MemoryPhi: clobber on some incoming arm)
    -> Frame refused (clobber between loads):  %127 = load i64, ptr @"$s5nbody1nSivp", align 8  vs  %451 = load i64, ptr @"$s5nbody1nSivp", align 8
         clobber: (MemoryPhi: clobber on some incoming arm)
    -> Frame refused (clobber between loads):  %127 = load i64, ptr @"$s5nbody1nSivp", align 8  vs  %.pr = load i64, ptr @"$s5nbody1nSivp", align 8
         clobber: (MemoryPhi: clobber on some incoming arm)
    -> Frame refused (clobber between loads):  %127 = load i64, ptr @"$s5nbody1nSivp", align 8  vs  %462 = load i64, ptr @"$s5nbody1nSivp", align 8
         clobber: (MemoryPhi: clobber on some incoming arm)
    -> Frame refused (clobber between loads):  %127 = load i64, ptr @"$s5nbody1nSivp", align 8  vs  %769 = load i64, ptr @"$s5nbody1nSivp", align 8
         clobber: (MemoryPhi: clobber on some incoming arm)
    -> [go3] 0 leaf-closure instruction(s) encoded
    -> Fact[RM:0] i64 %5 in [0,9223372036854775807) (!range)
    -> Fact[KB:1] i64 %5 known bits zero=0x9223372036854775808 one=0x0
    -> Fact[KB:2] i64 %166 known bits zero=0x9223372036854775808 one=0x0
    -> Fact[LVI:3] i64 %166 in [0,9223372036854775806) (LVI @ )
    -> Fact[SCEV:4] i64 %166 in [0,9223372036854775807) (SCEV unsigned)
    -> Fact[SCEV:5] i64 %166 in [0,9223372036854775807) (SCEV signed)
    -> Fact[SCEVSYM:6] i64 %166 - start(0) <=u BTC((9223372036854775806 umin (-1 + %127))) (SCEV symbolic trip count, sub-form)
    -> Fact[PHIINV-hi:7] i64 %166 == i64 0 || ne(i64 %166, i64 %127) (latch-implied bound, 1-induction)
    -> Fact[PHIINV-lo:8] i64 %166 >=s i64 0 (monotone nsw increments, 1 arm(s))
    -> Fact[RM:9] i64 %170 in [0,9223372036854775807) (!range)
    -> Fact[KB:10] i64 %170 known bits zero=0x9223372036854775808 one=0x0
    -> Fact[LVI:11] i64 %170 in [1,9223372036854775807) (LVI @ )
    -> Fact[RM:12] i64 %176 in [0,9223372036854775807) (!range)
    -> Fact[KB:13] i64 %176 known bits zero=0x9223372036854775808 one=0x0
    -> Fact[LVI:14] i64 %176 in [1,9223372036854775807) (LVI @ )
    -> Fact[RM:15] i64 %188 in [0,9223372036854775807) (!range)
    -> Fact[KB:16] i64 %188 known bits zero=0x9223372036854775808 one=0x0
    -> Fact[LVI:17] i64 %188 in [1,9223372036854775807) (LVI @ )
    -> Fact[RM:18] i64 %194 in [0,9223372036854775807) (!range)
    -> Fact[KB:19] i64 %194 known bits zero=0x9223372036854775808 one=0x0
    -> Fact[LVI:20] i64 %194 in [1,9223372036854775807) (LVI @ )
    -> Fact[RM:21] i64 %200 in [0,9223372036854775807) (!range)
    -> Fact[KB:22] i64 %200 known bits zero=0x9223372036854775808 one=0x0
    -> [heavy] 23 analysis fact(s) on 27 boundary value(s)
    -> [mv] T3: not a bounds shape (idx vs invariant count)
    -> [ind L0] BASE (1 phi(s) = entry): SAT (WARNING: Potential Integer Overflow Bug Detected!) [Query Latency: 2.747226 ms]
    -> SAT (WARNING: Potential Integer Overflow Bug Detected!) [Query Latency: 5.003971 ms]
    -> [mv] still SAT under 12 hypothesis candidate(s): not versionable
  -> Found UB Trap. Starting Backward Slice...
    -> Guard[0] (false edge of ''):  %201 = icmp samesign ult i64 %200, 2
    -> Guard[1] (true edge of ''):  %.not232 = icmp samesign ult i64 %166, %194
    -> Guard[2] (true edge of ''):  %.not231 = icmp samesign ult i64 %166, %188
    -> Guard[3] (false edge of ''):  %177 = icmp eq i64 %176, 0
    -> Guard[4] (true edge of ''):  %.not230 = icmp samesign ult i64 %166, %170
    -> Guard[5] (false edge of ''):  %130 = icmp eq i64 %127, 0
    -> Guard[6] (false edge of ''):  %128 = icmp slt i64 %127, 0
    -> Guard[7] (false edge of ''):  %39 = icmp eq i8 %38, 1
    -> Guard[8] (false edge of ''):  %18 = icmp eq i64 %17, 0
    -> Guard[9] (false edge of 'entry'):  %6 = icmp samesign ult i64 %5, 2
    -> Collected 10 dominating context guard(s).
    -> Frame refused (clobber between loads):  %127 = load i64, ptr @"$s5nbody1nSivp", align 8  vs  %.pre = load i64, ptr @"$s5nbody1nSivp", align 8
         clobber:   call void @swift_endAccess(ptr nonnull %access-scratch56) #2
    -> Frame refused (clobber between loads):  %127 = load i64, ptr @"$s5nbody1nSivp", align 8  vs  %447 = load i64, ptr @"$s5nbody1nSivp", align 8
         clobber: (MemoryPhi: clobber on some incoming arm)
    -> Frame refused (clobber between loads):  %127 = load i64, ptr @"$s5nbody1nSivp", align 8  vs  %451 = load i64, ptr @"$s5nbody1nSivp", align 8
         clobber: (MemoryPhi: clobber on some incoming arm)
    -> Frame refused (clobber between loads):  %127 = load i64, ptr @"$s5nbody1nSivp", align 8  vs  %.pr = load i64, ptr @"$s5nbody1nSivp", align 8
         clobber: (MemoryPhi: clobber on some incoming arm)
    -> Frame refused (clobber between loads):  %127 = load i64, ptr @"$s5nbody1nSivp", align 8  vs  %462 = load i64, ptr @"$s5nbody1nSivp", align 8
         clobber: (MemoryPhi: clobber on some incoming arm)
    -> Frame refused (clobber between loads):  %127 = load i64, ptr @"$s5nbody1nSivp", align 8  vs  %769 = load i64, ptr @"$s5nbody1nSivp", align 8
         clobber: (MemoryPhi: clobber on some incoming arm)
    -> [go3] 0 leaf-closure instruction(s) encoded
    -> Fact[RM:0] i64 %5 in [0,9223372036854775807) (!range)
    -> Fact[KB:1] i64 %5 known bits zero=0x9223372036854775808 one=0x0
    -> Fact[KB:2] i64 %166 known bits zero=0x9223372036854775808 one=0x0
    -> Fact[LVI:3] i64 %166 in [0,9223372036854775806) (LVI @ )
    -> Fact[SCEV:4] i64 %166 in [0,9223372036854775807) (SCEV unsigned)
    -> Fact[SCEV:5] i64 %166 in [0,9223372036854775807) (SCEV signed)
    -> Fact[SCEVSYM:6] i64 %166 - start(0) <=u BTC((9223372036854775806 umin (-1 + %127))) (SCEV symbolic trip count, sub-form)
    -> Fact[PHIINV-hi:7] i64 %166 == i64 0 || ne(i64 %166, i64 %127) (latch-implied bound, 1-induction)
    -> Fact[PHIINV-lo:8] i64 %166 >=s i64 0 (monotone nsw increments, 1 arm(s))
    -> Fact[RM:9] i64 %170 in [0,9223372036854775807) (!range)
    -> Fact[KB:10] i64 %170 known bits zero=0x9223372036854775808 one=0x0
    -> Fact[LVI:11] i64 %170 in [1,9223372036854775807) (LVI @ )
    -> Fact[RM:12] i64 %176 in [0,9223372036854775807) (!range)
    -> Fact[KB:13] i64 %176 known bits zero=0x9223372036854775808 one=0x0
    -> Fact[LVI:14] i64 %176 in [1,9223372036854775807) (LVI @ )
    -> Fact[RM:15] i64 %188 in [0,9223372036854775807) (!range)
    -> Fact[KB:16] i64 %188 known bits zero=0x9223372036854775808 one=0x0
    -> Fact[LVI:17] i64 %188 in [1,9223372036854775807) (LVI @ )
    -> Fact[RM:18] i64 %194 in [0,9223372036854775807) (!range)
    -> Fact[KB:19] i64 %194 known bits zero=0x9223372036854775808 one=0x0
    -> Fact[LVI:20] i64 %194 in [1,9223372036854775807) (LVI @ )
    -> Fact[RM:21] i64 %200 in [0,9223372036854775807) (!range)
    -> Fact[KB:22] i64 %200 known bits zero=0x9223372036854775808 one=0x0
    -> Fact[LVI:23] i64 %200 in [2,9223372036854775807) (LVI @ )
    -> Fact[RM:24] i64 %212 in [0,9223372036854775807) (!range)
    -> Fact[KB:25] i64 %212 known bits zero=0x9223372036854775808 one=0x0
    -> [heavy] 26 analysis fact(s) on 28 boundary value(s)
    -> [mv] T3: not a bounds shape (idx vs invariant count)
    -> [ind L0] BASE (1 phi(s) = entry): SAT (WARNING: Potential Integer Overflow Bug Detected!) [Query Latency: 3.072773 ms]
    -> SAT (WARNING: Potential Integer Overflow Bug Detected!) [Query Latency: 7.530719 ms]
    -> [mv] still SAT under 12 hypothesis candidate(s): not versionable
  -> Found UB Trap. Starting Backward Slice...
    -> Guard[0] (true edge of ''):  %.not233 = icmp samesign ult i64 %166, %212
    -> Guard[1] (false edge of ''):  %201 = icmp samesign ult i64 %200, 2
    -> Guard[2] (true edge of ''):  %.not232 = icmp samesign ult i64 %166, %194
    -> Guard[3] (true edge of ''):  %.not231 = icmp samesign ult i64 %166, %188
    -> Guard[4] (false edge of ''):  %177 = icmp eq i64 %176, 0
    -> Guard[5] (true edge of ''):  %.not230 = icmp samesign ult i64 %166, %170
    -> Guard[6] (false edge of ''):  %130 = icmp eq i64 %127, 0
    -> Guard[7] (false edge of ''):  %128 = icmp slt i64 %127, 0
    -> Guard[8] (false edge of ''):  %39 = icmp eq i8 %38, 1
    -> Guard[9] (false edge of ''):  %18 = icmp eq i64 %17, 0
    -> Guard[10] (false edge of 'entry'):  %6 = icmp samesign ult i64 %5, 2
    -> Collected 11 dominating context guard(s).
    -> Frame refused (clobber between loads):  %127 = load i64, ptr @"$s5nbody1nSivp", align 8  vs  %.pre = load i64, ptr @"$s5nbody1nSivp", align 8
         clobber:   call void @swift_endAccess(ptr nonnull %access-scratch56) #2
    -> Frame refused (clobber between loads):  %127 = load i64, ptr @"$s5nbody1nSivp", align 8  vs  %447 = load i64, ptr @"$s5nbody1nSivp", align 8
         clobber: (MemoryPhi: clobber on some incoming arm)
    -> Frame refused (clobber between loads):  %127 = load i64, ptr @"$s5nbody1nSivp", align 8  vs  %451 = load i64, ptr @"$s5nbody1nSivp", align 8
         clobber: (MemoryPhi: clobber on some incoming arm)
    -> Frame refused (clobber between loads):  %127 = load i64, ptr @"$s5nbody1nSivp", align 8  vs  %.pr = load i64, ptr @"$s5nbody1nSivp", align 8
         clobber: (MemoryPhi: clobber on some incoming arm)
    -> Frame refused (clobber between loads):  %127 = load i64, ptr @"$s5nbody1nSivp", align 8  vs  %462 = load i64, ptr @"$s5nbody1nSivp", align 8
         clobber: (MemoryPhi: clobber on some incoming arm)
    -> Frame refused (clobber between loads):  %127 = load i64, ptr @"$s5nbody1nSivp", align 8  vs  %769 = load i64, ptr @"$s5nbody1nSivp", align 8
         clobber: (MemoryPhi: clobber on some incoming arm)
    -> [go3] 0 leaf-closure instruction(s) encoded
    -> Fact[RM:0] i64 %5 in [0,9223372036854775807) (!range)
    -> Fact[KB:1] i64 %5 known bits zero=0x9223372036854775808 one=0x0
    -> Fact[KB:2] i64 %166 known bits zero=0x9223372036854775808 one=0x0
    -> Fact[LVI:3] i64 %166 in [0,9223372036854775806) (LVI @ )
    -> Fact[SCEV:4] i64 %166 in [0,9223372036854775807) (SCEV unsigned)
    -> Fact[SCEV:5] i64 %166 in [0,9223372036854775807) (SCEV signed)
    -> Fact[SCEVSYM:6] i64 %166 - start(0) <=u BTC((9223372036854775806 umin (-1 + %127))) (SCEV symbolic trip count, sub-form)
    -> Fact[PHIINV-hi:7] i64 %166 == i64 0 || ne(i64 %166, i64 %127) (latch-implied bound, 1-induction)
    -> Fact[PHIINV-lo:8] i64 %166 >=s i64 0 (monotone nsw increments, 1 arm(s))
    -> Fact[RM:9] i64 %170 in [0,9223372036854775807) (!range)
    -> Fact[KB:10] i64 %170 known bits zero=0x9223372036854775808 one=0x0
    -> Fact[LVI:11] i64 %170 in [1,9223372036854775807) (LVI @ )
    -> Fact[RM:12] i64 %176 in [0,9223372036854775807) (!range)
    -> Fact[KB:13] i64 %176 known bits zero=0x9223372036854775808 one=0x0
    -> Fact[LVI:14] i64 %176 in [1,9223372036854775807) (LVI @ )
    -> Fact[RM:15] i64 %188 in [0,9223372036854775807) (!range)
    -> Fact[KB:16] i64 %188 known bits zero=0x9223372036854775808 one=0x0
    -> Fact[LVI:17] i64 %188 in [1,9223372036854775807) (LVI @ )
    -> Fact[RM:18] i64 %194 in [0,9223372036854775807) (!range)
    -> Fact[KB:19] i64 %194 known bits zero=0x9223372036854775808 one=0x0
    -> Fact[LVI:20] i64 %194 in [1,9223372036854775807) (LVI @ )
    -> Fact[RM:21] i64 %200 in [0,9223372036854775807) (!range)
    -> Fact[KB:22] i64 %200 known bits zero=0x9223372036854775808 one=0x0
    -> Fact[LVI:23] i64 %200 in [2,9223372036854775807) (LVI @ )
    -> Fact[RM:24] i64 %212 in [0,9223372036854775807) (!range)
    -> Fact[KB:25] i64 %212 known bits zero=0x9223372036854775808 one=0x0
    -> Fact[LVI:26] i64 %212 in [1,9223372036854775807) (LVI @ )
    -> Fact[RM:27] i64 %218 in [0,9223372036854775807) (!range)
    -> Fact[KB:28] i64 %218 known bits zero=0x9223372036854775808 one=0x0
    -> [heavy] 29 analysis fact(s) on 29 boundary value(s)
    -> [mv] T3: not a bounds shape (idx vs invariant count)
    -> [ind L0] BASE (1 phi(s) = entry): SAT (WARNING: Potential Integer Overflow Bug Detected!) [Query Latency: 3.220443 ms]
    -> SAT (WARNING: Potential Integer Overflow Bug Detected!) [Query Latency: 6.799404 ms]
    -> [mv] still SAT under 12 hypothesis candidate(s): not versionable
  -> Found UB Trap. Starting Backward Slice...
    -> Guard[0] (true edge of ''):  %.not234 = icmp samesign ult i64 %166, %218
    -> Guard[1] (true edge of ''):  %.not233 = icmp samesign ult i64 %166, %212
    -> Guard[2] (false edge of ''):  %201 = icmp samesign ult i64 %200, 2
    -> Guard[3] (true edge of ''):  %.not232 = icmp samesign ult i64 %166, %194
    -> Guard[4] (true edge of ''):  %.not231 = icmp samesign ult i64 %166, %188
    -> Guard[5] (false edge of ''):  %177 = icmp eq i64 %176, 0
    -> Guard[6] (true edge of ''):  %.not230 = icmp samesign ult i64 %166, %170
    -> Guard[7] (false edge of ''):  %130 = icmp eq i64 %127, 0
    -> Guard[8] (false edge of ''):  %128 = icmp slt i64 %127, 0
    -> Guard[9] (false edge of ''):  %39 = icmp eq i8 %38, 1
    -> Guard[10] (false edge of ''):  %18 = icmp eq i64 %17, 0
    -> Guard[11] (false edge of 'entry'):  %6 = icmp samesign ult i64 %5, 2
    -> Collected 12 dominating context guard(s).
    -> Frame refused (clobber between loads):  %127 = load i64, ptr @"$s5nbody1nSivp", align 8  vs  %.pre = load i64, ptr @"$s5nbody1nSivp", align 8
         clobber:   call void @swift_endAccess(ptr nonnull %access-scratch56) #2
    -> Frame refused (clobber between loads):  %127 = load i64, ptr @"$s5nbody1nSivp", align 8  vs  %447 = load i64, ptr @"$s5nbody1nSivp", align 8
         clobber: (MemoryPhi: clobber on some incoming arm)
    -> Frame refused (clobber between loads):  %127 = load i64, ptr @"$s5nbody1nSivp", align 8  vs  %451 = load i64, ptr @"$s5nbody1nSivp", align 8
         clobber: (MemoryPhi: clobber on some incoming arm)
    -> Frame refused (clobber between loads):  %127 = load i64, ptr @"$s5nbody1nSivp", align 8  vs  %.pr = load i64, ptr @"$s5nbody1nSivp", align 8
         clobber: (MemoryPhi: clobber on some incoming arm)
    -> Frame refused (clobber between loads):  %127 = load i64, ptr @"$s5nbody1nSivp", align 8  vs  %462 = load i64, ptr @"$s5nbody1nSivp", align 8
         clobber: (MemoryPhi: clobber on some incoming arm)
    -> Frame refused (clobber between loads):  %127 = load i64, ptr @"$s5nbody1nSivp", align 8  vs  %769 = load i64, ptr @"$s5nbody1nSivp", align 8
         clobber: (MemoryPhi: clobber on some incoming arm)
    -> [go3] 0 leaf-closure instruction(s) encoded
    -> Fact[RM:0] i64 %5 in [0,9223372036854775807) (!range)
    -> Fact[KB:1] i64 %5 known bits zero=0x9223372036854775808 one=0x0
    -> Fact[KB:2] i64 %166 known bits zero=0x9223372036854775808 one=0x0
    -> Fact[LVI:3] i64 %166 in [0,9223372036854775806) (LVI @ )
    -> Fact[SCEV:4] i64 %166 in [0,9223372036854775807) (SCEV unsigned)
    -> Fact[SCEV:5] i64 %166 in [0,9223372036854775807) (SCEV signed)
    -> Fact[SCEVSYM:6] i64 %166 - start(0) <=u BTC((9223372036854775806 umin (-1 + %127))) (SCEV symbolic trip count, sub-form)
    -> Fact[PHIINV-hi:7] i64 %166 == i64 0 || ne(i64 %166, i64 %127) (latch-implied bound, 1-induction)
    -> Fact[PHIINV-lo:8] i64 %166 >=s i64 0 (monotone nsw increments, 1 arm(s))
    -> Fact[RM:9] i64 %170 in [0,9223372036854775807) (!range)
    -> Fact[KB:10] i64 %170 known bits zero=0x9223372036854775808 one=0x0
    -> Fact[LVI:11] i64 %170 in [1,9223372036854775807) (LVI @ )
    -> Fact[RM:12] i64 %176 in [0,9223372036854775807) (!range)
    -> Fact[KB:13] i64 %176 known bits zero=0x9223372036854775808 one=0x0
    -> Fact[LVI:14] i64 %176 in [1,9223372036854775807) (LVI @ )
    -> Fact[RM:15] i64 %188 in [0,9223372036854775807) (!range)
    -> Fact[KB:16] i64 %188 known bits zero=0x9223372036854775808 one=0x0
    -> Fact[LVI:17] i64 %188 in [1,9223372036854775807) (LVI @ )
    -> Fact[RM:18] i64 %194 in [0,9223372036854775807) (!range)
    -> Fact[KB:19] i64 %194 known bits zero=0x9223372036854775808 one=0x0
    -> Fact[LVI:20] i64 %194 in [1,9223372036854775807) (LVI @ )
    -> Fact[RM:21] i64 %200 in [0,9223372036854775807) (!range)
    -> Fact[KB:22] i64 %200 known bits zero=0x9223372036854775808 one=0x0
    -> Fact[LVI:23] i64 %200 in [2,9223372036854775807) (LVI @ )
    -> Fact[RM:24] i64 %212 in [0,9223372036854775807) (!range)
    -> Fact[KB:25] i64 %212 known bits zero=0x9223372036854775808 one=0x0
    -> Fact[LVI:26] i64 %212 in [1,9223372036854775807) (LVI @ )
    -> Fact[RM:27] i64 %218 in [0,9223372036854775807) (!range)
    -> Fact[KB:28] i64 %218 known bits zero=0x9223372036854775808 one=0x0
    -> Fact[LVI:29] i64 %218 in [1,9223372036854775807) (LVI @ )
    -> Fact[RM:30] i64 %224 in [0,9223372036854775807) (!range)
    -> Fact[KB:31] i64 %224 known bits zero=0x9223372036854775808 one=0x0
    -> [heavy] 32 analysis fact(s) on 30 boundary value(s)
    -> [mv] T3: not a bounds shape (idx vs invariant count)
    -> [ind L0] BASE (1 phi(s) = entry): SAT (WARNING: Potential Integer Overflow Bug Detected!) [Query Latency: 3.302441 ms]
    -> SAT (WARNING: Potential Integer Overflow Bug Detected!) [Query Latency: 6.604251 ms]
    -> [mv] still SAT under 12 hypothesis candidate(s): not versionable
  -> Found UB Trap. Starting Backward Slice...
    -> Guard[0] (false edge of ''):  %225 = icmp samesign ult i64 %224, 3
    -> Guard[1] (true edge of ''):  %.not234 = icmp samesign ult i64 %166, %218
    -> Guard[2] (true edge of ''):  %.not233 = icmp samesign ult i64 %166, %212
    -> Guard[3] (false edge of ''):  %201 = icmp samesign ult i64 %200, 2
    -> Guard[4] (true edge of ''):  %.not232 = icmp samesign ult i64 %166, %194
    -> Guard[5] (true edge of ''):  %.not231 = icmp samesign ult i64 %166, %188
    -> Guard[6] (false edge of ''):  %177 = icmp eq i64 %176, 0
    -> Guard[7] (true edge of ''):  %.not230 = icmp samesign ult i64 %166, %170
    -> Guard[8] (false edge of ''):  %130 = icmp eq i64 %127, 0
    -> Guard[9] (false edge of ''):  %128 = icmp slt i64 %127, 0
    -> Guard[10] (false edge of ''):  %39 = icmp eq i8 %38, 1
    -> Guard[11] (false edge of ''):  %18 = icmp eq i64 %17, 0
    -> Guard[12] (false edge of 'entry'):  %6 = icmp samesign ult i64 %5, 2
    -> Collected 13 dominating context guard(s).
    -> Frame refused (clobber between loads):  %127 = load i64, ptr @"$s5nbody1nSivp", align 8  vs  %.pre = load i64, ptr @"$s5nbody1nSivp", align 8
         clobber:   call void @swift_endAccess(ptr nonnull %access-scratch56) #2
    -> Frame refused (clobber between loads):  %127 = load i64, ptr @"$s5nbody1nSivp", align 8  vs  %447 = load i64, ptr @"$s5nbody1nSivp", align 8
         clobber: (MemoryPhi: clobber on some incoming arm)
    -> Frame refused (clobber between loads):  %127 = load i64, ptr @"$s5nbody1nSivp", align 8  vs  %451 = load i64, ptr @"$s5nbody1nSivp", align 8
         clobber: (MemoryPhi: clobber on some incoming arm)
    -> Frame refused (clobber between loads):  %127 = load i64, ptr @"$s5nbody1nSivp", align 8  vs  %.pr = load i64, ptr @"$s5nbody1nSivp", align 8
         clobber: (MemoryPhi: clobber on some incoming arm)
    -> Frame refused (clobber between loads):  %127 = load i64, ptr @"$s5nbody1nSivp", align 8  vs  %462 = load i64, ptr @"$s5nbody1nSivp", align 8
         clobber: (MemoryPhi: clobber on some incoming arm)
    -> Frame refused (clobber between loads):  %127 = load i64, ptr @"$s5nbody1nSivp", align 8  vs  %769 = load i64, ptr @"$s5nbody1nSivp", align 8
         clobber: (MemoryPhi: clobber on some incoming arm)
    -> [go3] 0 leaf-closure instruction(s) encoded
    -> Fact[RM:0] i64 %5 in [0,9223372036854775807) (!range)
    -> Fact[KB:1] i64 %5 known bits zero=0x9223372036854775808 one=0x0
    -> Fact[KB:2] i64 %166 known bits zero=0x9223372036854775808 one=0x0
    -> Fact[LVI:3] i64 %166 in [0,9223372036854775806) (LVI @ )
    -> Fact[SCEV:4] i64 %166 in [0,9223372036854775807) (SCEV unsigned)
    -> Fact[SCEV:5] i64 %166 in [0,9223372036854775807) (SCEV signed)
    -> Fact[SCEVSYM:6] i64 %166 - start(0) <=u BTC((9223372036854775806 umin (-1 + %127))) (SCEV symbolic trip count, sub-form)
    -> Fact[PHIINV-hi:7] i64 %166 == i64 0 || ne(i64 %166, i64 %127) (latch-implied bound, 1-induction)
    -> Fact[PHIINV-lo:8] i64 %166 >=s i64 0 (monotone nsw increments, 1 arm(s))
    -> Fact[RM:9] i64 %170 in [0,9223372036854775807) (!range)
    -> Fact[KB:10] i64 %170 known bits zero=0x9223372036854775808 one=0x0
    -> Fact[LVI:11] i64 %170 in [1,9223372036854775807) (LVI @ )
    -> Fact[RM:12] i64 %176 in [0,9223372036854775807) (!range)
    -> Fact[KB:13] i64 %176 known bits zero=0x9223372036854775808 one=0x0
    -> Fact[LVI:14] i64 %176 in [1,9223372036854775807) (LVI @ )
    -> Fact[RM:15] i64 %188 in [0,9223372036854775807) (!range)
    -> Fact[KB:16] i64 %188 known bits zero=0x9223372036854775808 one=0x0
    -> Fact[LVI:17] i64 %188 in [1,9223372036854775807) (LVI @ )
    -> Fact[RM:18] i64 %194 in [0,9223372036854775807) (!range)
    -> Fact[KB:19] i64 %194 known bits zero=0x9223372036854775808 one=0x0
    -> Fact[LVI:20] i64 %194 in [1,9223372036854775807) (LVI @ )
    -> Fact[RM:21] i64 %200 in [0,9223372036854775807) (!range)
    -> Fact[KB:22] i64 %200 known bits zero=0x9223372036854775808 one=0x0
    -> Fact[LVI:23] i64 %200 in [2,9223372036854775807) (LVI @ )
    -> Fact[RM:24] i64 %212 in [0,9223372036854775807) (!range)
    -> Fact[KB:25] i64 %212 known bits zero=0x9223372036854775808 one=0x0
    -> Fact[LVI:26] i64 %212 in [1,9223372036854775807) (LVI @ )
    -> Fact[RM:27] i64 %218 in [0,9223372036854775807) (!range)
    -> Fact[KB:28] i64 %218 known bits zero=0x9223372036854775808 one=0x0
    -> Fact[LVI:29] i64 %218 in [1,9223372036854775807) (LVI @ )
    -> Fact[RM:30] i64 %224 in [0,9223372036854775807) (!range)
    -> Fact[KB:31] i64 %224 known bits zero=0x9223372036854775808 one=0x0
    -> Fact[LVI:32] i64 %224 in [3,9223372036854775807) (LVI @ )
    -> Fact[RM:33] i64 %236 in [0,9223372036854775807) (!range)
    -> Fact[KB:34] i64 %236 known bits zero=0x9223372036854775808 one=0x0
    -> [heavy] 35 analysis fact(s) on 31 boundary value(s)
    -> [mv] T3: not a bounds shape (idx vs invariant count)
    -> [ind L0] BASE (1 phi(s) = entry): SAT (WARNING: Potential Integer Overflow Bug Detected!) [Query Latency: 3.882076 ms]
    -> SAT (WARNING: Potential Integer Overflow Bug Detected!) [Query Latency: 6.778557 ms]
    -> [mv] still SAT under 12 hypothesis candidate(s): not versionable
  -> Found UB Trap. Starting Backward Slice...
    -> Guard[0] (true edge of ''):  %.not235 = icmp samesign ult i64 %166, %236
    -> Guard[1] (false edge of ''):  %225 = icmp samesign ult i64 %224, 3
    -> Guard[2] (true edge of ''):  %.not234 = icmp samesign ult i64 %166, %218
    -> Guard[3] (true edge of ''):  %.not233 = icmp samesign ult i64 %166, %212
    -> Guard[4] (false edge of ''):  %201 = icmp samesign ult i64 %200, 2
    -> Guard[5] (true edge of ''):  %.not232 = icmp samesign ult i64 %166, %194
    -> Guard[6] (true edge of ''):  %.not231 = icmp samesign ult i64 %166, %188
    -> Guard[7] (false edge of ''):  %177 = icmp eq i64 %176, 0
    -> Guard[8] (true edge of ''):  %.not230 = icmp samesign ult i64 %166, %170
    -> Guard[9] (false edge of ''):  %130 = icmp eq i64 %127, 0
    -> Guard[10] (false edge of ''):  %128 = icmp slt i64 %127, 0
    -> Guard[11] (false edge of ''):  %39 = icmp eq i8 %38, 1
    -> Guard[12] (false edge of ''):  %18 = icmp eq i64 %17, 0
    -> Guard[13] (false edge of 'entry'):  %6 = icmp samesign ult i64 %5, 2
    -> Collected 14 dominating context guard(s).
    -> Frame refused (clobber between loads):  %127 = load i64, ptr @"$s5nbody1nSivp", align 8  vs  %.pre = load i64, ptr @"$s5nbody1nSivp", align 8
         clobber:   call void @swift_endAccess(ptr nonnull %access-scratch56) #2
    -> Frame refused (clobber between loads):  %127 = load i64, ptr @"$s5nbody1nSivp", align 8  vs  %447 = load i64, ptr @"$s5nbody1nSivp", align 8
         clobber: (MemoryPhi: clobber on some incoming arm)
    -> Frame refused (clobber between loads):  %127 = load i64, ptr @"$s5nbody1nSivp", align 8  vs  %451 = load i64, ptr @"$s5nbody1nSivp", align 8
         clobber: (MemoryPhi: clobber on some incoming arm)
    -> Frame refused (clobber between loads):  %127 = load i64, ptr @"$s5nbody1nSivp", align 8  vs  %.pr = load i64, ptr @"$s5nbody1nSivp", align 8
         clobber: (MemoryPhi: clobber on some incoming arm)
    -> Frame refused (clobber between loads):  %127 = load i64, ptr @"$s5nbody1nSivp", align 8  vs  %462 = load i64, ptr @"$s5nbody1nSivp", align 8
         clobber: (MemoryPhi: clobber on some incoming arm)
    -> Frame refused (clobber between loads):  %127 = load i64, ptr @"$s5nbody1nSivp", align 8  vs  %769 = load i64, ptr @"$s5nbody1nSivp", align 8
         clobber: (MemoryPhi: clobber on some incoming arm)
    -> [go3] 0 leaf-closure instruction(s) encoded
    -> Fact[RM:0] i64 %5 in [0,9223372036854775807) (!range)
    -> Fact[KB:1] i64 %5 known bits zero=0x9223372036854775808 one=0x0
    -> Fact[KB:2] i64 %166 known bits zero=0x9223372036854775808 one=0x0
    -> Fact[LVI:3] i64 %166 in [0,9223372036854775806) (LVI @ )
    -> Fact[SCEV:4] i64 %166 in [0,9223372036854775807) (SCEV unsigned)
    -> Fact[SCEV:5] i64 %166 in [0,9223372036854775807) (SCEV signed)
    -> Fact[SCEVSYM:6] i64 %166 - start(0) <=u BTC((9223372036854775806 umin (-1 + %127))) (SCEV symbolic trip count, sub-form)
    -> Fact[PHIINV-hi:7] i64 %166 == i64 0 || ne(i64 %166, i64 %127) (latch-implied bound, 1-induction)
    -> Fact[PHIINV-lo:8] i64 %166 >=s i64 0 (monotone nsw increments, 1 arm(s))
    -> Fact[RM:9] i64 %170 in [0,9223372036854775807) (!range)
    -> Fact[KB:10] i64 %170 known bits zero=0x9223372036854775808 one=0x0
    -> Fact[LVI:11] i64 %170 in [1,9223372036854775807) (LVI @ )
    -> Fact[RM:12] i64 %176 in [0,9223372036854775807) (!range)
    -> Fact[KB:13] i64 %176 known bits zero=0x9223372036854775808 one=0x0
    -> Fact[LVI:14] i64 %176 in [1,9223372036854775807) (LVI @ )
    -> Fact[RM:15] i64 %188 in [0,9223372036854775807) (!range)
    -> Fact[KB:16] i64 %188 known bits zero=0x9223372036854775808 one=0x0
    -> Fact[LVI:17] i64 %188 in [1,9223372036854775807) (LVI @ )
    -> Fact[RM:18] i64 %194 in [0,9223372036854775807) (!range)
    -> Fact[KB:19] i64 %194 known bits zero=0x9223372036854775808 one=0x0
    -> Fact[LVI:20] i64 %194 in [1,9223372036854775807) (LVI @ )
    -> Fact[RM:21] i64 %200 in [0,9223372036854775807) (!range)
    -> Fact[KB:22] i64 %200 known bits zero=0x9223372036854775808 one=0x0
    -> Fact[LVI:23] i64 %200 in [2,9223372036854775807) (LVI @ )
    -> Fact[RM:24] i64 %212 in [0,9223372036854775807) (!range)
    -> Fact[KB:25] i64 %212 known bits zero=0x9223372036854775808 one=0x0
    -> Fact[LVI:26] i64 %212 in [1,9223372036854775807) (LVI @ )
    -> Fact[RM:27] i64 %218 in [0,9223372036854775807) (!range)
    -> Fact[KB:28] i64 %218 known bits zero=0x9223372036854775808 one=0x0
    -> Fact[LVI:29] i64 %218 in [1,9223372036854775807) (LVI @ )
    -> Fact[RM:30] i64 %224 in [0,9223372036854775807) (!range)
    -> Fact[KB:31] i64 %224 known bits zero=0x9223372036854775808 one=0x0
    -> Fact[LVI:32] i64 %224 in [3,9223372036854775807) (LVI @ )
    -> Fact[RM:33] i64 %236 in [0,9223372036854775807) (!range)
    -> Fact[KB:34] i64 %236 known bits zero=0x9223372036854775808 one=0x0
    -> Fact[LVI:35] i64 %236 in [1,9223372036854775807) (LVI @ )
    -> Fact[RM:36] i64 %242 in [0,9223372036854775807) (!range)
    -> Fact[KB:37] i64 %242 known bits zero=0x9223372036854775808 one=0x0
    -> [heavy] 38 analysis fact(s) on 32 boundary value(s)
    -> [mv] T3: not a bounds shape (idx vs invariant count)
    -> [ind L0] BASE (1 phi(s) = entry): SAT (WARNING: Potential Integer Overflow Bug Detected!) [Query Latency: 3.701167 ms]
    -> SAT (WARNING: Potential Integer Overflow Bug Detected!) [Query Latency: 7.681705 ms]
    -> [mv] still SAT under 12 hypothesis candidate(s): not versionable
  -> Found UB Trap. Starting Backward Slice...
    -> Guard[0] (true edge of ''):  %.not236 = icmp samesign ult i64 %166, %242
    -> Guard[1] (true edge of ''):  %.not235 = icmp samesign ult i64 %166, %236
    -> Guard[2] (false edge of ''):  %225 = icmp samesign ult i64 %224, 3
    -> Guard[3] (true edge of ''):  %.not234 = icmp samesign ult i64 %166, %218
    -> Guard[4] (true edge of ''):  %.not233 = icmp samesign ult i64 %166, %212
    -> Guard[5] (false edge of ''):  %201 = icmp samesign ult i64 %200, 2
    -> Guard[6] (true edge of ''):  %.not232 = icmp samesign ult i64 %166, %194
    -> Guard[7] (true edge of ''):  %.not231 = icmp samesign ult i64 %166, %188
    -> Guard[8] (false edge of ''):  %177 = icmp eq i64 %176, 0
    -> Guard[9] (true edge of ''):  %.not230 = icmp samesign ult i64 %166, %170
    -> Guard[10] (false edge of ''):  %130 = icmp eq i64 %127, 0
    -> Guard[11] (false edge of ''):  %128 = icmp slt i64 %127, 0
    -> Guard[12] (false edge of ''):  %39 = icmp eq i8 %38, 1
    -> Guard[13] (false edge of ''):  %18 = icmp eq i64 %17, 0
    -> Guard[14] (false edge of 'entry'):  %6 = icmp samesign ult i64 %5, 2
    -> Collected 15 dominating context guard(s).
    -> Frame refused (clobber between loads):  %127 = load i64, ptr @"$s5nbody1nSivp", align 8  vs  %.pre = load i64, ptr @"$s5nbody1nSivp", align 8
         clobber:   call void @swift_endAccess(ptr nonnull %access-scratch56) #2
    -> Frame refused (clobber between loads):  %127 = load i64, ptr @"$s5nbody1nSivp", align 8  vs  %447 = load i64, ptr @"$s5nbody1nSivp", align 8
         clobber: (MemoryPhi: clobber on some incoming arm)
    -> Frame refused (clobber between loads):  %127 = load i64, ptr @"$s5nbody1nSivp", align 8  vs  %451 = load i64, ptr @"$s5nbody1nSivp", align 8
         clobber: (MemoryPhi: clobber on some incoming arm)
    -> Frame refused (clobber between loads):  %127 = load i64, ptr @"$s5nbody1nSivp", align 8  vs  %.pr = load i64, ptr @"$s5nbody1nSivp", align 8
         clobber: (MemoryPhi: clobber on some incoming arm)
    -> Frame refused (clobber between loads):  %127 = load i64, ptr @"$s5nbody1nSivp", align 8  vs  %462 = load i64, ptr @"$s5nbody1nSivp", align 8
         clobber: (MemoryPhi: clobber on some incoming arm)
    -> Frame refused (clobber between loads):  %127 = load i64, ptr @"$s5nbody1nSivp", align 8  vs  %769 = load i64, ptr @"$s5nbody1nSivp", align 8
         clobber: (MemoryPhi: clobber on some incoming arm)
    -> [go3] 0 leaf-closure instruction(s) encoded
    -> Fact[RM:0] i64 %5 in [0,9223372036854775807) (!range)
    -> Fact[KB:1] i64 %5 known bits zero=0x9223372036854775808 one=0x0
    -> Fact[KB:2] i64 %166 known bits zero=0x9223372036854775808 one=0x0
    -> Fact[LVI:3] i64 %166 in [0,9223372036854775806) (LVI @ )
    -> Fact[SCEV:4] i64 %166 in [0,9223372036854775807) (SCEV unsigned)
    -> Fact[SCEV:5] i64 %166 in [0,9223372036854775807) (SCEV signed)
    -> Fact[SCEVSYM:6] i64 %166 - start(0) <=u BTC((9223372036854775806 umin (-1 + %127))) (SCEV symbolic trip count, sub-form)
    -> Fact[PHIINV-hi:7] i64 %166 == i64 0 || ne(i64 %166, i64 %127) (latch-implied bound, 1-induction)
    -> Fact[PHIINV-lo:8] i64 %166 >=s i64 0 (monotone nsw increments, 1 arm(s))
    -> Fact[RM:9] i64 %170 in [0,9223372036854775807) (!range)
    -> Fact[KB:10] i64 %170 known bits zero=0x9223372036854775808 one=0x0
    -> Fact[LVI:11] i64 %170 in [1,9223372036854775807) (LVI @ )
    -> Fact[RM:12] i64 %176 in [0,9223372036854775807) (!range)
    -> Fact[KB:13] i64 %176 known bits zero=0x9223372036854775808 one=0x0
    -> Fact[LVI:14] i64 %176 in [1,9223372036854775807) (LVI @ )
    -> Fact[RM:15] i64 %188 in [0,9223372036854775807) (!range)
    -> Fact[KB:16] i64 %188 known bits zero=0x9223372036854775808 one=0x0
    -> Fact[LVI:17] i64 %188 in [1,9223372036854775807) (LVI @ )
    -> Fact[RM:18] i64 %194 in [0,9223372036854775807) (!range)
    -> Fact[KB:19] i64 %194 known bits zero=0x9223372036854775808 one=0x0
    -> Fact[LVI:20] i64 %194 in [1,9223372036854775807) (LVI @ )
    -> Fact[RM:21] i64 %200 in [0,9223372036854775807) (!range)
    -> Fact[KB:22] i64 %200 known bits zero=0x9223372036854775808 one=0x0
    -> Fact[LVI:23] i64 %200 in [2,9223372036854775807) (LVI @ )
    -> Fact[RM:24] i64 %212 in [0,9223372036854775807) (!range)
    -> Fact[KB:25] i64 %212 known bits zero=0x9223372036854775808 one=0x0
    -> Fact[LVI:26] i64 %212 in [1,9223372036854775807) (LVI @ )
    -> Fact[RM:27] i64 %218 in [0,9223372036854775807) (!range)
    -> Fact[KB:28] i64 %218 known bits zero=0x9223372036854775808 one=0x0
    -> Fact[LVI:29] i64 %218 in [1,9223372036854775807) (LVI @ )
    -> Fact[RM:30] i64 %224 in [0,9223372036854775807) (!range)
    -> Fact[KB:31] i64 %224 known bits zero=0x9223372036854775808 one=0x0
    -> Fact[LVI:32] i64 %224 in [3,9223372036854775807) (LVI @ )
    -> Fact[RM:33] i64 %236 in [0,9223372036854775807) (!range)
    -> Fact[KB:34] i64 %236 known bits zero=0x9223372036854775808 one=0x0
    -> Fact[LVI:35] i64 %236 in [1,9223372036854775807) (LVI @ )
    -> Fact[RM:36] i64 %242 in [0,9223372036854775807) (!range)
    -> Fact[KB:37] i64 %242 known bits zero=0x9223372036854775808 one=0x0
    -> Fact[LVI:38] i64 %242 in [1,9223372036854775807) (LVI @ )
    -> Fact[RM:39] i64 %248 in [0,9223372036854775807) (!range)
    -> Fact[KB:40] i64 %248 known bits zero=0x9223372036854775808 one=0x0
    -> [heavy] 41 analysis fact(s) on 33 boundary value(s)
    -> [mv] T3: not a bounds shape (idx vs invariant count)
    -> [ind L0] BASE (1 phi(s) = entry): SAT (WARNING: Potential Integer Overflow Bug Detected!) [Query Latency: 3.682841 ms]
    -> SAT (WARNING: Potential Integer Overflow Bug Detected!) [Query Latency: 5.434743 ms]
    -> [mv] still SAT under 12 hypothesis candidate(s): not versionable
  -> Found UB Trap. Starting Backward Slice...
    -> Guard[0] (false edge of ''):  %249 = icmp samesign ult i64 %248, 4
    -> Guard[1] (true edge of ''):  %.not236 = icmp samesign ult i64 %166, %242
    -> Guard[2] (true edge of ''):  %.not235 = icmp samesign ult i64 %166, %236
    -> Guard[3] (false edge of ''):  %225 = icmp samesign ult i64 %224, 3
    -> Guard[4] (true edge of ''):  %.not234 = icmp samesign ult i64 %166, %218
    -> Guard[5] (true edge of ''):  %.not233 = icmp samesign ult i64 %166, %212
    -> Guard[6] (false edge of ''):  %201 = icmp samesign ult i64 %200, 2
    -> Guard[7] (true edge of ''):  %.not232 = icmp samesign ult i64 %166, %194
    -> Guard[8] (true edge of ''):  %.not231 = icmp samesign ult i64 %166, %188
    -> Guard[9] (false edge of ''):  %177 = icmp eq i64 %176, 0
    -> Guard[10] (true edge of ''):  %.not230 = icmp samesign ult i64 %166, %170
    -> Guard[11] (false edge of ''):  %130 = icmp eq i64 %127, 0
    -> Guard[12] (false edge of ''):  %128 = icmp slt i64 %127, 0
    -> Guard[13] (false edge of ''):  %39 = icmp eq i8 %38, 1
    -> Guard[14] (false edge of ''):  %18 = icmp eq i64 %17, 0
    -> Guard[15] (false edge of 'entry'):  %6 = icmp samesign ult i64 %5, 2
    -> Collected 16 dominating context guard(s).
    -> Frame refused (clobber between loads):  %127 = load i64, ptr @"$s5nbody1nSivp", align 8  vs  %.pre = load i64, ptr @"$s5nbody1nSivp", align 8
         clobber:   call void @swift_endAccess(ptr nonnull %access-scratch56) #2
    -> Frame refused (clobber between loads):  %127 = load i64, ptr @"$s5nbody1nSivp", align 8  vs  %447 = load i64, ptr @"$s5nbody1nSivp", align 8
         clobber: (MemoryPhi: clobber on some incoming arm)
    -> Frame refused (clobber between loads):  %127 = load i64, ptr @"$s5nbody1nSivp", align 8  vs  %451 = load i64, ptr @"$s5nbody1nSivp", align 8
         clobber: (MemoryPhi: clobber on some incoming arm)
    -> Frame refused (clobber between loads):  %127 = load i64, ptr @"$s5nbody1nSivp", align 8  vs  %.pr = load i64, ptr @"$s5nbody1nSivp", align 8
         clobber: (MemoryPhi: clobber on some incoming arm)
    -> Frame refused (clobber between loads):  %127 = load i64, ptr @"$s5nbody1nSivp", align 8  vs  %462 = load i64, ptr @"$s5nbody1nSivp", align 8
         clobber: (MemoryPhi: clobber on some incoming arm)
    -> Frame refused (clobber between loads):  %127 = load i64, ptr @"$s5nbody1nSivp", align 8  vs  %769 = load i64, ptr @"$s5nbody1nSivp", align 8
         clobber: (MemoryPhi: clobber on some incoming arm)
    -> [go3] 0 leaf-closure instruction(s) encoded
    -> Fact[RM:0] i64 %5 in [0,9223372036854775807) (!range)
    -> Fact[KB:1] i64 %5 known bits zero=0x9223372036854775808 one=0x0
    -> Fact[KB:2] i64 %166 known bits zero=0x9223372036854775808 one=0x0
    -> Fact[LVI:3] i64 %166 in [0,9223372036854775806) (LVI @ )
    -> Fact[SCEV:4] i64 %166 in [0,9223372036854775807) (SCEV unsigned)
    -> Fact[SCEV:5] i64 %166 in [0,9223372036854775807) (SCEV signed)
    -> Fact[SCEVSYM:6] i64 %166 - start(0) <=u BTC((9223372036854775806 umin (-1 + %127))) (SCEV symbolic trip count, sub-form)
    -> Fact[PHIINV-hi:7] i64 %166 == i64 0 || ne(i64 %166, i64 %127) (latch-implied bound, 1-induction)
    -> Fact[PHIINV-lo:8] i64 %166 >=s i64 0 (monotone nsw increments, 1 arm(s))
    -> Fact[RM:9] i64 %170 in [0,9223372036854775807) (!range)
    -> Fact[KB:10] i64 %170 known bits zero=0x9223372036854775808 one=0x0
    -> Fact[LVI:11] i64 %170 in [1,9223372036854775807) (LVI @ )
    -> Fact[RM:12] i64 %176 in [0,9223372036854775807) (!range)
    -> Fact[KB:13] i64 %176 known bits zero=0x9223372036854775808 one=0x0
    -> Fact[LVI:14] i64 %176 in [1,9223372036854775807) (LVI @ )
    -> Fact[RM:15] i64 %188 in [0,9223372036854775807) (!range)
    -> Fact[KB:16] i64 %188 known bits zero=0x9223372036854775808 one=0x0
    -> Fact[LVI:17] i64 %188 in [1,9223372036854775807) (LVI @ )
    -> Fact[RM:18] i64 %194 in [0,9223372036854775807) (!range)
    -> Fact[KB:19] i64 %194 known bits zero=0x9223372036854775808 one=0x0
    -> Fact[LVI:20] i64 %194 in [1,9223372036854775807) (LVI @ )
    -> Fact[RM:21] i64 %200 in [0,9223372036854775807) (!range)
    -> Fact[KB:22] i64 %200 known bits zero=0x9223372036854775808 one=0x0
    -> Fact[LVI:23] i64 %200 in [2,9223372036854775807) (LVI @ )
    -> Fact[RM:24] i64 %212 in [0,9223372036854775807) (!range)
    -> Fact[KB:25] i64 %212 known bits zero=0x9223372036854775808 one=0x0
    -> Fact[LVI:26] i64 %212 in [1,9223372036854775807) (LVI @ )
    -> Fact[RM:27] i64 %218 in [0,9223372036854775807) (!range)
    -> Fact[KB:28] i64 %218 known bits zero=0x9223372036854775808 one=0x0
    -> Fact[LVI:29] i64 %218 in [1,9223372036854775807) (LVI @ )
    -> Fact[RM:30] i64 %224 in [0,9223372036854775807) (!range)
    -> Fact[KB:31] i64 %224 known bits zero=0x9223372036854775808 one=0x0
    -> Fact[LVI:32] i64 %224 in [3,9223372036854775807) (LVI @ )
    -> Fact[RM:33] i64 %236 in [0,9223372036854775807) (!range)
    -> Fact[KB:34] i64 %236 known bits zero=0x9223372036854775808 one=0x0
    -> Fact[LVI:35] i64 %236 in [1,9223372036854775807) (LVI @ )
    -> Fact[RM:36] i64 %242 in [0,9223372036854775807) (!range)
    -> Fact[KB:37] i64 %242 known bits zero=0x9223372036854775808 one=0x0
    -> Fact[LVI:38] i64 %242 in [1,9223372036854775807) (LVI @ )
    -> Fact[RM:39] i64 %248 in [0,9223372036854775807) (!range)
    -> Fact[KB:40] i64 %248 known bits zero=0x9223372036854775808 one=0x0
    -> Fact[LVI:41] i64 %248 in [4,9223372036854775807) (LVI @ )
    -> Fact[RM:42] i64 %261 in [0,9223372036854775807) (!range)
    -> Fact[KB:43] i64 %261 known bits zero=0x9223372036854775808 one=0x0
    -> [heavy] 44 analysis fact(s) on 34 boundary value(s)
    -> [mv] T3: not a bounds shape (idx vs invariant count)
    -> [ind L0] BASE (1 phi(s) = entry): SAT (WARNING: Potential Integer Overflow Bug Detected!) [Query Latency: 4.039299 ms]
    -> SAT (WARNING: Potential Integer Overflow Bug Detected!) [Query Latency: 10.947571 ms]
    -> [mv] still SAT under 12 hypothesis candidate(s): not versionable
  -> Found UB Trap. Starting Backward Slice...
    -> Guard[0] (true edge of ''):  %.not237 = icmp samesign ult i64 %166, %261
    -> Guard[1] (false edge of ''):  %249 = icmp samesign ult i64 %248, 4
    -> Guard[2] (true edge of ''):  %.not236 = icmp samesign ult i64 %166, %242
    -> Guard[3] (true edge of ''):  %.not235 = icmp samesign ult i64 %166, %236
    -> Guard[4] (false edge of ''):  %225 = icmp samesign ult i64 %224, 3
    -> Guard[5] (true edge of ''):  %.not234 = icmp samesign ult i64 %166, %218
    -> Guard[6] (true edge of ''):  %.not233 = icmp samesign ult i64 %166, %212
    -> Guard[7] (false edge of ''):  %201 = icmp samesign ult i64 %200, 2
    -> Guard[8] (true edge of ''):  %.not232 = icmp samesign ult i64 %166, %194
    -> Guard[9] (true edge of ''):  %.not231 = icmp samesign ult i64 %166, %188
    -> Guard[10] (false edge of ''):  %177 = icmp eq i64 %176, 0
    -> Guard[11] (true edge of ''):  %.not230 = icmp samesign ult i64 %166, %170
    -> Guard[12] (false edge of ''):  %130 = icmp eq i64 %127, 0
    -> Guard[13] (false edge of ''):  %128 = icmp slt i64 %127, 0
    -> Guard[14] (false edge of ''):  %39 = icmp eq i8 %38, 1
    -> Guard[15] (false edge of ''):  %18 = icmp eq i64 %17, 0
    -> Guard[16] (false edge of 'entry'):  %6 = icmp samesign ult i64 %5, 2
    -> Collected 17 dominating context guard(s).
    -> Frame refused (clobber between loads):  %127 = load i64, ptr @"$s5nbody1nSivp", align 8  vs  %.pre = load i64, ptr @"$s5nbody1nSivp", align 8
         clobber:   call void @swift_endAccess(ptr nonnull %access-scratch56) #2
    -> Frame refused (clobber between loads):  %127 = load i64, ptr @"$s5nbody1nSivp", align 8  vs  %447 = load i64, ptr @"$s5nbody1nSivp", align 8
         clobber: (MemoryPhi: clobber on some incoming arm)
    -> Frame refused (clobber between loads):  %127 = load i64, ptr @"$s5nbody1nSivp", align 8  vs  %451 = load i64, ptr @"$s5nbody1nSivp", align 8
         clobber: (MemoryPhi: clobber on some incoming arm)
    -> Frame refused (clobber between loads):  %127 = load i64, ptr @"$s5nbody1nSivp", align 8  vs  %.pr = load i64, ptr @"$s5nbody1nSivp", align 8
         clobber: (MemoryPhi: clobber on some incoming arm)
    -> Frame refused (clobber between loads):  %127 = load i64, ptr @"$s5nbody1nSivp", align 8  vs  %462 = load i64, ptr @"$s5nbody1nSivp", align 8
         clobber: (MemoryPhi: clobber on some incoming arm)
    -> Frame refused (clobber between loads):  %127 = load i64, ptr @"$s5nbody1nSivp", align 8  vs  %769 = load i64, ptr @"$s5nbody1nSivp", align 8
         clobber: (MemoryPhi: clobber on some incoming arm)
    -> [go3] 0 leaf-closure instruction(s) encoded
    -> Fact[RM:0] i64 %5 in [0,9223372036854775807) (!range)
    -> Fact[KB:1] i64 %5 known bits zero=0x9223372036854775808 one=0x0
    -> Fact[KB:2] i64 %166 known bits zero=0x9223372036854775808 one=0x0
    -> Fact[LVI:3] i64 %166 in [0,9223372036854775806) (LVI @ )
    -> Fact[SCEV:4] i64 %166 in [0,9223372036854775807) (SCEV unsigned)
    -> Fact[SCEV:5] i64 %166 in [0,9223372036854775807) (SCEV signed)
    -> Fact[SCEVSYM:6] i64 %166 - start(0) <=u BTC((9223372036854775806 umin (-1 + %127))) (SCEV symbolic trip count, sub-form)
    -> Fact[PHIINV-hi:7] i64 %166 == i64 0 || ne(i64 %166, i64 %127) (latch-implied bound, 1-induction)
    -> Fact[PHIINV-lo:8] i64 %166 >=s i64 0 (monotone nsw increments, 1 arm(s))
    -> Fact[RM:9] i64 %170 in [0,9223372036854775807) (!range)
    -> Fact[KB:10] i64 %170 known bits zero=0x9223372036854775808 one=0x0
    -> Fact[LVI:11] i64 %170 in [1,9223372036854775807) (LVI @ )
    -> Fact[RM:12] i64 %176 in [0,9223372036854775807) (!range)
    -> Fact[KB:13] i64 %176 known bits zero=0x9223372036854775808 one=0x0
    -> Fact[LVI:14] i64 %176 in [1,9223372036854775807) (LVI @ )
    -> Fact[RM:15] i64 %188 in [0,9223372036854775807) (!range)
    -> Fact[KB:16] i64 %188 known bits zero=0x9223372036854775808 one=0x0
    -> Fact[LVI:17] i64 %188 in [1,9223372036854775807) (LVI @ )
    -> Fact[RM:18] i64 %194 in [0,9223372036854775807) (!range)
    -> Fact[KB:19] i64 %194 known bits zero=0x9223372036854775808 one=0x0
    -> Fact[LVI:20] i64 %194 in [1,9223372036854775807) (LVI @ )
    -> Fact[RM:21] i64 %200 in [0,9223372036854775807) (!range)
    -> Fact[KB:22] i64 %200 known bits zero=0x9223372036854775808 one=0x0
    -> Fact[LVI:23] i64 %200 in [2,9223372036854775807) (LVI @ )
    -> Fact[RM:24] i64 %212 in [0,9223372036854775807) (!range)
    -> Fact[KB:25] i64 %212 known bits zero=0x9223372036854775808 one=0x0
    -> Fact[LVI:26] i64 %212 in [1,9223372036854775807) (LVI @ )
    -> Fact[RM:27] i64 %218 in [0,9223372036854775807) (!range)
    -> Fact[KB:28] i64 %218 known bits zero=0x9223372036854775808 one=0x0
    -> Fact[LVI:29] i64 %218 in [1,9223372036854775807) (LVI @ )
    -> Fact[RM:30] i64 %224 in [0,9223372036854775807) (!range)
    -> Fact[KB:31] i64 %224 known bits zero=0x9223372036854775808 one=0x0
    -> Fact[LVI:32] i64 %224 in [3,9223372036854775807) (LVI @ )
    -> Fact[RM:33] i64 %236 in [0,9223372036854775807) (!range)
    -> Fact[KB:34] i64 %236 known bits zero=0x9223372036854775808 one=0x0
    -> Fact[LVI:35] i64 %236 in [1,9223372036854775807) (LVI @ )
    -> Fact[RM:36] i64 %242 in [0,9223372036854775807) (!range)
    -> Fact[KB:37] i64 %242 known bits zero=0x9223372036854775808 one=0x0
    -> Fact[LVI:38] i64 %242 in [1,9223372036854775807) (LVI @ )
    -> Fact[RM:39] i64 %248 in [0,9223372036854775807) (!range)
    -> Fact[KB:40] i64 %248 known bits zero=0x9223372036854775808 one=0x0
    -> Fact[LVI:41] i64 %248 in [4,9223372036854775807) (LVI @ )
    -> Fact[RM:42] i64 %261 in [0,9223372036854775807) (!range)
    -> Fact[KB:43] i64 %261 known bits zero=0x9223372036854775808 one=0x0
    -> Fact[LVI:44] i64 %261 in [1,9223372036854775807) (LVI @ )
    -> Fact[RM:45] i64 %268 in [0,9223372036854775807) (!range)
    -> Fact[KB:46] i64 %268 known bits zero=0x9223372036854775808 one=0x0
    -> [heavy] 47 analysis fact(s) on 35 boundary value(s)
    -> [mv] T3: not a bounds shape (idx vs invariant count)
    -> [ind L0] BASE (1 phi(s) = entry): SAT (WARNING: Potential Integer Overflow Bug Detected!) [Query Latency: 4.228685 ms]
    -> SAT (WARNING: Potential Integer Overflow Bug Detected!) [Query Latency: 7.067842 ms]
    -> [mv] still SAT under 12 hypothesis candidate(s): not versionable
  -> Found UB Trap. Starting Backward Slice...
    -> Guard[0] (true edge of ''):  %.not238 = icmp samesign ult i64 %166, %268
    -> Guard[1] (true edge of ''):  %.not237 = icmp samesign ult i64 %166, %261
    -> Guard[2] (false edge of ''):  %249 = icmp samesign ult i64 %248, 4
    -> Guard[3] (true edge of ''):  %.not236 = icmp samesign ult i64 %166, %242
    -> Guard[4] (true edge of ''):  %.not235 = icmp samesign ult i64 %166, %236
    -> Guard[5] (false edge of ''):  %225 = icmp samesign ult i64 %224, 3
    -> Guard[6] (true edge of ''):  %.not234 = icmp samesign ult i64 %166, %218
    -> Guard[7] (true edge of ''):  %.not233 = icmp samesign ult i64 %166, %212
    -> Guard[8] (false edge of ''):  %201 = icmp samesign ult i64 %200, 2
    -> Guard[9] (true edge of ''):  %.not232 = icmp samesign ult i64 %166, %194
    -> Guard[10] (true edge of ''):  %.not231 = icmp samesign ult i64 %166, %188
    -> Guard[11] (false edge of ''):  %177 = icmp eq i64 %176, 0
    -> Guard[12] (true edge of ''):  %.not230 = icmp samesign ult i64 %166, %170
    -> Guard[13] (false edge of ''):  %130 = icmp eq i64 %127, 0
    -> Guard[14] (false edge of ''):  %128 = icmp slt i64 %127, 0
    -> Guard[15] (false edge of ''):  %39 = icmp eq i8 %38, 1
    -> Guard[16] (false edge of ''):  %18 = icmp eq i64 %17, 0
    -> Guard[17] (false edge of 'entry'):  %6 = icmp samesign ult i64 %5, 2
    -> Collected 18 dominating context guard(s).
    -> Frame refused (clobber between loads):  %127 = load i64, ptr @"$s5nbody1nSivp", align 8  vs  %.pre = load i64, ptr @"$s5nbody1nSivp", align 8
         clobber:   call void @swift_endAccess(ptr nonnull %access-scratch56) #2
    -> Frame refused (clobber between loads):  %127 = load i64, ptr @"$s5nbody1nSivp", align 8  vs  %447 = load i64, ptr @"$s5nbody1nSivp", align 8
         clobber: (MemoryPhi: clobber on some incoming arm)
    -> Frame refused (clobber between loads):  %127 = load i64, ptr @"$s5nbody1nSivp", align 8  vs  %451 = load i64, ptr @"$s5nbody1nSivp", align 8
         clobber: (MemoryPhi: clobber on some incoming arm)
    -> Frame refused (clobber between loads):  %127 = load i64, ptr @"$s5nbody1nSivp", align 8  vs  %.pr = load i64, ptr @"$s5nbody1nSivp", align 8
         clobber: (MemoryPhi: clobber on some incoming arm)
    -> Frame refused (clobber between loads):  %127 = load i64, ptr @"$s5nbody1nSivp", align 8  vs  %462 = load i64, ptr @"$s5nbody1nSivp", align 8
         clobber: (MemoryPhi: clobber on some incoming arm)
    -> Frame refused (clobber between loads):  %127 = load i64, ptr @"$s5nbody1nSivp", align 8  vs  %769 = load i64, ptr @"$s5nbody1nSivp", align 8
         clobber: (MemoryPhi: clobber on some incoming arm)
    -> [go3] 0 leaf-closure instruction(s) encoded
    -> Fact[RM:0] i64 %5 in [0,9223372036854775807) (!range)
    -> Fact[KB:1] i64 %5 known bits zero=0x9223372036854775808 one=0x0
    -> Fact[KB:2] i64 %166 known bits zero=0x9223372036854775808 one=0x0
    -> Fact[LVI:3] i64 %166 in [0,9223372036854775806) (LVI @ )
    -> Fact[SCEV:4] i64 %166 in [0,9223372036854775807) (SCEV unsigned)
    -> Fact[SCEV:5] i64 %166 in [0,9223372036854775807) (SCEV signed)
    -> Fact[SCEVSYM:6] i64 %166 - start(0) <=u BTC((9223372036854775806 umin (-1 + %127))) (SCEV symbolic trip count, sub-form)
    -> Fact[PHIINV-hi:7] i64 %166 == i64 0 || ne(i64 %166, i64 %127) (latch-implied bound, 1-induction)
    -> Fact[PHIINV-lo:8] i64 %166 >=s i64 0 (monotone nsw increments, 1 arm(s))
    -> Fact[RM:9] i64 %170 in [0,9223372036854775807) (!range)
    -> Fact[KB:10] i64 %170 known bits zero=0x9223372036854775808 one=0x0
    -> Fact[LVI:11] i64 %170 in [1,9223372036854775807) (LVI @ )
    -> Fact[RM:12] i64 %176 in [0,9223372036854775807) (!range)
    -> Fact[KB:13] i64 %176 known bits zero=0x9223372036854775808 one=0x0
    -> Fact[LVI:14] i64 %176 in [1,9223372036854775807) (LVI @ )
    -> Fact[RM:15] i64 %188 in [0,9223372036854775807) (!range)
    -> Fact[KB:16] i64 %188 known bits zero=0x9223372036854775808 one=0x0
    -> Fact[LVI:17] i64 %188 in [1,9223372036854775807) (LVI @ )
    -> Fact[RM:18] i64 %194 in [0,9223372036854775807) (!range)
    -> Fact[KB:19] i64 %194 known bits zero=0x9223372036854775808 one=0x0
    -> Fact[LVI:20] i64 %194 in [1,9223372036854775807) (LVI @ )
    -> Fact[RM:21] i64 %200 in [0,9223372036854775807) (!range)
    -> Fact[KB:22] i64 %200 known bits zero=0x9223372036854775808 one=0x0
    -> Fact[LVI:23] i64 %200 in [2,9223372036854775807) (LVI @ )
    -> Fact[RM:24] i64 %212 in [0,9223372036854775807) (!range)
    -> Fact[KB:25] i64 %212 known bits zero=0x9223372036854775808 one=0x0
    -> Fact[LVI:26] i64 %212 in [1,9223372036854775807) (LVI @ )
    -> Fact[RM:27] i64 %218 in [0,9223372036854775807) (!range)
    -> Fact[KB:28] i64 %218 known bits zero=0x9223372036854775808 one=0x0
    -> Fact[LVI:29] i64 %218 in [1,9223372036854775807) (LVI @ )
    -> Fact[RM:30] i64 %224 in [0,9223372036854775807) (!range)
    -> Fact[KB:31] i64 %224 known bits zero=0x9223372036854775808 one=0x0
    -> Fact[LVI:32] i64 %224 in [3,9223372036854775807) (LVI @ )
    -> Fact[RM:33] i64 %236 in [0,9223372036854775807) (!range)
    -> Fact[KB:34] i64 %236 known bits zero=0x9223372036854775808 one=0x0
    -> Fact[LVI:35] i64 %236 in [1,9223372036854775807) (LVI @ )
    -> Fact[RM:36] i64 %242 in [0,9223372036854775807) (!range)
    -> Fact[KB:37] i64 %242 known bits zero=0x9223372036854775808 one=0x0
    -> Fact[LVI:38] i64 %242 in [1,9223372036854775807) (LVI @ )
    -> Fact[RM:39] i64 %248 in [0,9223372036854775807) (!range)
    -> Fact[KB:40] i64 %248 known bits zero=0x9223372036854775808 one=0x0
    -> Fact[LVI:41] i64 %248 in [4,9223372036854775807) (LVI @ )
    -> Fact[RM:42] i64 %261 in [0,9223372036854775807) (!range)
    -> Fact[KB:43] i64 %261 known bits zero=0x9223372036854775808 one=0x0
    -> Fact[LVI:44] i64 %261 in [1,9223372036854775807) (LVI @ )
    -> Fact[RM:45] i64 %268 in [0,9223372036854775807) (!range)
    -> Fact[KB:46] i64 %268 known bits zero=0x9223372036854775808 one=0x0
    -> Fact[LVI:47] i64 %268 in [1,9223372036854775807) (LVI @ )
    -> Fact[RM:48] i64 %274 in [0,9223372036854775807) (!range)
    -> Fact[KB:49] i64 %274 known bits zero=0x9223372036854775808 one=0x0
    -> [heavy] 50 analysis fact(s) on 36 boundary value(s)
    -> [mv] T3: not a bounds shape (idx vs invariant count)
    -> [ind L0] BASE (1 phi(s) = entry): SAT (WARNING: Potential Integer Overflow Bug Detected!) [Query Latency: 4.374379 ms]
    -> SAT (WARNING: Potential Integer Overflow Bug Detected!) [Query Latency: 7.959095 ms]
    -> [mv] still SAT under 12 hypothesis candidate(s): not versionable
  -> Found UB Trap. Starting Backward Slice...
    -> Guard[0] (false edge of ''):  %275 = icmp samesign ult i64 %274, 5
    -> Guard[1] (true edge of ''):  %.not238 = icmp samesign ult i64 %166, %268
    -> Guard[2] (true edge of ''):  %.not237 = icmp samesign ult i64 %166, %261
    -> Guard[3] (false edge of ''):  %249 = icmp samesign ult i64 %248, 4
    -> Guard[4] (true edge of ''):  %.not236 = icmp samesign ult i64 %166, %242
    -> Guard[5] (true edge of ''):  %.not235 = icmp samesign ult i64 %166, %236
    -> Guard[6] (false edge of ''):  %225 = icmp samesign ult i64 %224, 3
    -> Guard[7] (true edge of ''):  %.not234 = icmp samesign ult i64 %166, %218
    -> Guard[8] (true edge of ''):  %.not233 = icmp samesign ult i64 %166, %212
    -> Guard[9] (false edge of ''):  %201 = icmp samesign ult i64 %200, 2
    -> Guard[10] (true edge of ''):  %.not232 = icmp samesign ult i64 %166, %194
    -> Guard[11] (true edge of ''):  %.not231 = icmp samesign ult i64 %166, %188
    -> Guard[12] (false edge of ''):  %177 = icmp eq i64 %176, 0
    -> Guard[13] (true edge of ''):  %.not230 = icmp samesign ult i64 %166, %170
    -> Guard[14] (false edge of ''):  %130 = icmp eq i64 %127, 0
    -> Guard[15] (false edge of ''):  %128 = icmp slt i64 %127, 0
    -> Guard[16] (false edge of ''):  %39 = icmp eq i8 %38, 1
    -> Guard[17] (false edge of ''):  %18 = icmp eq i64 %17, 0
    -> Guard[18] (false edge of 'entry'):  %6 = icmp samesign ult i64 %5, 2
    -> Collected 19 dominating context guard(s).
    -> Frame refused (clobber between loads):  %127 = load i64, ptr @"$s5nbody1nSivp", align 8  vs  %.pre = load i64, ptr @"$s5nbody1nSivp", align 8
         clobber:   call void @swift_endAccess(ptr nonnull %access-scratch56) #2
    -> Frame refused (clobber between loads):  %127 = load i64, ptr @"$s5nbody1nSivp", align 8  vs  %447 = load i64, ptr @"$s5nbody1nSivp", align 8
         clobber: (MemoryPhi: clobber on some incoming arm)
    -> Frame refused (clobber between loads):  %127 = load i64, ptr @"$s5nbody1nSivp", align 8  vs  %451 = load i64, ptr @"$s5nbody1nSivp", align 8
         clobber: (MemoryPhi: clobber on some incoming arm)
    -> Frame refused (clobber between loads):  %127 = load i64, ptr @"$s5nbody1nSivp", align 8  vs  %.pr = load i64, ptr @"$s5nbody1nSivp", align 8
         clobber: (MemoryPhi: clobber on some incoming arm)
    -> Frame refused (clobber between loads):  %127 = load i64, ptr @"$s5nbody1nSivp", align 8  vs  %462 = load i64, ptr @"$s5nbody1nSivp", align 8
         clobber: (MemoryPhi: clobber on some incoming arm)
    -> Frame refused (clobber between loads):  %127 = load i64, ptr @"$s5nbody1nSivp", align 8  vs  %769 = load i64, ptr @"$s5nbody1nSivp", align 8
         clobber: (MemoryPhi: clobber on some incoming arm)
    -> [go3] 0 leaf-closure instruction(s) encoded
    -> Fact[RM:0] i64 %5 in [0,9223372036854775807) (!range)
    -> Fact[KB:1] i64 %5 known bits zero=0x9223372036854775808 one=0x0
    -> Fact[KB:2] i64 %166 known bits zero=0x9223372036854775808 one=0x0
    -> Fact[LVI:3] i64 %166 in [0,9223372036854775806) (LVI @ )
    -> Fact[SCEV:4] i64 %166 in [0,9223372036854775807) (SCEV unsigned)
    -> Fact[SCEV:5] i64 %166 in [0,9223372036854775807) (SCEV signed)
    -> Fact[SCEVSYM:6] i64 %166 - start(0) <=u BTC((9223372036854775806 umin (-1 + %127))) (SCEV symbolic trip count, sub-form)
    -> Fact[PHIINV-hi:7] i64 %166 == i64 0 || ne(i64 %166, i64 %127) (latch-implied bound, 1-induction)
    -> Fact[PHIINV-lo:8] i64 %166 >=s i64 0 (monotone nsw increments, 1 arm(s))
    -> Fact[RM:9] i64 %170 in [0,9223372036854775807) (!range)
    -> Fact[KB:10] i64 %170 known bits zero=0x9223372036854775808 one=0x0
    -> Fact[LVI:11] i64 %170 in [1,9223372036854775807) (LVI @ )
    -> Fact[RM:12] i64 %176 in [0,9223372036854775807) (!range)
    -> Fact[KB:13] i64 %176 known bits zero=0x9223372036854775808 one=0x0
    -> Fact[LVI:14] i64 %176 in [1,9223372036854775807) (LVI @ )
    -> Fact[RM:15] i64 %188 in [0,9223372036854775807) (!range)
    -> Fact[KB:16] i64 %188 known bits zero=0x9223372036854775808 one=0x0
    -> Fact[LVI:17] i64 %188 in [1,9223372036854775807) (LVI @ )
    -> Fact[RM:18] i64 %194 in [0,9223372036854775807) (!range)
    -> Fact[KB:19] i64 %194 known bits zero=0x9223372036854775808 one=0x0
    -> Fact[LVI:20] i64 %194 in [1,9223372036854775807) (LVI @ )
    -> Fact[RM:21] i64 %200 in [0,9223372036854775807) (!range)
    -> Fact[KB:22] i64 %200 known bits zero=0x9223372036854775808 one=0x0
    -> Fact[LVI:23] i64 %200 in [2,9223372036854775807) (LVI @ )
    -> Fact[RM:24] i64 %212 in [0,9223372036854775807) (!range)
    -> Fact[KB:25] i64 %212 known bits zero=0x9223372036854775808 one=0x0
    -> Fact[LVI:26] i64 %212 in [1,9223372036854775807) (LVI @ )
    -> Fact[RM:27] i64 %218 in [0,9223372036854775807) (!range)
    -> Fact[KB:28] i64 %218 known bits zero=0x9223372036854775808 one=0x0
    -> Fact[LVI:29] i64 %218 in [1,9223372036854775807) (LVI @ )
    -> Fact[RM:30] i64 %224 in [0,9223372036854775807) (!range)
    -> Fact[KB:31] i64 %224 known bits zero=0x9223372036854775808 one=0x0
    -> Fact[LVI:32] i64 %224 in [3,9223372036854775807) (LVI @ )
    -> Fact[RM:33] i64 %236 in [0,9223372036854775807) (!range)
    -> Fact[KB:34] i64 %236 known bits zero=0x9223372036854775808 one=0x0
    -> Fact[LVI:35] i64 %236 in [1,9223372036854775807) (LVI @ )
    -> Fact[RM:36] i64 %242 in [0,9223372036854775807) (!range)
    -> Fact[KB:37] i64 %242 known bits zero=0x9223372036854775808 one=0x0
    -> Fact[LVI:38] i64 %242 in [1,9223372036854775807) (LVI @ )
    -> Fact[RM:39] i64 %248 in [0,9223372036854775807) (!range)
    -> Fact[KB:40] i64 %248 known bits zero=0x9223372036854775808 one=0x0
    -> Fact[LVI:41] i64 %248 in [4,9223372036854775807) (LVI @ )
    -> Fact[RM:42] i64 %261 in [0,9223372036854775807) (!range)
    -> Fact[KB:43] i64 %261 known bits zero=0x9223372036854775808 one=0x0
    -> Fact[LVI:44] i64 %261 in [1,9223372036854775807) (LVI @ )
    -> Fact[RM:45] i64 %268 in [0,9223372036854775807) (!range)
    -> Fact[KB:46] i64 %268 known bits zero=0x9223372036854775808 one=0x0
    -> Fact[LVI:47] i64 %268 in [1,9223372036854775807) (LVI @ )
    -> Fact[RM:48] i64 %274 in [0,9223372036854775807) (!range)
    -> Fact[KB:49] i64 %274 known bits zero=0x9223372036854775808 one=0x0
    -> Fact[LVI:50] i64 %274 in [5,9223372036854775807) (LVI @ )
    -> Fact[RM:51] i64 %287 in [0,9223372036854775807) (!range)
    -> Fact[KB:52] i64 %287 known bits zero=0x9223372036854775808 one=0x0
    -> [heavy] 53 analysis fact(s) on 37 boundary value(s)
    -> [mv] T3: not a bounds shape (idx vs invariant count)
    -> [ind L0] BASE (1 phi(s) = entry): SAT (WARNING: Potential Integer Overflow Bug Detected!) [Query Latency: 4.288979 ms]
    -> SAT (WARNING: Potential Integer Overflow Bug Detected!) [Query Latency: 9.619158 ms]
    -> [mv] still SAT under 12 hypothesis candidate(s): not versionable
  -> Found UB Trap. Starting Backward Slice...
    -> Guard[0] (true edge of ''):  %.not239 = icmp samesign ult i64 %166, %287
    -> Guard[1] (false edge of ''):  %275 = icmp samesign ult i64 %274, 5
    -> Guard[2] (true edge of ''):  %.not238 = icmp samesign ult i64 %166, %268
    -> Guard[3] (true edge of ''):  %.not237 = icmp samesign ult i64 %166, %261
    -> Guard[4] (false edge of ''):  %249 = icmp samesign ult i64 %248, 4
    -> Guard[5] (true edge of ''):  %.not236 = icmp samesign ult i64 %166, %242
    -> Guard[6] (true edge of ''):  %.not235 = icmp samesign ult i64 %166, %236
    -> Guard[7] (false edge of ''):  %225 = icmp samesign ult i64 %224, 3
    -> Guard[8] (true edge of ''):  %.not234 = icmp samesign ult i64 %166, %218
    -> Guard[9] (true edge of ''):  %.not233 = icmp samesign ult i64 %166, %212
    -> Guard[10] (false edge of ''):  %201 = icmp samesign ult i64 %200, 2
    -> Guard[11] (true edge of ''):  %.not232 = icmp samesign ult i64 %166, %194
    -> Guard[12] (true edge of ''):  %.not231 = icmp samesign ult i64 %166, %188
    -> Guard[13] (false edge of ''):  %177 = icmp eq i64 %176, 0
    -> Guard[14] (true edge of ''):  %.not230 = icmp samesign ult i64 %166, %170
    -> Guard[15] (false edge of ''):  %130 = icmp eq i64 %127, 0
    -> Guard[16] (false edge of ''):  %128 = icmp slt i64 %127, 0
    -> Guard[17] (false edge of ''):  %39 = icmp eq i8 %38, 1
    -> Guard[18] (false edge of ''):  %18 = icmp eq i64 %17, 0
    -> Guard[19] (false edge of 'entry'):  %6 = icmp samesign ult i64 %5, 2
    -> Collected 20 dominating context guard(s).
    -> Frame refused (clobber between loads):  %127 = load i64, ptr @"$s5nbody1nSivp", align 8  vs  %.pre = load i64, ptr @"$s5nbody1nSivp", align 8
         clobber:   call void @swift_endAccess(ptr nonnull %access-scratch56) #2
    -> Frame refused (clobber between loads):  %127 = load i64, ptr @"$s5nbody1nSivp", align 8  vs  %447 = load i64, ptr @"$s5nbody1nSivp", align 8
         clobber: (MemoryPhi: clobber on some incoming arm)
    -> Frame refused (clobber between loads):  %127 = load i64, ptr @"$s5nbody1nSivp", align 8  vs  %451 = load i64, ptr @"$s5nbody1nSivp", align 8
         clobber: (MemoryPhi: clobber on some incoming arm)
    -> Frame refused (clobber between loads):  %127 = load i64, ptr @"$s5nbody1nSivp", align 8  vs  %.pr = load i64, ptr @"$s5nbody1nSivp", align 8
         clobber: (MemoryPhi: clobber on some incoming arm)
    -> Frame refused (clobber between loads):  %127 = load i64, ptr @"$s5nbody1nSivp", align 8  vs  %462 = load i64, ptr @"$s5nbody1nSivp", align 8
         clobber: (MemoryPhi: clobber on some incoming arm)
    -> Frame refused (clobber between loads):  %127 = load i64, ptr @"$s5nbody1nSivp", align 8  vs  %769 = load i64, ptr @"$s5nbody1nSivp", align 8
         clobber: (MemoryPhi: clobber on some incoming arm)
    -> [go3] 0 leaf-closure instruction(s) encoded
    -> Fact[RM:0] i64 %5 in [0,9223372036854775807) (!range)
    -> Fact[KB:1] i64 %5 known bits zero=0x9223372036854775808 one=0x0
    -> Fact[KB:2] i64 %166 known bits zero=0x9223372036854775808 one=0x0
    -> Fact[LVI:3] i64 %166 in [0,9223372036854775806) (LVI @ )
    -> Fact[SCEV:4] i64 %166 in [0,9223372036854775807) (SCEV unsigned)
    -> Fact[SCEV:5] i64 %166 in [0,9223372036854775807) (SCEV signed)
    -> Fact[SCEVSYM:6] i64 %166 - start(0) <=u BTC((9223372036854775806 umin (-1 + %127))) (SCEV symbolic trip count, sub-form)
    -> Fact[PHIINV-hi:7] i64 %166 == i64 0 || ne(i64 %166, i64 %127) (latch-implied bound, 1-induction)
    -> Fact[PHIINV-lo:8] i64 %166 >=s i64 0 (monotone nsw increments, 1 arm(s))
    -> Fact[RM:9] i64 %170 in [0,9223372036854775807) (!range)
    -> Fact[KB:10] i64 %170 known bits zero=0x9223372036854775808 one=0x0
    -> Fact[LVI:11] i64 %170 in [1,9223372036854775807) (LVI @ )
    -> Fact[RM:12] i64 %176 in [0,9223372036854775807) (!range)
    -> Fact[KB:13] i64 %176 known bits zero=0x9223372036854775808 one=0x0
    -> Fact[LVI:14] i64 %176 in [1,9223372036854775807) (LVI @ )
    -> Fact[RM:15] i64 %188 in [0,9223372036854775807) (!range)
    -> Fact[KB:16] i64 %188 known bits zero=0x9223372036854775808 one=0x0
    -> Fact[LVI:17] i64 %188 in [1,9223372036854775807) (LVI @ )
    -> Fact[RM:18] i64 %194 in [0,9223372036854775807) (!range)
    -> Fact[KB:19] i64 %194 known bits zero=0x9223372036854775808 one=0x0
    -> Fact[LVI:20] i64 %194 in [1,9223372036854775807) (LVI @ )
    -> Fact[RM:21] i64 %200 in [0,9223372036854775807) (!range)
    -> Fact[KB:22] i64 %200 known bits zero=0x9223372036854775808 one=0x0
    -> Fact[LVI:23] i64 %200 in [2,9223372036854775807) (LVI @ )
    -> Fact[RM:24] i64 %212 in [0,9223372036854775807) (!range)
    -> Fact[KB:25] i64 %212 known bits zero=0x9223372036854775808 one=0x0
    -> Fact[LVI:26] i64 %212 in [1,9223372036854775807) (LVI @ )
    -> Fact[RM:27] i64 %218 in [0,9223372036854775807) (!range)
    -> Fact[KB:28] i64 %218 known bits zero=0x9223372036854775808 one=0x0
    -> Fact[LVI:29] i64 %218 in [1,9223372036854775807) (LVI @ )
    -> Fact[RM:30] i64 %224 in [0,9223372036854775807) (!range)
    -> Fact[KB:31] i64 %224 known bits zero=0x9223372036854775808 one=0x0
    -> Fact[LVI:32] i64 %224 in [3,9223372036854775807) (LVI @ )
    -> Fact[RM:33] i64 %236 in [0,9223372036854775807) (!range)
    -> Fact[KB:34] i64 %236 known bits zero=0x9223372036854775808 one=0x0
    -> Fact[LVI:35] i64 %236 in [1,9223372036854775807) (LVI @ )
    -> Fact[RM:36] i64 %242 in [0,9223372036854775807) (!range)
    -> Fact[KB:37] i64 %242 known bits zero=0x9223372036854775808 one=0x0
    -> Fact[LVI:38] i64 %242 in [1,9223372036854775807) (LVI @ )
    -> Fact[RM:39] i64 %248 in [0,9223372036854775807) (!range)
    -> Fact[KB:40] i64 %248 known bits zero=0x9223372036854775808 one=0x0
    -> Fact[LVI:41] i64 %248 in [4,9223372036854775807) (LVI @ )
    -> Fact[RM:42] i64 %261 in [0,9223372036854775807) (!range)
    -> Fact[KB:43] i64 %261 known bits zero=0x9223372036854775808 one=0x0
    -> Fact[LVI:44] i64 %261 in [1,9223372036854775807) (LVI @ )
    -> Fact[RM:45] i64 %268 in [0,9223372036854775807) (!range)
    -> Fact[KB:46] i64 %268 known bits zero=0x9223372036854775808 one=0x0
    -> Fact[LVI:47] i64 %268 in [1,9223372036854775807) (LVI @ )
    -> Fact[RM:48] i64 %274 in [0,9223372036854775807) (!range)
    -> Fact[KB:49] i64 %274 known bits zero=0x9223372036854775808 one=0x0
    -> Fact[LVI:50] i64 %274 in [5,9223372036854775807) (LVI @ )
    -> Fact[RM:51] i64 %287 in [0,9223372036854775807) (!range)
    -> Fact[KB:52] i64 %287 known bits zero=0x9223372036854775808 one=0x0
    -> Fact[LVI:53] i64 %287 in [1,9223372036854775807) (LVI @ )
    -> Fact[RM:54] i64 %294 in [0,9223372036854775807) (!range)
    -> Fact[KB:55] i64 %294 known bits zero=0x9223372036854775808 one=0x0
    -> [heavy] 56 analysis fact(s) on 38 boundary value(s)
    -> [mv] T3: not a bounds shape (idx vs invariant count)
    -> [ind L0] BASE (1 phi(s) = entry): SAT (WARNING: Potential Integer Overflow Bug Detected!) [Query Latency: 4.551886 ms]
    -> SAT (WARNING: Potential Integer Overflow Bug Detected!) [Query Latency: 7.834790 ms]
    -> [mv] still SAT under 12 hypothesis candidate(s): not versionable
  -> Found UB Trap. Starting Backward Slice...
    -> Guard[0] (true edge of ''):  %.not240 = icmp samesign ult i64 %166, %294
    -> Guard[1] (true edge of ''):  %.not239 = icmp samesign ult i64 %166, %287
    -> Guard[2] (false edge of ''):  %275 = icmp samesign ult i64 %274, 5
    -> Guard[3] (true edge of ''):  %.not238 = icmp samesign ult i64 %166, %268
    -> Guard[4] (true edge of ''):  %.not237 = icmp samesign ult i64 %166, %261
    -> Guard[5] (false edge of ''):  %249 = icmp samesign ult i64 %248, 4
    -> Guard[6] (true edge of ''):  %.not236 = icmp samesign ult i64 %166, %242
    -> Guard[7] (true edge of ''):  %.not235 = icmp samesign ult i64 %166, %236
    -> Guard[8] (false edge of ''):  %225 = icmp samesign ult i64 %224, 3
    -> Guard[9] (true edge of ''):  %.not234 = icmp samesign ult i64 %166, %218
    -> Guard[10] (true edge of ''):  %.not233 = icmp samesign ult i64 %166, %212
    -> Guard[11] (false edge of ''):  %201 = icmp samesign ult i64 %200, 2
    -> Guard[12] (true edge of ''):  %.not232 = icmp samesign ult i64 %166, %194
    -> Guard[13] (true edge of ''):  %.not231 = icmp samesign ult i64 %166, %188
    -> Guard[14] (false edge of ''):  %177 = icmp eq i64 %176, 0
    -> Guard[15] (true edge of ''):  %.not230 = icmp samesign ult i64 %166, %170
    -> Guard[16] (false edge of ''):  %130 = icmp eq i64 %127, 0
    -> Guard[17] (false edge of ''):  %128 = icmp slt i64 %127, 0
    -> Guard[18] (false edge of ''):  %39 = icmp eq i8 %38, 1
    -> Guard[19] (false edge of ''):  %18 = icmp eq i64 %17, 0
    -> Guard[20] (false edge of 'entry'):  %6 = icmp samesign ult i64 %5, 2
    -> Collected 21 dominating context guard(s).
    -> Frame refused (clobber between loads):  %127 = load i64, ptr @"$s5nbody1nSivp", align 8  vs  %.pre = load i64, ptr @"$s5nbody1nSivp", align 8
         clobber:   call void @swift_endAccess(ptr nonnull %access-scratch56) #2
    -> Frame refused (clobber between loads):  %127 = load i64, ptr @"$s5nbody1nSivp", align 8  vs  %447 = load i64, ptr @"$s5nbody1nSivp", align 8
         clobber: (MemoryPhi: clobber on some incoming arm)
    -> Frame refused (clobber between loads):  %127 = load i64, ptr @"$s5nbody1nSivp", align 8  vs  %451 = load i64, ptr @"$s5nbody1nSivp", align 8
         clobber: (MemoryPhi: clobber on some incoming arm)
    -> Frame refused (clobber between loads):  %127 = load i64, ptr @"$s5nbody1nSivp", align 8  vs  %.pr = load i64, ptr @"$s5nbody1nSivp", align 8
         clobber: (MemoryPhi: clobber on some incoming arm)
    -> Frame refused (clobber between loads):  %127 = load i64, ptr @"$s5nbody1nSivp", align 8  vs  %462 = load i64, ptr @"$s5nbody1nSivp", align 8
         clobber: (MemoryPhi: clobber on some incoming arm)
    -> Frame refused (clobber between loads):  %127 = load i64, ptr @"$s5nbody1nSivp", align 8  vs  %769 = load i64, ptr @"$s5nbody1nSivp", align 8
         clobber: (MemoryPhi: clobber on some incoming arm)
    -> [go3] 0 leaf-closure instruction(s) encoded
    -> Fact[RM:0] i64 %5 in [0,9223372036854775807) (!range)
    -> Fact[KB:1] i64 %5 known bits zero=0x9223372036854775808 one=0x0
    -> Fact[KB:2] i64 %166 known bits zero=0x9223372036854775808 one=0x0
    -> Fact[LVI:3] i64 %166 in [0,9223372036854775806) (LVI @ )
    -> Fact[SCEV:4] i64 %166 in [0,9223372036854775807) (SCEV unsigned)
    -> Fact[SCEV:5] i64 %166 in [0,9223372036854775807) (SCEV signed)
    -> Fact[SCEVSYM:6] i64 %166 - start(0) <=u BTC((9223372036854775806 umin (-1 + %127))) (SCEV symbolic trip count, sub-form)
    -> Fact[PHIINV-hi:7] i64 %166 == i64 0 || ne(i64 %166, i64 %127) (latch-implied bound, 1-induction)
    -> Fact[PHIINV-lo:8] i64 %166 >=s i64 0 (monotone nsw increments, 1 arm(s))
    -> Fact[RM:9] i64 %170 in [0,9223372036854775807) (!range)
    -> Fact[KB:10] i64 %170 known bits zero=0x9223372036854775808 one=0x0
    -> Fact[LVI:11] i64 %170 in [1,9223372036854775807) (LVI @ )
    -> Fact[RM:12] i64 %176 in [0,9223372036854775807) (!range)
    -> Fact[KB:13] i64 %176 known bits zero=0x9223372036854775808 one=0x0
    -> Fact[LVI:14] i64 %176 in [1,9223372036854775807) (LVI @ )
    -> Fact[RM:15] i64 %188 in [0,9223372036854775807) (!range)
    -> Fact[KB:16] i64 %188 known bits zero=0x9223372036854775808 one=0x0
    -> Fact[LVI:17] i64 %188 in [1,9223372036854775807) (LVI @ )
    -> Fact[RM:18] i64 %194 in [0,9223372036854775807) (!range)
    -> Fact[KB:19] i64 %194 known bits zero=0x9223372036854775808 one=0x0
    -> Fact[LVI:20] i64 %194 in [1,9223372036854775807) (LVI @ )
    -> Fact[RM:21] i64 %200 in [0,9223372036854775807) (!range)
    -> Fact[KB:22] i64 %200 known bits zero=0x9223372036854775808 one=0x0
    -> Fact[LVI:23] i64 %200 in [2,9223372036854775807) (LVI @ )
    -> Fact[RM:24] i64 %212 in [0,9223372036854775807) (!range)
    -> Fact[KB:25] i64 %212 known bits zero=0x9223372036854775808 one=0x0
    -> Fact[LVI:26] i64 %212 in [1,9223372036854775807) (LVI @ )
    -> Fact[RM:27] i64 %218 in [0,9223372036854775807) (!range)
    -> Fact[KB:28] i64 %218 known bits zero=0x9223372036854775808 one=0x0
    -> Fact[LVI:29] i64 %218 in [1,9223372036854775807) (LVI @ )
    -> Fact[RM:30] i64 %224 in [0,9223372036854775807) (!range)
    -> Fact[KB:31] i64 %224 known bits zero=0x9223372036854775808 one=0x0
    -> Fact[LVI:32] i64 %224 in [3,9223372036854775807) (LVI @ )
    -> Fact[RM:33] i64 %236 in [0,9223372036854775807) (!range)
    -> Fact[KB:34] i64 %236 known bits zero=0x9223372036854775808 one=0x0
    -> Fact[LVI:35] i64 %236 in [1,9223372036854775807) (LVI @ )
    -> Fact[RM:36] i64 %242 in [0,9223372036854775807) (!range)
    -> Fact[KB:37] i64 %242 known bits zero=0x9223372036854775808 one=0x0
    -> Fact[LVI:38] i64 %242 in [1,9223372036854775807) (LVI @ )
    -> Fact[RM:39] i64 %248 in [0,9223372036854775807) (!range)
    -> Fact[KB:40] i64 %248 known bits zero=0x9223372036854775808 one=0x0
    -> Fact[LVI:41] i64 %248 in [4,9223372036854775807) (LVI @ )
    -> Fact[RM:42] i64 %261 in [0,9223372036854775807) (!range)
    -> Fact[KB:43] i64 %261 known bits zero=0x9223372036854775808 one=0x0
    -> Fact[LVI:44] i64 %261 in [1,9223372036854775807) (LVI @ )
    -> Fact[RM:45] i64 %268 in [0,9223372036854775807) (!range)
    -> Fact[KB:46] i64 %268 known bits zero=0x9223372036854775808 one=0x0
    -> Fact[LVI:47] i64 %268 in [1,9223372036854775807) (LVI @ )
    -> Fact[RM:48] i64 %274 in [0,9223372036854775807) (!range)
    -> Fact[KB:49] i64 %274 known bits zero=0x9223372036854775808 one=0x0
    -> Fact[LVI:50] i64 %274 in [5,9223372036854775807) (LVI @ )
    -> Fact[RM:51] i64 %287 in [0,9223372036854775807) (!range)
    -> Fact[KB:52] i64 %287 known bits zero=0x9223372036854775808 one=0x0
    -> Fact[LVI:53] i64 %287 in [1,9223372036854775807) (LVI @ )
    -> Fact[RM:54] i64 %294 in [0,9223372036854775807) (!range)
    -> Fact[KB:55] i64 %294 known bits zero=0x9223372036854775808 one=0x0
    -> Fact[LVI:56] i64 %294 in [1,9223372036854775807) (LVI @ )
    -> Fact[RM:57] i64 %300 in [0,9223372036854775807) (!range)
    -> Fact[KB:58] i64 %300 known bits zero=0x9223372036854775808 one=0x0
    -> [heavy] 59 analysis fact(s) on 39 boundary value(s)
    -> [mv] T3: not a bounds shape (idx vs invariant count)
    -> [ind L0] BASE (1 phi(s) = entry): SAT (WARNING: Potential Integer Overflow Bug Detected!) [Query Latency: 4.213171 ms]
    -> SAT (WARNING: Potential Integer Overflow Bug Detected!) [Query Latency: 8.120565 ms]
    -> [mv] still SAT under 12 hypothesis candidate(s): not versionable
  -> Found UB Trap. Starting Backward Slice...
    -> Guard[0] (false edge of ''):  %301 = icmp samesign ult i64 %300, 6
    -> Guard[1] (true edge of ''):  %.not240 = icmp samesign ult i64 %166, %294
    -> Guard[2] (true edge of ''):  %.not239 = icmp samesign ult i64 %166, %287
    -> Guard[3] (false edge of ''):  %275 = icmp samesign ult i64 %274, 5
    -> Guard[4] (true edge of ''):  %.not238 = icmp samesign ult i64 %166, %268
    -> Guard[5] (true edge of ''):  %.not237 = icmp samesign ult i64 %166, %261
    -> Guard[6] (false edge of ''):  %249 = icmp samesign ult i64 %248, 4
    -> Guard[7] (true edge of ''):  %.not236 = icmp samesign ult i64 %166, %242
    -> Guard[8] (true edge of ''):  %.not235 = icmp samesign ult i64 %166, %236
    -> Guard[9] (false edge of ''):  %225 = icmp samesign ult i64 %224, 3
    -> Guard[10] (true edge of ''):  %.not234 = icmp samesign ult i64 %166, %218
    -> Guard[11] (true edge of ''):  %.not233 = icmp samesign ult i64 %166, %212
    -> Guard[12] (false edge of ''):  %201 = icmp samesign ult i64 %200, 2
    -> Guard[13] (true edge of ''):  %.not232 = icmp samesign ult i64 %166, %194
    -> Guard[14] (true edge of ''):  %.not231 = icmp samesign ult i64 %166, %188
    -> Guard[15] (false edge of ''):  %177 = icmp eq i64 %176, 0
    -> Guard[16] (true edge of ''):  %.not230 = icmp samesign ult i64 %166, %170
    -> Guard[17] (false edge of ''):  %130 = icmp eq i64 %127, 0
    -> Guard[18] (false edge of ''):  %128 = icmp slt i64 %127, 0
    -> Guard[19] (false edge of ''):  %39 = icmp eq i8 %38, 1
    -> Guard[20] (false edge of ''):  %18 = icmp eq i64 %17, 0
    -> Guard[21] (false edge of 'entry'):  %6 = icmp samesign ult i64 %5, 2
    -> Collected 22 dominating context guard(s).
    -> Frame refused (clobber between loads):  %127 = load i64, ptr @"$s5nbody1nSivp", align 8  vs  %.pre = load i64, ptr @"$s5nbody1nSivp", align 8
         clobber:   call void @swift_endAccess(ptr nonnull %access-scratch56) #2
    -> Frame refused (clobber between loads):  %127 = load i64, ptr @"$s5nbody1nSivp", align 8  vs  %447 = load i64, ptr @"$s5nbody1nSivp", align 8
         clobber: (MemoryPhi: clobber on some incoming arm)
    -> Frame refused (clobber between loads):  %127 = load i64, ptr @"$s5nbody1nSivp", align 8  vs  %451 = load i64, ptr @"$s5nbody1nSivp", align 8
         clobber: (MemoryPhi: clobber on some incoming arm)
    -> Frame refused (clobber between loads):  %127 = load i64, ptr @"$s5nbody1nSivp", align 8  vs  %.pr = load i64, ptr @"$s5nbody1nSivp", align 8
         clobber: (MemoryPhi: clobber on some incoming arm)
    -> Frame refused (clobber between loads):  %127 = load i64, ptr @"$s5nbody1nSivp", align 8  vs  %462 = load i64, ptr @"$s5nbody1nSivp", align 8
         clobber: (MemoryPhi: clobber on some incoming arm)
    -> Frame refused (clobber between loads):  %127 = load i64, ptr @"$s5nbody1nSivp", align 8  vs  %769 = load i64, ptr @"$s5nbody1nSivp", align 8
         clobber: (MemoryPhi: clobber on some incoming arm)
    -> [go3] 0 leaf-closure instruction(s) encoded
    -> Fact[RM:0] i64 %5 in [0,9223372036854775807) (!range)
    -> Fact[KB:1] i64 %5 known bits zero=0x9223372036854775808 one=0x0
    -> Fact[KB:2] i64 %166 known bits zero=0x9223372036854775808 one=0x0
    -> Fact[LVI:3] i64 %166 in [0,9223372036854775806) (LVI @ )
    -> Fact[SCEV:4] i64 %166 in [0,9223372036854775807) (SCEV unsigned)
    -> Fact[SCEV:5] i64 %166 in [0,9223372036854775807) (SCEV signed)
    -> Fact[SCEVSYM:6] i64 %166 - start(0) <=u BTC((9223372036854775806 umin (-1 + %127))) (SCEV symbolic trip count, sub-form)
    -> Fact[PHIINV-hi:7] i64 %166 == i64 0 || ne(i64 %166, i64 %127) (latch-implied bound, 1-induction)
    -> Fact[PHIINV-lo:8] i64 %166 >=s i64 0 (monotone nsw increments, 1 arm(s))
    -> Fact[RM:9] i64 %170 in [0,9223372036854775807) (!range)
    -> Fact[KB:10] i64 %170 known bits zero=0x9223372036854775808 one=0x0
    -> Fact[LVI:11] i64 %170 in [1,9223372036854775807) (LVI @ )
    -> Fact[RM:12] i64 %176 in [0,9223372036854775807) (!range)
    -> Fact[KB:13] i64 %176 known bits zero=0x9223372036854775808 one=0x0
    -> Fact[LVI:14] i64 %176 in [1,9223372036854775807) (LVI @ )
    -> Fact[RM:15] i64 %188 in [0,9223372036854775807) (!range)
    -> Fact[KB:16] i64 %188 known bits zero=0x9223372036854775808 one=0x0
    -> Fact[LVI:17] i64 %188 in [1,9223372036854775807) (LVI @ )
    -> Fact[RM:18] i64 %194 in [0,9223372036854775807) (!range)
    -> Fact[KB:19] i64 %194 known bits zero=0x9223372036854775808 one=0x0
    -> Fact[LVI:20] i64 %194 in [1,9223372036854775807) (LVI @ )
    -> Fact[RM:21] i64 %200 in [0,9223372036854775807) (!range)
    -> Fact[KB:22] i64 %200 known bits zero=0x9223372036854775808 one=0x0
    -> Fact[LVI:23] i64 %200 in [2,9223372036854775807) (LVI @ )
    -> Fact[RM:24] i64 %212 in [0,9223372036854775807) (!range)
    -> Fact[KB:25] i64 %212 known bits zero=0x9223372036854775808 one=0x0
    -> Fact[LVI:26] i64 %212 in [1,9223372036854775807) (LVI @ )
    -> Fact[RM:27] i64 %218 in [0,9223372036854775807) (!range)
    -> Fact[KB:28] i64 %218 known bits zero=0x9223372036854775808 one=0x0
    -> Fact[LVI:29] i64 %218 in [1,9223372036854775807) (LVI @ )
    -> Fact[RM:30] i64 %224 in [0,9223372036854775807) (!range)
    -> Fact[KB:31] i64 %224 known bits zero=0x9223372036854775808 one=0x0
    -> Fact[LVI:32] i64 %224 in [3,9223372036854775807) (LVI @ )
    -> Fact[RM:33] i64 %236 in [0,9223372036854775807) (!range)
    -> Fact[KB:34] i64 %236 known bits zero=0x9223372036854775808 one=0x0
    -> Fact[LVI:35] i64 %236 in [1,9223372036854775807) (LVI @ )
    -> Fact[RM:36] i64 %242 in [0,9223372036854775807) (!range)
    -> Fact[KB:37] i64 %242 known bits zero=0x9223372036854775808 one=0x0
    -> Fact[LVI:38] i64 %242 in [1,9223372036854775807) (LVI @ )
    -> Fact[RM:39] i64 %248 in [0,9223372036854775807) (!range)
    -> Fact[KB:40] i64 %248 known bits zero=0x9223372036854775808 one=0x0
    -> Fact[LVI:41] i64 %248 in [4,9223372036854775807) (LVI @ )
    -> Fact[RM:42] i64 %261 in [0,9223372036854775807) (!range)
    -> Fact[KB:43] i64 %261 known bits zero=0x9223372036854775808 one=0x0
    -> Fact[LVI:44] i64 %261 in [1,9223372036854775807) (LVI @ )
    -> Fact[RM:45] i64 %268 in [0,9223372036854775807) (!range)
    -> Fact[KB:46] i64 %268 known bits zero=0x9223372036854775808 one=0x0
    -> Fact[LVI:47] i64 %268 in [1,9223372036854775807) (LVI @ )
    -> Fact[RM:48] i64 %274 in [0,9223372036854775807) (!range)
    -> Fact[KB:49] i64 %274 known bits zero=0x9223372036854775808 one=0x0
    -> Fact[LVI:50] i64 %274 in [5,9223372036854775807) (LVI @ )
    -> Fact[RM:51] i64 %287 in [0,9223372036854775807) (!range)
    -> Fact[KB:52] i64 %287 known bits zero=0x9223372036854775808 one=0x0
    -> Fact[LVI:53] i64 %287 in [1,9223372036854775807) (LVI @ )
    -> Fact[RM:54] i64 %294 in [0,9223372036854775807) (!range)
    -> Fact[KB:55] i64 %294 known bits zero=0x9223372036854775808 one=0x0
    -> Fact[LVI:56] i64 %294 in [1,9223372036854775807) (LVI @ )
    -> Fact[RM:57] i64 %300 in [0,9223372036854775807) (!range)
    -> Fact[KB:58] i64 %300 known bits zero=0x9223372036854775808 one=0x0
    -> Fact[LVI:59] i64 %300 in [6,9223372036854775807) (LVI @ )
    -> Fact[RM:60] i64 %313 in [0,9223372036854775807) (!range)
    -> Fact[KB:61] i64 %313 known bits zero=0x9223372036854775808 one=0x0
    -> [heavy] 62 analysis fact(s) on 40 boundary value(s)
    -> [mv] T3: not a bounds shape (idx vs invariant count)
    -> [ind L0] BASE (1 phi(s) = entry): SAT (WARNING: Potential Integer Overflow Bug Detected!) [Query Latency: 4.439740 ms]
    -> SAT (WARNING: Potential Integer Overflow Bug Detected!) [Query Latency: 9.590122 ms]
    -> [mv] still SAT under 12 hypothesis candidate(s): not versionable
  -> Found UB Trap. Starting Backward Slice...
    -> Guard[0] (true edge of ''):  %.not241 = icmp samesign ult i64 %166, %313
    -> Guard[1] (false edge of ''):  %301 = icmp samesign ult i64 %300, 6
    -> Guard[2] (true edge of ''):  %.not240 = icmp samesign ult i64 %166, %294
    -> Guard[3] (true edge of ''):  %.not239 = icmp samesign ult i64 %166, %287
    -> Guard[4] (false edge of ''):  %275 = icmp samesign ult i64 %274, 5
    -> Guard[5] (true edge of ''):  %.not238 = icmp samesign ult i64 %166, %268
    -> Guard[6] (true edge of ''):  %.not237 = icmp samesign ult i64 %166, %261
    -> Guard[7] (false edge of ''):  %249 = icmp samesign ult i64 %248, 4
    -> Guard[8] (true edge of ''):  %.not236 = icmp samesign ult i64 %166, %242
    -> Guard[9] (true edge of ''):  %.not235 = icmp samesign ult i64 %166, %236
    -> Guard[10] (false edge of ''):  %225 = icmp samesign ult i64 %224, 3
    -> Guard[11] (true edge of ''):  %.not234 = icmp samesign ult i64 %166, %218
    -> Guard[12] (true edge of ''):  %.not233 = icmp samesign ult i64 %166, %212
    -> Guard[13] (false edge of ''):  %201 = icmp samesign ult i64 %200, 2
    -> Guard[14] (true edge of ''):  %.not232 = icmp samesign ult i64 %166, %194
    -> Guard[15] (true edge of ''):  %.not231 = icmp samesign ult i64 %166, %188
    -> Guard[16] (false edge of ''):  %177 = icmp eq i64 %176, 0
    -> Guard[17] (true edge of ''):  %.not230 = icmp samesign ult i64 %166, %170
    -> Guard[18] (false edge of ''):  %130 = icmp eq i64 %127, 0
    -> Guard[19] (false edge of ''):  %128 = icmp slt i64 %127, 0
    -> Guard[20] (false edge of ''):  %39 = icmp eq i8 %38, 1
    -> Guard[21] (false edge of ''):  %18 = icmp eq i64 %17, 0
    -> Guard[22] (false edge of 'entry'):  %6 = icmp samesign ult i64 %5, 2
    -> Collected 23 dominating context guard(s).
    -> Frame refused (clobber between loads):  %127 = load i64, ptr @"$s5nbody1nSivp", align 8  vs  %.pre = load i64, ptr @"$s5nbody1nSivp", align 8
         clobber:   call void @swift_endAccess(ptr nonnull %access-scratch56) #2
    -> Frame refused (clobber between loads):  %127 = load i64, ptr @"$s5nbody1nSivp", align 8  vs  %447 = load i64, ptr @"$s5nbody1nSivp", align 8
         clobber: (MemoryPhi: clobber on some incoming arm)
    -> Frame refused (clobber between loads):  %127 = load i64, ptr @"$s5nbody1nSivp", align 8  vs  %451 = load i64, ptr @"$s5nbody1nSivp", align 8
         clobber: (MemoryPhi: clobber on some incoming arm)
    -> Frame refused (clobber between loads):  %127 = load i64, ptr @"$s5nbody1nSivp", align 8  vs  %.pr = load i64, ptr @"$s5nbody1nSivp", align 8
         clobber: (MemoryPhi: clobber on some incoming arm)
    -> Frame refused (clobber between loads):  %127 = load i64, ptr @"$s5nbody1nSivp", align 8  vs  %462 = load i64, ptr @"$s5nbody1nSivp", align 8
         clobber: (MemoryPhi: clobber on some incoming arm)
    -> Frame refused (clobber between loads):  %127 = load i64, ptr @"$s5nbody1nSivp", align 8  vs  %769 = load i64, ptr @"$s5nbody1nSivp", align 8
         clobber: (MemoryPhi: clobber on some incoming arm)
    -> [go3] 0 leaf-closure instruction(s) encoded
    -> Fact[RM:0] i64 %5 in [0,9223372036854775807) (!range)
    -> Fact[KB:1] i64 %5 known bits zero=0x9223372036854775808 one=0x0
    -> Fact[KB:2] i64 %166 known bits zero=0x9223372036854775808 one=0x0
    -> Fact[LVI:3] i64 %166 in [0,9223372036854775806) (LVI @ )
    -> Fact[SCEV:4] i64 %166 in [0,9223372036854775807) (SCEV unsigned)
    -> Fact[SCEV:5] i64 %166 in [0,9223372036854775807) (SCEV signed)
    -> Fact[SCEVSYM:6] i64 %166 - start(0) <=u BTC((9223372036854775806 umin (-1 + %127))) (SCEV symbolic trip count, sub-form)
    -> Fact[PHIINV-hi:7] i64 %166 == i64 0 || ne(i64 %166, i64 %127) (latch-implied bound, 1-induction)
    -> Fact[PHIINV-lo:8] i64 %166 >=s i64 0 (monotone nsw increments, 1 arm(s))
    -> Fact[RM:9] i64 %170 in [0,9223372036854775807) (!range)
    -> Fact[KB:10] i64 %170 known bits zero=0x9223372036854775808 one=0x0
    -> Fact[LVI:11] i64 %170 in [1,9223372036854775807) (LVI @ )
    -> Fact[RM:12] i64 %176 in [0,9223372036854775807) (!range)
    -> Fact[KB:13] i64 %176 known bits zero=0x9223372036854775808 one=0x0
    -> Fact[LVI:14] i64 %176 in [1,9223372036854775807) (LVI @ )
    -> Fact[RM:15] i64 %188 in [0,9223372036854775807) (!range)
    -> Fact[KB:16] i64 %188 known bits zero=0x9223372036854775808 one=0x0
    -> Fact[LVI:17] i64 %188 in [1,9223372036854775807) (LVI @ )
    -> Fact[RM:18] i64 %194 in [0,9223372036854775807) (!range)
    -> Fact[KB:19] i64 %194 known bits zero=0x9223372036854775808 one=0x0
    -> Fact[LVI:20] i64 %194 in [1,9223372036854775807) (LVI @ )
    -> Fact[RM:21] i64 %200 in [0,9223372036854775807) (!range)
    -> Fact[KB:22] i64 %200 known bits zero=0x9223372036854775808 one=0x0
    -> Fact[LVI:23] i64 %200 in [2,9223372036854775807) (LVI @ )
    -> Fact[RM:24] i64 %212 in [0,9223372036854775807) (!range)
    -> Fact[KB:25] i64 %212 known bits zero=0x9223372036854775808 one=0x0
    -> Fact[LVI:26] i64 %212 in [1,9223372036854775807) (LVI @ )
    -> Fact[RM:27] i64 %218 in [0,9223372036854775807) (!range)
    -> Fact[KB:28] i64 %218 known bits zero=0x9223372036854775808 one=0x0
    -> Fact[LVI:29] i64 %218 in [1,9223372036854775807) (LVI @ )
    -> Fact[RM:30] i64 %224 in [0,9223372036854775807) (!range)
    -> Fact[KB:31] i64 %224 known bits zero=0x9223372036854775808 one=0x0
    -> Fact[LVI:32] i64 %224 in [3,9223372036854775807) (LVI @ )
    -> Fact[RM:33] i64 %236 in [0,9223372036854775807) (!range)
    -> Fact[KB:34] i64 %236 known bits zero=0x9223372036854775808 one=0x0
    -> Fact[LVI:35] i64 %236 in [1,9223372036854775807) (LVI @ )
    -> Fact[RM:36] i64 %242 in [0,9223372036854775807) (!range)
    -> Fact[KB:37] i64 %242 known bits zero=0x9223372036854775808 one=0x0
    -> Fact[LVI:38] i64 %242 in [1,9223372036854775807) (LVI @ )
    -> Fact[RM:39] i64 %248 in [0,9223372036854775807) (!range)
    -> Fact[KB:40] i64 %248 known bits zero=0x9223372036854775808 one=0x0
    -> Fact[LVI:41] i64 %248 in [4,9223372036854775807) (LVI @ )
    -> Fact[RM:42] i64 %261 in [0,9223372036854775807) (!range)
    -> Fact[KB:43] i64 %261 known bits zero=0x9223372036854775808 one=0x0
    -> Fact[LVI:44] i64 %261 in [1,9223372036854775807) (LVI @ )
    -> Fact[RM:45] i64 %268 in [0,9223372036854775807) (!range)
    -> Fact[KB:46] i64 %268 known bits zero=0x9223372036854775808 one=0x0
    -> Fact[LVI:47] i64 %268 in [1,9223372036854775807) (LVI @ )
    -> Fact[RM:48] i64 %274 in [0,9223372036854775807) (!range)
    -> Fact[KB:49] i64 %274 known bits zero=0x9223372036854775808 one=0x0
    -> Fact[LVI:50] i64 %274 in [5,9223372036854775807) (LVI @ )
    -> Fact[RM:51] i64 %287 in [0,9223372036854775807) (!range)
    -> Fact[KB:52] i64 %287 known bits zero=0x9223372036854775808 one=0x0
    -> Fact[LVI:53] i64 %287 in [1,9223372036854775807) (LVI @ )
    -> Fact[RM:54] i64 %294 in [0,9223372036854775807) (!range)
    -> Fact[KB:55] i64 %294 known bits zero=0x9223372036854775808 one=0x0
    -> Fact[LVI:56] i64 %294 in [1,9223372036854775807) (LVI @ )
    -> Fact[RM:57] i64 %300 in [0,9223372036854775807) (!range)
    -> Fact[KB:58] i64 %300 known bits zero=0x9223372036854775808 one=0x0
    -> Fact[LVI:59] i64 %300 in [6,9223372036854775807) (LVI @ )
    -> Fact[RM:60] i64 %313 in [0,9223372036854775807) (!range)
    -> Fact[KB:61] i64 %313 known bits zero=0x9223372036854775808 one=0x0
    -> Fact[LVI:62] i64 %313 in [1,9223372036854775807) (LVI @ )
    -> Fact[RM:63] i64 %320 in [0,9223372036854775807) (!range)
    -> Fact[KB:64] i64 %320 known bits zero=0x9223372036854775808 one=0x0
    -> [heavy] 65 analysis fact(s) on 41 boundary value(s)
    -> [mv] T3: not a bounds shape (idx vs invariant count)
    -> [ind L0] BASE (1 phi(s) = entry): SAT (WARNING: Potential Integer Overflow Bug Detected!) [Query Latency: 4.958006 ms]
    -> SAT (WARNING: Potential Integer Overflow Bug Detected!) [Query Latency: 10.606205 ms]
    -> [mv] still SAT under 12 hypothesis candidate(s): not versionable
  -> Found UB Trap. Starting Backward Slice...
    -> Guard[0] (true edge of ''):  %.not242 = icmp samesign ult i64 %166, %320
    -> Guard[1] (true edge of ''):  %.not241 = icmp samesign ult i64 %166, %313
    -> Guard[2] (false edge of ''):  %301 = icmp samesign ult i64 %300, 6
    -> Guard[3] (true edge of ''):  %.not240 = icmp samesign ult i64 %166, %294
    -> Guard[4] (true edge of ''):  %.not239 = icmp samesign ult i64 %166, %287
    -> Guard[5] (false edge of ''):  %275 = icmp samesign ult i64 %274, 5
    -> Guard[6] (true edge of ''):  %.not238 = icmp samesign ult i64 %166, %268
    -> Guard[7] (true edge of ''):  %.not237 = icmp samesign ult i64 %166, %261
    -> Guard[8] (false edge of ''):  %249 = icmp samesign ult i64 %248, 4
    -> Guard[9] (true edge of ''):  %.not236 = icmp samesign ult i64 %166, %242
    -> Guard[10] (true edge of ''):  %.not235 = icmp samesign ult i64 %166, %236
    -> Guard[11] (false edge of ''):  %225 = icmp samesign ult i64 %224, 3
    -> Guard[12] (true edge of ''):  %.not234 = icmp samesign ult i64 %166, %218
    -> Guard[13] (true edge of ''):  %.not233 = icmp samesign ult i64 %166, %212
    -> Guard[14] (false edge of ''):  %201 = icmp samesign ult i64 %200, 2
    -> Guard[15] (true edge of ''):  %.not232 = icmp samesign ult i64 %166, %194
    -> Guard[16] (true edge of ''):  %.not231 = icmp samesign ult i64 %166, %188
    -> Guard[17] (false edge of ''):  %177 = icmp eq i64 %176, 0
    -> Guard[18] (true edge of ''):  %.not230 = icmp samesign ult i64 %166, %170
    -> Guard[19] (false edge of ''):  %130 = icmp eq i64 %127, 0
    -> Guard[20] (false edge of ''):  %128 = icmp slt i64 %127, 0
    -> Guard[21] (false edge of ''):  %39 = icmp eq i8 %38, 1
    -> Guard[22] (false edge of ''):  %18 = icmp eq i64 %17, 0
    -> Guard[23] (false edge of 'entry'):  %6 = icmp samesign ult i64 %5, 2
    -> Collected 24 dominating context guard(s).
    -> Frame refused (clobber between loads):  %127 = load i64, ptr @"$s5nbody1nSivp", align 8  vs  %.pre = load i64, ptr @"$s5nbody1nSivp", align 8
         clobber:   call void @swift_endAccess(ptr nonnull %access-scratch56) #2
    -> Frame refused (clobber between loads):  %127 = load i64, ptr @"$s5nbody1nSivp", align 8  vs  %447 = load i64, ptr @"$s5nbody1nSivp", align 8
         clobber: (MemoryPhi: clobber on some incoming arm)
    -> Frame refused (clobber between loads):  %127 = load i64, ptr @"$s5nbody1nSivp", align 8  vs  %451 = load i64, ptr @"$s5nbody1nSivp", align 8
         clobber: (MemoryPhi: clobber on some incoming arm)
    -> Frame refused (clobber between loads):  %127 = load i64, ptr @"$s5nbody1nSivp", align 8  vs  %.pr = load i64, ptr @"$s5nbody1nSivp", align 8
         clobber: (MemoryPhi: clobber on some incoming arm)
    -> Frame refused (clobber between loads):  %127 = load i64, ptr @"$s5nbody1nSivp", align 8  vs  %462 = load i64, ptr @"$s5nbody1nSivp", align 8
         clobber: (MemoryPhi: clobber on some incoming arm)
    -> Frame refused (clobber between loads):  %127 = load i64, ptr @"$s5nbody1nSivp", align 8  vs  %769 = load i64, ptr @"$s5nbody1nSivp", align 8
         clobber: (MemoryPhi: clobber on some incoming arm)
    -> [go3] 0 leaf-closure instruction(s) encoded
    -> Fact[RM:0] i64 %5 in [0,9223372036854775807) (!range)
    -> Fact[KB:1] i64 %5 known bits zero=0x9223372036854775808 one=0x0
    -> Fact[KB:2] i64 %166 known bits zero=0x9223372036854775808 one=0x0
    -> Fact[LVI:3] i64 %166 in [0,9223372036854775806) (LVI @ )
    -> Fact[SCEV:4] i64 %166 in [0,9223372036854775807) (SCEV unsigned)
    -> Fact[SCEV:5] i64 %166 in [0,9223372036854775807) (SCEV signed)
    -> Fact[SCEVSYM:6] i64 %166 - start(0) <=u BTC((9223372036854775806 umin (-1 + %127))) (SCEV symbolic trip count, sub-form)
    -> Fact[PHIINV-hi:7] i64 %166 == i64 0 || ne(i64 %166, i64 %127) (latch-implied bound, 1-induction)
    -> Fact[PHIINV-lo:8] i64 %166 >=s i64 0 (monotone nsw increments, 1 arm(s))
    -> Fact[RM:9] i64 %170 in [0,9223372036854775807) (!range)
    -> Fact[KB:10] i64 %170 known bits zero=0x9223372036854775808 one=0x0
    -> Fact[LVI:11] i64 %170 in [1,9223372036854775807) (LVI @ )
    -> Fact[RM:12] i64 %176 in [0,9223372036854775807) (!range)
    -> Fact[KB:13] i64 %176 known bits zero=0x9223372036854775808 one=0x0
    -> Fact[LVI:14] i64 %176 in [1,9223372036854775807) (LVI @ )
    -> Fact[RM:15] i64 %188 in [0,9223372036854775807) (!range)
    -> Fact[KB:16] i64 %188 known bits zero=0x9223372036854775808 one=0x0
    -> Fact[LVI:17] i64 %188 in [1,9223372036854775807) (LVI @ )
    -> Fact[RM:18] i64 %194 in [0,9223372036854775807) (!range)
    -> Fact[KB:19] i64 %194 known bits zero=0x9223372036854775808 one=0x0
    -> Fact[LVI:20] i64 %194 in [1,9223372036854775807) (LVI @ )
    -> Fact[RM:21] i64 %200 in [0,9223372036854775807) (!range)
    -> Fact[KB:22] i64 %200 known bits zero=0x9223372036854775808 one=0x0
    -> Fact[LVI:23] i64 %200 in [2,9223372036854775807) (LVI @ )
    -> Fact[RM:24] i64 %212 in [0,9223372036854775807) (!range)
    -> Fact[KB:25] i64 %212 known bits zero=0x9223372036854775808 one=0x0
    -> Fact[LVI:26] i64 %212 in [1,9223372036854775807) (LVI @ )
    -> Fact[RM:27] i64 %218 in [0,9223372036854775807) (!range)
    -> Fact[KB:28] i64 %218 known bits zero=0x9223372036854775808 one=0x0
    -> Fact[LVI:29] i64 %218 in [1,9223372036854775807) (LVI @ )
    -> Fact[RM:30] i64 %224 in [0,9223372036854775807) (!range)
    -> Fact[KB:31] i64 %224 known bits zero=0x9223372036854775808 one=0x0
    -> Fact[LVI:32] i64 %224 in [3,9223372036854775807) (LVI @ )
    -> Fact[RM:33] i64 %236 in [0,9223372036854775807) (!range)
    -> Fact[KB:34] i64 %236 known bits zero=0x9223372036854775808 one=0x0
    -> Fact[LVI:35] i64 %236 in [1,9223372036854775807) (LVI @ )
    -> Fact[RM:36] i64 %242 in [0,9223372036854775807) (!range)
    -> Fact[KB:37] i64 %242 known bits zero=0x9223372036854775808 one=0x0
    -> Fact[LVI:38] i64 %242 in [1,9223372036854775807) (LVI @ )
    -> Fact[RM:39] i64 %248 in [0,9223372036854775807) (!range)
    -> Fact[KB:40] i64 %248 known bits zero=0x9223372036854775808 one=0x0
    -> Fact[LVI:41] i64 %248 in [4,9223372036854775807) (LVI @ )
    -> Fact[RM:42] i64 %261 in [0,9223372036854775807) (!range)
    -> Fact[KB:43] i64 %261 known bits zero=0x9223372036854775808 one=0x0
    -> Fact[LVI:44] i64 %261 in [1,9223372036854775807) (LVI @ )
    -> Fact[RM:45] i64 %268 in [0,9223372036854775807) (!range)
    -> Fact[KB:46] i64 %268 known bits zero=0x9223372036854775808 one=0x0
    -> Fact[LVI:47] i64 %268 in [1,9223372036854775807) (LVI @ )
    -> Fact[RM:48] i64 %274 in [0,9223372036854775807) (!range)
    -> Fact[KB:49] i64 %274 known bits zero=0x9223372036854775808 one=0x0
    -> Fact[LVI:50] i64 %274 in [5,9223372036854775807) (LVI @ )
    -> Fact[RM:51] i64 %287 in [0,9223372036854775807) (!range)
    -> Fact[KB:52] i64 %287 known bits zero=0x9223372036854775808 one=0x0
    -> Fact[LVI:53] i64 %287 in [1,9223372036854775807) (LVI @ )
    -> Fact[RM:54] i64 %294 in [0,9223372036854775807) (!range)
    -> Fact[KB:55] i64 %294 known bits zero=0x9223372036854775808 one=0x0
    -> Fact[LVI:56] i64 %294 in [1,9223372036854775807) (LVI @ )
    -> Fact[RM:57] i64 %300 in [0,9223372036854775807) (!range)
    -> Fact[KB:58] i64 %300 known bits zero=0x9223372036854775808 one=0x0
    -> Fact[LVI:59] i64 %300 in [6,9223372036854775807) (LVI @ )
    -> Fact[RM:60] i64 %313 in [0,9223372036854775807) (!range)
    -> Fact[KB:61] i64 %313 known bits zero=0x9223372036854775808 one=0x0
    -> Fact[LVI:62] i64 %313 in [1,9223372036854775807) (LVI @ )
    -> Fact[RM:63] i64 %320 in [0,9223372036854775807) (!range)
    -> Fact[KB:64] i64 %320 known bits zero=0x9223372036854775808 one=0x0
    -> Fact[LVI:65] i64 %320 in [1,9223372036854775807) (LVI @ )
    -> Fact[RM:66] i64 %326 in [0,9223372036854775807) (!range)
    -> Fact[KB:67] i64 %326 known bits zero=0x9223372036854775808 one=0x0
    -> [heavy] 68 analysis fact(s) on 42 boundary value(s)
    -> [mv] T3: not a bounds shape (idx vs invariant count)
    -> [ind L0] BASE (1 phi(s) = entry): SAT (WARNING: Potential Integer Overflow Bug Detected!) [Query Latency: 4.968598 ms]
    -> SAT (WARNING: Potential Integer Overflow Bug Detected!) [Query Latency: 8.446058 ms]
    -> [mv] still SAT under 12 hypothesis candidate(s): not versionable
  -> Found UB Trap. Starting Backward Slice...
    -> Guard[0] (false edge of ''):  %327 = icmp samesign ult i64 %326, 7
    -> Guard[1] (true edge of ''):  %.not242 = icmp samesign ult i64 %166, %320
    -> Guard[2] (true edge of ''):  %.not241 = icmp samesign ult i64 %166, %313
    -> Guard[3] (false edge of ''):  %301 = icmp samesign ult i64 %300, 6
    -> Guard[4] (true edge of ''):  %.not240 = icmp samesign ult i64 %166, %294
    -> Guard[5] (true edge of ''):  %.not239 = icmp samesign ult i64 %166, %287
    -> Guard[6] (false edge of ''):  %275 = icmp samesign ult i64 %274, 5
    -> Guard[7] (true edge of ''):  %.not238 = icmp samesign ult i64 %166, %268
    -> Guard[8] (true edge of ''):  %.not237 = icmp samesign ult i64 %166, %261
    -> Guard[9] (false edge of ''):  %249 = icmp samesign ult i64 %248, 4
    -> Guard[10] (true edge of ''):  %.not236 = icmp samesign ult i64 %166, %242
    -> Guard[11] (true edge of ''):  %.not235 = icmp samesign ult i64 %166, %236
    -> Guard[12] (false edge of ''):  %225 = icmp samesign ult i64 %224, 3
    -> Guard[13] (true edge of ''):  %.not234 = icmp samesign ult i64 %166, %218
    -> Guard[14] (true edge of ''):  %.not233 = icmp samesign ult i64 %166, %212
    -> Guard[15] (false edge of ''):  %201 = icmp samesign ult i64 %200, 2
    -> Guard[16] (true edge of ''):  %.not232 = icmp samesign ult i64 %166, %194
    -> Guard[17] (true edge of ''):  %.not231 = icmp samesign ult i64 %166, %188
    -> Guard[18] (false edge of ''):  %177 = icmp eq i64 %176, 0
    -> Guard[19] (true edge of ''):  %.not230 = icmp samesign ult i64 %166, %170
    -> Guard[20] (false edge of ''):  %130 = icmp eq i64 %127, 0
    -> Guard[21] (false edge of ''):  %128 = icmp slt i64 %127, 0
    -> Guard[22] (false edge of ''):  %39 = icmp eq i8 %38, 1
    -> Guard[23] (false edge of ''):  %18 = icmp eq i64 %17, 0
    -> Guard[24] (false edge of 'entry'):  %6 = icmp samesign ult i64 %5, 2
    -> Collected 25 dominating context guard(s).
    -> Frame refused (clobber between loads):  %127 = load i64, ptr @"$s5nbody1nSivp", align 8  vs  %.pre = load i64, ptr @"$s5nbody1nSivp", align 8
         clobber:   call void @swift_endAccess(ptr nonnull %access-scratch56) #2
    -> Frame refused (clobber between loads):  %127 = load i64, ptr @"$s5nbody1nSivp", align 8  vs  %447 = load i64, ptr @"$s5nbody1nSivp", align 8
         clobber: (MemoryPhi: clobber on some incoming arm)
    -> Frame refused (clobber between loads):  %127 = load i64, ptr @"$s5nbody1nSivp", align 8  vs  %451 = load i64, ptr @"$s5nbody1nSivp", align 8
         clobber: (MemoryPhi: clobber on some incoming arm)
    -> Frame refused (clobber between loads):  %127 = load i64, ptr @"$s5nbody1nSivp", align 8  vs  %.pr = load i64, ptr @"$s5nbody1nSivp", align 8
         clobber: (MemoryPhi: clobber on some incoming arm)
    -> Frame refused (clobber between loads):  %127 = load i64, ptr @"$s5nbody1nSivp", align 8  vs  %462 = load i64, ptr @"$s5nbody1nSivp", align 8
         clobber: (MemoryPhi: clobber on some incoming arm)
    -> Frame refused (clobber between loads):  %127 = load i64, ptr @"$s5nbody1nSivp", align 8  vs  %769 = load i64, ptr @"$s5nbody1nSivp", align 8
         clobber: (MemoryPhi: clobber on some incoming arm)
    -> [go3] 0 leaf-closure instruction(s) encoded
    -> Fact[RM:0] i64 %5 in [0,9223372036854775807) (!range)
    -> Fact[KB:1] i64 %5 known bits zero=0x9223372036854775808 one=0x0
    -> Fact[KB:2] i64 %166 known bits zero=0x9223372036854775808 one=0x0
    -> Fact[LVI:3] i64 %166 in [0,9223372036854775806) (LVI @ )
    -> Fact[SCEV:4] i64 %166 in [0,9223372036854775807) (SCEV unsigned)
    -> Fact[SCEV:5] i64 %166 in [0,9223372036854775807) (SCEV signed)
    -> Fact[SCEVSYM:6] i64 %166 - start(0) <=u BTC((9223372036854775806 umin (-1 + %127))) (SCEV symbolic trip count, sub-form)
    -> Fact[PHIINV-hi:7] i64 %166 == i64 0 || ne(i64 %166, i64 %127) (latch-implied bound, 1-induction)
    -> Fact[PHIINV-lo:8] i64 %166 >=s i64 0 (monotone nsw increments, 1 arm(s))
    -> Fact[RM:9] i64 %170 in [0,9223372036854775807) (!range)
    -> Fact[KB:10] i64 %170 known bits zero=0x9223372036854775808 one=0x0
    -> Fact[LVI:11] i64 %170 in [1,9223372036854775807) (LVI @ )
    -> Fact[RM:12] i64 %176 in [0,9223372036854775807) (!range)
    -> Fact[KB:13] i64 %176 known bits zero=0x9223372036854775808 one=0x0
    -> Fact[LVI:14] i64 %176 in [1,9223372036854775807) (LVI @ )
    -> Fact[RM:15] i64 %188 in [0,9223372036854775807) (!range)
    -> Fact[KB:16] i64 %188 known bits zero=0x9223372036854775808 one=0x0
    -> Fact[LVI:17] i64 %188 in [1,9223372036854775807) (LVI @ )
    -> Fact[RM:18] i64 %194 in [0,9223372036854775807) (!range)
    -> Fact[KB:19] i64 %194 known bits zero=0x9223372036854775808 one=0x0
    -> Fact[LVI:20] i64 %194 in [1,9223372036854775807) (LVI @ )
    -> Fact[RM:21] i64 %200 in [0,9223372036854775807) (!range)
    -> Fact[KB:22] i64 %200 known bits zero=0x9223372036854775808 one=0x0
    -> Fact[LVI:23] i64 %200 in [2,9223372036854775807) (LVI @ )
    -> Fact[RM:24] i64 %212 in [0,9223372036854775807) (!range)
    -> Fact[KB:25] i64 %212 known bits zero=0x9223372036854775808 one=0x0
    -> Fact[LVI:26] i64 %212 in [1,9223372036854775807) (LVI @ )
    -> Fact[RM:27] i64 %218 in [0,9223372036854775807) (!range)
    -> Fact[KB:28] i64 %218 known bits zero=0x9223372036854775808 one=0x0
    -> Fact[LVI:29] i64 %218 in [1,9223372036854775807) (LVI @ )
    -> Fact[RM:30] i64 %224 in [0,9223372036854775807) (!range)
    -> Fact[KB:31] i64 %224 known bits zero=0x9223372036854775808 one=0x0
    -> Fact[LVI:32] i64 %224 in [3,9223372036854775807) (LVI @ )
    -> Fact[RM:33] i64 %236 in [0,9223372036854775807) (!range)
    -> Fact[KB:34] i64 %236 known bits zero=0x9223372036854775808 one=0x0
    -> Fact[LVI:35] i64 %236 in [1,9223372036854775807) (LVI @ )
    -> Fact[RM:36] i64 %242 in [0,9223372036854775807) (!range)
    -> Fact[KB:37] i64 %242 known bits zero=0x9223372036854775808 one=0x0
    -> Fact[LVI:38] i64 %242 in [1,9223372036854775807) (LVI @ )
    -> Fact[RM:39] i64 %248 in [0,9223372036854775807) (!range)
    -> Fact[KB:40] i64 %248 known bits zero=0x9223372036854775808 one=0x0
    -> Fact[LVI:41] i64 %248 in [4,9223372036854775807) (LVI @ )
    -> Fact[RM:42] i64 %261 in [0,9223372036854775807) (!range)
    -> Fact[KB:43] i64 %261 known bits zero=0x9223372036854775808 one=0x0
    -> Fact[LVI:44] i64 %261 in [1,9223372036854775807) (LVI @ )
    -> Fact[RM:45] i64 %268 in [0,9223372036854775807) (!range)
    -> Fact[KB:46] i64 %268 known bits zero=0x9223372036854775808 one=0x0
    -> Fact[LVI:47] i64 %268 in [1,9223372036854775807) (LVI @ )
    -> Fact[RM:48] i64 %274 in [0,9223372036854775807) (!range)
    -> Fact[KB:49] i64 %274 known bits zero=0x9223372036854775808 one=0x0
    -> Fact[LVI:50] i64 %274 in [5,9223372036854775807) (LVI @ )
    -> Fact[RM:51] i64 %287 in [0,9223372036854775807) (!range)
    -> Fact[KB:52] i64 %287 known bits zero=0x9223372036854775808 one=0x0
    -> Fact[LVI:53] i64 %287 in [1,9223372036854775807) (LVI @ )
    -> Fact[RM:54] i64 %294 in [0,9223372036854775807) (!range)
    -> Fact[KB:55] i64 %294 known bits zero=0x9223372036854775808 one=0x0
    -> Fact[LVI:56] i64 %294 in [1,9223372036854775807) (LVI @ )
    -> Fact[RM:57] i64 %300 in [0,9223372036854775807) (!range)
    -> Fact[KB:58] i64 %300 known bits zero=0x9223372036854775808 one=0x0
    -> Fact[LVI:59] i64 %300 in [6,9223372036854775807) (LVI @ )
    -> Fact[RM:60] i64 %313 in [0,9223372036854775807) (!range)
    -> Fact[KB:61] i64 %313 known bits zero=0x9223372036854775808 one=0x0
    -> Fact[LVI:62] i64 %313 in [1,9223372036854775807) (LVI @ )
    -> Fact[RM:63] i64 %320 in [0,9223372036854775807) (!range)
    -> Fact[KB:64] i64 %320 known bits zero=0x9223372036854775808 one=0x0
    -> Fact[LVI:65] i64 %320 in [1,9223372036854775807) (LVI @ )
    -> Fact[RM:66] i64 %326 in [0,9223372036854775807) (!range)
    -> Fact[KB:67] i64 %326 known bits zero=0x9223372036854775808 one=0x0
    -> Fact[LVI:68] i64 %326 in [7,9223372036854775807) (LVI @ )
    -> Fact[RM:69] i64 %339 in [0,9223372036854775807) (!range)
    -> Fact[KB:70] i64 %339 known bits zero=0x9223372036854775808 one=0x0
    -> [heavy] 71 analysis fact(s) on 43 boundary value(s)
    -> [mv] T3: not a bounds shape (idx vs invariant count)
    -> [ind L0] BASE (1 phi(s) = entry): SAT (WARNING: Potential Integer Overflow Bug Detected!) [Query Latency: 5.497506 ms]
    -> SAT (WARNING: Potential Integer Overflow Bug Detected!) [Query Latency: 8.136056 ms]
    -> [mv] still SAT under 12 hypothesis candidate(s): not versionable
  -> Found UB Trap. Starting Backward Slice...
    -> Guard[0] (true edge of ''):  %344 = icmp eq i64 %167, %127
    -> Guard[1] (true edge of ''):  %.not243 = icmp samesign ult i64 %166, %339
    -> Guard[2] (false edge of ''):  %327 = icmp samesign ult i64 %326, 7
    -> Guard[3] (true edge of ''):  %.not242 = icmp samesign ult i64 %166, %320
    -> Guard[4] (true edge of ''):  %.not241 = icmp samesign ult i64 %166, %313
    -> Guard[5] (false edge of ''):  %301 = icmp samesign ult i64 %300, 6
    -> Guard[6] (true edge of ''):  %.not240 = icmp samesign ult i64 %166, %294
    -> Guard[7] (true edge of ''):  %.not239 = icmp samesign ult i64 %166, %287
    -> Guard[8] (false edge of ''):  %275 = icmp samesign ult i64 %274, 5
    -> Guard[9] (true edge of ''):  %.not238 = icmp samesign ult i64 %166, %268
    -> Guard[10] (true edge of ''):  %.not237 = icmp samesign ult i64 %166, %261
    -> Guard[11] (false edge of ''):  %249 = icmp samesign ult i64 %248, 4
    -> Guard[12] (true edge of ''):  %.not236 = icmp samesign ult i64 %166, %242
    -> Guard[13] (true edge of ''):  %.not235 = icmp samesign ult i64 %166, %236
    -> Guard[14] (false edge of ''):  %225 = icmp samesign ult i64 %224, 3
    -> Guard[15] (true edge of ''):  %.not234 = icmp samesign ult i64 %166, %218
    -> Guard[16] (true edge of ''):  %.not233 = icmp samesign ult i64 %166, %212
    -> Guard[17] (false edge of ''):  %201 = icmp samesign ult i64 %200, 2
    -> Guard[18] (true edge of ''):  %.not232 = icmp samesign ult i64 %166, %194
    -> Guard[19] (true edge of ''):  %.not231 = icmp samesign ult i64 %166, %188
    -> Guard[20] (false edge of ''):  %177 = icmp eq i64 %176, 0
    -> Guard[21] (true edge of ''):  %.not230 = icmp samesign ult i64 %166, %170
    -> Guard[22] (false edge of ''):  %130 = icmp eq i64 %127, 0
    -> Guard[23] (false edge of ''):  %128 = icmp slt i64 %127, 0
    -> Guard[24] (false edge of ''):  %39 = icmp eq i8 %38, 1
    -> Guard[25] (false edge of ''):  %18 = icmp eq i64 %17, 0
    -> Guard[26] (false edge of 'entry'):  %6 = icmp samesign ult i64 %5, 2
    -> Collected 27 dominating context guard(s).
    -> Frame refused (clobber between loads):  %127 = load i64, ptr @"$s5nbody1nSivp", align 8  vs  %.pre = load i64, ptr @"$s5nbody1nSivp", align 8
         clobber:   call void @swift_endAccess(ptr nonnull %access-scratch56) #2
    -> Frame refused (clobber between loads):  %127 = load i64, ptr @"$s5nbody1nSivp", align 8  vs  %447 = load i64, ptr @"$s5nbody1nSivp", align 8
         clobber: (MemoryPhi: clobber on some incoming arm)
    -> Frame refused (clobber between loads):  %127 = load i64, ptr @"$s5nbody1nSivp", align 8  vs  %451 = load i64, ptr @"$s5nbody1nSivp", align 8
         clobber: (MemoryPhi: clobber on some incoming arm)
    -> Frame refused (clobber between loads):  %127 = load i64, ptr @"$s5nbody1nSivp", align 8  vs  %.pr = load i64, ptr @"$s5nbody1nSivp", align 8
         clobber: (MemoryPhi: clobber on some incoming arm)
    -> Frame refused (clobber between loads):  %127 = load i64, ptr @"$s5nbody1nSivp", align 8  vs  %462 = load i64, ptr @"$s5nbody1nSivp", align 8
         clobber: (MemoryPhi: clobber on some incoming arm)
    -> Frame refused (clobber between loads):  %127 = load i64, ptr @"$s5nbody1nSivp", align 8  vs  %769 = load i64, ptr @"$s5nbody1nSivp", align 8
         clobber: (MemoryPhi: clobber on some incoming arm)
    -> [go3] 0 leaf-closure instruction(s) encoded
    -> Fact[RM:0] i64 %5 in [0,9223372036854775807) (!range)
    -> Fact[KB:1] i64 %5 known bits zero=0x9223372036854775808 one=0x0
    -> Fact[LVI:2] i64 %127 in [1,9223372036854775807) (LVI @ .loopexit304)
    -> Fact[KB:3] i64 %166 known bits zero=0x9223372036854775808 one=0x0
    -> Fact[LVI:4] i64 %166 in [0,9223372036854775806) (LVI @ .loopexit304)
    -> Fact[SCEV:5] i64 %166 in [0,9223372036854775807) (SCEV unsigned)
    -> Fact[SCEV:6] i64 %166 in [0,9223372036854775807) (SCEV signed)
    -> Fact[SCEVSYM:7] i64 %166 - start(0) <=u BTC((9223372036854775806 umin (-1 + %127))) (SCEV symbolic trip count, sub-form)
    -> Fact[PHIINV-hi:8] i64 %166 == i64 0 || ne(i64 %166, i64 %127) (latch-implied bound, 1-induction)
    -> Fact[PHIINV-lo:9] i64 %166 >=s i64 0 (monotone nsw increments, 1 arm(s))
    -> Fact[RM:10] i64 %170 in [0,9223372036854775807) (!range)
    -> Fact[KB:11] i64 %170 known bits zero=0x9223372036854775808 one=0x0
    -> Fact[LVI:12] i64 %170 in [1,9223372036854775807) (LVI @ .loopexit304)
    -> Fact[RM:13] i64 %176 in [0,9223372036854775807) (!range)
    -> Fact[KB:14] i64 %176 known bits zero=0x9223372036854775808 one=0x0
    -> Fact[LVI:15] i64 %176 in [1,9223372036854775807) (LVI @ .loopexit304)
    -> Fact[RM:16] i64 %188 in [0,9223372036854775807) (!range)
    -> Fact[KB:17] i64 %188 known bits zero=0x9223372036854775808 one=0x0
    -> Fact[LVI:18] i64 %188 in [1,9223372036854775807) (LVI @ .loopexit304)
    -> Fact[RM:19] i64 %194 in [0,9223372036854775807) (!range)
    -> Fact[KB:20] i64 %194 known bits zero=0x9223372036854775808 one=0x0
    -> Fact[LVI:21] i64 %194 in [1,9223372036854775807) (LVI @ .loopexit304)
    -> Fact[RM:22] i64 %200 in [0,9223372036854775807) (!range)
    -> Fact[KB:23] i64 %200 known bits zero=0x9223372036854775808 one=0x0
    -> Fact[LVI:24] i64 %200 in [2,9223372036854775807) (LVI @ .loopexit304)
    -> Fact[RM:25] i64 %212 in [0,9223372036854775807) (!range)
    -> Fact[KB:26] i64 %212 known bits zero=0x9223372036854775808 one=0x0
    -> Fact[LVI:27] i64 %212 in [1,9223372036854775807) (LVI @ .loopexit304)
    -> Fact[RM:28] i64 %218 in [0,9223372036854775807) (!range)
    -> Fact[KB:29] i64 %218 known bits zero=0x9223372036854775808 one=0x0
    -> Fact[LVI:30] i64 %218 in [1,9223372036854775807) (LVI @ .loopexit304)
    -> Fact[RM:31] i64 %224 in [0,9223372036854775807) (!range)
    -> Fact[KB:32] i64 %224 known bits zero=0x9223372036854775808 one=0x0
    -> Fact[LVI:33] i64 %224 in [3,9223372036854775807) (LVI @ .loopexit304)
    -> Fact[RM:34] i64 %236 in [0,9223372036854775807) (!range)
    -> Fact[KB:35] i64 %236 known bits zero=0x9223372036854775808 one=0x0
    -> Fact[LVI:36] i64 %236 in [1,9223372036854775807) (LVI @ .loopexit304)
    -> Fact[RM:37] i64 %242 in [0,9223372036854775807) (!range)
    -> Fact[KB:38] i64 %242 known bits zero=0x9223372036854775808 one=0x0
    -> Fact[LVI:39] i64 %242 in [1,9223372036854775807) (LVI @ .loopexit304)
    -> Fact[RM:40] i64 %248 in [0,9223372036854775807) (!range)
    -> Fact[KB:41] i64 %248 known bits zero=0x9223372036854775808 one=0x0
    -> Fact[LVI:42] i64 %248 in [4,9223372036854775807) (LVI @ .loopexit304)
    -> Fact[RM:43] i64 %261 in [0,9223372036854775807) (!range)
    -> Fact[KB:44] i64 %261 known bits zero=0x9223372036854775808 one=0x0
    -> Fact[LVI:45] i64 %261 in [1,9223372036854775807) (LVI @ .loopexit304)
    -> Fact[RM:46] i64 %268 in [0,9223372036854775807) (!range)
    -> Fact[KB:47] i64 %268 known bits zero=0x9223372036854775808 one=0x0
    -> Fact[LVI:48] i64 %268 in [1,9223372036854775807) (LVI @ .loopexit304)
    -> Fact[RM:49] i64 %274 in [0,9223372036854775807) (!range)
    -> Fact[KB:50] i64 %274 known bits zero=0x9223372036854775808 one=0x0
    -> Fact[LVI:51] i64 %274 in [5,9223372036854775807) (LVI @ .loopexit304)
    -> Fact[RM:52] i64 %287 in [0,9223372036854775807) (!range)
    -> Fact[KB:53] i64 %287 known bits zero=0x9223372036854775808 one=0x0
    -> Fact[LVI:54] i64 %287 in [1,9223372036854775807) (LVI @ .loopexit304)
    -> Fact[RM:55] i64 %294 in [0,9223372036854775807) (!range)
    -> Fact[KB:56] i64 %294 known bits zero=0x9223372036854775808 one=0x0
    -> Fact[LVI:57] i64 %294 in [1,9223372036854775807) (LVI @ .loopexit304)
    -> Fact[RM:58] i64 %300 in [0,9223372036854775807) (!range)
    -> Fact[KB:59] i64 %300 known bits zero=0x9223372036854775808 one=0x0
    -> Fact[LVI:60] i64 %300 in [6,9223372036854775807) (LVI @ .loopexit304)
    -> Fact[RM:61] i64 %313 in [0,9223372036854775807) (!range)
    -> Fact[KB:62] i64 %313 known bits zero=0x9223372036854775808 one=0x0
    -> Fact[LVI:63] i64 %313 in [1,9223372036854775807) (LVI @ .loopexit304)
    -> Fact[RM:64] i64 %320 in [0,9223372036854775807) (!range)
    -> Fact[KB:65] i64 %320 known bits zero=0x9223372036854775808 one=0x0
    -> Fact[LVI:66] i64 %320 in [1,9223372036854775807) (LVI @ .loopexit304)
    -> Fact[RM:67] i64 %326 in [0,9223372036854775807) (!range)
    -> Fact[KB:68] i64 %326 known bits zero=0x9223372036854775808 one=0x0
    -> Fact[LVI:69] i64 %326 in [7,9223372036854775807) (LVI @ .loopexit304)
    -> Fact[RM:70] i64 %339 in [0,9223372036854775807) (!range)
    -> Fact[KB:71] i64 %339 known bits zero=0x9223372036854775808 one=0x0
    -> Fact[LVI:72] i64 %339 in [1,9223372036854775807) (LVI @ .loopexit304)
    -> Fact[LVI:73] i64 %127 in [1,9223372036854775807) (LVI @ .loopexit304)
    -> [heavy] 74 analysis fact(s) on 44 boundary value(s)
    -> [ind] trap not in a loop
    -> SAT (WARNING: Potential Integer Overflow Bug Detected!) [Query Latency: 16.421159 ms]
    -> [mv] trap not inside a loop: not versionable
  -> Found UB Trap. Starting Backward Slice...
    -> Guard[0] (false edge of ''):  %136 = icmp eq i64 %.pre, 0
    -> Guard[1] (false edge of '.loopexit304'):  %134 = icmp slt i64 %.pre, 0
    -> Guard[2] (true edge of ''):  %344 = icmp eq i64 %167, %127
    -> Guard[3] (true edge of ''):  %.not243 = icmp samesign ult i64 %166, %339
    -> Guard[4] (false edge of ''):  %327 = icmp samesign ult i64 %326, 7
    -> Guard[5] (true edge of ''):  %.not242 = icmp samesign ult i64 %166, %320
    -> Guard[6] (true edge of ''):  %.not241 = icmp samesign ult i64 %166, %313
    -> Guard[7] (false edge of ''):  %301 = icmp samesign ult i64 %300, 6
    -> Guard[8] (true edge of ''):  %.not240 = icmp samesign ult i64 %166, %294
    -> Guard[9] (true edge of ''):  %.not239 = icmp samesign ult i64 %166, %287
    -> Guard[10] (false edge of ''):  %275 = icmp samesign ult i64 %274, 5
    -> Guard[11] (true edge of ''):  %.not238 = icmp samesign ult i64 %166, %268
    -> Guard[12] (true edge of ''):  %.not237 = icmp samesign ult i64 %166, %261
    -> Guard[13] (false edge of ''):  %249 = icmp samesign ult i64 %248, 4
    -> Guard[14] (true edge of ''):  %.not236 = icmp samesign ult i64 %166, %242
    -> Guard[15] (true edge of ''):  %.not235 = icmp samesign ult i64 %166, %236
    -> Guard[16] (false edge of ''):  %225 = icmp samesign ult i64 %224, 3
    -> Guard[17] (true edge of ''):  %.not234 = icmp samesign ult i64 %166, %218
    -> Guard[18] (true edge of ''):  %.not233 = icmp samesign ult i64 %166, %212
    -> Guard[19] (false edge of ''):  %201 = icmp samesign ult i64 %200, 2
    -> Guard[20] (true edge of ''):  %.not232 = icmp samesign ult i64 %166, %194
    -> Guard[21] (true edge of ''):  %.not231 = icmp samesign ult i64 %166, %188
    -> Guard[22] (false edge of ''):  %177 = icmp eq i64 %176, 0
    -> Guard[23] (true edge of ''):  %.not230 = icmp samesign ult i64 %166, %170
    -> Guard[24] (false edge of ''):  %130 = icmp eq i64 %127, 0
    -> Guard[25] (false edge of ''):  %128 = icmp slt i64 %127, 0
    -> Guard[26] (false edge of ''):  %39 = icmp eq i8 %38, 1
    -> Guard[27] (false edge of ''):  %18 = icmp eq i64 %17, 0
    -> Guard[28] (false edge of 'entry'):  %6 = icmp samesign ult i64 %5, 2
    -> Collected 29 dominating context guard(s).
    -> Frame refused (clobber between loads):  %127 = load i64, ptr @"$s5nbody1nSivp", align 8  vs  %.pre = load i64, ptr @"$s5nbody1nSivp", align 8
         clobber:   call void @swift_endAccess(ptr nonnull %access-scratch56) #2
    -> Frame refused (clobber between loads):  %127 = load i64, ptr @"$s5nbody1nSivp", align 8  vs  %447 = load i64, ptr @"$s5nbody1nSivp", align 8
         clobber: (MemoryPhi: clobber on some incoming arm)
    -> Frame refused (clobber between loads):  %127 = load i64, ptr @"$s5nbody1nSivp", align 8  vs  %451 = load i64, ptr @"$s5nbody1nSivp", align 8
         clobber: (MemoryPhi: clobber on some incoming arm)
    -> Frame refused (clobber between loads):  %127 = load i64, ptr @"$s5nbody1nSivp", align 8  vs  %.pr = load i64, ptr @"$s5nbody1nSivp", align 8
         clobber: (MemoryPhi: clobber on some incoming arm)
    -> Frame refused (clobber between loads):  %127 = load i64, ptr @"$s5nbody1nSivp", align 8  vs  %462 = load i64, ptr @"$s5nbody1nSivp", align 8
         clobber: (MemoryPhi: clobber on some incoming arm)
    -> Frame refused (clobber between loads):  %127 = load i64, ptr @"$s5nbody1nSivp", align 8  vs  %769 = load i64, ptr @"$s5nbody1nSivp", align 8
         clobber: (MemoryPhi: clobber on some incoming arm)
    -> [go3] 0 leaf-closure instruction(s) encoded
    -> Fact[RM:0] i64 %5 in [0,9223372036854775807) (!range)
    -> Fact[KB:1] i64 %5 known bits zero=0x9223372036854775808 one=0x0
    -> Fact[LVI:2] i64 %127 in [1,9223372036854775807) (LVI @ )
    -> Fact[KB:3] i64 %166 known bits zero=0x9223372036854775808 one=0x0
    -> Fact[LVI:4] i64 %166 in [0,9223372036854775806) (LVI @ )
    -> Fact[SCEV:5] i64 %166 in [0,9223372036854775807) (SCEV unsigned)
    -> Fact[SCEV:6] i64 %166 in [0,9223372036854775807) (SCEV signed)
    -> Fact[SCEVSYM:7] i64 %166 - start(0) <=u BTC((9223372036854775806 umin (-1 + %127))) (SCEV symbolic trip count, sub-form)
    -> Fact[PHIINV-hi:8] i64 %166 == i64 0 || ne(i64 %166, i64 %127) (latch-implied bound, 1-induction)
    -> Fact[PHIINV-lo:9] i64 %166 >=s i64 0 (monotone nsw increments, 1 arm(s))
    -> Fact[RM:10] i64 %170 in [0,9223372036854775807) (!range)
    -> Fact[KB:11] i64 %170 known bits zero=0x9223372036854775808 one=0x0
    -> Fact[LVI:12] i64 %170 in [1,9223372036854775807) (LVI @ )
    -> Fact[RM:13] i64 %176 in [0,9223372036854775807) (!range)
    -> Fact[KB:14] i64 %176 known bits zero=0x9223372036854775808 one=0x0
    -> Fact[LVI:15] i64 %176 in [1,9223372036854775807) (LVI @ )
    -> Fact[RM:16] i64 %188 in [0,9223372036854775807) (!range)
    -> Fact[KB:17] i64 %188 known bits zero=0x9223372036854775808 one=0x0
    -> Fact[LVI:18] i64 %188 in [1,9223372036854775807) (LVI @ )
    -> Fact[RM:19] i64 %194 in [0,9223372036854775807) (!range)
    -> Fact[KB:20] i64 %194 known bits zero=0x9223372036854775808 one=0x0
    -> Fact[LVI:21] i64 %194 in [1,9223372036854775807) (LVI @ )
    -> Fact[RM:22] i64 %200 in [0,9223372036854775807) (!range)
    -> Fact[KB:23] i64 %200 known bits zero=0x9223372036854775808 one=0x0
    -> Fact[LVI:24] i64 %200 in [2,9223372036854775807) (LVI @ )
    -> Fact[RM:25] i64 %212 in [0,9223372036854775807) (!range)
    -> Fact[KB:26] i64 %212 known bits zero=0x9223372036854775808 one=0x0
    -> Fact[LVI:27] i64 %212 in [1,9223372036854775807) (LVI @ )
    -> Fact[RM:28] i64 %218 in [0,9223372036854775807) (!range)
    -> Fact[KB:29] i64 %218 known bits zero=0x9223372036854775808 one=0x0
    -> Fact[LVI:30] i64 %218 in [1,9223372036854775807) (LVI @ )
    -> Fact[RM:31] i64 %224 in [0,9223372036854775807) (!range)
    -> Fact[KB:32] i64 %224 known bits zero=0x9223372036854775808 one=0x0
    -> Fact[LVI:33] i64 %224 in [3,9223372036854775807) (LVI @ )
    -> Fact[RM:34] i64 %236 in [0,9223372036854775807) (!range)
    -> Fact[KB:35] i64 %236 known bits zero=0x9223372036854775808 one=0x0
    -> Fact[LVI:36] i64 %236 in [1,9223372036854775807) (LVI @ )
    -> Fact[RM:37] i64 %242 in [0,9223372036854775807) (!range)
    -> Fact[KB:38] i64 %242 known bits zero=0x9223372036854775808 one=0x0
    -> Fact[LVI:39] i64 %242 in [1,9223372036854775807) (LVI @ )
    -> Fact[RM:40] i64 %248 in [0,9223372036854775807) (!range)
    -> Fact[KB:41] i64 %248 known bits zero=0x9223372036854775808 one=0x0
    -> Fact[LVI:42] i64 %248 in [4,9223372036854775807) (LVI @ )
    -> Fact[RM:43] i64 %261 in [0,9223372036854775807) (!range)
    -> Fact[KB:44] i64 %261 known bits zero=0x9223372036854775808 one=0x0
    -> Fact[LVI:45] i64 %261 in [1,9223372036854775807) (LVI @ )
    -> Fact[RM:46] i64 %268 in [0,9223372036854775807) (!range)
    -> Fact[KB:47] i64 %268 known bits zero=0x9223372036854775808 one=0x0
    -> Fact[LVI:48] i64 %268 in [1,9223372036854775807) (LVI @ )
    -> Fact[RM:49] i64 %274 in [0,9223372036854775807) (!range)
    -> Fact[KB:50] i64 %274 known bits zero=0x9223372036854775808 one=0x0
    -> Fact[LVI:51] i64 %274 in [5,9223372036854775807) (LVI @ )
    -> Fact[RM:52] i64 %287 in [0,9223372036854775807) (!range)
    -> Fact[KB:53] i64 %287 known bits zero=0x9223372036854775808 one=0x0
    -> Fact[LVI:54] i64 %287 in [1,9223372036854775807) (LVI @ )
    -> Fact[RM:55] i64 %294 in [0,9223372036854775807) (!range)
    -> Fact[KB:56] i64 %294 known bits zero=0x9223372036854775808 one=0x0
    -> Fact[LVI:57] i64 %294 in [1,9223372036854775807) (LVI @ )
    -> Fact[RM:58] i64 %300 in [0,9223372036854775807) (!range)
    -> Fact[KB:59] i64 %300 known bits zero=0x9223372036854775808 one=0x0
    -> Fact[LVI:60] i64 %300 in [6,9223372036854775807) (LVI @ )
    -> Fact[RM:61] i64 %313 in [0,9223372036854775807) (!range)
    -> Fact[KB:62] i64 %313 known bits zero=0x9223372036854775808 one=0x0
    -> Fact[LVI:63] i64 %313 in [1,9223372036854775807) (LVI @ )
    -> Fact[RM:64] i64 %320 in [0,9223372036854775807) (!range)
    -> Fact[KB:65] i64 %320 known bits zero=0x9223372036854775808 one=0x0
    -> Fact[LVI:66] i64 %320 in [1,9223372036854775807) (LVI @ )
    -> Fact[RM:67] i64 %326 in [0,9223372036854775807) (!range)
    -> Fact[KB:68] i64 %326 known bits zero=0x9223372036854775808 one=0x0
    -> Fact[LVI:69] i64 %326 in [7,9223372036854775807) (LVI @ )
    -> Fact[RM:70] i64 %339 in [0,9223372036854775807) (!range)
    -> Fact[KB:71] i64 %339 known bits zero=0x9223372036854775808 one=0x0
    -> Fact[LVI:72] i64 %339 in [1,9223372036854775807) (LVI @ )
    -> Fact[LVI:73] i64 %.pre in [1,-9223372036854775808) (LVI @ )
    -> Fact[RM:74] i64 %143 in [0,9223372036854775807) (!range)
    -> Fact[KB:75] i64 %143 known bits zero=0x9223372036854775808 one=0x0
    -> Fact[LVI:76] i64 %127 in [1,9223372036854775807) (LVI @ )
    -> [heavy] 77 analysis fact(s) on 45 boundary value(s)
    -> [ind] trap not in a loop
    -> SAT (WARNING: Potential Integer Overflow Bug Detected!) [Query Latency: 9.256451 ms]
    -> [mv] trap not inside a loop: not versionable
  -> Found UB Trap. Starting Backward Slice...
    -> Guard[0] (false edge of ''):  %144 = icmp samesign ugt i64 %.pre, %143
    -> Guard[1] (false edge of ''):  %136 = icmp eq i64 %.pre, 0
    -> Guard[2] (false edge of '.loopexit304'):  %134 = icmp slt i64 %.pre, 0
    -> Guard[3] (true edge of ''):  %344 = icmp eq i64 %167, %127
    -> Guard[4] (true edge of ''):  %.not243 = icmp samesign ult i64 %166, %339
    -> Guard[5] (false edge of ''):  %327 = icmp samesign ult i64 %326, 7
    -> Guard[6] (true edge of ''):  %.not242 = icmp samesign ult i64 %166, %320
    -> Guard[7] (true edge of ''):  %.not241 = icmp samesign ult i64 %166, %313
    -> Guard[8] (false edge of ''):  %301 = icmp samesign ult i64 %300, 6
    -> Guard[9] (true edge of ''):  %.not240 = icmp samesign ult i64 %166, %294
    -> Guard[10] (true edge of ''):  %.not239 = icmp samesign ult i64 %166, %287
    -> Guard[11] (false edge of ''):  %275 = icmp samesign ult i64 %274, 5
    -> Guard[12] (true edge of ''):  %.not238 = icmp samesign ult i64 %166, %268
    -> Guard[13] (true edge of ''):  %.not237 = icmp samesign ult i64 %166, %261
    -> Guard[14] (false edge of ''):  %249 = icmp samesign ult i64 %248, 4
    -> Guard[15] (true edge of ''):  %.not236 = icmp samesign ult i64 %166, %242
    -> Guard[16] (true edge of ''):  %.not235 = icmp samesign ult i64 %166, %236
    -> Guard[17] (false edge of ''):  %225 = icmp samesign ult i64 %224, 3
    -> Guard[18] (true edge of ''):  %.not234 = icmp samesign ult i64 %166, %218
    -> Guard[19] (true edge of ''):  %.not233 = icmp samesign ult i64 %166, %212
    -> Guard[20] (false edge of ''):  %201 = icmp samesign ult i64 %200, 2
    -> Guard[21] (true edge of ''):  %.not232 = icmp samesign ult i64 %166, %194
    -> Guard[22] (true edge of ''):  %.not231 = icmp samesign ult i64 %166, %188
    -> Guard[23] (false edge of ''):  %177 = icmp eq i64 %176, 0
    -> Guard[24] (true edge of ''):  %.not230 = icmp samesign ult i64 %166, %170
    -> Guard[25] (false edge of ''):  %130 = icmp eq i64 %127, 0
    -> Guard[26] (false edge of ''):  %128 = icmp slt i64 %127, 0
    -> Guard[27] (false edge of ''):  %39 = icmp eq i8 %38, 1
    -> Guard[28] (false edge of ''):  %18 = icmp eq i64 %17, 0
    -> Guard[29] (false edge of 'entry'):  %6 = icmp samesign ult i64 %5, 2
    -> Collected 30 dominating context guard(s).
    -> Frame refused (clobber between loads):  %127 = load i64, ptr @"$s5nbody1nSivp", align 8  vs  %.pre = load i64, ptr @"$s5nbody1nSivp", align 8
         clobber:   call void @swift_endAccess(ptr nonnull %access-scratch56) #2
    -> Frame refused (clobber between loads):  %127 = load i64, ptr @"$s5nbody1nSivp", align 8  vs  %447 = load i64, ptr @"$s5nbody1nSivp", align 8
         clobber: (MemoryPhi: clobber on some incoming arm)
    -> Frame refused (clobber between loads):  %127 = load i64, ptr @"$s5nbody1nSivp", align 8  vs  %451 = load i64, ptr @"$s5nbody1nSivp", align 8
         clobber: (MemoryPhi: clobber on some incoming arm)
    -> Frame refused (clobber between loads):  %127 = load i64, ptr @"$s5nbody1nSivp", align 8  vs  %.pr = load i64, ptr @"$s5nbody1nSivp", align 8
         clobber: (MemoryPhi: clobber on some incoming arm)
    -> Frame refused (clobber between loads):  %127 = load i64, ptr @"$s5nbody1nSivp", align 8  vs  %462 = load i64, ptr @"$s5nbody1nSivp", align 8
         clobber: (MemoryPhi: clobber on some incoming arm)
    -> Frame refused (clobber between loads):  %127 = load i64, ptr @"$s5nbody1nSivp", align 8  vs  %769 = load i64, ptr @"$s5nbody1nSivp", align 8
         clobber: (MemoryPhi: clobber on some incoming arm)
    -> [go3] 0 leaf-closure instruction(s) encoded
    -> Fact[RM:0] i64 %5 in [0,9223372036854775807) (!range)
    -> Fact[KB:1] i64 %5 known bits zero=0x9223372036854775808 one=0x0
    -> Fact[LVI:2] i64 %127 in [1,9223372036854775807) (LVI @ )
    -> Fact[KB:3] i64 %166 known bits zero=0x9223372036854775808 one=0x0
    -> Fact[LVI:4] i64 %166 in [0,9223372036854775806) (LVI @ )
    -> Fact[SCEV:5] i64 %166 in [0,9223372036854775807) (SCEV unsigned)
    -> Fact[SCEV:6] i64 %166 in [0,9223372036854775807) (SCEV signed)
    -> Fact[SCEVSYM:7] i64 %166 - start(0) <=u BTC((9223372036854775806 umin (-1 + %127))) (SCEV symbolic trip count, sub-form)
    -> Fact[PHIINV-hi:8] i64 %166 == i64 0 || ne(i64 %166, i64 %127) (latch-implied bound, 1-induction)
    -> Fact[PHIINV-lo:9] i64 %166 >=s i64 0 (monotone nsw increments, 1 arm(s))
    -> Fact[RM:10] i64 %170 in [0,9223372036854775807) (!range)
    -> Fact[KB:11] i64 %170 known bits zero=0x9223372036854775808 one=0x0
    -> Fact[LVI:12] i64 %170 in [1,9223372036854775807) (LVI @ )
    -> Fact[RM:13] i64 %176 in [0,9223372036854775807) (!range)
    -> Fact[KB:14] i64 %176 known bits zero=0x9223372036854775808 one=0x0
    -> Fact[LVI:15] i64 %176 in [1,9223372036854775807) (LVI @ )
    -> Fact[RM:16] i64 %188 in [0,9223372036854775807) (!range)
    -> Fact[KB:17] i64 %188 known bits zero=0x9223372036854775808 one=0x0
    -> Fact[LVI:18] i64 %188 in [1,9223372036854775807) (LVI @ )
    -> Fact[RM:19] i64 %194 in [0,9223372036854775807) (!range)
    -> Fact[KB:20] i64 %194 known bits zero=0x9223372036854775808 one=0x0
    -> Fact[LVI:21] i64 %194 in [1,9223372036854775807) (LVI @ )
    -> Fact[RM:22] i64 %200 in [0,9223372036854775807) (!range)
    -> Fact[KB:23] i64 %200 known bits zero=0x9223372036854775808 one=0x0
    -> Fact[LVI:24] i64 %200 in [2,9223372036854775807) (LVI @ )
    -> Fact[RM:25] i64 %212 in [0,9223372036854775807) (!range)
    -> Fact[KB:26] i64 %212 known bits zero=0x9223372036854775808 one=0x0
    -> Fact[LVI:27] i64 %212 in [1,9223372036854775807) (LVI @ )
    -> Fact[RM:28] i64 %218 in [0,9223372036854775807) (!range)
    -> Fact[KB:29] i64 %218 known bits zero=0x9223372036854775808 one=0x0
    -> Fact[LVI:30] i64 %218 in [1,9223372036854775807) (LVI @ )
    -> Fact[RM:31] i64 %224 in [0,9223372036854775807) (!range)
    -> Fact[KB:32] i64 %224 known bits zero=0x9223372036854775808 one=0x0
    -> Fact[LVI:33] i64 %224 in [3,9223372036854775807) (LVI @ )
    -> Fact[RM:34] i64 %236 in [0,9223372036854775807) (!range)
    -> Fact[KB:35] i64 %236 known bits zero=0x9223372036854775808 one=0x0
    -> Fact[LVI:36] i64 %236 in [1,9223372036854775807) (LVI @ )
    -> Fact[RM:37] i64 %242 in [0,9223372036854775807) (!range)
    -> Fact[KB:38] i64 %242 known bits zero=0x9223372036854775808 one=0x0
    -> Fact[LVI:39] i64 %242 in [1,9223372036854775807) (LVI @ )
    -> Fact[RM:40] i64 %248 in [0,9223372036854775807) (!range)
    -> Fact[KB:41] i64 %248 known bits zero=0x9223372036854775808 one=0x0
    -> Fact[LVI:42] i64 %248 in [4,9223372036854775807) (LVI @ )
    -> Fact[RM:43] i64 %261 in [0,9223372036854775807) (!range)
    -> Fact[KB:44] i64 %261 known bits zero=0x9223372036854775808 one=0x0
    -> Fact[LVI:45] i64 %261 in [1,9223372036854775807) (LVI @ )
    -> Fact[RM:46] i64 %268 in [0,9223372036854775807) (!range)
    -> Fact[KB:47] i64 %268 known bits zero=0x9223372036854775808 one=0x0
    -> Fact[LVI:48] i64 %268 in [1,9223372036854775807) (LVI @ )
    -> Fact[RM:49] i64 %274 in [0,9223372036854775807) (!range)
    -> Fact[KB:50] i64 %274 known bits zero=0x9223372036854775808 one=0x0
    -> Fact[LVI:51] i64 %274 in [5,9223372036854775807) (LVI @ )
    -> Fact[RM:52] i64 %287 in [0,9223372036854775807) (!range)
    -> Fact[KB:53] i64 %287 known bits zero=0x9223372036854775808 one=0x0
    -> Fact[LVI:54] i64 %287 in [1,9223372036854775807) (LVI @ )
    -> Fact[RM:55] i64 %294 in [0,9223372036854775807) (!range)
    -> Fact[KB:56] i64 %294 known bits zero=0x9223372036854775808 one=0x0
    -> Fact[LVI:57] i64 %294 in [1,9223372036854775807) (LVI @ )
    -> Fact[RM:58] i64 %300 in [0,9223372036854775807) (!range)
    -> Fact[KB:59] i64 %300 known bits zero=0x9223372036854775808 one=0x0
    -> Fact[LVI:60] i64 %300 in [6,9223372036854775807) (LVI @ )
    -> Fact[RM:61] i64 %313 in [0,9223372036854775807) (!range)
    -> Fact[KB:62] i64 %313 known bits zero=0x9223372036854775808 one=0x0
    -> Fact[LVI:63] i64 %313 in [1,9223372036854775807) (LVI @ )
    -> Fact[RM:64] i64 %320 in [0,9223372036854775807) (!range)
    -> Fact[KB:65] i64 %320 known bits zero=0x9223372036854775808 one=0x0
    -> Fact[LVI:66] i64 %320 in [1,9223372036854775807) (LVI @ )
    -> Fact[RM:67] i64 %326 in [0,9223372036854775807) (!range)
    -> Fact[KB:68] i64 %326 known bits zero=0x9223372036854775808 one=0x0
    -> Fact[LVI:69] i64 %326 in [7,9223372036854775807) (LVI @ )
    -> Fact[RM:70] i64 %339 in [0,9223372036854775807) (!range)
    -> Fact[KB:71] i64 %339 known bits zero=0x9223372036854775808 one=0x0
    -> Fact[LVI:72] i64 %339 in [1,9223372036854775807) (LVI @ )
    -> Fact[LVI:73] i64 %.pre in [1,9223372036854775807) (LVI @ )
    -> Fact[RM:74] i64 %143 in [0,9223372036854775807) (!range)
    -> Fact[KB:75] i64 %143 known bits zero=0x9223372036854775808 one=0x0
    -> Fact[LVI:76] i64 %143 in [1,9223372036854775807) (LVI @ )
    -> Fact[RM:77] i64 %147 in [0,9223372036854775807) (!range)
    -> Fact[KB:78] i64 %147 known bits zero=0x9223372036854775808 one=0x0
    -> Fact[LVI:79] i64 %127 in [1,9223372036854775807) (LVI @ )
    -> [heavy] 80 analysis fact(s) on 46 boundary value(s)
    -> [ind] trap not in a loop
    -> SAT (WARNING: Potential Integer Overflow Bug Detected!) [Query Latency: 20.618989 ms]
    -> [mv] trap not inside a loop: not versionable
  -> Found UB Trap. Starting Backward Slice...
    -> Guard[0] (false edge of ''):  %148 = icmp samesign ugt i64 %.pre, %147
    -> Guard[1] (false edge of ''):  %144 = icmp samesign ugt i64 %.pre, %143
    -> Guard[2] (false edge of ''):  %136 = icmp eq i64 %.pre, 0
    -> Guard[3] (false edge of '.loopexit304'):  %134 = icmp slt i64 %.pre, 0
    -> Guard[4] (true edge of ''):  %344 = icmp eq i64 %167, %127
    -> Guard[5] (true edge of ''):  %.not243 = icmp samesign ult i64 %166, %339
    -> Guard[6] (false edge of ''):  %327 = icmp samesign ult i64 %326, 7
    -> Guard[7] (true edge of ''):  %.not242 = icmp samesign ult i64 %166, %320
    -> Guard[8] (true edge of ''):  %.not241 = icmp samesign ult i64 %166, %313
    -> Guard[9] (false edge of ''):  %301 = icmp samesign ult i64 %300, 6
    -> Guard[10] (true edge of ''):  %.not240 = icmp samesign ult i64 %166, %294
    -> Guard[11] (true edge of ''):  %.not239 = icmp samesign ult i64 %166, %287
    -> Guard[12] (false edge of ''):  %275 = icmp samesign ult i64 %274, 5
    -> Guard[13] (true edge of ''):  %.not238 = icmp samesign ult i64 %166, %268
    -> Guard[14] (true edge of ''):  %.not237 = icmp samesign ult i64 %166, %261
    -> Guard[15] (false edge of ''):  %249 = icmp samesign ult i64 %248, 4
    -> Guard[16] (true edge of ''):  %.not236 = icmp samesign ult i64 %166, %242
    -> Guard[17] (true edge of ''):  %.not235 = icmp samesign ult i64 %166, %236
    -> Guard[18] (false edge of ''):  %225 = icmp samesign ult i64 %224, 3
    -> Guard[19] (true edge of ''):  %.not234 = icmp samesign ult i64 %166, %218
    -> Guard[20] (true edge of ''):  %.not233 = icmp samesign ult i64 %166, %212
    -> Guard[21] (false edge of ''):  %201 = icmp samesign ult i64 %200, 2
    -> Guard[22] (true edge of ''):  %.not232 = icmp samesign ult i64 %166, %194
    -> Guard[23] (true edge of ''):  %.not231 = icmp samesign ult i64 %166, %188
    -> Guard[24] (false edge of ''):  %177 = icmp eq i64 %176, 0
    -> Guard[25] (true edge of ''):  %.not230 = icmp samesign ult i64 %166, %170
    -> Guard[26] (false edge of ''):  %130 = icmp eq i64 %127, 0
    -> Guard[27] (false edge of ''):  %128 = icmp slt i64 %127, 0
    -> Guard[28] (false edge of ''):  %39 = icmp eq i8 %38, 1
    -> Guard[29] (false edge of ''):  %18 = icmp eq i64 %17, 0
    -> Guard[30] (false edge of 'entry'):  %6 = icmp samesign ult i64 %5, 2
    -> Collected 31 dominating context guard(s).
    -> Frame refused (clobber between loads):  %127 = load i64, ptr @"$s5nbody1nSivp", align 8  vs  %.pre = load i64, ptr @"$s5nbody1nSivp", align 8
         clobber:   call void @swift_endAccess(ptr nonnull %access-scratch56) #2
    -> Frame refused (clobber between loads):  %127 = load i64, ptr @"$s5nbody1nSivp", align 8  vs  %447 = load i64, ptr @"$s5nbody1nSivp", align 8
         clobber: (MemoryPhi: clobber on some incoming arm)
    -> Frame refused (clobber between loads):  %127 = load i64, ptr @"$s5nbody1nSivp", align 8  vs  %451 = load i64, ptr @"$s5nbody1nSivp", align 8
         clobber: (MemoryPhi: clobber on some incoming arm)
    -> Frame refused (clobber between loads):  %127 = load i64, ptr @"$s5nbody1nSivp", align 8  vs  %.pr = load i64, ptr @"$s5nbody1nSivp", align 8
         clobber: (MemoryPhi: clobber on some incoming arm)
    -> Frame refused (clobber between loads):  %127 = load i64, ptr @"$s5nbody1nSivp", align 8  vs  %462 = load i64, ptr @"$s5nbody1nSivp", align 8
         clobber: (MemoryPhi: clobber on some incoming arm)
    -> Frame refused (clobber between loads):  %127 = load i64, ptr @"$s5nbody1nSivp", align 8  vs  %769 = load i64, ptr @"$s5nbody1nSivp", align 8
         clobber: (MemoryPhi: clobber on some incoming arm)
    -> [go3] 0 leaf-closure instruction(s) encoded
    -> Fact[RM:0] i64 %5 in [0,9223372036854775807) (!range)
    -> Fact[KB:1] i64 %5 known bits zero=0x9223372036854775808 one=0x0
    -> Fact[LVI:2] i64 %127 in [1,9223372036854775807) (LVI @ )
    -> Fact[KB:3] i64 %166 known bits zero=0x9223372036854775808 one=0x0
    -> Fact[LVI:4] i64 %166 in [0,9223372036854775806) (LVI @ )
    -> Fact[SCEV:5] i64 %166 in [0,9223372036854775807) (SCEV unsigned)
    -> Fact[SCEV:6] i64 %166 in [0,9223372036854775807) (SCEV signed)
    -> Fact[SCEVSYM:7] i64 %166 - start(0) <=u BTC((9223372036854775806 umin (-1 + %127))) (SCEV symbolic trip count, sub-form)
    -> Fact[PHIINV-hi:8] i64 %166 == i64 0 || ne(i64 %166, i64 %127) (latch-implied bound, 1-induction)
    -> Fact[PHIINV-lo:9] i64 %166 >=s i64 0 (monotone nsw increments, 1 arm(s))
    -> Fact[RM:10] i64 %170 in [0,9223372036854775807) (!range)
    -> Fact[KB:11] i64 %170 known bits zero=0x9223372036854775808 one=0x0
    -> Fact[LVI:12] i64 %170 in [1,9223372036854775807) (LVI @ )
    -> Fact[RM:13] i64 %176 in [0,9223372036854775807) (!range)
    -> Fact[KB:14] i64 %176 known bits zero=0x9223372036854775808 one=0x0
    -> Fact[LVI:15] i64 %176 in [1,9223372036854775807) (LVI @ )
    -> Fact[RM:16] i64 %188 in [0,9223372036854775807) (!range)
    -> Fact[KB:17] i64 %188 known bits zero=0x9223372036854775808 one=0x0
    -> Fact[LVI:18] i64 %188 in [1,9223372036854775807) (LVI @ )
    -> Fact[RM:19] i64 %194 in [0,9223372036854775807) (!range)
    -> Fact[KB:20] i64 %194 known bits zero=0x9223372036854775808 one=0x0
    -> Fact[LVI:21] i64 %194 in [1,9223372036854775807) (LVI @ )
    -> Fact[RM:22] i64 %200 in [0,9223372036854775807) (!range)
    -> Fact[KB:23] i64 %200 known bits zero=0x9223372036854775808 one=0x0
    -> Fact[LVI:24] i64 %200 in [2,9223372036854775807) (LVI @ )
    -> Fact[RM:25] i64 %212 in [0,9223372036854775807) (!range)
    -> Fact[KB:26] i64 %212 known bits zero=0x9223372036854775808 one=0x0
    -> Fact[LVI:27] i64 %212 in [1,9223372036854775807) (LVI @ )
    -> Fact[RM:28] i64 %218 in [0,9223372036854775807) (!range)
    -> Fact[KB:29] i64 %218 known bits zero=0x9223372036854775808 one=0x0
    -> Fact[LVI:30] i64 %218 in [1,9223372036854775807) (LVI @ )
    -> Fact[RM:31] i64 %224 in [0,9223372036854775807) (!range)
    -> Fact[KB:32] i64 %224 known bits zero=0x9223372036854775808 one=0x0
    -> Fact[LVI:33] i64 %224 in [3,9223372036854775807) (LVI @ )
    -> Fact[RM:34] i64 %236 in [0,9223372036854775807) (!range)
    -> Fact[KB:35] i64 %236 known bits zero=0x9223372036854775808 one=0x0
    -> Fact[LVI:36] i64 %236 in [1,9223372036854775807) (LVI @ )
    -> Fact[RM:37] i64 %242 in [0,9223372036854775807) (!range)
    -> Fact[KB:38] i64 %242 known bits zero=0x9223372036854775808 one=0x0
    -> Fact[LVI:39] i64 %242 in [1,9223372036854775807) (LVI @ )
    -> Fact[RM:40] i64 %248 in [0,9223372036854775807) (!range)
    -> Fact[KB:41] i64 %248 known bits zero=0x9223372036854775808 one=0x0
    -> Fact[LVI:42] i64 %248 in [4,9223372036854775807) (LVI @ )
    -> Fact[RM:43] i64 %261 in [0,9223372036854775807) (!range)
    -> Fact[KB:44] i64 %261 known bits zero=0x9223372036854775808 one=0x0
    -> Fact[LVI:45] i64 %261 in [1,9223372036854775807) (LVI @ )
    -> Fact[RM:46] i64 %268 in [0,9223372036854775807) (!range)
    -> Fact[KB:47] i64 %268 known bits zero=0x9223372036854775808 one=0x0
    -> Fact[LVI:48] i64 %268 in [1,9223372036854775807) (LVI @ )
    -> Fact[RM:49] i64 %274 in [0,9223372036854775807) (!range)
    -> Fact[KB:50] i64 %274 known bits zero=0x9223372036854775808 one=0x0
    -> Fact[LVI:51] i64 %274 in [5,9223372036854775807) (LVI @ )
    -> Fact[RM:52] i64 %287 in [0,9223372036854775807) (!range)
    -> Fact[KB:53] i64 %287 known bits zero=0x9223372036854775808 one=0x0
    -> Fact[LVI:54] i64 %287 in [1,9223372036854775807) (LVI @ )
    -> Fact[RM:55] i64 %294 in [0,9223372036854775807) (!range)
    -> Fact[KB:56] i64 %294 known bits zero=0x9223372036854775808 one=0x0
    -> Fact[LVI:57] i64 %294 in [1,9223372036854775807) (LVI @ )
    -> Fact[RM:58] i64 %300 in [0,9223372036854775807) (!range)
    -> Fact[KB:59] i64 %300 known bits zero=0x9223372036854775808 one=0x0
    -> Fact[LVI:60] i64 %300 in [6,9223372036854775807) (LVI @ )
    -> Fact[RM:61] i64 %313 in [0,9223372036854775807) (!range)
    -> Fact[KB:62] i64 %313 known bits zero=0x9223372036854775808 one=0x0
    -> Fact[LVI:63] i64 %313 in [1,9223372036854775807) (LVI @ )
    -> Fact[RM:64] i64 %320 in [0,9223372036854775807) (!range)
    -> Fact[KB:65] i64 %320 known bits zero=0x9223372036854775808 one=0x0
    -> Fact[LVI:66] i64 %320 in [1,9223372036854775807) (LVI @ )
    -> Fact[RM:67] i64 %326 in [0,9223372036854775807) (!range)
    -> Fact[KB:68] i64 %326 known bits zero=0x9223372036854775808 one=0x0
    -> Fact[LVI:69] i64 %326 in [7,9223372036854775807) (LVI @ )
    -> Fact[RM:70] i64 %339 in [0,9223372036854775807) (!range)
    -> Fact[KB:71] i64 %339 known bits zero=0x9223372036854775808 one=0x0
    -> Fact[LVI:72] i64 %339 in [1,9223372036854775807) (LVI @ )
    -> Fact[LVI:73] i64 %.pre in [1,9223372036854775807) (LVI @ )
    -> Fact[RM:74] i64 %143 in [0,9223372036854775807) (!range)
    -> Fact[KB:75] i64 %143 known bits zero=0x9223372036854775808 one=0x0
    -> Fact[LVI:76] i64 %143 in [1,9223372036854775807) (LVI @ )
    -> Fact[RM:77] i64 %147 in [0,9223372036854775807) (!range)
    -> Fact[KB:78] i64 %147 known bits zero=0x9223372036854775808 one=0x0
    -> Fact[LVI:79] i64 %147 in [1,9223372036854775807) (LVI @ )
    -> Fact[RM:80] i64 %151 in [0,9223372036854775807) (!range)
    -> Fact[KB:81] i64 %151 known bits zero=0x9223372036854775808 one=0x0
    -> Fact[LVI:82] i64 %127 in [1,9223372036854775807) (LVI @ )
    -> [heavy] 83 analysis fact(s) on 47 boundary value(s)
    -> [ind] trap not in a loop
    -> SAT (WARNING: Potential Integer Overflow Bug Detected!) [Query Latency: 28.944822 ms]
    -> [mv] trap not inside a loop: not versionable
  -> Found UB Trap. Starting Backward Slice...
    -> Guard[0] (false edge of ''):  %152 = icmp samesign ugt i64 %.pre, %151
    -> Guard[1] (false edge of ''):  %148 = icmp samesign ugt i64 %.pre, %147
    -> Guard[2] (false edge of ''):  %144 = icmp samesign ugt i64 %.pre, %143
    -> Guard[3] (false edge of ''):  %136 = icmp eq i64 %.pre, 0
    -> Guard[4] (false edge of '.loopexit304'):  %134 = icmp slt i64 %.pre, 0
    -> Guard[5] (true edge of ''):  %344 = icmp eq i64 %167, %127
    -> Guard[6] (true edge of ''):  %.not243 = icmp samesign ult i64 %166, %339
    -> Guard[7] (false edge of ''):  %327 = icmp samesign ult i64 %326, 7
    -> Guard[8] (true edge of ''):  %.not242 = icmp samesign ult i64 %166, %320
    -> Guard[9] (true edge of ''):  %.not241 = icmp samesign ult i64 %166, %313
    -> Guard[10] (false edge of ''):  %301 = icmp samesign ult i64 %300, 6
    -> Guard[11] (true edge of ''):  %.not240 = icmp samesign ult i64 %166, %294
    -> Guard[12] (true edge of ''):  %.not239 = icmp samesign ult i64 %166, %287
    -> Guard[13] (false edge of ''):  %275 = icmp samesign ult i64 %274, 5
    -> Guard[14] (true edge of ''):  %.not238 = icmp samesign ult i64 %166, %268
    -> Guard[15] (true edge of ''):  %.not237 = icmp samesign ult i64 %166, %261
    -> Guard[16] (false edge of ''):  %249 = icmp samesign ult i64 %248, 4
    -> Guard[17] (true edge of ''):  %.not236 = icmp samesign ult i64 %166, %242
    -> Guard[18] (true edge of ''):  %.not235 = icmp samesign ult i64 %166, %236
    -> Guard[19] (false edge of ''):  %225 = icmp samesign ult i64 %224, 3
    -> Guard[20] (true edge of ''):  %.not234 = icmp samesign ult i64 %166, %218
    -> Guard[21] (true edge of ''):  %.not233 = icmp samesign ult i64 %166, %212
    -> Guard[22] (false edge of ''):  %201 = icmp samesign ult i64 %200, 2
    -> Guard[23] (true edge of ''):  %.not232 = icmp samesign ult i64 %166, %194
    -> Guard[24] (true edge of ''):  %.not231 = icmp samesign ult i64 %166, %188
    -> Guard[25] (false edge of ''):  %177 = icmp eq i64 %176, 0
    -> Guard[26] (true edge of ''):  %.not230 = icmp samesign ult i64 %166, %170
    -> Guard[27] (false edge of ''):  %130 = icmp eq i64 %127, 0
    -> Guard[28] (false edge of ''):  %128 = icmp slt i64 %127, 0
    -> Guard[29] (false edge of ''):  %39 = icmp eq i8 %38, 1
    -> Guard[30] (false edge of ''):  %18 = icmp eq i64 %17, 0
    -> Guard[31] (false edge of 'entry'):  %6 = icmp samesign ult i64 %5, 2
    -> Collected 32 dominating context guard(s).
    -> Frame refused (clobber between loads):  %127 = load i64, ptr @"$s5nbody1nSivp", align 8  vs  %.pre = load i64, ptr @"$s5nbody1nSivp", align 8
         clobber:   call void @swift_endAccess(ptr nonnull %access-scratch56) #2
    -> Frame refused (clobber between loads):  %127 = load i64, ptr @"$s5nbody1nSivp", align 8  vs  %447 = load i64, ptr @"$s5nbody1nSivp", align 8
         clobber: (MemoryPhi: clobber on some incoming arm)
    -> Frame refused (clobber between loads):  %127 = load i64, ptr @"$s5nbody1nSivp", align 8  vs  %451 = load i64, ptr @"$s5nbody1nSivp", align 8
         clobber: (MemoryPhi: clobber on some incoming arm)
    -> Frame refused (clobber between loads):  %127 = load i64, ptr @"$s5nbody1nSivp", align 8  vs  %.pr = load i64, ptr @"$s5nbody1nSivp", align 8
         clobber: (MemoryPhi: clobber on some incoming arm)
    -> Frame refused (clobber between loads):  %127 = load i64, ptr @"$s5nbody1nSivp", align 8  vs  %462 = load i64, ptr @"$s5nbody1nSivp", align 8
         clobber: (MemoryPhi: clobber on some incoming arm)
    -> Frame refused (clobber between loads):  %127 = load i64, ptr @"$s5nbody1nSivp", align 8  vs  %769 = load i64, ptr @"$s5nbody1nSivp", align 8
         clobber: (MemoryPhi: clobber on some incoming arm)
    -> [go3] 0 leaf-closure instruction(s) encoded
    -> Fact[RM:0] i64 %5 in [0,9223372036854775807) (!range)
    -> Fact[KB:1] i64 %5 known bits zero=0x9223372036854775808 one=0x0
    -> Fact[LVI:2] i64 %127 in [1,9223372036854775807) (LVI @ )
    -> Fact[KB:3] i64 %166 known bits zero=0x9223372036854775808 one=0x0
    -> Fact[LVI:4] i64 %166 in [0,9223372036854775806) (LVI @ )
    -> Fact[SCEV:5] i64 %166 in [0,9223372036854775807) (SCEV unsigned)
    -> Fact[SCEV:6] i64 %166 in [0,9223372036854775807) (SCEV signed)
    -> Fact[SCEVSYM:7] i64 %166 - start(0) <=u BTC((9223372036854775806 umin (-1 + %127))) (SCEV symbolic trip count, sub-form)
    -> Fact[PHIINV-hi:8] i64 %166 == i64 0 || ne(i64 %166, i64 %127) (latch-implied bound, 1-induction)
    -> Fact[PHIINV-lo:9] i64 %166 >=s i64 0 (monotone nsw increments, 1 arm(s))
    -> Fact[RM:10] i64 %170 in [0,9223372036854775807) (!range)
    -> Fact[KB:11] i64 %170 known bits zero=0x9223372036854775808 one=0x0
    -> Fact[LVI:12] i64 %170 in [1,9223372036854775807) (LVI @ )
    -> Fact[RM:13] i64 %176 in [0,9223372036854775807) (!range)
    -> Fact[KB:14] i64 %176 known bits zero=0x9223372036854775808 one=0x0
    -> Fact[LVI:15] i64 %176 in [1,9223372036854775807) (LVI @ )
    -> Fact[RM:16] i64 %188 in [0,9223372036854775807) (!range)
    -> Fact[KB:17] i64 %188 known bits zero=0x9223372036854775808 one=0x0
    -> Fact[LVI:18] i64 %188 in [1,9223372036854775807) (LVI @ )
    -> Fact[RM:19] i64 %194 in [0,9223372036854775807) (!range)
    -> Fact[KB:20] i64 %194 known bits zero=0x9223372036854775808 one=0x0
    -> Fact[LVI:21] i64 %194 in [1,9223372036854775807) (LVI @ )
    -> Fact[RM:22] i64 %200 in [0,9223372036854775807) (!range)
    -> Fact[KB:23] i64 %200 known bits zero=0x9223372036854775808 one=0x0
    -> Fact[LVI:24] i64 %200 in [2,9223372036854775807) (LVI @ )
    -> Fact[RM:25] i64 %212 in [0,9223372036854775807) (!range)
    -> Fact[KB:26] i64 %212 known bits zero=0x9223372036854775808 one=0x0
    -> Fact[LVI:27] i64 %212 in [1,9223372036854775807) (LVI @ )
    -> Fact[RM:28] i64 %218 in [0,9223372036854775807) (!range)
    -> Fact[KB:29] i64 %218 known bits zero=0x9223372036854775808 one=0x0
    -> Fact[LVI:30] i64 %218 in [1,9223372036854775807) (LVI @ )
    -> Fact[RM:31] i64 %224 in [0,9223372036854775807) (!range)
    -> Fact[KB:32] i64 %224 known bits zero=0x9223372036854775808 one=0x0
    -> Fact[LVI:33] i64 %224 in [3,9223372036854775807) (LVI @ )
    -> Fact[RM:34] i64 %236 in [0,9223372036854775807) (!range)
    -> Fact[KB:35] i64 %236 known bits zero=0x9223372036854775808 one=0x0
    -> Fact[LVI:36] i64 %236 in [1,9223372036854775807) (LVI @ )
    -> Fact[RM:37] i64 %242 in [0,9223372036854775807) (!range)
    -> Fact[KB:38] i64 %242 known bits zero=0x9223372036854775808 one=0x0
    -> Fact[LVI:39] i64 %242 in [1,9223372036854775807) (LVI @ )
    -> Fact[RM:40] i64 %248 in [0,9223372036854775807) (!range)
    -> Fact[KB:41] i64 %248 known bits zero=0x9223372036854775808 one=0x0
    -> Fact[LVI:42] i64 %248 in [4,9223372036854775807) (LVI @ )
    -> Fact[RM:43] i64 %261 in [0,9223372036854775807) (!range)
    -> Fact[KB:44] i64 %261 known bits zero=0x9223372036854775808 one=0x0
    -> Fact[LVI:45] i64 %261 in [1,9223372036854775807) (LVI @ )
    -> Fact[RM:46] i64 %268 in [0,9223372036854775807) (!range)
    -> Fact[KB:47] i64 %268 known bits zero=0x9223372036854775808 one=0x0
    -> Fact[LVI:48] i64 %268 in [1,9223372036854775807) (LVI @ )
    -> Fact[RM:49] i64 %274 in [0,9223372036854775807) (!range)
    -> Fact[KB:50] i64 %274 known bits zero=0x9223372036854775808 one=0x0
    -> Fact[LVI:51] i64 %274 in [5,9223372036854775807) (LVI @ )
    -> Fact[RM:52] i64 %287 in [0,9223372036854775807) (!range)
    -> Fact[KB:53] i64 %287 known bits zero=0x9223372036854775808 one=0x0
    -> Fact[LVI:54] i64 %287 in [1,9223372036854775807) (LVI @ )
    -> Fact[RM:55] i64 %294 in [0,9223372036854775807) (!range)
    -> Fact[KB:56] i64 %294 known bits zero=0x9223372036854775808 one=0x0
    -> Fact[LVI:57] i64 %294 in [1,9223372036854775807) (LVI @ )
    -> Fact[RM:58] i64 %300 in [0,9223372036854775807) (!range)
    -> Fact[KB:59] i64 %300 known bits zero=0x9223372036854775808 one=0x0
    -> Fact[LVI:60] i64 %300 in [6,9223372036854775807) (LVI @ )
    -> Fact[RM:61] i64 %313 in [0,9223372036854775807) (!range)
    -> Fact[KB:62] i64 %313 known bits zero=0x9223372036854775808 one=0x0
    -> Fact[LVI:63] i64 %313 in [1,9223372036854775807) (LVI @ )
    -> Fact[RM:64] i64 %320 in [0,9223372036854775807) (!range)
    -> Fact[KB:65] i64 %320 known bits zero=0x9223372036854775808 one=0x0
    -> Fact[LVI:66] i64 %320 in [1,9223372036854775807) (LVI @ )
    -> Fact[RM:67] i64 %326 in [0,9223372036854775807) (!range)
    -> Fact[KB:68] i64 %326 known bits zero=0x9223372036854775808 one=0x0
    -> Fact[LVI:69] i64 %326 in [7,9223372036854775807) (LVI @ )
    -> Fact[RM:70] i64 %339 in [0,9223372036854775807) (!range)
    -> Fact[KB:71] i64 %339 known bits zero=0x9223372036854775808 one=0x0
    -> Fact[LVI:72] i64 %339 in [1,9223372036854775807) (LVI @ )
    -> Fact[LVI:73] i64 %.pre in [1,9223372036854775807) (LVI @ )
    -> Fact[RM:74] i64 %143 in [0,9223372036854775807) (!range)
    -> Fact[KB:75] i64 %143 known bits zero=0x9223372036854775808 one=0x0
    -> Fact[LVI:76] i64 %143 in [1,9223372036854775807) (LVI @ )
    -> Fact[RM:77] i64 %147 in [0,9223372036854775807) (!range)
    -> Fact[KB:78] i64 %147 known bits zero=0x9223372036854775808 one=0x0
    -> Fact[LVI:79] i64 %147 in [1,9223372036854775807) (LVI @ )
    -> Fact[RM:80] i64 %151 in [0,9223372036854775807) (!range)
    -> Fact[KB:81] i64 %151 known bits zero=0x9223372036854775808 one=0x0
    -> Fact[LVI:82] i64 %151 in [1,9223372036854775807) (LVI @ )
    -> Fact[RM:83] i64 %155 in [0,9223372036854775807) (!range)
    -> Fact[KB:84] i64 %155 known bits zero=0x9223372036854775808 one=0x0
    -> Fact[LVI:85] i64 %127 in [1,9223372036854775807) (LVI @ )
    -> [heavy] 86 analysis fact(s) on 48 boundary value(s)
    -> [ind] trap not in a loop
    -> SAT (WARNING: Potential Integer Overflow Bug Detected!) [Query Latency: 64.526499 ms]
    -> [mv] trap not inside a loop: not versionable
  -> Found UB Trap. Starting Backward Slice...
    -> Guard[0] (false edge of ''):  %128 = icmp slt i64 %127, 0
    -> Guard[1] (false edge of ''):  %39 = icmp eq i8 %38, 1
    -> Guard[2] (false edge of ''):  %18 = icmp eq i64 %17, 0
    -> Guard[3] (false edge of 'entry'):  %6 = icmp samesign ult i64 %5, 2
    -> Collected 4 dominating context guard(s).
    -> Frame refused (clobber between loads):  %127 = load i64, ptr @"$s5nbody1nSivp", align 8  vs  %.pre = load i64, ptr @"$s5nbody1nSivp", align 8
         clobber:   call void @swift_endAccess(ptr nonnull %access-scratch56) #2
    -> Frame refused (clobber between loads):  %127 = load i64, ptr @"$s5nbody1nSivp", align 8  vs  %447 = load i64, ptr @"$s5nbody1nSivp", align 8
         clobber: (MemoryPhi: clobber on some incoming arm)
    -> Frame refused (clobber between loads):  %127 = load i64, ptr @"$s5nbody1nSivp", align 8  vs  %451 = load i64, ptr @"$s5nbody1nSivp", align 8
         clobber: (MemoryPhi: clobber on some incoming arm)
    -> Frame refused (clobber between loads):  %127 = load i64, ptr @"$s5nbody1nSivp", align 8  vs  %.pr = load i64, ptr @"$s5nbody1nSivp", align 8
         clobber: (MemoryPhi: clobber on some incoming arm)
    -> Frame refused (clobber between loads):  %127 = load i64, ptr @"$s5nbody1nSivp", align 8  vs  %462 = load i64, ptr @"$s5nbody1nSivp", align 8
         clobber: (MemoryPhi: clobber on some incoming arm)
    -> Frame refused (clobber between loads):  %127 = load i64, ptr @"$s5nbody1nSivp", align 8  vs  %769 = load i64, ptr @"$s5nbody1nSivp", align 8
         clobber: (MemoryPhi: clobber on some incoming arm)
    -> Fact[RM:0] i64 %5 in [0,9223372036854775807) (!range)
    -> Fact[KB:1] i64 %5 known bits zero=0x9223372036854775808 one=0x0
    -> Fact[LVI:2] i64 %127 in [0,9223372036854775807) (LVI @ )
    -> Fact[RM:3] i64 %355 in [0,9223372036854775807) (!range)
    -> Fact[KB:4] i64 %355 known bits zero=0x9223372036854775808 one=0x0
    -> [heavy] 5 analysis fact(s) on 22 boundary value(s)
    -> [ind] trap not in a loop
    -> SAT (WARNING: Potential Integer Overflow Bug Detected!) [Query Latency: 4.121908 ms]
    -> [mv] trap not inside a loop: not versionable
  -> Found UB Trap. Starting Backward Slice...
    -> Guard[0] (false edge of ''):  %356 = icmp eq i64 %355, 0
    -> Guard[1] (false edge of ''):  %128 = icmp slt i64 %127, 0
    -> Guard[2] (false edge of ''):  %39 = icmp eq i8 %38, 1
    -> Guard[3] (false edge of ''):  %18 = icmp eq i64 %17, 0
    -> Guard[4] (false edge of 'entry'):  %6 = icmp samesign ult i64 %5, 2
    -> Collected 5 dominating context guard(s).
    -> Frame refused (clobber between loads):  %127 = load i64, ptr @"$s5nbody1nSivp", align 8  vs  %.pre = load i64, ptr @"$s5nbody1nSivp", align 8
         clobber:   call void @swift_endAccess(ptr nonnull %access-scratch56) #2
    -> Frame refused (clobber between loads):  %127 = load i64, ptr @"$s5nbody1nSivp", align 8  vs  %447 = load i64, ptr @"$s5nbody1nSivp", align 8
         clobber: (MemoryPhi: clobber on some incoming arm)
    -> Frame refused (clobber between loads):  %127 = load i64, ptr @"$s5nbody1nSivp", align 8  vs  %451 = load i64, ptr @"$s5nbody1nSivp", align 8
         clobber: (MemoryPhi: clobber on some incoming arm)
    -> Frame refused (clobber between loads):  %127 = load i64, ptr @"$s5nbody1nSivp", align 8  vs  %.pr = load i64, ptr @"$s5nbody1nSivp", align 8
         clobber: (MemoryPhi: clobber on some incoming arm)
    -> Frame refused (clobber between loads):  %127 = load i64, ptr @"$s5nbody1nSivp", align 8  vs  %462 = load i64, ptr @"$s5nbody1nSivp", align 8
         clobber: (MemoryPhi: clobber on some incoming arm)
    -> Frame refused (clobber between loads):  %127 = load i64, ptr @"$s5nbody1nSivp", align 8  vs  %769 = load i64, ptr @"$s5nbody1nSivp", align 8
         clobber: (MemoryPhi: clobber on some incoming arm)
    -> Fact[RM:0] i64 %5 in [0,9223372036854775807) (!range)
    -> Fact[KB:1] i64 %5 known bits zero=0x9223372036854775808 one=0x0
    -> Fact[LVI:2] i64 %127 in [0,9223372036854775807) (LVI @ )
    -> Fact[RM:3] i64 %355 in [0,9223372036854775807) (!range)
    -> Fact[KB:4] i64 %355 known bits zero=0x9223372036854775808 one=0x0
    -> Fact[LVI:5] i64 %355 in [1,9223372036854775807) (LVI @ )
    -> Fact[RM:6] i64 %370 in [0,9223372036854775807) (!range)
    -> Fact[KB:7] i64 %370 known bits zero=0x9223372036854775808 one=0x0
    -> [heavy] 8 analysis fact(s) on 23 boundary value(s)
    -> [ind] trap not in a loop
    -> SAT (WARNING: Potential Integer Overflow Bug Detected!) [Query Latency: 5.478529 ms]
    -> [mv] trap not inside a loop: not versionable
  -> Found UB Trap. Starting Backward Slice...
    -> Guard[0] (false edge of ''):  %371 = icmp eq i64 %370, 0
    -> Guard[1] (false edge of ''):  %356 = icmp eq i64 %355, 0
    -> Guard[2] (false edge of ''):  %128 = icmp slt i64 %127, 0
    -> Guard[3] (false edge of ''):  %39 = icmp eq i8 %38, 1
    -> Guard[4] (false edge of ''):  %18 = icmp eq i64 %17, 0
    -> Guard[5] (false edge of 'entry'):  %6 = icmp samesign ult i64 %5, 2
    -> Collected 6 dominating context guard(s).
    -> Frame refused (clobber between loads):  %127 = load i64, ptr @"$s5nbody1nSivp", align 8  vs  %.pre = load i64, ptr @"$s5nbody1nSivp", align 8
         clobber:   call void @swift_endAccess(ptr nonnull %access-scratch56) #2
    -> Frame refused (clobber between loads):  %127 = load i64, ptr @"$s5nbody1nSivp", align 8  vs  %447 = load i64, ptr @"$s5nbody1nSivp", align 8
         clobber: (MemoryPhi: clobber on some incoming arm)
    -> Frame refused (clobber between loads):  %127 = load i64, ptr @"$s5nbody1nSivp", align 8  vs  %451 = load i64, ptr @"$s5nbody1nSivp", align 8
         clobber: (MemoryPhi: clobber on some incoming arm)
    -> Frame refused (clobber between loads):  %127 = load i64, ptr @"$s5nbody1nSivp", align 8  vs  %.pr = load i64, ptr @"$s5nbody1nSivp", align 8
         clobber: (MemoryPhi: clobber on some incoming arm)
    -> Frame refused (clobber between loads):  %127 = load i64, ptr @"$s5nbody1nSivp", align 8  vs  %462 = load i64, ptr @"$s5nbody1nSivp", align 8
         clobber: (MemoryPhi: clobber on some incoming arm)
    -> Frame refused (clobber between loads):  %127 = load i64, ptr @"$s5nbody1nSivp", align 8  vs  %769 = load i64, ptr @"$s5nbody1nSivp", align 8
         clobber: (MemoryPhi: clobber on some incoming arm)
    -> Fact[RM:0] i64 %5 in [0,9223372036854775807) (!range)
    -> Fact[KB:1] i64 %5 known bits zero=0x9223372036854775808 one=0x0
    -> Fact[LVI:2] i64 %127 in [0,9223372036854775807) (LVI @ )
    -> Fact[RM:3] i64 %355 in [0,9223372036854775807) (!range)
    -> Fact[KB:4] i64 %355 known bits zero=0x9223372036854775808 one=0x0
    -> Fact[LVI:5] i64 %355 in [1,9223372036854775807) (LVI @ )
    -> Fact[RM:6] i64 %370 in [0,9223372036854775807) (!range)
    -> Fact[KB:7] i64 %370 known bits zero=0x9223372036854775808 one=0x0
    -> Fact[LVI:8] i64 %370 in [1,9223372036854775807) (LVI @ )
    -> Fact[RM:9] i64 %385 in [0,9223372036854775807) (!range)
    -> Fact[KB:10] i64 %385 known bits zero=0x9223372036854775808 one=0x0
    -> [heavy] 11 analysis fact(s) on 24 boundary value(s)
    -> [ind] trap not in a loop
    -> SAT (WARNING: Potential Integer Overflow Bug Detected!) [Query Latency: 4.382702 ms]
    -> [mv] trap not inside a loop: not versionable
  -> Found UB Trap. Starting Backward Slice...
    -> Guard[0] (false edge of ''):  %386 = icmp eq i64 %385, 0
    -> Guard[1] (false edge of ''):  %371 = icmp eq i64 %370, 0
    -> Guard[2] (false edge of ''):  %356 = icmp eq i64 %355, 0
    -> Guard[3] (false edge of ''):  %128 = icmp slt i64 %127, 0
    -> Guard[4] (false edge of ''):  %39 = icmp eq i8 %38, 1
    -> Guard[5] (false edge of ''):  %18 = icmp eq i64 %17, 0
    -> Guard[6] (false edge of 'entry'):  %6 = icmp samesign ult i64 %5, 2
    -> Collected 7 dominating context guard(s).
    -> Frame refused (clobber between loads):  %127 = load i64, ptr @"$s5nbody1nSivp", align 8  vs  %.pre = load i64, ptr @"$s5nbody1nSivp", align 8
         clobber:   call void @swift_endAccess(ptr nonnull %access-scratch56) #2
    -> Frame refused (clobber between loads):  %127 = load i64, ptr @"$s5nbody1nSivp", align 8  vs  %447 = load i64, ptr @"$s5nbody1nSivp", align 8
         clobber: (MemoryPhi: clobber on some incoming arm)
    -> Frame refused (clobber between loads):  %127 = load i64, ptr @"$s5nbody1nSivp", align 8  vs  %451 = load i64, ptr @"$s5nbody1nSivp", align 8
         clobber: (MemoryPhi: clobber on some incoming arm)
    -> Frame refused (clobber between loads):  %127 = load i64, ptr @"$s5nbody1nSivp", align 8  vs  %.pr = load i64, ptr @"$s5nbody1nSivp", align 8
         clobber: (MemoryPhi: clobber on some incoming arm)
    -> Frame refused (clobber between loads):  %127 = load i64, ptr @"$s5nbody1nSivp", align 8  vs  %462 = load i64, ptr @"$s5nbody1nSivp", align 8
         clobber: (MemoryPhi: clobber on some incoming arm)
    -> Frame refused (clobber between loads):  %127 = load i64, ptr @"$s5nbody1nSivp", align 8  vs  %769 = load i64, ptr @"$s5nbody1nSivp", align 8
         clobber: (MemoryPhi: clobber on some incoming arm)
    -> Fact[RM:0] i64 %5 in [0,9223372036854775807) (!range)
    -> Fact[KB:1] i64 %5 known bits zero=0x9223372036854775808 one=0x0
    -> Fact[LVI:2] i64 %127 in [0,9223372036854775807) (LVI @ )
    -> Fact[RM:3] i64 %355 in [0,9223372036854775807) (!range)
    -> Fact[KB:4] i64 %355 known bits zero=0x9223372036854775808 one=0x0
    -> Fact[LVI:5] i64 %355 in [1,9223372036854775807) (LVI @ )
    -> Fact[RM:6] i64 %370 in [0,9223372036854775807) (!range)
    -> Fact[KB:7] i64 %370 known bits zero=0x9223372036854775808 one=0x0
    -> Fact[LVI:8] i64 %370 in [1,9223372036854775807) (LVI @ )
    -> Fact[RM:9] i64 %385 in [0,9223372036854775807) (!range)
    -> Fact[KB:10] i64 %385 known bits zero=0x9223372036854775808 one=0x0
    -> Fact[LVI:11] i64 %385 in [1,9223372036854775807) (LVI @ )
    -> [heavy] 12 analysis fact(s) on 25 boundary value(s)
    -> [ind] trap not in a loop
    -> SAT (WARNING: Potential Integer Overflow Bug Detected!) [Query Latency: 6.436754 ms]
    -> [mv] trap not inside a loop: not versionable
  -> Found UB Trap. Starting Backward Slice...
    -> Guard[0] (false edge of ''):  %394 = icmp eq i64 %391, 0
    -> Guard[1] (false edge of ''):  %392 = icmp slt i64 %391, 0
    -> Guard[2] (false edge of ''):  %386 = icmp eq i64 %385, 0
    -> Guard[3] (false edge of ''):  %371 = icmp eq i64 %370, 0
    -> Guard[4] (false edge of ''):  %356 = icmp eq i64 %355, 0
    -> Guard[5] (false edge of ''):  %128 = icmp slt i64 %127, 0
    -> Guard[6] (false edge of ''):  %39 = icmp eq i8 %38, 1
    -> Guard[7] (false edge of ''):  %18 = icmp eq i64 %17, 0
    -> Guard[8] (false edge of 'entry'):  %6 = icmp samesign ult i64 %5, 2
    -> Collected 9 dominating context guard(s).
    -> Frame refused (clobber between loads):  %127 = load i64, ptr @"$s5nbody1nSivp", align 8  vs  %.pre = load i64, ptr @"$s5nbody1nSivp", align 8
         clobber:   call void @swift_endAccess(ptr nonnull %access-scratch56) #2
    -> Frame refused (clobber between loads):  %127 = load i64, ptr @"$s5nbody1nSivp", align 8  vs  %447 = load i64, ptr @"$s5nbody1nSivp", align 8
         clobber: (MemoryPhi: clobber on some incoming arm)
    -> Frame refused (clobber between loads):  %127 = load i64, ptr @"$s5nbody1nSivp", align 8  vs  %451 = load i64, ptr @"$s5nbody1nSivp", align 8
         clobber: (MemoryPhi: clobber on some incoming arm)
    -> Frame refused (clobber between loads):  %127 = load i64, ptr @"$s5nbody1nSivp", align 8  vs  %.pr = load i64, ptr @"$s5nbody1nSivp", align 8
         clobber: (MemoryPhi: clobber on some incoming arm)
    -> Frame refused (clobber between loads):  %127 = load i64, ptr @"$s5nbody1nSivp", align 8  vs  %462 = load i64, ptr @"$s5nbody1nSivp", align 8
         clobber: (MemoryPhi: clobber on some incoming arm)
    -> Frame refused (clobber between loads):  %127 = load i64, ptr @"$s5nbody1nSivp", align 8  vs  %769 = load i64, ptr @"$s5nbody1nSivp", align 8
         clobber: (MemoryPhi: clobber on some incoming arm)
    -> Fact[RM:0] i64 %5 in [0,9223372036854775807) (!range)
    -> Fact[KB:1] i64 %5 known bits zero=0x9223372036854775808 one=0x0
    -> Fact[RM:2] i64 %355 in [0,9223372036854775807) (!range)
    -> Fact[KB:3] i64 %355 known bits zero=0x9223372036854775808 one=0x0
    -> Fact[RM:4] i64 %370 in [0,9223372036854775807) (!range)
    -> Fact[KB:5] i64 %370 known bits zero=0x9223372036854775808 one=0x0
    -> Fact[RM:6] i64 %385 in [0,9223372036854775807) (!range)
    -> Fact[KB:7] i64 %385 known bits zero=0x9223372036854775808 one=0x0
    -> [heavy] 8 analysis fact(s) on 26 boundary value(s)
    -> [mv] T3: not a bounds shape (idx vs invariant count)
    -> [ind L0] BASE (1 phi(s) = entry): SAT (WARNING: Potential Integer Overflow Bug Detected!) [Query Latency: 2.213264 ms]
    -> SAT (WARNING: Potential Integer Overflow Bug Detected!) [Query Latency: 3.507615 ms]
    -> [mv] still SAT under 24 hypothesis candidate(s): not versionable
  -> Found UB Trap. Starting Backward Slice...
    -> Guard[0] (false edge of ''):  %450 = icmp eq i64 %447, 0
    -> Guard[1] (false edge of '.preheader302.preheader'):  %448 = icmp slt i64 %447, 0
    -> Guard[2] (false edge of ''):  %394 = icmp eq i64 %391, 0
    -> Guard[3] (false edge of ''):  %392 = icmp slt i64 %391, 0
    -> Guard[4] (false edge of ''):  %386 = icmp eq i64 %385, 0
    -> Guard[5] (false edge of ''):  %371 = icmp eq i64 %370, 0
    -> Guard[6] (false edge of ''):  %356 = icmp eq i64 %355, 0
    -> Guard[7] (false edge of ''):  %128 = icmp slt i64 %127, 0
    -> Guard[8] (false edge of ''):  %39 = icmp eq i8 %38, 1
    -> Guard[9] (false edge of ''):  %18 = icmp eq i64 %17, 0
    -> Guard[10] (false edge of 'entry'):  %6 = icmp samesign ult i64 %5, 2
    -> Collected 11 dominating context guard(s).
    -> Frame refused (clobber between loads):  %127 = load i64, ptr @"$s5nbody1nSivp", align 8  vs  %.pre = load i64, ptr @"$s5nbody1nSivp", align 8
         clobber:   call void @swift_endAccess(ptr nonnull %access-scratch56) #2
    -> Frame refused (clobber between loads):  %127 = load i64, ptr @"$s5nbody1nSivp", align 8  vs  %447 = load i64, ptr @"$s5nbody1nSivp", align 8
         clobber: (MemoryPhi: clobber on some incoming arm)
    -> Frame refused (clobber between loads):  %127 = load i64, ptr @"$s5nbody1nSivp", align 8  vs  %451 = load i64, ptr @"$s5nbody1nSivp", align 8
         clobber: (MemoryPhi: clobber on some incoming arm)
    -> Frame refused (clobber between loads):  %127 = load i64, ptr @"$s5nbody1nSivp", align 8  vs  %.pr = load i64, ptr @"$s5nbody1nSivp", align 8
         clobber: (MemoryPhi: clobber on some incoming arm)
    -> Frame refused (clobber between loads):  %127 = load i64, ptr @"$s5nbody1nSivp", align 8  vs  %462 = load i64, ptr @"$s5nbody1nSivp", align 8
         clobber: (MemoryPhi: clobber on some incoming arm)
    -> Frame refused (clobber between loads):  %127 = load i64, ptr @"$s5nbody1nSivp", align 8  vs  %769 = load i64, ptr @"$s5nbody1nSivp", align 8
         clobber: (MemoryPhi: clobber on some incoming arm)
    -> [go3] 0 leaf-closure instruction(s) encoded
    -> Fact[RM:0] i64 %5 in [0,9223372036854775807) (!range)
    -> Fact[KB:1] i64 %5 known bits zero=0x9223372036854775808 one=0x0
    -> Fact[RM:2] i64 %355 in [0,9223372036854775807) (!range)
    -> Fact[KB:3] i64 %355 known bits zero=0x9223372036854775808 one=0x0
    -> Fact[RM:4] i64 %370 in [0,9223372036854775807) (!range)
    -> Fact[KB:5] i64 %370 known bits zero=0x9223372036854775808 one=0x0
    -> Fact[RM:6] i64 %385 in [0,9223372036854775807) (!range)
    -> Fact[KB:7] i64 %385 known bits zero=0x9223372036854775808 one=0x0
    -> Fact[KB:8] i64 %460 known bits zero=0x9223372036854775808 one=0x0
    -> Fact[SCEV:9] i64 %460 in [0,9223372036854775807) (SCEV unsigned)
    -> Fact[SCEV:10] i64 %460 in [0,9223372036854775807) (SCEV signed)
    -> Fact[SCEVSYM:11] i64 %460 - start(0) <=u BTC((-1 + %447)) (SCEV symbolic trip count, sub-form)
    -> Fact[PHIINV-hi:12] i64 %460 == i64 0 || ne(i64 %460, i64 %447) (latch-implied bound, 1-induction)
    -> Fact[PHIINV-lo:13] i64 %460 >=s i64 0 (monotone nsw increments, 1 arm(s))
    -> [heavy] 14 analysis fact(s) on 28 boundary value(s)
    -> [mv] T3: not a bounds shape (idx vs invariant count)
    -> [ind L0] BASE (1 phi(s) = entry): SAT (WARNING: Potential Integer Overflow Bug Detected!) [Query Latency: 2.791820 ms]
    -> [ind L1] BASE (1 phi(s) = entry): SAT (WARNING: Potential Integer Overflow Bug Detected!) [Query Latency: 2.799084 ms]
    -> SAT (WARNING: Potential Integer Overflow Bug Detected!) [Query Latency: 7.423382 ms]
    -> [mv] still SAT under 30 hypothesis candidate(s): not versionable
  -> Found UB Trap. Starting Backward Slice...
    -> Guard[0] (false edge of ''):  %464 = icmp eq i64 %461, %462
    -> Guard[1] (true edge of '.preheader301.preheader'):  %.not327 = icmp sgt i64 %462, %460
    -> Guard[2] (false edge of ''):  %450 = icmp eq i64 %447, 0
    -> Guard[3] (false edge of '.preheader302.preheader'):  %448 = icmp slt i64 %447, 0
    -> Guard[4] (false edge of ''):  %394 = icmp eq i64 %391, 0
    -> Guard[5] (false edge of ''):  %392 = icmp slt i64 %391, 0
    -> Guard[6] (false edge of ''):  %386 = icmp eq i64 %385, 0
    -> Guard[7] (false edge of ''):  %371 = icmp eq i64 %370, 0
    -> Guard[8] (false edge of ''):  %356 = icmp eq i64 %355, 0
    -> Guard[9] (false edge of ''):  %128 = icmp slt i64 %127, 0
    -> Guard[10] (false edge of ''):  %39 = icmp eq i8 %38, 1
    -> Guard[11] (false edge of ''):  %18 = icmp eq i64 %17, 0
    -> Guard[12] (false edge of 'entry'):  %6 = icmp samesign ult i64 %5, 2
    -> Collected 13 dominating context guard(s).
    -> Frame refused (clobber between loads):  %127 = load i64, ptr @"$s5nbody1nSivp", align 8  vs  %.pre = load i64, ptr @"$s5nbody1nSivp", align 8
         clobber:   call void @swift_endAccess(ptr nonnull %access-scratch56) #2
    -> Frame refused (clobber between loads):  %127 = load i64, ptr @"$s5nbody1nSivp", align 8  vs  %447 = load i64, ptr @"$s5nbody1nSivp", align 8
         clobber: (MemoryPhi: clobber on some incoming arm)
    -> Frame refused (clobber between loads):  %127 = load i64, ptr @"$s5nbody1nSivp", align 8  vs  %451 = load i64, ptr @"$s5nbody1nSivp", align 8
         clobber: (MemoryPhi: clobber on some incoming arm)
    -> Frame refused (clobber between loads):  %127 = load i64, ptr @"$s5nbody1nSivp", align 8  vs  %.pr = load i64, ptr @"$s5nbody1nSivp", align 8
         clobber: (MemoryPhi: clobber on some incoming arm)
    -> Frame refused (clobber between loads):  %127 = load i64, ptr @"$s5nbody1nSivp", align 8  vs  %462 = load i64, ptr @"$s5nbody1nSivp", align 8
         clobber: (MemoryPhi: clobber on some incoming arm)
    -> Frame refused (clobber between loads):  %127 = load i64, ptr @"$s5nbody1nSivp", align 8  vs  %769 = load i64, ptr @"$s5nbody1nSivp", align 8
         clobber: (MemoryPhi: clobber on some incoming arm)
    -> [go3] 0 leaf-closure instruction(s) encoded
    -> Fact[RM:0] i64 %5 in [0,9223372036854775807) (!range)
    -> Fact[KB:1] i64 %5 known bits zero=0x9223372036854775808 one=0x0
    -> Fact[RM:2] i64 %355 in [0,9223372036854775807) (!range)
    -> Fact[KB:3] i64 %355 known bits zero=0x9223372036854775808 one=0x0
    -> Fact[RM:4] i64 %370 in [0,9223372036854775807) (!range)
    -> Fact[KB:5] i64 %370 known bits zero=0x9223372036854775808 one=0x0
    -> Fact[RM:6] i64 %385 in [0,9223372036854775807) (!range)
    -> Fact[KB:7] i64 %385 known bits zero=0x9223372036854775808 one=0x0
    -> Fact[KB:8] i64 %460 known bits zero=0x9223372036854775808 one=0x0
    -> Fact[LVI:9] i64 %460 in [-9223372036854775808,9223372036854775807) (LVI @ )
    -> Fact[SCEV:10] i64 %460 in [0,9223372036854775807) (SCEV unsigned)
    -> Fact[SCEV:11] i64 %460 in [0,9223372036854775807) (SCEV signed)
    -> Fact[SCEVSYM:12] i64 %460 - start(0) <=u BTC((-1 + %447)) (SCEV symbolic trip count, sub-form)
    -> Fact[PHIINV-hi:13] i64 %460 == i64 0 || ne(i64 %460, i64 %447) (latch-implied bound, 1-induction)
    -> Fact[PHIINV-lo:14] i64 %460 >=s i64 0 (monotone nsw increments, 1 arm(s))
    -> Fact[RM:15] i64 %472 in [0,9223372036854775807) (!range)
    -> Fact[KB:16] i64 %472 known bits zero=0x9223372036854775808 one=0x0
    -> [heavy] 17 analysis fact(s) on 29 boundary value(s)
    -> [mv] T3: not a bounds shape (idx vs invariant count)
    -> [ind L0] BASE (1 phi(s) = entry): SAT (WARNING: Potential Integer Overflow Bug Detected!) [Query Latency: 3.324199 ms]
    -> [ind L1] BASE (1 phi(s) = entry): SAT (WARNING: Potential Integer Overflow Bug Detected!) [Query Latency: 3.277661 ms]
    -> [ind L2] BASE (1 phi(s) = entry): SAT (WARNING: Potential Integer Overflow Bug Detected!) [Query Latency: 3.725636 ms]
    -> SAT (WARNING: Potential Integer Overflow Bug Detected!) [Query Latency: 7.640737 ms]
    -> [mv] still SAT under 36 hypothesis candidate(s): not versionable
  -> Found UB Trap. Starting Backward Slice...
    -> Guard[0] (true edge of ''):  %.not247 = icmp samesign ult i64 %460, %472
    -> Guard[1] (false edge of ''):  %464 = icmp eq i64 %461, %462
    -> Guard[2] (true edge of '.preheader301.preheader'):  %.not327 = icmp sgt i64 %462, %460
    -> Guard[3] (false edge of ''):  %450 = icmp eq i64 %447, 0
    -> Guard[4] (false edge of '.preheader302.preheader'):  %448 = icmp slt i64 %447, 0
    -> Guard[5] (false edge of ''):  %394 = icmp eq i64 %391, 0
    -> Guard[6] (false edge of ''):  %392 = icmp slt i64 %391, 0
    -> Guard[7] (false edge of ''):  %386 = icmp eq i64 %385, 0
    -> Guard[8] (false edge of ''):  %371 = icmp eq i64 %370, 0
    -> Guard[9] (false edge of ''):  %356 = icmp eq i64 %355, 0
    -> Guard[10] (false edge of ''):  %128 = icmp slt i64 %127, 0
    -> Guard[11] (false edge of ''):  %39 = icmp eq i8 %38, 1
    -> Guard[12] (false edge of ''):  %18 = icmp eq i64 %17, 0
    -> Guard[13] (false edge of 'entry'):  %6 = icmp samesign ult i64 %5, 2
    -> Collected 14 dominating context guard(s).
    -> Frame refused (clobber between loads):  %127 = load i64, ptr @"$s5nbody1nSivp", align 8  vs  %.pre = load i64, ptr @"$s5nbody1nSivp", align 8
         clobber:   call void @swift_endAccess(ptr nonnull %access-scratch56) #2
    -> Frame refused (clobber between loads):  %127 = load i64, ptr @"$s5nbody1nSivp", align 8  vs  %447 = load i64, ptr @"$s5nbody1nSivp", align 8
         clobber: (MemoryPhi: clobber on some incoming arm)
    -> Frame refused (clobber between loads):  %127 = load i64, ptr @"$s5nbody1nSivp", align 8  vs  %451 = load i64, ptr @"$s5nbody1nSivp", align 8
         clobber: (MemoryPhi: clobber on some incoming arm)
    -> Frame refused (clobber between loads):  %127 = load i64, ptr @"$s5nbody1nSivp", align 8  vs  %.pr = load i64, ptr @"$s5nbody1nSivp", align 8
         clobber: (MemoryPhi: clobber on some incoming arm)
    -> Frame refused (clobber between loads):  %127 = load i64, ptr @"$s5nbody1nSivp", align 8  vs  %462 = load i64, ptr @"$s5nbody1nSivp", align 8
         clobber: (MemoryPhi: clobber on some incoming arm)
    -> Frame refused (clobber between loads):  %127 = load i64, ptr @"$s5nbody1nSivp", align 8  vs  %769 = load i64, ptr @"$s5nbody1nSivp", align 8
         clobber: (MemoryPhi: clobber on some incoming arm)
    -> [go3] 1 leaf-closure instruction(s) encoded
    -> Fact[RM:0] i64 %5 in [0,9223372036854775807) (!range)
    -> Fact[KB:1] i64 %5 known bits zero=0x9223372036854775808 one=0x0
    -> Fact[RM:2] i64 %355 in [0,9223372036854775807) (!range)
    -> Fact[KB:3] i64 %355 known bits zero=0x9223372036854775808 one=0x0
    -> Fact[RM:4] i64 %370 in [0,9223372036854775807) (!range)
    -> Fact[KB:5] i64 %370 known bits zero=0x9223372036854775808 one=0x0
    -> Fact[RM:6] i64 %385 in [0,9223372036854775807) (!range)
    -> Fact[KB:7] i64 %385 known bits zero=0x9223372036854775808 one=0x0
    -> Fact[KB:8] i64 %460 known bits zero=0x9223372036854775808 one=0x0
    -> Fact[LVI:9] i64 %460 in [0,9223372036854775806) (LVI @ )
    -> Fact[SCEV:10] i64 %460 in [0,9223372036854775807) (SCEV unsigned)
    -> Fact[SCEV:11] i64 %460 in [0,9223372036854775807) (SCEV signed)
    -> Fact[SCEVSYM:12] i64 %460 - start(0) <=u BTC((-1 + %447)) (SCEV symbolic trip count, sub-form)
    -> Fact[PHIINV-hi:13] i64 %460 == i64 0 || ne(i64 %460, i64 %447) (latch-implied bound, 1-induction)
    -> Fact[PHIINV-lo:14] i64 %460 >=s i64 0 (monotone nsw increments, 1 arm(s))
    -> Fact[SCEV:15] i64 %468 in [1,-3) (SCEV unsigned)
    -> Fact[SCEV:16] i64 %468 in [1,-3) (SCEV signed)
    -> Fact[PHIINV-hi:17] i64 %468 == i64 %461 || ne(i64 %468, i64 %462) (latch-implied bound, 1-induction)
    -> Fact[RM:18] i64 %472 in [0,9223372036854775807) (!range)
    -> Fact[KB:19] i64 %472 known bits zero=0x9223372036854775808 one=0x0
    -> Fact[LVI:20] i64 %472 in [1,9223372036854775807) (LVI @ )
    -> [heavy] 21 analysis fact(s) on 30 boundary value(s)
    -> [mv] T3: not a bounds shape (idx vs invariant count)
    -> [ind L0] BASE (1 phi(s) = entry): SAT (WARNING: Potential Integer Overflow Bug Detected!) [Query Latency: 9.091578 ms]
    -> [ind L1] BASE (1 phi(s) = entry): SAT (WARNING: Potential Integer Overflow Bug Detected!) [Query Latency: 3.036917 ms]
    -> [ind L2] BASE (1 phi(s) = entry): SAT (WARNING: Potential Integer Overflow Bug Detected!) [Query Latency: 20.000665 ms]
    -> SAT (WARNING: Potential Integer Overflow Bug Detected!) [Query Latency: 6.977882 ms]
    -> [mv] still SAT under 36 hypothesis candidate(s): not versionable
  -> Found UB Trap. Starting Backward Slice...
    -> Guard[0] (true edge of ''):  %.not248 = icmp ult i64 %468, %472
    -> Guard[1] (true edge of ''):  %.not247 = icmp samesign ult i64 %460, %472
    -> Guard[2] (false edge of ''):  %464 = icmp eq i64 %461, %462
    -> Guard[3] (true edge of '.preheader301.preheader'):  %.not327 = icmp sgt i64 %462, %460
    -> Guard[4] (false edge of ''):  %450 = icmp eq i64 %447, 0
    -> Guard[5] (false edge of '.preheader302.preheader'):  %448 = icmp slt i64 %447, 0
    -> Guard[6] (false edge of ''):  %394 = icmp eq i64 %391, 0
    -> Guard[7] (false edge of ''):  %392 = icmp slt i64 %391, 0
    -> Guard[8] (false edge of ''):  %386 = icmp eq i64 %385, 0
    -> Guard[9] (false edge of ''):  %371 = icmp eq i64 %370, 0
    -> Guard[10] (false edge of ''):  %356 = icmp eq i64 %355, 0
    -> Guard[11] (false edge of ''):  %128 = icmp slt i64 %127, 0
    -> Guard[12] (false edge of ''):  %39 = icmp eq i8 %38, 1
    -> Guard[13] (false edge of ''):  %18 = icmp eq i64 %17, 0
    -> Guard[14] (false edge of 'entry'):  %6 = icmp samesign ult i64 %5, 2
    -> Collected 15 dominating context guard(s).
    -> Frame refused (clobber between loads):  %127 = load i64, ptr @"$s5nbody1nSivp", align 8  vs  %.pre = load i64, ptr @"$s5nbody1nSivp", align 8
         clobber:   call void @swift_endAccess(ptr nonnull %access-scratch56) #2
    -> Frame refused (clobber between loads):  %127 = load i64, ptr @"$s5nbody1nSivp", align 8  vs  %447 = load i64, ptr @"$s5nbody1nSivp", align 8
         clobber: (MemoryPhi: clobber on some incoming arm)
    -> Frame refused (clobber between loads):  %127 = load i64, ptr @"$s5nbody1nSivp", align 8  vs  %451 = load i64, ptr @"$s5nbody1nSivp", align 8
         clobber: (MemoryPhi: clobber on some incoming arm)
    -> Frame refused (clobber between loads):  %127 = load i64, ptr @"$s5nbody1nSivp", align 8  vs  %.pr = load i64, ptr @"$s5nbody1nSivp", align 8
         clobber: (MemoryPhi: clobber on some incoming arm)
    -> Frame refused (clobber between loads):  %127 = load i64, ptr @"$s5nbody1nSivp", align 8  vs  %462 = load i64, ptr @"$s5nbody1nSivp", align 8
         clobber: (MemoryPhi: clobber on some incoming arm)
    -> Frame refused (clobber between loads):  %127 = load i64, ptr @"$s5nbody1nSivp", align 8  vs  %769 = load i64, ptr @"$s5nbody1nSivp", align 8
         clobber: (MemoryPhi: clobber on some incoming arm)
    -> [go3] 1 leaf-closure instruction(s) encoded
    -> Fact[RM:0] i64 %5 in [0,9223372036854775807) (!range)
    -> Fact[KB:1] i64 %5 known bits zero=0x9223372036854775808 one=0x0
    -> Fact[RM:2] i64 %355 in [0,9223372036854775807) (!range)
    -> Fact[KB:3] i64 %355 known bits zero=0x9223372036854775808 one=0x0
    -> Fact[RM:4] i64 %370 in [0,9223372036854775807) (!range)
    -> Fact[KB:5] i64 %370 known bits zero=0x9223372036854775808 one=0x0
    -> Fact[RM:6] i64 %385 in [0,9223372036854775807) (!range)
    -> Fact[KB:7] i64 %385 known bits zero=0x9223372036854775808 one=0x0
    -> Fact[KB:8] i64 %460 known bits zero=0x9223372036854775808 one=0x0
    -> Fact[LVI:9] i64 %460 in [0,9223372036854775806) (LVI @ )
    -> Fact[SCEV:10] i64 %460 in [0,9223372036854775807) (SCEV unsigned)
    -> Fact[SCEV:11] i64 %460 in [0,9223372036854775807) (SCEV signed)
    -> Fact[SCEVSYM:12] i64 %460 - start(0) <=u BTC((-1 + %447)) (SCEV symbolic trip count, sub-form)
    -> Fact[PHIINV-hi:13] i64 %460 == i64 0 || ne(i64 %460, i64 %447) (latch-implied bound, 1-induction)
    -> Fact[PHIINV-lo:14] i64 %460 >=s i64 0 (monotone nsw increments, 1 arm(s))
    -> Fact[LVI:15] i64 %468 in [0,9223372036854775806) (LVI @ )
    -> Fact[SCEV:16] i64 %468 in [1,-3) (SCEV unsigned)
    -> Fact[SCEV:17] i64 %468 in [1,-3) (SCEV signed)
    -> Fact[PHIINV-hi:18] i64 %468 == i64 %461 || ne(i64 %468, i64 %462) (latch-implied bound, 1-induction)
    -> Fact[RM:19] i64 %472 in [0,9223372036854775807) (!range)
    -> Fact[KB:20] i64 %472 known bits zero=0x9223372036854775808 one=0x0
    -> Fact[LVI:21] i64 %472 in [1,9223372036854775807) (LVI @ )
    -> Fact[RM:22] i64 %483 in [0,9223372036854775807) (!range)
    -> Fact[KB:23] i64 %483 known bits zero=0x9223372036854775808 one=0x0
    -> [heavy] 24 analysis fact(s) on 31 boundary value(s)
    -> [mv] T3: not a bounds shape (idx vs invariant count)
    -> [ind L0] BASE (1 phi(s) = entry): SAT (WARNING: Potential Integer Overflow Bug Detected!) [Query Latency: 3.712421 ms]
    -> [ind L1] BASE (1 phi(s) = entry): SAT (WARNING: Potential Integer Overflow Bug Detected!) [Query Latency: 3.469331 ms]
    -> [ind L2] BASE (1 phi(s) = entry): SAT (WARNING: Potential Integer Overflow Bug Detected!) [Query Latency: 3.897865 ms]
    -> SAT (WARNING: Potential Integer Overflow Bug Detected!) [Query Latency: 7.174539 ms]
    -> [mv] still SAT under 36 hypothesis candidate(s): not versionable
  -> Found UB Trap. Starting Backward Slice...
    -> Guard[0] (true edge of ''):  %.not249 = icmp samesign ult i64 %460, %483
    -> Guard[1] (true edge of ''):  %.not248 = icmp ult i64 %468, %472
    -> Guard[2] (true edge of ''):  %.not247 = icmp samesign ult i64 %460, %472
    -> Guard[3] (false edge of ''):  %464 = icmp eq i64 %461, %462
    -> Guard[4] (true edge of '.preheader301.preheader'):  %.not327 = icmp sgt i64 %462, %460
    -> Guard[5] (false edge of ''):  %450 = icmp eq i64 %447, 0
    -> Guard[6] (false edge of '.preheader302.preheader'):  %448 = icmp slt i64 %447, 0
    -> Guard[7] (false edge of ''):  %394 = icmp eq i64 %391, 0
    -> Guard[8] (false edge of ''):  %392 = icmp slt i64 %391, 0
    -> Guard[9] (false edge of ''):  %386 = icmp eq i64 %385, 0
    -> Guard[10] (false edge of ''):  %371 = icmp eq i64 %370, 0
    -> Guard[11] (false edge of ''):  %356 = icmp eq i64 %355, 0
    -> Guard[12] (false edge of ''):  %128 = icmp slt i64 %127, 0
    -> Guard[13] (false edge of ''):  %39 = icmp eq i8 %38, 1
    -> Guard[14] (false edge of ''):  %18 = icmp eq i64 %17, 0
    -> Guard[15] (false edge of 'entry'):  %6 = icmp samesign ult i64 %5, 2
    -> Collected 16 dominating context guard(s).
    -> Frame refused (clobber between loads):  %127 = load i64, ptr @"$s5nbody1nSivp", align 8  vs  %.pre = load i64, ptr @"$s5nbody1nSivp", align 8
         clobber:   call void @swift_endAccess(ptr nonnull %access-scratch56) #2
    -> Frame refused (clobber between loads):  %127 = load i64, ptr @"$s5nbody1nSivp", align 8  vs  %447 = load i64, ptr @"$s5nbody1nSivp", align 8
         clobber: (MemoryPhi: clobber on some incoming arm)
    -> Frame refused (clobber between loads):  %127 = load i64, ptr @"$s5nbody1nSivp", align 8  vs  %451 = load i64, ptr @"$s5nbody1nSivp", align 8
         clobber: (MemoryPhi: clobber on some incoming arm)
    -> Frame refused (clobber between loads):  %127 = load i64, ptr @"$s5nbody1nSivp", align 8  vs  %.pr = load i64, ptr @"$s5nbody1nSivp", align 8
         clobber: (MemoryPhi: clobber on some incoming arm)
    -> Frame refused (clobber between loads):  %127 = load i64, ptr @"$s5nbody1nSivp", align 8  vs  %462 = load i64, ptr @"$s5nbody1nSivp", align 8
         clobber: (MemoryPhi: clobber on some incoming arm)
    -> Frame refused (clobber between loads):  %127 = load i64, ptr @"$s5nbody1nSivp", align 8  vs  %769 = load i64, ptr @"$s5nbody1nSivp", align 8
         clobber: (MemoryPhi: clobber on some incoming arm)
    -> [go3] 1 leaf-closure instruction(s) encoded
    -> Fact[RM:0] i64 %5 in [0,9223372036854775807) (!range)
    -> Fact[KB:1] i64 %5 known bits zero=0x9223372036854775808 one=0x0
    -> Fact[RM:2] i64 %355 in [0,9223372036854775807) (!range)
    -> Fact[KB:3] i64 %355 known bits zero=0x9223372036854775808 one=0x0
    -> Fact[RM:4] i64 %370 in [0,9223372036854775807) (!range)
    -> Fact[KB:5] i64 %370 known bits zero=0x9223372036854775808 one=0x0
    -> Fact[RM:6] i64 %385 in [0,9223372036854775807) (!range)
    -> Fact[KB:7] i64 %385 known bits zero=0x9223372036854775808 one=0x0
    -> Fact[KB:8] i64 %460 known bits zero=0x9223372036854775808 one=0x0
    -> Fact[LVI:9] i64 %460 in [0,9223372036854775806) (LVI @ )
    -> Fact[SCEV:10] i64 %460 in [0,9223372036854775807) (SCEV unsigned)
    -> Fact[SCEV:11] i64 %460 in [0,9223372036854775807) (SCEV signed)
    -> Fact[SCEVSYM:12] i64 %460 - start(0) <=u BTC((-1 + %447)) (SCEV symbolic trip count, sub-form)
    -> Fact[PHIINV-hi:13] i64 %460 == i64 0 || ne(i64 %460, i64 %447) (latch-implied bound, 1-induction)
    -> Fact[PHIINV-lo:14] i64 %460 >=s i64 0 (monotone nsw increments, 1 arm(s))
    -> Fact[LVI:15] i64 %468 in [0,9223372036854775806) (LVI @ )
    -> Fact[SCEV:16] i64 %468 in [1,-3) (SCEV unsigned)
    -> Fact[SCEV:17] i64 %468 in [1,-3) (SCEV signed)
    -> Fact[PHIINV-hi:18] i64 %468 == i64 %461 || ne(i64 %468, i64 %462) (latch-implied bound, 1-induction)
    -> Fact[RM:19] i64 %472 in [0,9223372036854775807) (!range)
    -> Fact[KB:20] i64 %472 known bits zero=0x9223372036854775808 one=0x0
    -> Fact[LVI:21] i64 %472 in [1,9223372036854775807) (LVI @ )
    -> Fact[RM:22] i64 %483 in [0,9223372036854775807) (!range)
    -> Fact[KB:23] i64 %483 known bits zero=0x9223372036854775808 one=0x0
    -> Fact[LVI:24] i64 %483 in [1,9223372036854775807) (LVI @ )
    -> [heavy] 25 analysis fact(s) on 31 boundary value(s)
    -> [mv] T3: not a bounds shape (idx vs invariant count)
    -> [ind L0] BASE (1 phi(s) = entry): SAT (WARNING: Potential Integer Overflow Bug Detected!) [Query Latency: 31.561599 ms]
    -> [ind L1] BASE (1 phi(s) = entry): SAT (WARNING: Potential Integer Overflow Bug Detected!) [Query Latency: 3.455831 ms]
    -> [ind L2] BASE (1 phi(s) = entry): SAT (WARNING: Potential Integer Overflow Bug Detected!) [Query Latency: 3.757476 ms]
    -> SAT (WARNING: Potential Integer Overflow Bug Detected!) [Query Latency: 7.160898 ms]
    -> [mv] still SAT under 36 hypothesis candidate(s): not versionable
  -> Found UB Trap. Starting Backward Slice...
    -> Guard[0] (true edge of ''):  %.not250 = icmp samesign ult i64 %468, %483
    -> Guard[1] (true edge of ''):  %.not249 = icmp samesign ult i64 %460, %483
    -> Guard[2] (true edge of ''):  %.not248 = icmp ult i64 %468, %472
    -> Guard[3] (true edge of ''):  %.not247 = icmp samesign ult i64 %460, %472
    -> Guard[4] (false edge of ''):  %464 = icmp eq i64 %461, %462
    -> Guard[5] (true edge of '.preheader301.preheader'):  %.not327 = icmp sgt i64 %462, %460
    -> Guard[6] (false edge of ''):  %450 = icmp eq i64 %447, 0
    -> Guard[7] (false edge of '.preheader302.preheader'):  %448 = icmp slt i64 %447, 0
    -> Guard[8] (false edge of ''):  %394 = icmp eq i64 %391, 0
    -> Guard[9] (false edge of ''):  %392 = icmp slt i64 %391, 0
    -> Guard[10] (false edge of ''):  %386 = icmp eq i64 %385, 0
    -> Guard[11] (false edge of ''):  %371 = icmp eq i64 %370, 0
    -> Guard[12] (false edge of ''):  %356 = icmp eq i64 %355, 0
    -> Guard[13] (false edge of ''):  %128 = icmp slt i64 %127, 0
    -> Guard[14] (false edge of ''):  %39 = icmp eq i8 %38, 1
    -> Guard[15] (false edge of ''):  %18 = icmp eq i64 %17, 0
    -> Guard[16] (false edge of 'entry'):  %6 = icmp samesign ult i64 %5, 2
    -> Collected 17 dominating context guard(s).
    -> Frame refused (clobber between loads):  %127 = load i64, ptr @"$s5nbody1nSivp", align 8  vs  %.pre = load i64, ptr @"$s5nbody1nSivp", align 8
         clobber:   call void @swift_endAccess(ptr nonnull %access-scratch56) #2
    -> Frame refused (clobber between loads):  %127 = load i64, ptr @"$s5nbody1nSivp", align 8  vs  %447 = load i64, ptr @"$s5nbody1nSivp", align 8
         clobber: (MemoryPhi: clobber on some incoming arm)
    -> Frame refused (clobber between loads):  %127 = load i64, ptr @"$s5nbody1nSivp", align 8  vs  %451 = load i64, ptr @"$s5nbody1nSivp", align 8
         clobber: (MemoryPhi: clobber on some incoming arm)
    -> Frame refused (clobber between loads):  %127 = load i64, ptr @"$s5nbody1nSivp", align 8  vs  %.pr = load i64, ptr @"$s5nbody1nSivp", align 8
         clobber: (MemoryPhi: clobber on some incoming arm)
    -> Frame refused (clobber between loads):  %127 = load i64, ptr @"$s5nbody1nSivp", align 8  vs  %462 = load i64, ptr @"$s5nbody1nSivp", align 8
         clobber: (MemoryPhi: clobber on some incoming arm)
    -> Frame refused (clobber between loads):  %127 = load i64, ptr @"$s5nbody1nSivp", align 8  vs  %769 = load i64, ptr @"$s5nbody1nSivp", align 8
         clobber: (MemoryPhi: clobber on some incoming arm)
    -> [go3] 1 leaf-closure instruction(s) encoded
    -> Fact[RM:0] i64 %5 in [0,9223372036854775807) (!range)
    -> Fact[KB:1] i64 %5 known bits zero=0x9223372036854775808 one=0x0
    -> Fact[RM:2] i64 %355 in [0,9223372036854775807) (!range)
    -> Fact[KB:3] i64 %355 known bits zero=0x9223372036854775808 one=0x0
    -> Fact[RM:4] i64 %370 in [0,9223372036854775807) (!range)
    -> Fact[KB:5] i64 %370 known bits zero=0x9223372036854775808 one=0x0
    -> Fact[RM:6] i64 %385 in [0,9223372036854775807) (!range)
    -> Fact[KB:7] i64 %385 known bits zero=0x9223372036854775808 one=0x0
    -> Fact[KB:8] i64 %460 known bits zero=0x9223372036854775808 one=0x0
    -> Fact[LVI:9] i64 %460 in [0,9223372036854775806) (LVI @ )
    -> Fact[SCEV:10] i64 %460 in [0,9223372036854775807) (SCEV unsigned)
    -> Fact[SCEV:11] i64 %460 in [0,9223372036854775807) (SCEV signed)
    -> Fact[SCEVSYM:12] i64 %460 - start(0) <=u BTC((-1 + %447)) (SCEV symbolic trip count, sub-form)
    -> Fact[PHIINV-hi:13] i64 %460 == i64 0 || ne(i64 %460, i64 %447) (latch-implied bound, 1-induction)
    -> Fact[PHIINV-lo:14] i64 %460 >=s i64 0 (monotone nsw increments, 1 arm(s))
    -> Fact[LVI:15] i64 %468 in [0,9223372036854775806) (LVI @ )
    -> Fact[SCEV:16] i64 %468 in [1,-3) (SCEV unsigned)
    -> Fact[SCEV:17] i64 %468 in [1,-3) (SCEV signed)
    -> Fact[PHIINV-hi:18] i64 %468 == i64 %461 || ne(i64 %468, i64 %462) (latch-implied bound, 1-induction)
    -> Fact[RM:19] i64 %472 in [0,9223372036854775807) (!range)
    -> Fact[KB:20] i64 %472 known bits zero=0x9223372036854775808 one=0x0
    -> Fact[LVI:21] i64 %472 in [1,9223372036854775807) (LVI @ )
    -> Fact[RM:22] i64 %483 in [0,9223372036854775807) (!range)
    -> Fact[KB:23] i64 %483 known bits zero=0x9223372036854775808 one=0x0
    -> Fact[LVI:24] i64 %483 in [1,9223372036854775807) (LVI @ )
    -> Fact[RM:25] i64 %494 in [0,9223372036854775807) (!range)
    -> Fact[KB:26] i64 %494 known bits zero=0x9223372036854775808 one=0x0
    -> [heavy] 27 analysis fact(s) on 32 boundary value(s)
    -> [mv] T3: not a bounds shape (idx vs invariant count)
    -> [ind L0] BASE (1 phi(s) = entry): SAT (WARNING: Potential Integer Overflow Bug Detected!) [Query Latency: 4.050227 ms]
    -> [ind L1] BASE (1 phi(s) = entry): SAT (WARNING: Potential Integer Overflow Bug Detected!) [Query Latency: 3.554072 ms]
    -> [ind L2] BASE (1 phi(s) = entry): SAT (WARNING: Potential Integer Overflow Bug Detected!) [Query Latency: 4.014718 ms]
    -> SAT (WARNING: Potential Integer Overflow Bug Detected!) [Query Latency: 8.424754 ms]
    -> [mv] still SAT under 36 hypothesis candidate(s): not versionable
  -> Found UB Trap. Starting Backward Slice...
    -> Guard[0] (true edge of ''):  %.not251 = icmp samesign ult i64 %460, %494
    -> Guard[1] (true edge of ''):  %.not250 = icmp samesign ult i64 %468, %483
    -> Guard[2] (true edge of ''):  %.not249 = icmp samesign ult i64 %460, %483
    -> Guard[3] (true edge of ''):  %.not248 = icmp ult i64 %468, %472
    -> Guard[4] (true edge of ''):  %.not247 = icmp samesign ult i64 %460, %472
    -> Guard[5] (false edge of ''):  %464 = icmp eq i64 %461, %462
    -> Guard[6] (true edge of '.preheader301.preheader'):  %.not327 = icmp sgt i64 %462, %460
    -> Guard[7] (false edge of ''):  %450 = icmp eq i64 %447, 0
    -> Guard[8] (false edge of '.preheader302.preheader'):  %448 = icmp slt i64 %447, 0
    -> Guard[9] (false edge of ''):  %394 = icmp eq i64 %391, 0
    -> Guard[10] (false edge of ''):  %392 = icmp slt i64 %391, 0
    -> Guard[11] (false edge of ''):  %386 = icmp eq i64 %385, 0
    -> Guard[12] (false edge of ''):  %371 = icmp eq i64 %370, 0
    -> Guard[13] (false edge of ''):  %356 = icmp eq i64 %355, 0
    -> Guard[14] (false edge of ''):  %128 = icmp slt i64 %127, 0
    -> Guard[15] (false edge of ''):  %39 = icmp eq i8 %38, 1
    -> Guard[16] (false edge of ''):  %18 = icmp eq i64 %17, 0
    -> Guard[17] (false edge of 'entry'):  %6 = icmp samesign ult i64 %5, 2
    -> Collected 18 dominating context guard(s).
    -> Frame refused (clobber between loads):  %127 = load i64, ptr @"$s5nbody1nSivp", align 8  vs  %.pre = load i64, ptr @"$s5nbody1nSivp", align 8
         clobber:   call void @swift_endAccess(ptr nonnull %access-scratch56) #2
    -> Frame refused (clobber between loads):  %127 = load i64, ptr @"$s5nbody1nSivp", align 8  vs  %447 = load i64, ptr @"$s5nbody1nSivp", align 8
         clobber: (MemoryPhi: clobber on some incoming arm)
    -> Frame refused (clobber between loads):  %127 = load i64, ptr @"$s5nbody1nSivp", align 8  vs  %451 = load i64, ptr @"$s5nbody1nSivp", align 8
         clobber: (MemoryPhi: clobber on some incoming arm)
    -> Frame refused (clobber between loads):  %127 = load i64, ptr @"$s5nbody1nSivp", align 8  vs  %.pr = load i64, ptr @"$s5nbody1nSivp", align 8
         clobber: (MemoryPhi: clobber on some incoming arm)
    -> Frame refused (clobber between loads):  %127 = load i64, ptr @"$s5nbody1nSivp", align 8  vs  %462 = load i64, ptr @"$s5nbody1nSivp", align 8
         clobber: (MemoryPhi: clobber on some incoming arm)
    -> Frame refused (clobber between loads):  %127 = load i64, ptr @"$s5nbody1nSivp", align 8  vs  %769 = load i64, ptr @"$s5nbody1nSivp", align 8
         clobber: (MemoryPhi: clobber on some incoming arm)
    -> [go3] 1 leaf-closure instruction(s) encoded
    -> Fact[RM:0] i64 %5 in [0,9223372036854775807) (!range)
    -> Fact[KB:1] i64 %5 known bits zero=0x9223372036854775808 one=0x0
    -> Fact[RM:2] i64 %355 in [0,9223372036854775807) (!range)
    -> Fact[KB:3] i64 %355 known bits zero=0x9223372036854775808 one=0x0
    -> Fact[RM:4] i64 %370 in [0,9223372036854775807) (!range)
    -> Fact[KB:5] i64 %370 known bits zero=0x9223372036854775808 one=0x0
    -> Fact[RM:6] i64 %385 in [0,9223372036854775807) (!range)
    -> Fact[KB:7] i64 %385 known bits zero=0x9223372036854775808 one=0x0
    -> Fact[KB:8] i64 %460 known bits zero=0x9223372036854775808 one=0x0
    -> Fact[LVI:9] i64 %460 in [0,9223372036854775806) (LVI @ )
    -> Fact[SCEV:10] i64 %460 in [0,9223372036854775807) (SCEV unsigned)
    -> Fact[SCEV:11] i64 %460 in [0,9223372036854775807) (SCEV signed)
    -> Fact[SCEVSYM:12] i64 %460 - start(0) <=u BTC((-1 + %447)) (SCEV symbolic trip count, sub-form)
    -> Fact[PHIINV-hi:13] i64 %460 == i64 0 || ne(i64 %460, i64 %447) (latch-implied bound, 1-induction)
    -> Fact[PHIINV-lo:14] i64 %460 >=s i64 0 (monotone nsw increments, 1 arm(s))
    -> Fact[LVI:15] i64 %468 in [0,9223372036854775806) (LVI @ )
    -> Fact[SCEV:16] i64 %468 in [1,-3) (SCEV unsigned)
    -> Fact[SCEV:17] i64 %468 in [1,-3) (SCEV signed)
    -> Fact[PHIINV-hi:18] i64 %468 == i64 %461 || ne(i64 %468, i64 %462) (latch-implied bound, 1-induction)
    -> Fact[RM:19] i64 %472 in [0,9223372036854775807) (!range)
    -> Fact[KB:20] i64 %472 known bits zero=0x9223372036854775808 one=0x0
    -> Fact[LVI:21] i64 %472 in [1,9223372036854775807) (LVI @ )
    -> Fact[RM:22] i64 %483 in [0,9223372036854775807) (!range)
    -> Fact[KB:23] i64 %483 known bits zero=0x9223372036854775808 one=0x0
    -> Fact[LVI:24] i64 %483 in [1,9223372036854775807) (LVI @ )
    -> Fact[RM:25] i64 %494 in [0,9223372036854775807) (!range)
    -> Fact[KB:26] i64 %494 known bits zero=0x9223372036854775808 one=0x0
    -> Fact[LVI:27] i64 %494 in [1,9223372036854775807) (LVI @ )
    -> [heavy] 28 analysis fact(s) on 32 boundary value(s)
    -> [mv] T3: not a bounds shape (idx vs invariant count)
    -> [ind L0] BASE (1 phi(s) = entry): SAT (WARNING: Potential Integer Overflow Bug Detected!) [Query Latency: 19.107227 ms]
    -> [ind L1] BASE (1 phi(s) = entry): SAT (WARNING: Potential Integer Overflow Bug Detected!) [Query Latency: 3.718100 ms]
    -> [ind L2] BASE (1 phi(s) = entry): SAT (WARNING: Potential Integer Overflow Bug Detected!) [Query Latency: 4.046971 ms]
    -> SAT (WARNING: Potential Integer Overflow Bug Detected!) [Query Latency: 8.299597 ms]
    -> [mv] still SAT under 36 hypothesis candidate(s): not versionable
  -> Found UB Trap. Starting Backward Slice...
    -> Guard[0] (true edge of ''):  %.not252 = icmp samesign ult i64 %468, %494
    -> Guard[1] (true edge of ''):  %.not251 = icmp samesign ult i64 %460, %494
    -> Guard[2] (true edge of ''):  %.not250 = icmp samesign ult i64 %468, %483
    -> Guard[3] (true edge of ''):  %.not249 = icmp samesign ult i64 %460, %483
    -> Guard[4] (true edge of ''):  %.not248 = icmp ult i64 %468, %472
    -> Guard[5] (true edge of ''):  %.not247 = icmp samesign ult i64 %460, %472
    -> Guard[6] (false edge of ''):  %464 = icmp eq i64 %461, %462
    -> Guard[7] (true edge of '.preheader301.preheader'):  %.not327 = icmp sgt i64 %462, %460
    -> Guard[8] (false edge of ''):  %450 = icmp eq i64 %447, 0
    -> Guard[9] (false edge of '.preheader302.preheader'):  %448 = icmp slt i64 %447, 0
    -> Guard[10] (false edge of ''):  %394 = icmp eq i64 %391, 0
    -> Guard[11] (false edge of ''):  %392 = icmp slt i64 %391, 0
    -> Guard[12] (false edge of ''):  %386 = icmp eq i64 %385, 0
    -> Guard[13] (false edge of ''):  %371 = icmp eq i64 %370, 0
    -> Guard[14] (false edge of ''):  %356 = icmp eq i64 %355, 0
    -> Guard[15] (false edge of ''):  %128 = icmp slt i64 %127, 0
    -> Guard[16] (false edge of ''):  %39 = icmp eq i8 %38, 1
    -> Guard[17] (false edge of ''):  %18 = icmp eq i64 %17, 0
    -> Guard[18] (false edge of 'entry'):  %6 = icmp samesign ult i64 %5, 2
    -> Collected 19 dominating context guard(s).
    -> Frame refused (clobber between loads):  %127 = load i64, ptr @"$s5nbody1nSivp", align 8  vs  %.pre = load i64, ptr @"$s5nbody1nSivp", align 8
         clobber:   call void @swift_endAccess(ptr nonnull %access-scratch56) #2
    -> Frame refused (clobber between loads):  %127 = load i64, ptr @"$s5nbody1nSivp", align 8  vs  %447 = load i64, ptr @"$s5nbody1nSivp", align 8
         clobber: (MemoryPhi: clobber on some incoming arm)
    -> Frame refused (clobber between loads):  %127 = load i64, ptr @"$s5nbody1nSivp", align 8  vs  %451 = load i64, ptr @"$s5nbody1nSivp", align 8
         clobber: (MemoryPhi: clobber on some incoming arm)
    -> Frame refused (clobber between loads):  %127 = load i64, ptr @"$s5nbody1nSivp", align 8  vs  %.pr = load i64, ptr @"$s5nbody1nSivp", align 8
         clobber: (MemoryPhi: clobber on some incoming arm)
    -> Frame refused (clobber between loads):  %127 = load i64, ptr @"$s5nbody1nSivp", align 8  vs  %462 = load i64, ptr @"$s5nbody1nSivp", align 8
         clobber: (MemoryPhi: clobber on some incoming arm)
    -> Frame refused (clobber between loads):  %127 = load i64, ptr @"$s5nbody1nSivp", align 8  vs  %769 = load i64, ptr @"$s5nbody1nSivp", align 8
         clobber: (MemoryPhi: clobber on some incoming arm)
    -> [go3] 1 leaf-closure instruction(s) encoded
    -> Fact[RM:0] i64 %5 in [0,9223372036854775807) (!range)
    -> Fact[KB:1] i64 %5 known bits zero=0x9223372036854775808 one=0x0
    -> Fact[RM:2] i64 %355 in [0,9223372036854775807) (!range)
    -> Fact[KB:3] i64 %355 known bits zero=0x9223372036854775808 one=0x0
    -> Fact[RM:4] i64 %370 in [0,9223372036854775807) (!range)
    -> Fact[KB:5] i64 %370 known bits zero=0x9223372036854775808 one=0x0
    -> Fact[RM:6] i64 %385 in [0,9223372036854775807) (!range)
    -> Fact[KB:7] i64 %385 known bits zero=0x9223372036854775808 one=0x0
    -> Fact[KB:8] i64 %460 known bits zero=0x9223372036854775808 one=0x0
    -> Fact[LVI:9] i64 %460 in [0,9223372036854775806) (LVI @ )
    -> Fact[SCEV:10] i64 %460 in [0,9223372036854775807) (SCEV unsigned)
    -> Fact[SCEV:11] i64 %460 in [0,9223372036854775807) (SCEV signed)
    -> Fact[SCEVSYM:12] i64 %460 - start(0) <=u BTC((-1 + %447)) (SCEV symbolic trip count, sub-form)
    -> Fact[PHIINV-hi:13] i64 %460 == i64 0 || ne(i64 %460, i64 %447) (latch-implied bound, 1-induction)
    -> Fact[PHIINV-lo:14] i64 %460 >=s i64 0 (monotone nsw increments, 1 arm(s))
    -> Fact[LVI:15] i64 %468 in [0,9223372036854775806) (LVI @ )
    -> Fact[SCEV:16] i64 %468 in [1,-3) (SCEV unsigned)
    -> Fact[SCEV:17] i64 %468 in [1,-3) (SCEV signed)
    -> Fact[PHIINV-hi:18] i64 %468 == i64 %461 || ne(i64 %468, i64 %462) (latch-implied bound, 1-induction)
    -> Fact[RM:19] i64 %472 in [0,9223372036854775807) (!range)
    -> Fact[KB:20] i64 %472 known bits zero=0x9223372036854775808 one=0x0
    -> Fact[LVI:21] i64 %472 in [1,9223372036854775807) (LVI @ )
    -> Fact[RM:22] i64 %483 in [0,9223372036854775807) (!range)
    -> Fact[KB:23] i64 %483 known bits zero=0x9223372036854775808 one=0x0
    -> Fact[LVI:24] i64 %483 in [1,9223372036854775807) (LVI @ )
    -> Fact[RM:25] i64 %494 in [0,9223372036854775807) (!range)
    -> Fact[KB:26] i64 %494 known bits zero=0x9223372036854775808 one=0x0
    -> Fact[LVI:27] i64 %494 in [1,9223372036854775807) (LVI @ )
    -> Fact[RM:28] i64 %513 in [0,9223372036854775807) (!range)
    -> Fact[KB:29] i64 %513 known bits zero=0x9223372036854775808 one=0x0
    -> [heavy] 30 analysis fact(s) on 33 boundary value(s)
    -> [mv] T3: not a bounds shape (idx vs invariant count)
    -> [ind L0] BASE (1 phi(s) = entry): SAT (WARNING: Potential Integer Overflow Bug Detected!) [Query Latency: 3.990486 ms]
    -> [ind L1] BASE (1 phi(s) = entry): SAT (WARNING: Potential Integer Overflow Bug Detected!) [Query Latency: 3.981072 ms]
    -> [ind L2] BASE (1 phi(s) = entry): SAT (WARNING: Potential Integer Overflow Bug Detected!) [Query Latency: 4.387561 ms]
    -> SAT (WARNING: Potential Integer Overflow Bug Detected!) [Query Latency: 11.043997 ms]
    -> [mv] still SAT under 36 hypothesis candidate(s): not versionable
  -> Found UB Trap. Starting Backward Slice...
    -> Guard[0] (true edge of ''):  %.not253 = icmp samesign ult i64 %468, %513
    -> Guard[1] (true edge of ''):  %.not252 = icmp samesign ult i64 %468, %494
    -> Guard[2] (true edge of ''):  %.not251 = icmp samesign ult i64 %460, %494
    -> Guard[3] (true edge of ''):  %.not250 = icmp samesign ult i64 %468, %483
    -> Guard[4] (true edge of ''):  %.not249 = icmp samesign ult i64 %460, %483
    -> Guard[5] (true edge of ''):  %.not248 = icmp ult i64 %468, %472
    -> Guard[6] (true edge of ''):  %.not247 = icmp samesign ult i64 %460, %472
    -> Guard[7] (false edge of ''):  %464 = icmp eq i64 %461, %462
    -> Guard[8] (true edge of '.preheader301.preheader'):  %.not327 = icmp sgt i64 %462, %460
    -> Guard[9] (false edge of ''):  %450 = icmp eq i64 %447, 0
    -> Guard[10] (false edge of '.preheader302.preheader'):  %448 = icmp slt i64 %447, 0
    -> Guard[11] (false edge of ''):  %394 = icmp eq i64 %391, 0
    -> Guard[12] (false edge of ''):  %392 = icmp slt i64 %391, 0
    -> Guard[13] (false edge of ''):  %386 = icmp eq i64 %385, 0
    -> Guard[14] (false edge of ''):  %371 = icmp eq i64 %370, 0
    -> Guard[15] (false edge of ''):  %356 = icmp eq i64 %355, 0
    -> Guard[16] (false edge of ''):  %128 = icmp slt i64 %127, 0
    -> Guard[17] (false edge of ''):  %39 = icmp eq i8 %38, 1
    -> Guard[18] (false edge of ''):  %18 = icmp eq i64 %17, 0
    -> Guard[19] (false edge of 'entry'):  %6 = icmp samesign ult i64 %5, 2
    -> Collected 20 dominating context guard(s).
    -> Frame refused (clobber between loads):  %127 = load i64, ptr @"$s5nbody1nSivp", align 8  vs  %.pre = load i64, ptr @"$s5nbody1nSivp", align 8
         clobber:   call void @swift_endAccess(ptr nonnull %access-scratch56) #2
    -> Frame refused (clobber between loads):  %127 = load i64, ptr @"$s5nbody1nSivp", align 8  vs  %447 = load i64, ptr @"$s5nbody1nSivp", align 8
         clobber: (MemoryPhi: clobber on some incoming arm)
    -> Frame refused (clobber between loads):  %127 = load i64, ptr @"$s5nbody1nSivp", align 8  vs  %451 = load i64, ptr @"$s5nbody1nSivp", align 8
         clobber: (MemoryPhi: clobber on some incoming arm)
    -> Frame refused (clobber between loads):  %127 = load i64, ptr @"$s5nbody1nSivp", align 8  vs  %.pr = load i64, ptr @"$s5nbody1nSivp", align 8
         clobber: (MemoryPhi: clobber on some incoming arm)
    -> Frame refused (clobber between loads):  %127 = load i64, ptr @"$s5nbody1nSivp", align 8  vs  %462 = load i64, ptr @"$s5nbody1nSivp", align 8
         clobber: (MemoryPhi: clobber on some incoming arm)
    -> Frame refused (clobber between loads):  %127 = load i64, ptr @"$s5nbody1nSivp", align 8  vs  %769 = load i64, ptr @"$s5nbody1nSivp", align 8
         clobber: (MemoryPhi: clobber on some incoming arm)
    -> [go3] 1 leaf-closure instruction(s) encoded
    -> Fact[RM:0] i64 %5 in [0,9223372036854775807) (!range)
    -> Fact[KB:1] i64 %5 known bits zero=0x9223372036854775808 one=0x0
    -> Fact[RM:2] i64 %355 in [0,9223372036854775807) (!range)
    -> Fact[KB:3] i64 %355 known bits zero=0x9223372036854775808 one=0x0
    -> Fact[RM:4] i64 %370 in [0,9223372036854775807) (!range)
    -> Fact[KB:5] i64 %370 known bits zero=0x9223372036854775808 one=0x0
    -> Fact[RM:6] i64 %385 in [0,9223372036854775807) (!range)
    -> Fact[KB:7] i64 %385 known bits zero=0x9223372036854775808 one=0x0
    -> Fact[KB:8] i64 %460 known bits zero=0x9223372036854775808 one=0x0
    -> Fact[LVI:9] i64 %460 in [0,9223372036854775806) (LVI @ )
    -> Fact[SCEV:10] i64 %460 in [0,9223372036854775807) (SCEV unsigned)
    -> Fact[SCEV:11] i64 %460 in [0,9223372036854775807) (SCEV signed)
    -> Fact[SCEVSYM:12] i64 %460 - start(0) <=u BTC((-1 + %447)) (SCEV symbolic trip count, sub-form)
    -> Fact[PHIINV-hi:13] i64 %460 == i64 0 || ne(i64 %460, i64 %447) (latch-implied bound, 1-induction)
    -> Fact[PHIINV-lo:14] i64 %460 >=s i64 0 (monotone nsw increments, 1 arm(s))
    -> Fact[LVI:15] i64 %468 in [0,9223372036854775806) (LVI @ )
    -> Fact[SCEV:16] i64 %468 in [1,-3) (SCEV unsigned)
    -> Fact[SCEV:17] i64 %468 in [1,-3) (SCEV signed)
    -> Fact[PHIINV-hi:18] i64 %468 == i64 %461 || ne(i64 %468, i64 %462) (latch-implied bound, 1-induction)
    -> Fact[RM:19] i64 %472 in [0,9223372036854775807) (!range)
    -> Fact[KB:20] i64 %472 known bits zero=0x9223372036854775808 one=0x0
    -> Fact[LVI:21] i64 %472 in [1,9223372036854775807) (LVI @ )
    -> Fact[RM:22] i64 %483 in [0,9223372036854775807) (!range)
    -> Fact[KB:23] i64 %483 known bits zero=0x9223372036854775808 one=0x0
    -> Fact[LVI:24] i64 %483 in [1,9223372036854775807) (LVI @ )
    -> Fact[RM:25] i64 %494 in [0,9223372036854775807) (!range)
    -> Fact[KB:26] i64 %494 known bits zero=0x9223372036854775808 one=0x0
    -> Fact[LVI:27] i64 %494 in [1,9223372036854775807) (LVI @ )
    -> Fact[RM:28] i64 %513 in [0,9223372036854775807) (!range)
    -> Fact[KB:29] i64 %513 known bits zero=0x9223372036854775808 one=0x0
    -> Fact[LVI:30] i64 %513 in [1,9223372036854775807) (LVI @ )
    -> Fact[RM:31] i64 %525 in [0,9223372036854775807) (!range)
    -> Fact[KB:32] i64 %525 known bits zero=0x9223372036854775808 one=0x0
    -> [heavy] 33 analysis fact(s) on 34 boundary value(s)
    -> [mv] T3: not a bounds shape (idx vs invariant count)
    -> [ind L0] BASE (1 phi(s) = entry): SAT (WARNING: Potential Integer Overflow Bug Detected!) [Query Latency: 3.917551 ms]
    -> [ind L1] BASE (1 phi(s) = entry): SAT (WARNING: Potential Integer Overflow Bug Detected!) [Query Latency: 4.132749 ms]
    -> [ind L2] BASE (1 phi(s) = entry): SAT (WARNING: Potential Integer Overflow Bug Detected!) [Query Latency: 4.600790 ms]
    -> SAT (WARNING: Potential Integer Overflow Bug Detected!) [Query Latency: 9.215527 ms]
    -> [mv] still SAT under 36 hypothesis candidate(s): not versionable
  -> Found UB Trap. Starting Backward Slice...
    -> Guard[0] (true edge of ''):  %.not254 = icmp samesign ult i64 %460, %525
    -> Guard[1] (true edge of ''):  %.not253 = icmp samesign ult i64 %468, %513
    -> Guard[2] (true edge of ''):  %.not252 = icmp samesign ult i64 %468, %494
    -> Guard[3] (true edge of ''):  %.not251 = icmp samesign ult i64 %460, %494
    -> Guard[4] (true edge of ''):  %.not250 = icmp samesign ult i64 %468, %483
    -> Guard[5] (true edge of ''):  %.not249 = icmp samesign ult i64 %460, %483
    -> Guard[6] (true edge of ''):  %.not248 = icmp ult i64 %468, %472
    -> Guard[7] (true edge of ''):  %.not247 = icmp samesign ult i64 %460, %472
    -> Guard[8] (false edge of ''):  %464 = icmp eq i64 %461, %462
    -> Guard[9] (true edge of '.preheader301.preheader'):  %.not327 = icmp sgt i64 %462, %460
    -> Guard[10] (false edge of ''):  %450 = icmp eq i64 %447, 0
    -> Guard[11] (false edge of '.preheader302.preheader'):  %448 = icmp slt i64 %447, 0
    -> Guard[12] (false edge of ''):  %394 = icmp eq i64 %391, 0
    -> Guard[13] (false edge of ''):  %392 = icmp slt i64 %391, 0
    -> Guard[14] (false edge of ''):  %386 = icmp eq i64 %385, 0
    -> Guard[15] (false edge of ''):  %371 = icmp eq i64 %370, 0
    -> Guard[16] (false edge of ''):  %356 = icmp eq i64 %355, 0
    -> Guard[17] (false edge of ''):  %128 = icmp slt i64 %127, 0
    -> Guard[18] (false edge of ''):  %39 = icmp eq i8 %38, 1
    -> Guard[19] (false edge of ''):  %18 = icmp eq i64 %17, 0
    -> Guard[20] (false edge of 'entry'):  %6 = icmp samesign ult i64 %5, 2
    -> Collected 21 dominating context guard(s).
    -> Frame refused (clobber between loads):  %127 = load i64, ptr @"$s5nbody1nSivp", align 8  vs  %.pre = load i64, ptr @"$s5nbody1nSivp", align 8
         clobber:   call void @swift_endAccess(ptr nonnull %access-scratch56) #2
    -> Frame refused (clobber between loads):  %127 = load i64, ptr @"$s5nbody1nSivp", align 8  vs  %447 = load i64, ptr @"$s5nbody1nSivp", align 8
         clobber: (MemoryPhi: clobber on some incoming arm)
    -> Frame refused (clobber between loads):  %127 = load i64, ptr @"$s5nbody1nSivp", align 8  vs  %451 = load i64, ptr @"$s5nbody1nSivp", align 8
         clobber: (MemoryPhi: clobber on some incoming arm)
    -> Frame refused (clobber between loads):  %127 = load i64, ptr @"$s5nbody1nSivp", align 8  vs  %.pr = load i64, ptr @"$s5nbody1nSivp", align 8
         clobber: (MemoryPhi: clobber on some incoming arm)
    -> Frame refused (clobber between loads):  %127 = load i64, ptr @"$s5nbody1nSivp", align 8  vs  %462 = load i64, ptr @"$s5nbody1nSivp", align 8
         clobber: (MemoryPhi: clobber on some incoming arm)
    -> Frame refused (clobber between loads):  %127 = load i64, ptr @"$s5nbody1nSivp", align 8  vs  %769 = load i64, ptr @"$s5nbody1nSivp", align 8
         clobber: (MemoryPhi: clobber on some incoming arm)
    -> [go3] 1 leaf-closure instruction(s) encoded
    -> Fact[RM:0] i64 %5 in [0,9223372036854775807) (!range)
    -> Fact[KB:1] i64 %5 known bits zero=0x9223372036854775808 one=0x0
    -> Fact[RM:2] i64 %355 in [0,9223372036854775807) (!range)
    -> Fact[KB:3] i64 %355 known bits zero=0x9223372036854775808 one=0x0
    -> Fact[RM:4] i64 %370 in [0,9223372036854775807) (!range)
    -> Fact[KB:5] i64 %370 known bits zero=0x9223372036854775808 one=0x0
    -> Fact[RM:6] i64 %385 in [0,9223372036854775807) (!range)
    -> Fact[KB:7] i64 %385 known bits zero=0x9223372036854775808 one=0x0
    -> Fact[KB:8] i64 %460 known bits zero=0x9223372036854775808 one=0x0
    -> Fact[LVI:9] i64 %460 in [0,9223372036854775806) (LVI @ )
    -> Fact[SCEV:10] i64 %460 in [0,9223372036854775807) (SCEV unsigned)
    -> Fact[SCEV:11] i64 %460 in [0,9223372036854775807) (SCEV signed)
    -> Fact[SCEVSYM:12] i64 %460 - start(0) <=u BTC((-1 + %447)) (SCEV symbolic trip count, sub-form)
    -> Fact[PHIINV-hi:13] i64 %460 == i64 0 || ne(i64 %460, i64 %447) (latch-implied bound, 1-induction)
    -> Fact[PHIINV-lo:14] i64 %460 >=s i64 0 (monotone nsw increments, 1 arm(s))
    -> Fact[LVI:15] i64 %468 in [0,9223372036854775806) (LVI @ )
    -> Fact[SCEV:16] i64 %468 in [1,-3) (SCEV unsigned)
    -> Fact[SCEV:17] i64 %468 in [1,-3) (SCEV signed)
    -> Fact[PHIINV-hi:18] i64 %468 == i64 %461 || ne(i64 %468, i64 %462) (latch-implied bound, 1-induction)
    -> Fact[RM:19] i64 %472 in [0,9223372036854775807) (!range)
    -> Fact[KB:20] i64 %472 known bits zero=0x9223372036854775808 one=0x0
    -> Fact[LVI:21] i64 %472 in [1,9223372036854775807) (LVI @ )
    -> Fact[RM:22] i64 %483 in [0,9223372036854775807) (!range)
    -> Fact[KB:23] i64 %483 known bits zero=0x9223372036854775808 one=0x0
    -> Fact[LVI:24] i64 %483 in [1,9223372036854775807) (LVI @ )
    -> Fact[RM:25] i64 %494 in [0,9223372036854775807) (!range)
    -> Fact[KB:26] i64 %494 known bits zero=0x9223372036854775808 one=0x0
    -> Fact[LVI:27] i64 %494 in [1,9223372036854775807) (LVI @ )
    -> Fact[RM:28] i64 %513 in [0,9223372036854775807) (!range)
    -> Fact[KB:29] i64 %513 known bits zero=0x9223372036854775808 one=0x0
    -> Fact[LVI:30] i64 %513 in [1,9223372036854775807) (LVI @ )
    -> Fact[RM:31] i64 %525 in [0,9223372036854775807) (!range)
    -> Fact[KB:32] i64 %525 known bits zero=0x9223372036854775808 one=0x0
    -> Fact[LVI:33] i64 %525 in [1,9223372036854775807) (LVI @ )
    -> Fact[RM:34] i64 %535 in [0,9223372036854775807) (!range)
    -> Fact[KB:35] i64 %535 known bits zero=0x9223372036854775808 one=0x0
    -> [heavy] 36 analysis fact(s) on 35 boundary value(s)
    -> [mv] T3: not a bounds shape (idx vs invariant count)
    -> [ind L0] BASE (1 phi(s) = entry): SAT (WARNING: Potential Integer Overflow Bug Detected!) [Query Latency: 4.248312 ms]
    -> [ind L1] BASE (1 phi(s) = entry): SAT (WARNING: Potential Integer Overflow Bug Detected!) [Query Latency: 4.556283 ms]
    -> [ind L2] BASE (1 phi(s) = entry): SAT (WARNING: Potential Integer Overflow Bug Detected!) [Query Latency: 4.712013 ms]
    -> SAT (WARNING: Potential Integer Overflow Bug Detected!) [Query Latency: 9.223445 ms]
    -> [mv] still SAT under 36 hypothesis candidate(s): not versionable
  -> Found UB Trap. Starting Backward Slice...
    -> Guard[0] (true edge of ''):  %.not255 = icmp samesign ult i64 %468, %535
    -> Guard[1] (true edge of ''):  %.not254 = icmp samesign ult i64 %460, %525
    -> Guard[2] (true edge of ''):  %.not253 = icmp samesign ult i64 %468, %513
    -> Guard[3] (true edge of ''):  %.not252 = icmp samesign ult i64 %468, %494
    -> Guard[4] (true edge of ''):  %.not251 = icmp samesign ult i64 %460, %494
    -> Guard[5] (true edge of ''):  %.not250 = icmp samesign ult i64 %468, %483
    -> Guard[6] (true edge of ''):  %.not249 = icmp samesign ult i64 %460, %483
    -> Guard[7] (true edge of ''):  %.not248 = icmp ult i64 %468, %472
    -> Guard[8] (true edge of ''):  %.not247 = icmp samesign ult i64 %460, %472
    -> Guard[9] (false edge of ''):  %464 = icmp eq i64 %461, %462
    -> Guard[10] (true edge of '.preheader301.preheader'):  %.not327 = icmp sgt i64 %462, %460
    -> Guard[11] (false edge of ''):  %450 = icmp eq i64 %447, 0
    -> Guard[12] (false edge of '.preheader302.preheader'):  %448 = icmp slt i64 %447, 0
    -> Guard[13] (false edge of ''):  %394 = icmp eq i64 %391, 0
    -> Guard[14] (false edge of ''):  %392 = icmp slt i64 %391, 0
    -> Guard[15] (false edge of ''):  %386 = icmp eq i64 %385, 0
    -> Guard[16] (false edge of ''):  %371 = icmp eq i64 %370, 0
    -> Guard[17] (false edge of ''):  %356 = icmp eq i64 %355, 0
    -> Guard[18] (false edge of ''):  %128 = icmp slt i64 %127, 0
    -> Guard[19] (false edge of ''):  %39 = icmp eq i8 %38, 1
    -> Guard[20] (false edge of ''):  %18 = icmp eq i64 %17, 0
    -> Guard[21] (false edge of 'entry'):  %6 = icmp samesign ult i64 %5, 2
    -> Collected 22 dominating context guard(s).
    -> Frame refused (clobber between loads):  %127 = load i64, ptr @"$s5nbody1nSivp", align 8  vs  %.pre = load i64, ptr @"$s5nbody1nSivp", align 8
         clobber:   call void @swift_endAccess(ptr nonnull %access-scratch56) #2
    -> Frame refused (clobber between loads):  %127 = load i64, ptr @"$s5nbody1nSivp", align 8  vs  %447 = load i64, ptr @"$s5nbody1nSivp", align 8
         clobber: (MemoryPhi: clobber on some incoming arm)
    -> Frame refused (clobber between loads):  %127 = load i64, ptr @"$s5nbody1nSivp", align 8  vs  %451 = load i64, ptr @"$s5nbody1nSivp", align 8
         clobber: (MemoryPhi: clobber on some incoming arm)
    -> Frame refused (clobber between loads):  %127 = load i64, ptr @"$s5nbody1nSivp", align 8  vs  %.pr = load i64, ptr @"$s5nbody1nSivp", align 8
         clobber: (MemoryPhi: clobber on some incoming arm)
    -> Frame refused (clobber between loads):  %127 = load i64, ptr @"$s5nbody1nSivp", align 8  vs  %462 = load i64, ptr @"$s5nbody1nSivp", align 8
         clobber: (MemoryPhi: clobber on some incoming arm)
    -> Frame refused (clobber between loads):  %127 = load i64, ptr @"$s5nbody1nSivp", align 8  vs  %769 = load i64, ptr @"$s5nbody1nSivp", align 8
         clobber: (MemoryPhi: clobber on some incoming arm)
    -> [go3] 1 leaf-closure instruction(s) encoded
    -> Fact[RM:0] i64 %5 in [0,9223372036854775807) (!range)
    -> Fact[KB:1] i64 %5 known bits zero=0x9223372036854775808 one=0x0
    -> Fact[RM:2] i64 %355 in [0,9223372036854775807) (!range)
    -> Fact[KB:3] i64 %355 known bits zero=0x9223372036854775808 one=0x0
    -> Fact[RM:4] i64 %370 in [0,9223372036854775807) (!range)
    -> Fact[KB:5] i64 %370 known bits zero=0x9223372036854775808 one=0x0
    -> Fact[RM:6] i64 %385 in [0,9223372036854775807) (!range)
    -> Fact[KB:7] i64 %385 known bits zero=0x9223372036854775808 one=0x0
    -> Fact[KB:8] i64 %460 known bits zero=0x9223372036854775808 one=0x0
    -> Fact[LVI:9] i64 %460 in [0,9223372036854775806) (LVI @ )
    -> Fact[SCEV:10] i64 %460 in [0,9223372036854775807) (SCEV unsigned)
    -> Fact[SCEV:11] i64 %460 in [0,9223372036854775807) (SCEV signed)
    -> Fact[SCEVSYM:12] i64 %460 - start(0) <=u BTC((-1 + %447)) (SCEV symbolic trip count, sub-form)
    -> Fact[PHIINV-hi:13] i64 %460 == i64 0 || ne(i64 %460, i64 %447) (latch-implied bound, 1-induction)
    -> Fact[PHIINV-lo:14] i64 %460 >=s i64 0 (monotone nsw increments, 1 arm(s))
    -> Fact[LVI:15] i64 %468 in [0,9223372036854775806) (LVI @ )
    -> Fact[SCEV:16] i64 %468 in [1,-3) (SCEV unsigned)
    -> Fact[SCEV:17] i64 %468 in [1,-3) (SCEV signed)
    -> Fact[PHIINV-hi:18] i64 %468 == i64 %461 || ne(i64 %468, i64 %462) (latch-implied bound, 1-induction)
    -> Fact[RM:19] i64 %472 in [0,9223372036854775807) (!range)
    -> Fact[KB:20] i64 %472 known bits zero=0x9223372036854775808 one=0x0
    -> Fact[LVI:21] i64 %472 in [1,9223372036854775807) (LVI @ )
    -> Fact[RM:22] i64 %483 in [0,9223372036854775807) (!range)
    -> Fact[KB:23] i64 %483 known bits zero=0x9223372036854775808 one=0x0
    -> Fact[LVI:24] i64 %483 in [1,9223372036854775807) (LVI @ )
    -> Fact[RM:25] i64 %494 in [0,9223372036854775807) (!range)
    -> Fact[KB:26] i64 %494 known bits zero=0x9223372036854775808 one=0x0
    -> Fact[LVI:27] i64 %494 in [1,9223372036854775807) (LVI @ )
    -> Fact[RM:28] i64 %513 in [0,9223372036854775807) (!range)
    -> Fact[KB:29] i64 %513 known bits zero=0x9223372036854775808 one=0x0
    -> Fact[LVI:30] i64 %513 in [1,9223372036854775807) (LVI @ )
    -> Fact[RM:31] i64 %525 in [0,9223372036854775807) (!range)
    -> Fact[KB:32] i64 %525 known bits zero=0x9223372036854775808 one=0x0
    -> Fact[LVI:33] i64 %525 in [1,9223372036854775807) (LVI @ )
    -> Fact[RM:34] i64 %535 in [0,9223372036854775807) (!range)
    -> Fact[KB:35] i64 %535 known bits zero=0x9223372036854775808 one=0x0
    -> Fact[LVI:36] i64 %535 in [1,9223372036854775807) (LVI @ )
    -> Fact[RM:37] i64 %547 in [0,9223372036854775807) (!range)
    -> Fact[KB:38] i64 %547 known bits zero=0x9223372036854775808 one=0x0
    -> [heavy] 39 analysis fact(s) on 36 boundary value(s)
    -> [mv] T3: not a bounds shape (idx vs invariant count)
    -> [ind L0] BASE (1 phi(s) = entry): SAT (WARNING: Potential Integer Overflow Bug Detected!) [Query Latency: 4.784952 ms]
    -> [ind L1] BASE (1 phi(s) = entry): SAT (WARNING: Potential Integer Overflow Bug Detected!) [Query Latency: 4.309762 ms]
    -> [ind L2] BASE (1 phi(s) = entry): SAT (WARNING: Potential Integer Overflow Bug Detected!) [Query Latency: 5.832489 ms]
    -> SAT (WARNING: Potential Integer Overflow Bug Detected!) [Query Latency: 5.908843 ms]
    -> [mv] still SAT under 36 hypothesis candidate(s): not versionable
  -> Found UB Trap. Starting Backward Slice...
    -> Guard[0] (true edge of ''):  %.not256 = icmp samesign ult i64 %460, %547
    -> Guard[1] (true edge of ''):  %.not255 = icmp samesign ult i64 %468, %535
    -> Guard[2] (true edge of ''):  %.not254 = icmp samesign ult i64 %460, %525
    -> Guard[3] (true edge of ''):  %.not253 = icmp samesign ult i64 %468, %513
    -> Guard[4] (true edge of ''):  %.not252 = icmp samesign ult i64 %468, %494
    -> Guard[5] (true edge of ''):  %.not251 = icmp samesign ult i64 %460, %494
    -> Guard[6] (true edge of ''):  %.not250 = icmp samesign ult i64 %468, %483
    -> Guard[7] (true edge of ''):  %.not249 = icmp samesign ult i64 %460, %483
    -> Guard[8] (true edge of ''):  %.not248 = icmp ult i64 %468, %472
    -> Guard[9] (true edge of ''):  %.not247 = icmp samesign ult i64 %460, %472
    -> Guard[10] (false edge of ''):  %464 = icmp eq i64 %461, %462
    -> Guard[11] (true edge of '.preheader301.preheader'):  %.not327 = icmp sgt i64 %462, %460
    -> Guard[12] (false edge of ''):  %450 = icmp eq i64 %447, 0
    -> Guard[13] (false edge of '.preheader302.preheader'):  %448 = icmp slt i64 %447, 0
    -> Guard[14] (false edge of ''):  %394 = icmp eq i64 %391, 0
    -> Guard[15] (false edge of ''):  %392 = icmp slt i64 %391, 0
    -> Guard[16] (false edge of ''):  %386 = icmp eq i64 %385, 0
    -> Guard[17] (false edge of ''):  %371 = icmp eq i64 %370, 0
    -> Guard[18] (false edge of ''):  %356 = icmp eq i64 %355, 0
    -> Guard[19] (false edge of ''):  %128 = icmp slt i64 %127, 0
    -> Guard[20] (false edge of ''):  %39 = icmp eq i8 %38, 1
    -> Guard[21] (false edge of ''):  %18 = icmp eq i64 %17, 0
    -> Guard[22] (false edge of 'entry'):  %6 = icmp samesign ult i64 %5, 2
    -> Collected 23 dominating context guard(s).
    -> Frame refused (clobber between loads):  %127 = load i64, ptr @"$s5nbody1nSivp", align 8  vs  %.pre = load i64, ptr @"$s5nbody1nSivp", align 8
         clobber:   call void @swift_endAccess(ptr nonnull %access-scratch56) #2
    -> Frame refused (clobber between loads):  %127 = load i64, ptr @"$s5nbody1nSivp", align 8  vs  %447 = load i64, ptr @"$s5nbody1nSivp", align 8
         clobber: (MemoryPhi: clobber on some incoming arm)
    -> Frame refused (clobber between loads):  %127 = load i64, ptr @"$s5nbody1nSivp", align 8  vs  %451 = load i64, ptr @"$s5nbody1nSivp", align 8
         clobber: (MemoryPhi: clobber on some incoming arm)
    -> Frame refused (clobber between loads):  %127 = load i64, ptr @"$s5nbody1nSivp", align 8  vs  %.pr = load i64, ptr @"$s5nbody1nSivp", align 8
         clobber: (MemoryPhi: clobber on some incoming arm)
    -> Frame refused (clobber between loads):  %127 = load i64, ptr @"$s5nbody1nSivp", align 8  vs  %462 = load i64, ptr @"$s5nbody1nSivp", align 8
         clobber: (MemoryPhi: clobber on some incoming arm)
    -> Frame refused (clobber between loads):  %127 = load i64, ptr @"$s5nbody1nSivp", align 8  vs  %769 = load i64, ptr @"$s5nbody1nSivp", align 8
         clobber: (MemoryPhi: clobber on some incoming arm)
    -> [go3] 1 leaf-closure instruction(s) encoded
    -> Fact[RM:0] i64 %5 in [0,9223372036854775807) (!range)
    -> Fact[KB:1] i64 %5 known bits zero=0x9223372036854775808 one=0x0
    -> Fact[RM:2] i64 %355 in [0,9223372036854775807) (!range)
    -> Fact[KB:3] i64 %355 known bits zero=0x9223372036854775808 one=0x0
    -> Fact[RM:4] i64 %370 in [0,9223372036854775807) (!range)
    -> Fact[KB:5] i64 %370 known bits zero=0x9223372036854775808 one=0x0
    -> Fact[RM:6] i64 %385 in [0,9223372036854775807) (!range)
    -> Fact[KB:7] i64 %385 known bits zero=0x9223372036854775808 one=0x0
    -> Fact[KB:8] i64 %460 known bits zero=0x9223372036854775808 one=0x0
    -> Fact[LVI:9] i64 %460 in [0,9223372036854775806) (LVI @ )
    -> Fact[SCEV:10] i64 %460 in [0,9223372036854775807) (SCEV unsigned)
    -> Fact[SCEV:11] i64 %460 in [0,9223372036854775807) (SCEV signed)
    -> Fact[SCEVSYM:12] i64 %460 - start(0) <=u BTC((-1 + %447)) (SCEV symbolic trip count, sub-form)
    -> Fact[PHIINV-hi:13] i64 %460 == i64 0 || ne(i64 %460, i64 %447) (latch-implied bound, 1-induction)
    -> Fact[PHIINV-lo:14] i64 %460 >=s i64 0 (monotone nsw increments, 1 arm(s))
    -> Fact[LVI:15] i64 %468 in [0,9223372036854775806) (LVI @ )
    -> Fact[SCEV:16] i64 %468 in [1,-3) (SCEV unsigned)
    -> Fact[SCEV:17] i64 %468 in [1,-3) (SCEV signed)
    -> Fact[PHIINV-hi:18] i64 %468 == i64 %461 || ne(i64 %468, i64 %462) (latch-implied bound, 1-induction)
    -> Fact[RM:19] i64 %472 in [0,9223372036854775807) (!range)
    -> Fact[KB:20] i64 %472 known bits zero=0x9223372036854775808 one=0x0
    -> Fact[LVI:21] i64 %472 in [1,9223372036854775807) (LVI @ )
    -> Fact[RM:22] i64 %483 in [0,9223372036854775807) (!range)
    -> Fact[KB:23] i64 %483 known bits zero=0x9223372036854775808 one=0x0
    -> Fact[LVI:24] i64 %483 in [1,9223372036854775807) (LVI @ )
    -> Fact[RM:25] i64 %494 in [0,9223372036854775807) (!range)
    -> Fact[KB:26] i64 %494 known bits zero=0x9223372036854775808 one=0x0
    -> Fact[LVI:27] i64 %494 in [1,9223372036854775807) (LVI @ )
    -> Fact[RM:28] i64 %513 in [0,9223372036854775807) (!range)
    -> Fact[KB:29] i64 %513 known bits zero=0x9223372036854775808 one=0x0
    -> Fact[LVI:30] i64 %513 in [1,9223372036854775807) (LVI @ )
    -> Fact[RM:31] i64 %525 in [0,9223372036854775807) (!range)
    -> Fact[KB:32] i64 %525 known bits zero=0x9223372036854775808 one=0x0
    -> Fact[LVI:33] i64 %525 in [1,9223372036854775807) (LVI @ )
    -> Fact[RM:34] i64 %535 in [0,9223372036854775807) (!range)
    -> Fact[KB:35] i64 %535 known bits zero=0x9223372036854775808 one=0x0
    -> Fact[LVI:36] i64 %535 in [1,9223372036854775807) (LVI @ )
    -> Fact[RM:37] i64 %547 in [0,9223372036854775807) (!range)
    -> Fact[KB:38] i64 %547 known bits zero=0x9223372036854775808 one=0x0
    -> Fact[LVI:39] i64 %547 in [1,9223372036854775807) (LVI @ )
    -> Fact[RM:40] i64 %557 in [0,9223372036854775807) (!range)
    -> Fact[KB:41] i64 %557 known bits zero=0x9223372036854775808 one=0x0
    -> [heavy] 42 analysis fact(s) on 37 boundary value(s)
    -> [mv] T3: not a bounds shape (idx vs invariant count)
    -> [ind L0] BASE (1 phi(s) = entry): SAT (WARNING: Potential Integer Overflow Bug Detected!) [Query Latency: 4.955435 ms]
    -> [ind L1] BASE (1 phi(s) = entry): SAT (WARNING: Potential Integer Overflow Bug Detected!) [Query Latency: 5.181351 ms]
    -> [ind L2] BASE (1 phi(s) = entry): SAT (WARNING: Potential Integer Overflow Bug Detected!) [Query Latency: 4.757056 ms]
    -> SAT (WARNING: Potential Integer Overflow Bug Detected!) [Query Latency: 42.506186 ms]
    -> [mv] still SAT under 36 hypothesis candidate(s): not versionable
  -> Found UB Trap. Starting Backward Slice...
    -> Guard[0] (true edge of ''):  %.not257 = icmp samesign ult i64 %468, %557
    -> Guard[1] (true edge of ''):  %.not256 = icmp samesign ult i64 %460, %547
    -> Guard[2] (true edge of ''):  %.not255 = icmp samesign ult i64 %468, %535
    -> Guard[3] (true edge of ''):  %.not254 = icmp samesign ult i64 %460, %525
    -> Guard[4] (true edge of ''):  %.not253 = icmp samesign ult i64 %468, %513
    -> Guard[5] (true edge of ''):  %.not252 = icmp samesign ult i64 %468, %494
    -> Guard[6] (true edge of ''):  %.not251 = icmp samesign ult i64 %460, %494
    -> Guard[7] (true edge of ''):  %.not250 = icmp samesign ult i64 %468, %483
    -> Guard[8] (true edge of ''):  %.not249 = icmp samesign ult i64 %460, %483
    -> Guard[9] (true edge of ''):  %.not248 = icmp ult i64 %468, %472
    -> Guard[10] (true edge of ''):  %.not247 = icmp samesign ult i64 %460, %472
    -> Guard[11] (false edge of ''):  %464 = icmp eq i64 %461, %462
    -> Guard[12] (true edge of '.preheader301.preheader'):  %.not327 = icmp sgt i64 %462, %460
    -> Guard[13] (false edge of ''):  %450 = icmp eq i64 %447, 0
    -> Guard[14] (false edge of '.preheader302.preheader'):  %448 = icmp slt i64 %447, 0
    -> Guard[15] (false edge of ''):  %394 = icmp eq i64 %391, 0
    -> Guard[16] (false edge of ''):  %392 = icmp slt i64 %391, 0
    -> Guard[17] (false edge of ''):  %386 = icmp eq i64 %385, 0
    -> Guard[18] (false edge of ''):  %371 = icmp eq i64 %370, 0
    -> Guard[19] (false edge of ''):  %356 = icmp eq i64 %355, 0
    -> Guard[20] (false edge of ''):  %128 = icmp slt i64 %127, 0
    -> Guard[21] (false edge of ''):  %39 = icmp eq i8 %38, 1
    -> Guard[22] (false edge of ''):  %18 = icmp eq i64 %17, 0
    -> Guard[23] (false edge of 'entry'):  %6 = icmp samesign ult i64 %5, 2
    -> Collected 24 dominating context guard(s).
    -> Frame refused (clobber between loads):  %127 = load i64, ptr @"$s5nbody1nSivp", align 8  vs  %.pre = load i64, ptr @"$s5nbody1nSivp", align 8
         clobber:   call void @swift_endAccess(ptr nonnull %access-scratch56) #2
    -> Frame refused (clobber between loads):  %127 = load i64, ptr @"$s5nbody1nSivp", align 8  vs  %447 = load i64, ptr @"$s5nbody1nSivp", align 8
         clobber: (MemoryPhi: clobber on some incoming arm)
    -> Frame refused (clobber between loads):  %127 = load i64, ptr @"$s5nbody1nSivp", align 8  vs  %451 = load i64, ptr @"$s5nbody1nSivp", align 8
         clobber: (MemoryPhi: clobber on some incoming arm)
    -> Frame refused (clobber between loads):  %127 = load i64, ptr @"$s5nbody1nSivp", align 8  vs  %.pr = load i64, ptr @"$s5nbody1nSivp", align 8
         clobber: (MemoryPhi: clobber on some incoming arm)
    -> Frame refused (clobber between loads):  %127 = load i64, ptr @"$s5nbody1nSivp", align 8  vs  %462 = load i64, ptr @"$s5nbody1nSivp", align 8
         clobber: (MemoryPhi: clobber on some incoming arm)
    -> Frame refused (clobber between loads):  %127 = load i64, ptr @"$s5nbody1nSivp", align 8  vs  %769 = load i64, ptr @"$s5nbody1nSivp", align 8
         clobber: (MemoryPhi: clobber on some incoming arm)
    -> [go3] 1 leaf-closure instruction(s) encoded
    -> Fact[RM:0] i64 %5 in [0,9223372036854775807) (!range)
    -> Fact[KB:1] i64 %5 known bits zero=0x9223372036854775808 one=0x0
    -> Fact[RM:2] i64 %355 in [0,9223372036854775807) (!range)
    -> Fact[KB:3] i64 %355 known bits zero=0x9223372036854775808 one=0x0
    -> Fact[RM:4] i64 %370 in [0,9223372036854775807) (!range)
    -> Fact[KB:5] i64 %370 known bits zero=0x9223372036854775808 one=0x0
    -> Fact[RM:6] i64 %385 in [0,9223372036854775807) (!range)
    -> Fact[KB:7] i64 %385 known bits zero=0x9223372036854775808 one=0x0
    -> Fact[KB:8] i64 %460 known bits zero=0x9223372036854775808 one=0x0
    -> Fact[LVI:9] i64 %460 in [0,9223372036854775806) (LVI @ )
    -> Fact[SCEV:10] i64 %460 in [0,9223372036854775807) (SCEV unsigned)
    -> Fact[SCEV:11] i64 %460 in [0,9223372036854775807) (SCEV signed)
    -> Fact[SCEVSYM:12] i64 %460 - start(0) <=u BTC((-1 + %447)) (SCEV symbolic trip count, sub-form)
    -> Fact[PHIINV-hi:13] i64 %460 == i64 0 || ne(i64 %460, i64 %447) (latch-implied bound, 1-induction)
    -> Fact[PHIINV-lo:14] i64 %460 >=s i64 0 (monotone nsw increments, 1 arm(s))
    -> Fact[LVI:15] i64 %468 in [0,9223372036854775806) (LVI @ )
    -> Fact[SCEV:16] i64 %468 in [1,-3) (SCEV unsigned)
    -> Fact[SCEV:17] i64 %468 in [1,-3) (SCEV signed)
    -> Fact[PHIINV-hi:18] i64 %468 == i64 %461 || ne(i64 %468, i64 %462) (latch-implied bound, 1-induction)
    -> Fact[RM:19] i64 %472 in [0,9223372036854775807) (!range)
    -> Fact[KB:20] i64 %472 known bits zero=0x9223372036854775808 one=0x0
    -> Fact[LVI:21] i64 %472 in [1,9223372036854775807) (LVI @ )
    -> Fact[RM:22] i64 %483 in [0,9223372036854775807) (!range)
    -> Fact[KB:23] i64 %483 known bits zero=0x9223372036854775808 one=0x0
    -> Fact[LVI:24] i64 %483 in [1,9223372036854775807) (LVI @ )
    -> Fact[RM:25] i64 %494 in [0,9223372036854775807) (!range)
    -> Fact[KB:26] i64 %494 known bits zero=0x9223372036854775808 one=0x0
    -> Fact[LVI:27] i64 %494 in [1,9223372036854775807) (LVI @ )
    -> Fact[RM:28] i64 %513 in [0,9223372036854775807) (!range)
    -> Fact[KB:29] i64 %513 known bits zero=0x9223372036854775808 one=0x0
    -> Fact[LVI:30] i64 %513 in [1,9223372036854775807) (LVI @ )
    -> Fact[RM:31] i64 %525 in [0,9223372036854775807) (!range)
    -> Fact[KB:32] i64 %525 known bits zero=0x9223372036854775808 one=0x0
    -> Fact[LVI:33] i64 %525 in [1,9223372036854775807) (LVI @ )
    -> Fact[RM:34] i64 %535 in [0,9223372036854775807) (!range)
    -> Fact[KB:35] i64 %535 known bits zero=0x9223372036854775808 one=0x0
    -> Fact[LVI:36] i64 %535 in [1,9223372036854775807) (LVI @ )
    -> Fact[RM:37] i64 %547 in [0,9223372036854775807) (!range)
    -> Fact[KB:38] i64 %547 known bits zero=0x9223372036854775808 one=0x0
    -> Fact[LVI:39] i64 %547 in [1,9223372036854775807) (LVI @ )
    -> Fact[RM:40] i64 %557 in [0,9223372036854775807) (!range)
    -> Fact[KB:41] i64 %557 known bits zero=0x9223372036854775808 one=0x0
    -> Fact[LVI:42] i64 %557 in [1,9223372036854775807) (LVI @ )
    -> Fact[RM:43] i64 %569 in [0,9223372036854775807) (!range)
    -> Fact[KB:44] i64 %569 known bits zero=0x9223372036854775808 one=0x0
    -> [heavy] 45 analysis fact(s) on 38 boundary value(s)
    -> [mv] T3: not a bounds shape (idx vs invariant count)
    -> [ind L0] BASE (1 phi(s) = entry): SAT (WARNING: Potential Integer Overflow Bug Detected!) [Query Latency: 5.252481 ms]
    -> [ind L1] BASE (1 phi(s) = entry): SAT (WARNING: Potential Integer Overflow Bug Detected!) [Query Latency: 4.861144 ms]
    -> [ind L2] BASE (1 phi(s) = entry): SAT (WARNING: Potential Integer Overflow Bug Detected!) [Query Latency: 5.947086 ms]
    -> SAT (WARNING: Potential Integer Overflow Bug Detected!) [Query Latency: 8.623894 ms]
    -> [mv] still SAT under 36 hypothesis candidate(s): not versionable
  -> Found UB Trap. Starting Backward Slice...
    -> Guard[0] (true edge of ''):  %.not258 = icmp samesign ult i64 %460, %569
    -> Guard[1] (true edge of ''):  %.not257 = icmp samesign ult i64 %468, %557
    -> Guard[2] (true edge of ''):  %.not256 = icmp samesign ult i64 %460, %547
    -> Guard[3] (true edge of ''):  %.not255 = icmp samesign ult i64 %468, %535
    -> Guard[4] (true edge of ''):  %.not254 = icmp samesign ult i64 %460, %525
    -> Guard[5] (true edge of ''):  %.not253 = icmp samesign ult i64 %468, %513
    -> Guard[6] (true edge of ''):  %.not252 = icmp samesign ult i64 %468, %494
    -> Guard[7] (true edge of ''):  %.not251 = icmp samesign ult i64 %460, %494
    -> Guard[8] (true edge of ''):  %.not250 = icmp samesign ult i64 %468, %483
    -> Guard[9] (true edge of ''):  %.not249 = icmp samesign ult i64 %460, %483
    -> Guard[10] (true edge of ''):  %.not248 = icmp ult i64 %468, %472
    -> Guard[11] (true edge of ''):  %.not247 = icmp samesign ult i64 %460, %472
    -> Guard[12] (false edge of ''):  %464 = icmp eq i64 %461, %462
    -> Guard[13] (true edge of '.preheader301.preheader'):  %.not327 = icmp sgt i64 %462, %460
    -> Guard[14] (false edge of ''):  %450 = icmp eq i64 %447, 0
    -> Guard[15] (false edge of '.preheader302.preheader'):  %448 = icmp slt i64 %447, 0
    -> Guard[16] (false edge of ''):  %394 = icmp eq i64 %391, 0
    -> Guard[17] (false edge of ''):  %392 = icmp slt i64 %391, 0
    -> Guard[18] (false edge of ''):  %386 = icmp eq i64 %385, 0
    -> Guard[19] (false edge of ''):  %371 = icmp eq i64 %370, 0
    -> Guard[20] (false edge of ''):  %356 = icmp eq i64 %355, 0
    -> Guard[21] (false edge of ''):  %128 = icmp slt i64 %127, 0
    -> Guard[22] (false edge of ''):  %39 = icmp eq i8 %38, 1
    -> Guard[23] (false edge of ''):  %18 = icmp eq i64 %17, 0
    -> Guard[24] (false edge of 'entry'):  %6 = icmp samesign ult i64 %5, 2
    -> Collected 25 dominating context guard(s).
    -> Frame refused (clobber between loads):  %127 = load i64, ptr @"$s5nbody1nSivp", align 8  vs  %.pre = load i64, ptr @"$s5nbody1nSivp", align 8
         clobber:   call void @swift_endAccess(ptr nonnull %access-scratch56) #2
    -> Frame refused (clobber between loads):  %127 = load i64, ptr @"$s5nbody1nSivp", align 8  vs  %447 = load i64, ptr @"$s5nbody1nSivp", align 8
         clobber: (MemoryPhi: clobber on some incoming arm)
    -> Frame refused (clobber between loads):  %127 = load i64, ptr @"$s5nbody1nSivp", align 8  vs  %451 = load i64, ptr @"$s5nbody1nSivp", align 8
         clobber: (MemoryPhi: clobber on some incoming arm)
    -> Frame refused (clobber between loads):  %127 = load i64, ptr @"$s5nbody1nSivp", align 8  vs  %.pr = load i64, ptr @"$s5nbody1nSivp", align 8
         clobber: (MemoryPhi: clobber on some incoming arm)
    -> Frame refused (clobber between loads):  %127 = load i64, ptr @"$s5nbody1nSivp", align 8  vs  %462 = load i64, ptr @"$s5nbody1nSivp", align 8
         clobber: (MemoryPhi: clobber on some incoming arm)
    -> Frame refused (clobber between loads):  %127 = load i64, ptr @"$s5nbody1nSivp", align 8  vs  %769 = load i64, ptr @"$s5nbody1nSivp", align 8
         clobber: (MemoryPhi: clobber on some incoming arm)
    -> [go3] 1 leaf-closure instruction(s) encoded
    -> Fact[RM:0] i64 %5 in [0,9223372036854775807) (!range)
    -> Fact[KB:1] i64 %5 known bits zero=0x9223372036854775808 one=0x0
    -> Fact[RM:2] i64 %355 in [0,9223372036854775807) (!range)
    -> Fact[KB:3] i64 %355 known bits zero=0x9223372036854775808 one=0x0
    -> Fact[RM:4] i64 %370 in [0,9223372036854775807) (!range)
    -> Fact[KB:5] i64 %370 known bits zero=0x9223372036854775808 one=0x0
    -> Fact[RM:6] i64 %385 in [0,9223372036854775807) (!range)
    -> Fact[KB:7] i64 %385 known bits zero=0x9223372036854775808 one=0x0
    -> Fact[KB:8] i64 %460 known bits zero=0x9223372036854775808 one=0x0
    -> Fact[LVI:9] i64 %460 in [0,9223372036854775806) (LVI @ )
    -> Fact[SCEV:10] i64 %460 in [0,9223372036854775807) (SCEV unsigned)
    -> Fact[SCEV:11] i64 %460 in [0,9223372036854775807) (SCEV signed)
    -> Fact[SCEVSYM:12] i64 %460 - start(0) <=u BTC((-1 + %447)) (SCEV symbolic trip count, sub-form)
    -> Fact[PHIINV-hi:13] i64 %460 == i64 0 || ne(i64 %460, i64 %447) (latch-implied bound, 1-induction)
    -> Fact[PHIINV-lo:14] i64 %460 >=s i64 0 (monotone nsw increments, 1 arm(s))
    -> Fact[LVI:15] i64 %468 in [0,9223372036854775806) (LVI @ )
    -> Fact[SCEV:16] i64 %468 in [1,-3) (SCEV unsigned)
    -> Fact[SCEV:17] i64 %468 in [1,-3) (SCEV signed)
    -> Fact[PHIINV-hi:18] i64 %468 == i64 %461 || ne(i64 %468, i64 %462) (latch-implied bound, 1-induction)
    -> Fact[RM:19] i64 %472 in [0,9223372036854775807) (!range)
    -> Fact[KB:20] i64 %472 known bits zero=0x9223372036854775808 one=0x0
    -> Fact[LVI:21] i64 %472 in [1,9223372036854775807) (LVI @ )
    -> Fact[RM:22] i64 %483 in [0,9223372036854775807) (!range)
    -> Fact[KB:23] i64 %483 known bits zero=0x9223372036854775808 one=0x0
    -> Fact[LVI:24] i64 %483 in [1,9223372036854775807) (LVI @ )
    -> Fact[RM:25] i64 %494 in [0,9223372036854775807) (!range)
    -> Fact[KB:26] i64 %494 known bits zero=0x9223372036854775808 one=0x0
    -> Fact[LVI:27] i64 %494 in [1,9223372036854775807) (LVI @ )
    -> Fact[RM:28] i64 %513 in [0,9223372036854775807) (!range)
    -> Fact[KB:29] i64 %513 known bits zero=0x9223372036854775808 one=0x0
    -> Fact[LVI:30] i64 %513 in [1,9223372036854775807) (LVI @ )
    -> Fact[RM:31] i64 %525 in [0,9223372036854775807) (!range)
    -> Fact[KB:32] i64 %525 known bits zero=0x9223372036854775808 one=0x0
    -> Fact[LVI:33] i64 %525 in [1,9223372036854775807) (LVI @ )
    -> Fact[RM:34] i64 %535 in [0,9223372036854775807) (!range)
    -> Fact[KB:35] i64 %535 known bits zero=0x9223372036854775808 one=0x0
    -> Fact[LVI:36] i64 %535 in [1,9223372036854775807) (LVI @ )
    -> Fact[RM:37] i64 %547 in [0,9223372036854775807) (!range)
    -> Fact[KB:38] i64 %547 known bits zero=0x9223372036854775808 one=0x0
    -> Fact[LVI:39] i64 %547 in [1,9223372036854775807) (LVI @ )
    -> Fact[RM:40] i64 %557 in [0,9223372036854775807) (!range)
    -> Fact[KB:41] i64 %557 known bits zero=0x9223372036854775808 one=0x0
    -> Fact[LVI:42] i64 %557 in [1,9223372036854775807) (LVI @ )
    -> Fact[RM:43] i64 %569 in [0,9223372036854775807) (!range)
    -> Fact[KB:44] i64 %569 known bits zero=0x9223372036854775808 one=0x0
    -> Fact[LVI:45] i64 %569 in [1,9223372036854775807) (LVI @ )
    -> Fact[RM:46] i64 %579 in [0,9223372036854775807) (!range)
    -> Fact[KB:47] i64 %579 known bits zero=0x9223372036854775808 one=0x0
    -> [heavy] 48 analysis fact(s) on 39 boundary value(s)
    -> [mv] T3: not a bounds shape (idx vs invariant count)
    -> [ind L0] BASE (1 phi(s) = entry): SAT (WARNING: Potential Integer Overflow Bug Detected!) [Query Latency: 5.459554 ms]
    -> [ind L1] BASE (1 phi(s) = entry): SAT (WARNING: Potential Integer Overflow Bug Detected!) [Query Latency: 5.380843 ms]
    -> [ind L2] BASE (1 phi(s) = entry): SAT (WARNING: Potential Integer Overflow Bug Detected!) [Query Latency: 5.944018 ms]
    -> SAT (WARNING: Potential Integer Overflow Bug Detected!) [Query Latency: 8.437889 ms]
    -> [mv] still SAT under 36 hypothesis candidate(s): not versionable
  -> Found UB Trap. Starting Backward Slice...
    -> Guard[0] (true edge of ''):  %.not259 = icmp samesign ult i64 %460, %579
    -> Guard[1] (true edge of ''):  %.not258 = icmp samesign ult i64 %460, %569
    -> Guard[2] (true edge of ''):  %.not257 = icmp samesign ult i64 %468, %557
    -> Guard[3] (true edge of ''):  %.not256 = icmp samesign ult i64 %460, %547
    -> Guard[4] (true edge of ''):  %.not255 = icmp samesign ult i64 %468, %535
    -> Guard[5] (true edge of ''):  %.not254 = icmp samesign ult i64 %460, %525
    -> Guard[6] (true edge of ''):  %.not253 = icmp samesign ult i64 %468, %513
    -> Guard[7] (true edge of ''):  %.not252 = icmp samesign ult i64 %468, %494
    -> Guard[8] (true edge of ''):  %.not251 = icmp samesign ult i64 %460, %494
    -> Guard[9] (true edge of ''):  %.not250 = icmp samesign ult i64 %468, %483
    -> Guard[10] (true edge of ''):  %.not249 = icmp samesign ult i64 %460, %483
    -> Guard[11] (true edge of ''):  %.not248 = icmp ult i64 %468, %472
    -> Guard[12] (true edge of ''):  %.not247 = icmp samesign ult i64 %460, %472
    -> Guard[13] (false edge of ''):  %464 = icmp eq i64 %461, %462
    -> Guard[14] (true edge of '.preheader301.preheader'):  %.not327 = icmp sgt i64 %462, %460
    -> Guard[15] (false edge of ''):  %450 = icmp eq i64 %447, 0
    -> Guard[16] (false edge of '.preheader302.preheader'):  %448 = icmp slt i64 %447, 0
    -> Guard[17] (false edge of ''):  %394 = icmp eq i64 %391, 0
    -> Guard[18] (false edge of ''):  %392 = icmp slt i64 %391, 0
    -> Guard[19] (false edge of ''):  %386 = icmp eq i64 %385, 0
    -> Guard[20] (false edge of ''):  %371 = icmp eq i64 %370, 0
    -> Guard[21] (false edge of ''):  %356 = icmp eq i64 %355, 0
    -> Guard[22] (false edge of ''):  %128 = icmp slt i64 %127, 0
    -> Guard[23] (false edge of ''):  %39 = icmp eq i8 %38, 1
    -> Guard[24] (false edge of ''):  %18 = icmp eq i64 %17, 0
    -> Guard[25] (false edge of 'entry'):  %6 = icmp samesign ult i64 %5, 2
    -> Collected 26 dominating context guard(s).
    -> Frame refused (clobber between loads):  %127 = load i64, ptr @"$s5nbody1nSivp", align 8  vs  %.pre = load i64, ptr @"$s5nbody1nSivp", align 8
         clobber:   call void @swift_endAccess(ptr nonnull %access-scratch56) #2
    -> Frame refused (clobber between loads):  %127 = load i64, ptr @"$s5nbody1nSivp", align 8  vs  %447 = load i64, ptr @"$s5nbody1nSivp", align 8
         clobber: (MemoryPhi: clobber on some incoming arm)
    -> Frame refused (clobber between loads):  %127 = load i64, ptr @"$s5nbody1nSivp", align 8  vs  %451 = load i64, ptr @"$s5nbody1nSivp", align 8
         clobber: (MemoryPhi: clobber on some incoming arm)
    -> Frame refused (clobber between loads):  %127 = load i64, ptr @"$s5nbody1nSivp", align 8  vs  %.pr = load i64, ptr @"$s5nbody1nSivp", align 8
         clobber: (MemoryPhi: clobber on some incoming arm)
    -> Frame refused (clobber between loads):  %127 = load i64, ptr @"$s5nbody1nSivp", align 8  vs  %462 = load i64, ptr @"$s5nbody1nSivp", align 8
         clobber: (MemoryPhi: clobber on some incoming arm)
    -> Frame refused (clobber between loads):  %127 = load i64, ptr @"$s5nbody1nSivp", align 8  vs  %769 = load i64, ptr @"$s5nbody1nSivp", align 8
         clobber: (MemoryPhi: clobber on some incoming arm)
    -> [go3] 1 leaf-closure instruction(s) encoded
    -> Fact[RM:0] i64 %5 in [0,9223372036854775807) (!range)
    -> Fact[KB:1] i64 %5 known bits zero=0x9223372036854775808 one=0x0
    -> Fact[RM:2] i64 %355 in [0,9223372036854775807) (!range)
    -> Fact[KB:3] i64 %355 known bits zero=0x9223372036854775808 one=0x0
    -> Fact[RM:4] i64 %370 in [0,9223372036854775807) (!range)
    -> Fact[KB:5] i64 %370 known bits zero=0x9223372036854775808 one=0x0
    -> Fact[RM:6] i64 %385 in [0,9223372036854775807) (!range)
    -> Fact[KB:7] i64 %385 known bits zero=0x9223372036854775808 one=0x0
    -> Fact[KB:8] i64 %460 known bits zero=0x9223372036854775808 one=0x0
    -> Fact[LVI:9] i64 %460 in [0,9223372036854775806) (LVI @ )
    -> Fact[SCEV:10] i64 %460 in [0,9223372036854775807) (SCEV unsigned)
    -> Fact[SCEV:11] i64 %460 in [0,9223372036854775807) (SCEV signed)
    -> Fact[SCEVSYM:12] i64 %460 - start(0) <=u BTC((-1 + %447)) (SCEV symbolic trip count, sub-form)
    -> Fact[PHIINV-hi:13] i64 %460 == i64 0 || ne(i64 %460, i64 %447) (latch-implied bound, 1-induction)
    -> Fact[PHIINV-lo:14] i64 %460 >=s i64 0 (monotone nsw increments, 1 arm(s))
    -> Fact[LVI:15] i64 %468 in [0,9223372036854775806) (LVI @ )
    -> Fact[SCEV:16] i64 %468 in [1,-3) (SCEV unsigned)
    -> Fact[SCEV:17] i64 %468 in [1,-3) (SCEV signed)
    -> Fact[PHIINV-hi:18] i64 %468 == i64 %461 || ne(i64 %468, i64 %462) (latch-implied bound, 1-induction)
    -> Fact[RM:19] i64 %472 in [0,9223372036854775807) (!range)
    -> Fact[KB:20] i64 %472 known bits zero=0x9223372036854775808 one=0x0
    -> Fact[LVI:21] i64 %472 in [1,9223372036854775807) (LVI @ )
    -> Fact[RM:22] i64 %483 in [0,9223372036854775807) (!range)
    -> Fact[KB:23] i64 %483 known bits zero=0x9223372036854775808 one=0x0
    -> Fact[LVI:24] i64 %483 in [1,9223372036854775807) (LVI @ )
    -> Fact[RM:25] i64 %494 in [0,9223372036854775807) (!range)
    -> Fact[KB:26] i64 %494 known bits zero=0x9223372036854775808 one=0x0
    -> Fact[LVI:27] i64 %494 in [1,9223372036854775807) (LVI @ )
    -> Fact[RM:28] i64 %513 in [0,9223372036854775807) (!range)
    -> Fact[KB:29] i64 %513 known bits zero=0x9223372036854775808 one=0x0
    -> Fact[LVI:30] i64 %513 in [1,9223372036854775807) (LVI @ )
    -> Fact[RM:31] i64 %525 in [0,9223372036854775807) (!range)
    -> Fact[KB:32] i64 %525 known bits zero=0x9223372036854775808 one=0x0
    -> Fact[LVI:33] i64 %525 in [1,9223372036854775807) (LVI @ )
    -> Fact[RM:34] i64 %535 in [0,9223372036854775807) (!range)
    -> Fact[KB:35] i64 %535 known bits zero=0x9223372036854775808 one=0x0
    -> Fact[LVI:36] i64 %535 in [1,9223372036854775807) (LVI @ )
    -> Fact[RM:37] i64 %547 in [0,9223372036854775807) (!range)
    -> Fact[KB:38] i64 %547 known bits zero=0x9223372036854775808 one=0x0
    -> Fact[LVI:39] i64 %547 in [1,9223372036854775807) (LVI @ )
    -> Fact[RM:40] i64 %557 in [0,9223372036854775807) (!range)
    -> Fact[KB:41] i64 %557 known bits zero=0x9223372036854775808 one=0x0
    -> Fact[LVI:42] i64 %557 in [1,9223372036854775807) (LVI @ )
    -> Fact[RM:43] i64 %569 in [0,9223372036854775807) (!range)
    -> Fact[KB:44] i64 %569 known bits zero=0x9223372036854775808 one=0x0
    -> Fact[LVI:45] i64 %569 in [1,9223372036854775807) (LVI @ )
    -> Fact[RM:46] i64 %579 in [0,9223372036854775807) (!range)
    -> Fact[KB:47] i64 %579 known bits zero=0x9223372036854775808 one=0x0
    -> Fact[LVI:48] i64 %579 in [1,9223372036854775807) (LVI @ )
    -> Fact[RM:49] i64 %591 in [0,9223372036854775807) (!range)
    -> Fact[KB:50] i64 %591 known bits zero=0x9223372036854775808 one=0x0
    -> [heavy] 51 analysis fact(s) on 40 boundary value(s)
    -> [mv] T3: not a bounds shape (idx vs invariant count)
    -> [ind L0] BASE (1 phi(s) = entry): SAT (WARNING: Potential Integer Overflow Bug Detected!) [Query Latency: 5.634382 ms]
    -> [ind L1] BASE (1 phi(s) = entry): SAT (WARNING: Potential Integer Overflow Bug Detected!) [Query Latency: 4.935984 ms]
    -> [ind L2] BASE (1 phi(s) = entry): SAT (WARNING: Potential Integer Overflow Bug Detected!) [Query Latency: 5.531880 ms]
    -> SAT (WARNING: Potential Integer Overflow Bug Detected!) [Query Latency: 8.973532 ms]
    -> [mv] still SAT under 36 hypothesis candidate(s): not versionable
  -> Found UB Trap. Starting Backward Slice...
    -> Guard[0] (true edge of ''):  %.not260 = icmp samesign ult i64 %468, %591
    -> Guard[1] (true edge of ''):  %.not259 = icmp samesign ult i64 %460, %579
    -> Guard[2] (true edge of ''):  %.not258 = icmp samesign ult i64 %460, %569
    -> Guard[3] (true edge of ''):  %.not257 = icmp samesign ult i64 %468, %557
    -> Guard[4] (true edge of ''):  %.not256 = icmp samesign ult i64 %460, %547
    -> Guard[5] (true edge of ''):  %.not255 = icmp samesign ult i64 %468, %535
    -> Guard[6] (true edge of ''):  %.not254 = icmp samesign ult i64 %460, %525
    -> Guard[7] (true edge of ''):  %.not253 = icmp samesign ult i64 %468, %513
    -> Guard[8] (true edge of ''):  %.not252 = icmp samesign ult i64 %468, %494
    -> Guard[9] (true edge of ''):  %.not251 = icmp samesign ult i64 %460, %494
    -> Guard[10] (true edge of ''):  %.not250 = icmp samesign ult i64 %468, %483
    -> Guard[11] (true edge of ''):  %.not249 = icmp samesign ult i64 %460, %483
    -> Guard[12] (true edge of ''):  %.not248 = icmp ult i64 %468, %472
    -> Guard[13] (true edge of ''):  %.not247 = icmp samesign ult i64 %460, %472
    -> Guard[14] (false edge of ''):  %464 = icmp eq i64 %461, %462
    -> Guard[15] (true edge of '.preheader301.preheader'):  %.not327 = icmp sgt i64 %462, %460
    -> Guard[16] (false edge of ''):  %450 = icmp eq i64 %447, 0
    -> Guard[17] (false edge of '.preheader302.preheader'):  %448 = icmp slt i64 %447, 0
    -> Guard[18] (false edge of ''):  %394 = icmp eq i64 %391, 0
    -> Guard[19] (false edge of ''):  %392 = icmp slt i64 %391, 0
    -> Guard[20] (false edge of ''):  %386 = icmp eq i64 %385, 0
    -> Guard[21] (false edge of ''):  %371 = icmp eq i64 %370, 0
    -> Guard[22] (false edge of ''):  %356 = icmp eq i64 %355, 0
    -> Guard[23] (false edge of ''):  %128 = icmp slt i64 %127, 0
    -> Guard[24] (false edge of ''):  %39 = icmp eq i8 %38, 1
    -> Guard[25] (false edge of ''):  %18 = icmp eq i64 %17, 0
    -> Guard[26] (false edge of 'entry'):  %6 = icmp samesign ult i64 %5, 2
    -> Collected 27 dominating context guard(s).
    -> Frame refused (clobber between loads):  %127 = load i64, ptr @"$s5nbody1nSivp", align 8  vs  %.pre = load i64, ptr @"$s5nbody1nSivp", align 8
         clobber:   call void @swift_endAccess(ptr nonnull %access-scratch56) #2
    -> Frame refused (clobber between loads):  %127 = load i64, ptr @"$s5nbody1nSivp", align 8  vs  %447 = load i64, ptr @"$s5nbody1nSivp", align 8
         clobber: (MemoryPhi: clobber on some incoming arm)
    -> Frame refused (clobber between loads):  %127 = load i64, ptr @"$s5nbody1nSivp", align 8  vs  %451 = load i64, ptr @"$s5nbody1nSivp", align 8
         clobber: (MemoryPhi: clobber on some incoming arm)
    -> Frame refused (clobber between loads):  %127 = load i64, ptr @"$s5nbody1nSivp", align 8  vs  %.pr = load i64, ptr @"$s5nbody1nSivp", align 8
         clobber: (MemoryPhi: clobber on some incoming arm)
    -> Frame refused (clobber between loads):  %127 = load i64, ptr @"$s5nbody1nSivp", align 8  vs  %462 = load i64, ptr @"$s5nbody1nSivp", align 8
         clobber: (MemoryPhi: clobber on some incoming arm)
    -> Frame refused (clobber between loads):  %127 = load i64, ptr @"$s5nbody1nSivp", align 8  vs  %769 = load i64, ptr @"$s5nbody1nSivp", align 8
         clobber: (MemoryPhi: clobber on some incoming arm)
    -> [go3] 1 leaf-closure instruction(s) encoded
    -> Fact[RM:0] i64 %5 in [0,9223372036854775807) (!range)
    -> Fact[KB:1] i64 %5 known bits zero=0x9223372036854775808 one=0x0
    -> Fact[RM:2] i64 %355 in [0,9223372036854775807) (!range)
    -> Fact[KB:3] i64 %355 known bits zero=0x9223372036854775808 one=0x0
    -> Fact[RM:4] i64 %370 in [0,9223372036854775807) (!range)
    -> Fact[KB:5] i64 %370 known bits zero=0x9223372036854775808 one=0x0
    -> Fact[RM:6] i64 %385 in [0,9223372036854775807) (!range)
    -> Fact[KB:7] i64 %385 known bits zero=0x9223372036854775808 one=0x0
    -> Fact[KB:8] i64 %460 known bits zero=0x9223372036854775808 one=0x0
    -> Fact[LVI:9] i64 %460 in [0,9223372036854775806) (LVI @ )
    -> Fact[SCEV:10] i64 %460 in [0,9223372036854775807) (SCEV unsigned)
    -> Fact[SCEV:11] i64 %460 in [0,9223372036854775807) (SCEV signed)
    -> Fact[SCEVSYM:12] i64 %460 - start(0) <=u BTC((-1 + %447)) (SCEV symbolic trip count, sub-form)
    -> Fact[PHIINV-hi:13] i64 %460 == i64 0 || ne(i64 %460, i64 %447) (latch-implied bound, 1-induction)
    -> Fact[PHIINV-lo:14] i64 %460 >=s i64 0 (monotone nsw increments, 1 arm(s))
    -> Fact[LVI:15] i64 %468 in [0,9223372036854775806) (LVI @ )
    -> Fact[SCEV:16] i64 %468 in [1,-3) (SCEV unsigned)
    -> Fact[SCEV:17] i64 %468 in [1,-3) (SCEV signed)
    -> Fact[PHIINV-hi:18] i64 %468 == i64 %461 || ne(i64 %468, i64 %462) (latch-implied bound, 1-induction)
    -> Fact[RM:19] i64 %472 in [0,9223372036854775807) (!range)
    -> Fact[KB:20] i64 %472 known bits zero=0x9223372036854775808 one=0x0
    -> Fact[LVI:21] i64 %472 in [1,9223372036854775807) (LVI @ )
    -> Fact[RM:22] i64 %483 in [0,9223372036854775807) (!range)
    -> Fact[KB:23] i64 %483 known bits zero=0x9223372036854775808 one=0x0
    -> Fact[LVI:24] i64 %483 in [1,9223372036854775807) (LVI @ )
    -> Fact[RM:25] i64 %494 in [0,9223372036854775807) (!range)
    -> Fact[KB:26] i64 %494 known bits zero=0x9223372036854775808 one=0x0
    -> Fact[LVI:27] i64 %494 in [1,9223372036854775807) (LVI @ )
    -> Fact[RM:28] i64 %513 in [0,9223372036854775807) (!range)
    -> Fact[KB:29] i64 %513 known bits zero=0x9223372036854775808 one=0x0
    -> Fact[LVI:30] i64 %513 in [1,9223372036854775807) (LVI @ )
    -> Fact[RM:31] i64 %525 in [0,9223372036854775807) (!range)
    -> Fact[KB:32] i64 %525 known bits zero=0x9223372036854775808 one=0x0
    -> Fact[LVI:33] i64 %525 in [1,9223372036854775807) (LVI @ )
    -> Fact[RM:34] i64 %535 in [0,9223372036854775807) (!range)
    -> Fact[KB:35] i64 %535 known bits zero=0x9223372036854775808 one=0x0
    -> Fact[LVI:36] i64 %535 in [1,9223372036854775807) (LVI @ )
    -> Fact[RM:37] i64 %547 in [0,9223372036854775807) (!range)
    -> Fact[KB:38] i64 %547 known bits zero=0x9223372036854775808 one=0x0
    -> Fact[LVI:39] i64 %547 in [1,9223372036854775807) (LVI @ )
    -> Fact[RM:40] i64 %557 in [0,9223372036854775807) (!range)
    -> Fact[KB:41] i64 %557 known bits zero=0x9223372036854775808 one=0x0
    -> Fact[LVI:42] i64 %557 in [1,9223372036854775807) (LVI @ )
    -> Fact[RM:43] i64 %569 in [0,9223372036854775807) (!range)
    -> Fact[KB:44] i64 %569 known bits zero=0x9223372036854775808 one=0x0
    -> Fact[LVI:45] i64 %569 in [1,9223372036854775807) (LVI @ )
    -> Fact[RM:46] i64 %579 in [0,9223372036854775807) (!range)
    -> Fact[KB:47] i64 %579 known bits zero=0x9223372036854775808 one=0x0
    -> Fact[LVI:48] i64 %579 in [1,9223372036854775807) (LVI @ )
    -> Fact[RM:49] i64 %591 in [0,9223372036854775807) (!range)
    -> Fact[KB:50] i64 %591 known bits zero=0x9223372036854775808 one=0x0
    -> Fact[LVI:51] i64 %591 in [1,9223372036854775807) (LVI @ )
    -> Fact[RM:52] i64 %601 in [0,9223372036854775807) (!range)
    -> Fact[KB:53] i64 %601 known bits zero=0x9223372036854775808 one=0x0
    -> [heavy] 54 analysis fact(s) on 41 boundary value(s)
    -> [mv] T3: not a bounds shape (idx vs invariant count)
    -> [ind L0] BASE (1 phi(s) = entry): SAT (WARNING: Potential Integer Overflow Bug Detected!) [Query Latency: 5.936589 ms]
    -> [ind L1] BASE (1 phi(s) = entry): SAT (WARNING: Potential Integer Overflow Bug Detected!) [Query Latency: 4.984612 ms]
    -> [ind L2] BASE (1 phi(s) = entry): SAT (WARNING: Potential Integer Overflow Bug Detected!) [Query Latency: 7.394583 ms]
    -> SAT (WARNING: Potential Integer Overflow Bug Detected!) [Query Latency: 12.709724 ms]
    -> [mv] still SAT under 36 hypothesis candidate(s): not versionable
  -> Found UB Trap. Starting Backward Slice...
    -> Guard[0] (true edge of ''):  %.not261 = icmp samesign ult i64 %460, %601
    -> Guard[1] (true edge of ''):  %.not260 = icmp samesign ult i64 %468, %591
    -> Guard[2] (true edge of ''):  %.not259 = icmp samesign ult i64 %460, %579
    -> Guard[3] (true edge of ''):  %.not258 = icmp samesign ult i64 %460, %569
    -> Guard[4] (true edge of ''):  %.not257 = icmp samesign ult i64 %468, %557
    -> Guard[5] (true edge of ''):  %.not256 = icmp samesign ult i64 %460, %547
    -> Guard[6] (true edge of ''):  %.not255 = icmp samesign ult i64 %468, %535
    -> Guard[7] (true edge of ''):  %.not254 = icmp samesign ult i64 %460, %525
    -> Guard[8] (true edge of ''):  %.not253 = icmp samesign ult i64 %468, %513
    -> Guard[9] (true edge of ''):  %.not252 = icmp samesign ult i64 %468, %494
    -> Guard[10] (true edge of ''):  %.not251 = icmp samesign ult i64 %460, %494
    -> Guard[11] (true edge of ''):  %.not250 = icmp samesign ult i64 %468, %483
    -> Guard[12] (true edge of ''):  %.not249 = icmp samesign ult i64 %460, %483
    -> Guard[13] (true edge of ''):  %.not248 = icmp ult i64 %468, %472
    -> Guard[14] (true edge of ''):  %.not247 = icmp samesign ult i64 %460, %472
    -> Guard[15] (false edge of ''):  %464 = icmp eq i64 %461, %462
    -> Guard[16] (true edge of '.preheader301.preheader'):  %.not327 = icmp sgt i64 %462, %460
    -> Guard[17] (false edge of ''):  %450 = icmp eq i64 %447, 0
    -> Guard[18] (false edge of '.preheader302.preheader'):  %448 = icmp slt i64 %447, 0
    -> Guard[19] (false edge of ''):  %394 = icmp eq i64 %391, 0
    -> Guard[20] (false edge of ''):  %392 = icmp slt i64 %391, 0
    -> Guard[21] (false edge of ''):  %386 = icmp eq i64 %385, 0
    -> Guard[22] (false edge of ''):  %371 = icmp eq i64 %370, 0
    -> Guard[23] (false edge of ''):  %356 = icmp eq i64 %355, 0
    -> Guard[24] (false edge of ''):  %128 = icmp slt i64 %127, 0
    -> Guard[25] (false edge of ''):  %39 = icmp eq i8 %38, 1
    -> Guard[26] (false edge of ''):  %18 = icmp eq i64 %17, 0
    -> Guard[27] (false edge of 'entry'):  %6 = icmp samesign ult i64 %5, 2
    -> Collected 28 dominating context guard(s).
    -> Frame refused (clobber between loads):  %127 = load i64, ptr @"$s5nbody1nSivp", align 8  vs  %.pre = load i64, ptr @"$s5nbody1nSivp", align 8
         clobber:   call void @swift_endAccess(ptr nonnull %access-scratch56) #2
    -> Frame refused (clobber between loads):  %127 = load i64, ptr @"$s5nbody1nSivp", align 8  vs  %447 = load i64, ptr @"$s5nbody1nSivp", align 8
         clobber: (MemoryPhi: clobber on some incoming arm)
    -> Frame refused (clobber between loads):  %127 = load i64, ptr @"$s5nbody1nSivp", align 8  vs  %451 = load i64, ptr @"$s5nbody1nSivp", align 8
         clobber: (MemoryPhi: clobber on some incoming arm)
    -> Frame refused (clobber between loads):  %127 = load i64, ptr @"$s5nbody1nSivp", align 8  vs  %.pr = load i64, ptr @"$s5nbody1nSivp", align 8
         clobber: (MemoryPhi: clobber on some incoming arm)
    -> Frame refused (clobber between loads):  %127 = load i64, ptr @"$s5nbody1nSivp", align 8  vs  %462 = load i64, ptr @"$s5nbody1nSivp", align 8
         clobber: (MemoryPhi: clobber on some incoming arm)
    -> Frame refused (clobber between loads):  %127 = load i64, ptr @"$s5nbody1nSivp", align 8  vs  %769 = load i64, ptr @"$s5nbody1nSivp", align 8
         clobber: (MemoryPhi: clobber on some incoming arm)
    -> [go3] 1 leaf-closure instruction(s) encoded
    -> Fact[RM:0] i64 %5 in [0,9223372036854775807) (!range)
    -> Fact[KB:1] i64 %5 known bits zero=0x9223372036854775808 one=0x0
    -> Fact[RM:2] i64 %355 in [0,9223372036854775807) (!range)
    -> Fact[KB:3] i64 %355 known bits zero=0x9223372036854775808 one=0x0
    -> Fact[RM:4] i64 %370 in [0,9223372036854775807) (!range)
    -> Fact[KB:5] i64 %370 known bits zero=0x9223372036854775808 one=0x0
    -> Fact[RM:6] i64 %385 in [0,9223372036854775807) (!range)
    -> Fact[KB:7] i64 %385 known bits zero=0x9223372036854775808 one=0x0
    -> Fact[KB:8] i64 %460 known bits zero=0x9223372036854775808 one=0x0
    -> Fact[LVI:9] i64 %460 in [0,9223372036854775806) (LVI @ )
    -> Fact[SCEV:10] i64 %460 in [0,9223372036854775807) (SCEV unsigned)
    -> Fact[SCEV:11] i64 %460 in [0,9223372036854775807) (SCEV signed)
    -> Fact[SCEVSYM:12] i64 %460 - start(0) <=u BTC((-1 + %447)) (SCEV symbolic trip count, sub-form)
    -> Fact[PHIINV-hi:13] i64 %460 == i64 0 || ne(i64 %460, i64 %447) (latch-implied bound, 1-induction)
    -> Fact[PHIINV-lo:14] i64 %460 >=s i64 0 (monotone nsw increments, 1 arm(s))
    -> Fact[LVI:15] i64 %468 in [0,9223372036854775806) (LVI @ )
    -> Fact[SCEV:16] i64 %468 in [1,-3) (SCEV unsigned)
    -> Fact[SCEV:17] i64 %468 in [1,-3) (SCEV signed)
    -> Fact[PHIINV-hi:18] i64 %468 == i64 %461 || ne(i64 %468, i64 %462) (latch-implied bound, 1-induction)
    -> Fact[RM:19] i64 %472 in [0,9223372036854775807) (!range)
    -> Fact[KB:20] i64 %472 known bits zero=0x9223372036854775808 one=0x0
    -> Fact[LVI:21] i64 %472 in [1,9223372036854775807) (LVI @ )
    -> Fact[RM:22] i64 %483 in [0,9223372036854775807) (!range)
    -> Fact[KB:23] i64 %483 known bits zero=0x9223372036854775808 one=0x0
    -> Fact[LVI:24] i64 %483 in [1,9223372036854775807) (LVI @ )
    -> Fact[RM:25] i64 %494 in [0,9223372036854775807) (!range)
    -> Fact[KB:26] i64 %494 known bits zero=0x9223372036854775808 one=0x0
    -> Fact[LVI:27] i64 %494 in [1,9223372036854775807) (LVI @ )
    -> Fact[RM:28] i64 %513 in [0,9223372036854775807) (!range)
    -> Fact[KB:29] i64 %513 known bits zero=0x9223372036854775808 one=0x0
    -> Fact[LVI:30] i64 %513 in [1,9223372036854775807) (LVI @ )
    -> Fact[RM:31] i64 %525 in [0,9223372036854775807) (!range)
    -> Fact[KB:32] i64 %525 known bits zero=0x9223372036854775808 one=0x0
    -> Fact[LVI:33] i64 %525 in [1,9223372036854775807) (LVI @ )
    -> Fact[RM:34] i64 %535 in [0,9223372036854775807) (!range)
    -> Fact[KB:35] i64 %535 known bits zero=0x9223372036854775808 one=0x0
    -> Fact[LVI:36] i64 %535 in [1,9223372036854775807) (LVI @ )
    -> Fact[RM:37] i64 %547 in [0,9223372036854775807) (!range)
    -> Fact[KB:38] i64 %547 known bits zero=0x9223372036854775808 one=0x0
    -> Fact[LVI:39] i64 %547 in [1,9223372036854775807) (LVI @ )
    -> Fact[RM:40] i64 %557 in [0,9223372036854775807) (!range)
    -> Fact[KB:41] i64 %557 known bits zero=0x9223372036854775808 one=0x0
    -> Fact[LVI:42] i64 %557 in [1,9223372036854775807) (LVI @ )
    -> Fact[RM:43] i64 %569 in [0,9223372036854775807) (!range)
    -> Fact[KB:44] i64 %569 known bits zero=0x9223372036854775808 one=0x0
    -> Fact[LVI:45] i64 %569 in [1,9223372036854775807) (LVI @ )
    -> Fact[RM:46] i64 %579 in [0,9223372036854775807) (!range)
    -> Fact[KB:47] i64 %579 known bits zero=0x9223372036854775808 one=0x0
    -> Fact[LVI:48] i64 %579 in [1,9223372036854775807) (LVI @ )
    -> Fact[RM:49] i64 %591 in [0,9223372036854775807) (!range)
    -> Fact[KB:50] i64 %591 known bits zero=0x9223372036854775808 one=0x0
    -> Fact[LVI:51] i64 %591 in [1,9223372036854775807) (LVI @ )
    -> Fact[RM:52] i64 %601 in [0,9223372036854775807) (!range)
    -> Fact[KB:53] i64 %601 known bits zero=0x9223372036854775808 one=0x0
    -> Fact[LVI:54] i64 %601 in [1,9223372036854775807) (LVI @ )
    -> Fact[RM:55] i64 %613 in [0,9223372036854775807) (!range)
    -> Fact[KB:56] i64 %613 known bits zero=0x9223372036854775808 one=0x0
    -> [heavy] 57 analysis fact(s) on 42 boundary value(s)
    -> [mv] T3: not a bounds shape (idx vs invariant count)
    -> [ind L0] BASE (1 phi(s) = entry): SAT (WARNING: Potential Integer Overflow Bug Detected!) [Query Latency: 5.092892 ms]
    -> [ind L1] BASE (1 phi(s) = entry): SAT (WARNING: Potential Integer Overflow Bug Detected!) [Query Latency: 6.422500 ms]
    -> [ind L2] BASE (1 phi(s) = entry): SAT (WARNING: Potential Integer Overflow Bug Detected!) [Query Latency: 5.661736 ms]
    -> SAT (WARNING: Potential Integer Overflow Bug Detected!) [Query Latency: 13.792073 ms]
    -> [mv] still SAT under 36 hypothesis candidate(s): not versionable
  -> Found UB Trap. Starting Backward Slice...
    -> Guard[0] (true edge of ''):  %.not262 = icmp samesign ult i64 %468, %613
    -> Guard[1] (true edge of ''):  %.not261 = icmp samesign ult i64 %460, %601
    -> Guard[2] (true edge of ''):  %.not260 = icmp samesign ult i64 %468, %591
    -> Guard[3] (true edge of ''):  %.not259 = icmp samesign ult i64 %460, %579
    -> Guard[4] (true edge of ''):  %.not258 = icmp samesign ult i64 %460, %569
    -> Guard[5] (true edge of ''):  %.not257 = icmp samesign ult i64 %468, %557
    -> Guard[6] (true edge of ''):  %.not256 = icmp samesign ult i64 %460, %547
    -> Guard[7] (true edge of ''):  %.not255 = icmp samesign ult i64 %468, %535
    -> Guard[8] (true edge of ''):  %.not254 = icmp samesign ult i64 %460, %525
    -> Guard[9] (true edge of ''):  %.not253 = icmp samesign ult i64 %468, %513
    -> Guard[10] (true edge of ''):  %.not252 = icmp samesign ult i64 %468, %494
    -> Guard[11] (true edge of ''):  %.not251 = icmp samesign ult i64 %460, %494
    -> Guard[12] (true edge of ''):  %.not250 = icmp samesign ult i64 %468, %483
    -> Guard[13] (true edge of ''):  %.not249 = icmp samesign ult i64 %460, %483
    -> Guard[14] (true edge of ''):  %.not248 = icmp ult i64 %468, %472
    -> Guard[15] (true edge of ''):  %.not247 = icmp samesign ult i64 %460, %472
    -> Guard[16] (false edge of ''):  %464 = icmp eq i64 %461, %462
    -> Guard[17] (true edge of '.preheader301.preheader'):  %.not327 = icmp sgt i64 %462, %460
    -> Guard[18] (false edge of ''):  %450 = icmp eq i64 %447, 0
    -> Guard[19] (false edge of '.preheader302.preheader'):  %448 = icmp slt i64 %447, 0
    -> Guard[20] (false edge of ''):  %394 = icmp eq i64 %391, 0
    -> Guard[21] (false edge of ''):  %392 = icmp slt i64 %391, 0
    -> Guard[22] (false edge of ''):  %386 = icmp eq i64 %385, 0
    -> Guard[23] (false edge of ''):  %371 = icmp eq i64 %370, 0
    -> Guard[24] (false edge of ''):  %356 = icmp eq i64 %355, 0
    -> Guard[25] (false edge of ''):  %128 = icmp slt i64 %127, 0
    -> Guard[26] (false edge of ''):  %39 = icmp eq i8 %38, 1
    -> Guard[27] (false edge of ''):  %18 = icmp eq i64 %17, 0
    -> Guard[28] (false edge of 'entry'):  %6 = icmp samesign ult i64 %5, 2
    -> Collected 29 dominating context guard(s).
    -> Frame refused (clobber between loads):  %127 = load i64, ptr @"$s5nbody1nSivp", align 8  vs  %.pre = load i64, ptr @"$s5nbody1nSivp", align 8
         clobber:   call void @swift_endAccess(ptr nonnull %access-scratch56) #2
    -> Frame refused (clobber between loads):  %127 = load i64, ptr @"$s5nbody1nSivp", align 8  vs  %447 = load i64, ptr @"$s5nbody1nSivp", align 8
         clobber: (MemoryPhi: clobber on some incoming arm)
    -> Frame refused (clobber between loads):  %127 = load i64, ptr @"$s5nbody1nSivp", align 8  vs  %451 = load i64, ptr @"$s5nbody1nSivp", align 8
         clobber: (MemoryPhi: clobber on some incoming arm)
    -> Frame refused (clobber between loads):  %127 = load i64, ptr @"$s5nbody1nSivp", align 8  vs  %.pr = load i64, ptr @"$s5nbody1nSivp", align 8
         clobber: (MemoryPhi: clobber on some incoming arm)
    -> Frame refused (clobber between loads):  %127 = load i64, ptr @"$s5nbody1nSivp", align 8  vs  %462 = load i64, ptr @"$s5nbody1nSivp", align 8
         clobber: (MemoryPhi: clobber on some incoming arm)
    -> Frame refused (clobber between loads):  %127 = load i64, ptr @"$s5nbody1nSivp", align 8  vs  %769 = load i64, ptr @"$s5nbody1nSivp", align 8
         clobber: (MemoryPhi: clobber on some incoming arm)
    -> [go3] 1 leaf-closure instruction(s) encoded
    -> Fact[RM:0] i64 %5 in [0,9223372036854775807) (!range)
    -> Fact[KB:1] i64 %5 known bits zero=0x9223372036854775808 one=0x0
    -> Fact[RM:2] i64 %355 in [0,9223372036854775807) (!range)
    -> Fact[KB:3] i64 %355 known bits zero=0x9223372036854775808 one=0x0
    -> Fact[RM:4] i64 %370 in [0,9223372036854775807) (!range)
    -> Fact[KB:5] i64 %370 known bits zero=0x9223372036854775808 one=0x0
    -> Fact[RM:6] i64 %385 in [0,9223372036854775807) (!range)
    -> Fact[KB:7] i64 %385 known bits zero=0x9223372036854775808 one=0x0
    -> Fact[KB:8] i64 %460 known bits zero=0x9223372036854775808 one=0x0
    -> Fact[LVI:9] i64 %460 in [0,9223372036854775806) (LVI @ )
    -> Fact[SCEV:10] i64 %460 in [0,9223372036854775807) (SCEV unsigned)
    -> Fact[SCEV:11] i64 %460 in [0,9223372036854775807) (SCEV signed)
    -> Fact[SCEVSYM:12] i64 %460 - start(0) <=u BTC((-1 + %447)) (SCEV symbolic trip count, sub-form)
    -> Fact[PHIINV-hi:13] i64 %460 == i64 0 || ne(i64 %460, i64 %447) (latch-implied bound, 1-induction)
    -> Fact[PHIINV-lo:14] i64 %460 >=s i64 0 (monotone nsw increments, 1 arm(s))
    -> Fact[LVI:15] i64 %468 in [0,9223372036854775806) (LVI @ )
    -> Fact[SCEV:16] i64 %468 in [1,-3) (SCEV unsigned)
    -> Fact[SCEV:17] i64 %468 in [1,-3) (SCEV signed)
    -> Fact[PHIINV-hi:18] i64 %468 == i64 %461 || ne(i64 %468, i64 %462) (latch-implied bound, 1-induction)
    -> Fact[RM:19] i64 %472 in [0,9223372036854775807) (!range)
    -> Fact[KB:20] i64 %472 known bits zero=0x9223372036854775808 one=0x0
    -> Fact[LVI:21] i64 %472 in [1,9223372036854775807) (LVI @ )
    -> Fact[RM:22] i64 %483 in [0,9223372036854775807) (!range)
    -> Fact[KB:23] i64 %483 known bits zero=0x9223372036854775808 one=0x0
    -> Fact[LVI:24] i64 %483 in [1,9223372036854775807) (LVI @ )
    -> Fact[RM:25] i64 %494 in [0,9223372036854775807) (!range)
    -> Fact[KB:26] i64 %494 known bits zero=0x9223372036854775808 one=0x0
    -> Fact[LVI:27] i64 %494 in [1,9223372036854775807) (LVI @ )
    -> Fact[RM:28] i64 %513 in [0,9223372036854775807) (!range)
    -> Fact[KB:29] i64 %513 known bits zero=0x9223372036854775808 one=0x0
    -> Fact[LVI:30] i64 %513 in [1,9223372036854775807) (LVI @ )
    -> Fact[RM:31] i64 %525 in [0,9223372036854775807) (!range)
    -> Fact[KB:32] i64 %525 known bits zero=0x9223372036854775808 one=0x0
    -> Fact[LVI:33] i64 %525 in [1,9223372036854775807) (LVI @ )
    -> Fact[RM:34] i64 %535 in [0,9223372036854775807) (!range)
    -> Fact[KB:35] i64 %535 known bits zero=0x9223372036854775808 one=0x0
    -> Fact[LVI:36] i64 %535 in [1,9223372036854775807) (LVI @ )
    -> Fact[RM:37] i64 %547 in [0,9223372036854775807) (!range)
    -> Fact[KB:38] i64 %547 known bits zero=0x9223372036854775808 one=0x0
    -> Fact[LVI:39] i64 %547 in [1,9223372036854775807) (LVI @ )
    -> Fact[RM:40] i64 %557 in [0,9223372036854775807) (!range)
    -> Fact[KB:41] i64 %557 known bits zero=0x9223372036854775808 one=0x0
    -> Fact[LVI:42] i64 %557 in [1,9223372036854775807) (LVI @ )
    -> Fact[RM:43] i64 %569 in [0,9223372036854775807) (!range)
    -> Fact[KB:44] i64 %569 known bits zero=0x9223372036854775808 one=0x0
    -> Fact[LVI:45] i64 %569 in [1,9223372036854775807) (LVI @ )
    -> Fact[RM:46] i64 %579 in [0,9223372036854775807) (!range)
    -> Fact[KB:47] i64 %579 known bits zero=0x9223372036854775808 one=0x0
    -> Fact[LVI:48] i64 %579 in [1,9223372036854775807) (LVI @ )
    -> Fact[RM:49] i64 %591 in [0,9223372036854775807) (!range)
    -> Fact[KB:50] i64 %591 known bits zero=0x9223372036854775808 one=0x0
    -> Fact[LVI:51] i64 %591 in [1,9223372036854775807) (LVI @ )
    -> Fact[RM:52] i64 %601 in [0,9223372036854775807) (!range)
    -> Fact[KB:53] i64 %601 known bits zero=0x9223372036854775808 one=0x0
    -> Fact[LVI:54] i64 %601 in [1,9223372036854775807) (LVI @ )
    -> Fact[RM:55] i64 %613 in [0,9223372036854775807) (!range)
    -> Fact[KB:56] i64 %613 known bits zero=0x9223372036854775808 one=0x0
    -> Fact[LVI:57] i64 %613 in [1,9223372036854775807) (LVI @ )
    -> Fact[RM:58] i64 %623 in [0,9223372036854775807) (!range)
    -> Fact[KB:59] i64 %623 known bits zero=0x9223372036854775808 one=0x0
    -> [heavy] 60 analysis fact(s) on 43 boundary value(s)
    -> [mv] T3: not a bounds shape (idx vs invariant count)
    -> [ind L0] BASE (1 phi(s) = entry): SAT (WARNING: Potential Integer Overflow Bug Detected!) [Query Latency: 6.167072 ms]
    -> [ind L1] BASE (1 phi(s) = entry): SAT (WARNING: Potential Integer Overflow Bug Detected!) [Query Latency: 5.682805 ms]
    -> [ind L2] BASE (1 phi(s) = entry): SAT (WARNING: Potential Integer Overflow Bug Detected!) [Query Latency: 6.193715 ms]
    -> SAT (WARNING: Potential Integer Overflow Bug Detected!) [Query Latency: 10.918167 ms]
    -> [mv] still SAT under 36 hypothesis candidate(s): not versionable
  -> Found UB Trap. Starting Backward Slice...
    -> Guard[0] (true edge of ''):  %.not263 = icmp samesign ult i64 %460, %623
    -> Guard[1] (true edge of ''):  %.not262 = icmp samesign ult i64 %468, %613
    -> Guard[2] (true edge of ''):  %.not261 = icmp samesign ult i64 %460, %601
    -> Guard[3] (true edge of ''):  %.not260 = icmp samesign ult i64 %468, %591
    -> Guard[4] (true edge of ''):  %.not259 = icmp samesign ult i64 %460, %579
    -> Guard[5] (true edge of ''):  %.not258 = icmp samesign ult i64 %460, %569
    -> Guard[6] (true edge of ''):  %.not257 = icmp samesign ult i64 %468, %557
    -> Guard[7] (true edge of ''):  %.not256 = icmp samesign ult i64 %460, %547
    -> Guard[8] (true edge of ''):  %.not255 = icmp samesign ult i64 %468, %535
    -> Guard[9] (true edge of ''):  %.not254 = icmp samesign ult i64 %460, %525
    -> Guard[10] (true edge of ''):  %.not253 = icmp samesign ult i64 %468, %513
    -> Guard[11] (true edge of ''):  %.not252 = icmp samesign ult i64 %468, %494
    -> Guard[12] (true edge of ''):  %.not251 = icmp samesign ult i64 %460, %494
    -> Guard[13] (true edge of ''):  %.not250 = icmp samesign ult i64 %468, %483
    -> Guard[14] (true edge of ''):  %.not249 = icmp samesign ult i64 %460, %483
    -> Guard[15] (true edge of ''):  %.not248 = icmp ult i64 %468, %472
    -> Guard[16] (true edge of ''):  %.not247 = icmp samesign ult i64 %460, %472
    -> Guard[17] (false edge of ''):  %464 = icmp eq i64 %461, %462
    -> Guard[18] (true edge of '.preheader301.preheader'):  %.not327 = icmp sgt i64 %462, %460
    -> Guard[19] (false edge of ''):  %450 = icmp eq i64 %447, 0
    -> Guard[20] (false edge of '.preheader302.preheader'):  %448 = icmp slt i64 %447, 0
    -> Guard[21] (false edge of ''):  %394 = icmp eq i64 %391, 0
    -> Guard[22] (false edge of ''):  %392 = icmp slt i64 %391, 0
    -> Guard[23] (false edge of ''):  %386 = icmp eq i64 %385, 0
    -> Guard[24] (false edge of ''):  %371 = icmp eq i64 %370, 0
    -> Guard[25] (false edge of ''):  %356 = icmp eq i64 %355, 0
    -> Guard[26] (false edge of ''):  %128 = icmp slt i64 %127, 0
    -> Guard[27] (false edge of ''):  %39 = icmp eq i8 %38, 1
    -> Guard[28] (false edge of ''):  %18 = icmp eq i64 %17, 0
    -> Guard[29] (false edge of 'entry'):  %6 = icmp samesign ult i64 %5, 2
    -> Collected 30 dominating context guard(s).
    -> Frame refused (clobber between loads):  %127 = load i64, ptr @"$s5nbody1nSivp", align 8  vs  %.pre = load i64, ptr @"$s5nbody1nSivp", align 8
         clobber:   call void @swift_endAccess(ptr nonnull %access-scratch56) #2
    -> Frame refused (clobber between loads):  %127 = load i64, ptr @"$s5nbody1nSivp", align 8  vs  %447 = load i64, ptr @"$s5nbody1nSivp", align 8
         clobber: (MemoryPhi: clobber on some incoming arm)
    -> Frame refused (clobber between loads):  %127 = load i64, ptr @"$s5nbody1nSivp", align 8  vs  %451 = load i64, ptr @"$s5nbody1nSivp", align 8
         clobber: (MemoryPhi: clobber on some incoming arm)
    -> Frame refused (clobber between loads):  %127 = load i64, ptr @"$s5nbody1nSivp", align 8  vs  %.pr = load i64, ptr @"$s5nbody1nSivp", align 8
         clobber: (MemoryPhi: clobber on some incoming arm)
    -> Frame refused (clobber between loads):  %127 = load i64, ptr @"$s5nbody1nSivp", align 8  vs  %462 = load i64, ptr @"$s5nbody1nSivp", align 8
         clobber: (MemoryPhi: clobber on some incoming arm)
    -> Frame refused (clobber between loads):  %127 = load i64, ptr @"$s5nbody1nSivp", align 8  vs  %769 = load i64, ptr @"$s5nbody1nSivp", align 8
         clobber: (MemoryPhi: clobber on some incoming arm)
    -> [go3] 1 leaf-closure instruction(s) encoded
    -> Fact[RM:0] i64 %5 in [0,9223372036854775807) (!range)
    -> Fact[KB:1] i64 %5 known bits zero=0x9223372036854775808 one=0x0
    -> Fact[RM:2] i64 %355 in [0,9223372036854775807) (!range)
    -> Fact[KB:3] i64 %355 known bits zero=0x9223372036854775808 one=0x0
    -> Fact[RM:4] i64 %370 in [0,9223372036854775807) (!range)
    -> Fact[KB:5] i64 %370 known bits zero=0x9223372036854775808 one=0x0
    -> Fact[RM:6] i64 %385 in [0,9223372036854775807) (!range)
    -> Fact[KB:7] i64 %385 known bits zero=0x9223372036854775808 one=0x0
    -> Fact[KB:8] i64 %460 known bits zero=0x9223372036854775808 one=0x0
    -> Fact[LVI:9] i64 %460 in [0,9223372036854775806) (LVI @ )
    -> Fact[SCEV:10] i64 %460 in [0,9223372036854775807) (SCEV unsigned)
    -> Fact[SCEV:11] i64 %460 in [0,9223372036854775807) (SCEV signed)
    -> Fact[SCEVSYM:12] i64 %460 - start(0) <=u BTC((-1 + %447)) (SCEV symbolic trip count, sub-form)
    -> Fact[PHIINV-hi:13] i64 %460 == i64 0 || ne(i64 %460, i64 %447) (latch-implied bound, 1-induction)
    -> Fact[PHIINV-lo:14] i64 %460 >=s i64 0 (monotone nsw increments, 1 arm(s))
    -> Fact[LVI:15] i64 %468 in [0,9223372036854775806) (LVI @ )
    -> Fact[SCEV:16] i64 %468 in [1,-3) (SCEV unsigned)
    -> Fact[SCEV:17] i64 %468 in [1,-3) (SCEV signed)
    -> Fact[PHIINV-hi:18] i64 %468 == i64 %461 || ne(i64 %468, i64 %462) (latch-implied bound, 1-induction)
    -> Fact[RM:19] i64 %472 in [0,9223372036854775807) (!range)
    -> Fact[KB:20] i64 %472 known bits zero=0x9223372036854775808 one=0x0
    -> Fact[LVI:21] i64 %472 in [1,9223372036854775807) (LVI @ )
    -> Fact[RM:22] i64 %483 in [0,9223372036854775807) (!range)
    -> Fact[KB:23] i64 %483 known bits zero=0x9223372036854775808 one=0x0
    -> Fact[LVI:24] i64 %483 in [1,9223372036854775807) (LVI @ )
    -> Fact[RM:25] i64 %494 in [0,9223372036854775807) (!range)
    -> Fact[KB:26] i64 %494 known bits zero=0x9223372036854775808 one=0x0
    -> Fact[LVI:27] i64 %494 in [1,9223372036854775807) (LVI @ )
    -> Fact[RM:28] i64 %513 in [0,9223372036854775807) (!range)
    -> Fact[KB:29] i64 %513 known bits zero=0x9223372036854775808 one=0x0
    -> Fact[LVI:30] i64 %513 in [1,9223372036854775807) (LVI @ )
    -> Fact[RM:31] i64 %525 in [0,9223372036854775807) (!range)
    -> Fact[KB:32] i64 %525 known bits zero=0x9223372036854775808 one=0x0
    -> Fact[LVI:33] i64 %525 in [1,9223372036854775807) (LVI @ )
    -> Fact[RM:34] i64 %535 in [0,9223372036854775807) (!range)
    -> Fact[KB:35] i64 %535 known bits zero=0x9223372036854775808 one=0x0
    -> Fact[LVI:36] i64 %535 in [1,9223372036854775807) (LVI @ )
    -> Fact[RM:37] i64 %547 in [0,9223372036854775807) (!range)
    -> Fact[KB:38] i64 %547 known bits zero=0x9223372036854775808 one=0x0
    -> Fact[LVI:39] i64 %547 in [1,9223372036854775807) (LVI @ )
    -> Fact[RM:40] i64 %557 in [0,9223372036854775807) (!range)
    -> Fact[KB:41] i64 %557 known bits zero=0x9223372036854775808 one=0x0
    -> Fact[LVI:42] i64 %557 in [1,9223372036854775807) (LVI @ )
    -> Fact[RM:43] i64 %569 in [0,9223372036854775807) (!range)
    -> Fact[KB:44] i64 %569 known bits zero=0x9223372036854775808 one=0x0
    -> Fact[LVI:45] i64 %569 in [1,9223372036854775807) (LVI @ )
    -> Fact[RM:46] i64 %579 in [0,9223372036854775807) (!range)
    -> Fact[KB:47] i64 %579 known bits zero=0x9223372036854775808 one=0x0
    -> Fact[LVI:48] i64 %579 in [1,9223372036854775807) (LVI @ )
    -> Fact[RM:49] i64 %591 in [0,9223372036854775807) (!range)
    -> Fact[KB:50] i64 %591 known bits zero=0x9223372036854775808 one=0x0
    -> Fact[LVI:51] i64 %591 in [1,9223372036854775807) (LVI @ )
    -> Fact[RM:52] i64 %601 in [0,9223372036854775807) (!range)
    -> Fact[KB:53] i64 %601 known bits zero=0x9223372036854775808 one=0x0
    -> Fact[LVI:54] i64 %601 in [1,9223372036854775807) (LVI @ )
    -> Fact[RM:55] i64 %613 in [0,9223372036854775807) (!range)
    -> Fact[KB:56] i64 %613 known bits zero=0x9223372036854775808 one=0x0
    -> Fact[LVI:57] i64 %613 in [1,9223372036854775807) (LVI @ )
    -> Fact[RM:58] i64 %623 in [0,9223372036854775807) (!range)
    -> Fact[KB:59] i64 %623 known bits zero=0x9223372036854775808 one=0x0
    -> Fact[LVI:60] i64 %623 in [1,9223372036854775807) (LVI @ )
    -> Fact[RM:61] i64 %635 in [0,9223372036854775807) (!range)
    -> Fact[KB:62] i64 %635 known bits zero=0x9223372036854775808 one=0x0
    -> [heavy] 63 analysis fact(s) on 44 boundary value(s)
    -> [mv] T3: not a bounds shape (idx vs invariant count)
    -> [ind L0] BASE (1 phi(s) = entry): SAT (WARNING: Potential Integer Overflow Bug Detected!) [Query Latency: 6.328362 ms]
    -> [ind L1] BASE (1 phi(s) = entry): SAT (WARNING: Potential Integer Overflow Bug Detected!) [Query Latency: 6.390732 ms]
    -> [ind L2] BASE (1 phi(s) = entry): SAT (WARNING: Potential Integer Overflow Bug Detected!) [Query Latency: 6.904547 ms]
    -> SAT (WARNING: Potential Integer Overflow Bug Detected!) [Query Latency: 11.399281 ms]
    -> [mv] still SAT under 36 hypothesis candidate(s): not versionable
  -> Found UB Trap. Starting Backward Slice...
    -> Guard[0] (true edge of '.loopexit300'):  %466 = icmp eq i64 %461, %447
    -> Guard[1] (true edge of '.preheader301.preheader'):  %.not327 = icmp sgt i64 %462, %460
    -> Guard[2] (false edge of ''):  %450 = icmp eq i64 %447, 0
    -> Guard[3] (false edge of '.preheader302.preheader'):  %448 = icmp slt i64 %447, 0
    -> Guard[4] (false edge of ''):  %394 = icmp eq i64 %391, 0
    -> Guard[5] (false edge of ''):  %392 = icmp slt i64 %391, 0
    -> Guard[6] (false edge of ''):  %386 = icmp eq i64 %385, 0
    -> Guard[7] (false edge of ''):  %371 = icmp eq i64 %370, 0
    -> Guard[8] (false edge of ''):  %356 = icmp eq i64 %355, 0
    -> Guard[9] (false edge of ''):  %128 = icmp slt i64 %127, 0
    -> Guard[10] (false edge of ''):  %39 = icmp eq i8 %38, 1
    -> Guard[11] (false edge of ''):  %18 = icmp eq i64 %17, 0
    -> Guard[12] (false edge of 'entry'):  %6 = icmp samesign ult i64 %5, 2
    -> Collected 13 dominating context guard(s).
    -> Frame refused (clobber between loads):  %127 = load i64, ptr @"$s5nbody1nSivp", align 8  vs  %.pre = load i64, ptr @"$s5nbody1nSivp", align 8
         clobber:   call void @swift_endAccess(ptr nonnull %access-scratch56) #2
    -> Frame refused (clobber between loads):  %127 = load i64, ptr @"$s5nbody1nSivp", align 8  vs  %447 = load i64, ptr @"$s5nbody1nSivp", align 8
         clobber: (MemoryPhi: clobber on some incoming arm)
    -> Frame refused (clobber between loads):  %127 = load i64, ptr @"$s5nbody1nSivp", align 8  vs  %451 = load i64, ptr @"$s5nbody1nSivp", align 8
         clobber: (MemoryPhi: clobber on some incoming arm)
    -> Frame refused (clobber between loads):  %127 = load i64, ptr @"$s5nbody1nSivp", align 8  vs  %.pr = load i64, ptr @"$s5nbody1nSivp", align 8
         clobber: (MemoryPhi: clobber on some incoming arm)
    -> Frame refused (clobber between loads):  %127 = load i64, ptr @"$s5nbody1nSivp", align 8  vs  %462 = load i64, ptr @"$s5nbody1nSivp", align 8
         clobber: (MemoryPhi: clobber on some incoming arm)
    -> Frame refused (clobber between loads):  %127 = load i64, ptr @"$s5nbody1nSivp", align 8  vs  %769 = load i64, ptr @"$s5nbody1nSivp", align 8
         clobber: (MemoryPhi: clobber on some incoming arm)
    -> [go3] 0 leaf-closure instruction(s) encoded
    -> Fact[RM:0] i64 %5 in [0,9223372036854775807) (!range)
    -> Fact[KB:1] i64 %5 known bits zero=0x9223372036854775808 one=0x0
    -> Fact[RM:2] i64 %355 in [0,9223372036854775807) (!range)
    -> Fact[KB:3] i64 %355 known bits zero=0x9223372036854775808 one=0x0
    -> Fact[RM:4] i64 %370 in [0,9223372036854775807) (!range)
    -> Fact[KB:5] i64 %370 known bits zero=0x9223372036854775808 one=0x0
    -> Fact[RM:6] i64 %385 in [0,9223372036854775807) (!range)
    -> Fact[KB:7] i64 %385 known bits zero=0x9223372036854775808 one=0x0
    -> Fact[LVI:8] i64 %447 in [1,0) (LVI @ )
    -> Fact[KB:9] i64 %460 known bits zero=0x9223372036854775808 one=0x0
    -> Fact[LVI:10] i64 %460 in [-9223372036854775808,9223372036854775807) (LVI @ )
    -> Fact[SCEV:11] i64 %460 in [0,9223372036854775807) (SCEV unsigned)
    -> Fact[SCEV:12] i64 %460 in [0,9223372036854775807) (SCEV signed)
    -> Fact[SCEVSYM:13] i64 %460 - start(0) <=u BTC((-1 + %447)) (SCEV symbolic trip count, sub-form)
    -> Fact[PHIINV-hi:14] i64 %460 == i64 0 || ne(i64 %460, i64 %447) (latch-implied bound, 1-induction)
    -> Fact[PHIINV-lo:15] i64 %460 >=s i64 0 (monotone nsw increments, 1 arm(s))
    -> Fact[LVI:16] i64 %462 in [-9223372036854775807,-9223372036854775808) (LVI @ )
    -> Fact[LVI:17] i64 %447 in [1,0) (LVI @ )
    -> [heavy] 18 analysis fact(s) on 29 boundary value(s)
    -> [mv] T3: not a bounds shape (idx vs invariant count)
    -> [ind L0] BASE (1 phi(s) = entry): SAT (WARNING: Potential Integer Overflow Bug Detected!) [Query Latency: 3.057996 ms]
    -> SAT (WARNING: Potential Integer Overflow Bug Detected!) [Query Latency: 10.569970 ms]
    -> [mv] still SAT under 24 hypothesis candidate(s): not versionable
  -> Found UB Trap. Starting Backward Slice...
    -> Guard[0] (false edge of ''):  %459 = icmp eq i64 %.pr, 0
    -> Guard[1] (false edge of ''):  %457 = icmp slt i64 %.pr, 0
    -> Guard[2] (true edge of '.loopexit300'):  %466 = icmp eq i64 %461, %447
    -> Guard[3] (true edge of '.preheader301.preheader'):  %.not327 = icmp sgt i64 %462, %460
    -> Guard[4] (false edge of ''):  %450 = icmp eq i64 %447, 0
    -> Guard[5] (false edge of '.preheader302.preheader'):  %448 = icmp slt i64 %447, 0
    -> Guard[6] (false edge of ''):  %394 = icmp eq i64 %391, 0
    -> Guard[7] (false edge of ''):  %392 = icmp slt i64 %391, 0
    -> Guard[8] (false edge of ''):  %386 = icmp eq i64 %385, 0
    -> Guard[9] (false edge of ''):  %371 = icmp eq i64 %370, 0
    -> Guard[10] (false edge of ''):  %356 = icmp eq i64 %355, 0
    -> Guard[11] (false edge of ''):  %128 = icmp slt i64 %127, 0
    -> Guard[12] (false edge of ''):  %39 = icmp eq i8 %38, 1
    -> Guard[13] (false edge of ''):  %18 = icmp eq i64 %17, 0
    -> Guard[14] (false edge of 'entry'):  %6 = icmp samesign ult i64 %5, 2
    -> Collected 15 dominating context guard(s).
    -> Frame refused (clobber between loads):  %127 = load i64, ptr @"$s5nbody1nSivp", align 8  vs  %.pre = load i64, ptr @"$s5nbody1nSivp", align 8
         clobber:   call void @swift_endAccess(ptr nonnull %access-scratch56) #2
    -> Frame refused (clobber between loads):  %127 = load i64, ptr @"$s5nbody1nSivp", align 8  vs  %447 = load i64, ptr @"$s5nbody1nSivp", align 8
         clobber: (MemoryPhi: clobber on some incoming arm)
    -> Frame refused (clobber between loads):  %127 = load i64, ptr @"$s5nbody1nSivp", align 8  vs  %451 = load i64, ptr @"$s5nbody1nSivp", align 8
         clobber: (MemoryPhi: clobber on some incoming arm)
    -> Frame refused (clobber between loads):  %127 = load i64, ptr @"$s5nbody1nSivp", align 8  vs  %.pr = load i64, ptr @"$s5nbody1nSivp", align 8
         clobber: (MemoryPhi: clobber on some incoming arm)
    -> Frame refused (clobber between loads):  %127 = load i64, ptr @"$s5nbody1nSivp", align 8  vs  %462 = load i64, ptr @"$s5nbody1nSivp", align 8
         clobber: (MemoryPhi: clobber on some incoming arm)
    -> Frame refused (clobber between loads):  %127 = load i64, ptr @"$s5nbody1nSivp", align 8  vs  %769 = load i64, ptr @"$s5nbody1nSivp", align 8
         clobber: (MemoryPhi: clobber on some incoming arm)
    -> [go3] 0 leaf-closure instruction(s) encoded
    -> Fact[RM:0] i64 %5 in [0,9223372036854775807) (!range)
    -> Fact[KB:1] i64 %5 known bits zero=0x9223372036854775808 one=0x0
    -> Fact[RM:2] i64 %355 in [0,9223372036854775807) (!range)
    -> Fact[KB:3] i64 %355 known bits zero=0x9223372036854775808 one=0x0
    -> Fact[RM:4] i64 %370 in [0,9223372036854775807) (!range)
    -> Fact[KB:5] i64 %370 known bits zero=0x9223372036854775808 one=0x0
    -> Fact[RM:6] i64 %385 in [0,9223372036854775807) (!range)
    -> Fact[KB:7] i64 %385 known bits zero=0x9223372036854775808 one=0x0
    -> Fact[KB:8] i64 %460 known bits zero=0x9223372036854775808 one=0x0
    -> Fact[SCEV:9] i64 %460 in [0,9223372036854775807) (SCEV unsigned)
    -> Fact[SCEV:10] i64 %460 in [0,9223372036854775807) (SCEV signed)
    -> Fact[SCEVSYM:11] i64 %460 - start(0) <=u BTC((-1 + %447)) (SCEV symbolic trip count, sub-form)
    -> Fact[PHIINV-hi:12] i64 %460 == i64 0 || ne(i64 %460, i64 %447) (latch-implied bound, 1-induction)
    -> Fact[PHIINV-lo:13] i64 %460 >=s i64 0 (monotone nsw increments, 1 arm(s))
    -> Fact[KB:14] i64 %645 known bits zero=0x9223372036854775808 one=0x0
    -> Fact[SCEV:15] i64 %645 in [0,9223372036854775807) (SCEV unsigned)
    -> Fact[SCEV:16] i64 %645 in [0,9223372036854775807) (SCEV signed)
    -> Fact[SCEVSYM:17] i64 %645 - start(0) <=u BTC((9223372036854775806 umin (-1 + %.pr))) (SCEV symbolic trip count, sub-form)
    -> Fact[PHIINV-hi:18] i64 %645 == i64 0 || ne(i64 %645, i64 %.pr) (latch-implied bound, 1-induction)
    -> Fact[PHIINV-lo:19] i64 %645 >=s i64 0 (monotone nsw increments, 1 arm(s))
    -> Fact[RM:20] i64 %650 in [0,9223372036854775807) (!range)
    -> Fact[KB:21] i64 %650 known bits zero=0x9223372036854775808 one=0x0
    -> [heavy] 22 analysis fact(s) on 31 boundary value(s)
    -> [mv] T3: not a bounds shape (idx vs invariant count)
    -> [ind L0] BASE (1 phi(s) = entry): SAT (WARNING: Potential Integer Overflow Bug Detected!) [Query Latency: 3.574511 ms]
    -> [ind L1] BASE (1 phi(s) = entry): SAT (WARNING: Potential Integer Overflow Bug Detected!) [Query Latency: 3.613641 ms]
    -> SAT (WARNING: Potential Integer Overflow Bug Detected!) [Query Latency: 10.369961 ms]
    -> [mv] still SAT under 39 hypothesis candidate(s): not versionable
  -> Found UB Trap. Starting Backward Slice...
    -> Guard[0] (true edge of '.preheader'):  %.not265 = icmp samesign ult i64 %645, %650
    -> Guard[1] (false edge of ''):  %459 = icmp eq i64 %.pr, 0
    -> Guard[2] (false edge of ''):  %457 = icmp slt i64 %.pr, 0
    -> Guard[3] (true edge of '.loopexit300'):  %466 = icmp eq i64 %461, %447
    -> Guard[4] (true edge of '.preheader301.preheader'):  %.not327 = icmp sgt i64 %462, %460
    -> Guard[5] (false edge of ''):  %450 = icmp eq i64 %447, 0
    -> Guard[6] (false edge of '.preheader302.preheader'):  %448 = icmp slt i64 %447, 0
    -> Guard[7] (false edge of ''):  %394 = icmp eq i64 %391, 0
    -> Guard[8] (false edge of ''):  %392 = icmp slt i64 %391, 0
    -> Guard[9] (false edge of ''):  %386 = icmp eq i64 %385, 0
    -> Guard[10] (false edge of ''):  %371 = icmp eq i64 %370, 0
    -> Guard[11] (false edge of ''):  %356 = icmp eq i64 %355, 0
    -> Guard[12] (false edge of ''):  %128 = icmp slt i64 %127, 0
    -> Guard[13] (false edge of ''):  %39 = icmp eq i8 %38, 1
    -> Guard[14] (false edge of ''):  %18 = icmp eq i64 %17, 0
    -> Guard[15] (false edge of 'entry'):  %6 = icmp samesign ult i64 %5, 2
    -> Collected 16 dominating context guard(s).
    -> Frame refused (clobber between loads):  %127 = load i64, ptr @"$s5nbody1nSivp", align 8  vs  %.pre = load i64, ptr @"$s5nbody1nSivp", align 8
         clobber:   call void @swift_endAccess(ptr nonnull %access-scratch56) #2
    -> Frame refused (clobber between loads):  %127 = load i64, ptr @"$s5nbody1nSivp", align 8  vs  %447 = load i64, ptr @"$s5nbody1nSivp", align 8
         clobber: (MemoryPhi: clobber on some incoming arm)
    -> Frame refused (clobber between loads):  %127 = load i64, ptr @"$s5nbody1nSivp", align 8  vs  %451 = load i64, ptr @"$s5nbody1nSivp", align 8
         clobber: (MemoryPhi: clobber on some incoming arm)
    -> Frame refused (clobber between loads):  %127 = load i64, ptr @"$s5nbody1nSivp", align 8  vs  %.pr = load i64, ptr @"$s5nbody1nSivp", align 8
         clobber: (MemoryPhi: clobber on some incoming arm)
    -> Frame refused (clobber between loads):  %127 = load i64, ptr @"$s5nbody1nSivp", align 8  vs  %462 = load i64, ptr @"$s5nbody1nSivp", align 8
         clobber: (MemoryPhi: clobber on some incoming arm)
    -> Frame refused (clobber between loads):  %127 = load i64, ptr @"$s5nbody1nSivp", align 8  vs  %769 = load i64, ptr @"$s5nbody1nSivp", align 8
         clobber: (MemoryPhi: clobber on some incoming arm)
    -> [go3] 0 leaf-closure instruction(s) encoded
    -> Fact[RM:0] i64 %5 in [0,9223372036854775807) (!range)
    -> Fact[KB:1] i64 %5 known bits zero=0x9223372036854775808 one=0x0
    -> Fact[RM:2] i64 %355 in [0,9223372036854775807) (!range)
    -> Fact[KB:3] i64 %355 known bits zero=0x9223372036854775808 one=0x0
    -> Fact[RM:4] i64 %370 in [0,9223372036854775807) (!range)
    -> Fact[KB:5] i64 %370 known bits zero=0x9223372036854775808 one=0x0
    -> Fact[RM:6] i64 %385 in [0,9223372036854775807) (!range)
    -> Fact[KB:7] i64 %385 known bits zero=0x9223372036854775808 one=0x0
    -> Fact[KB:8] i64 %460 known bits zero=0x9223372036854775808 one=0x0
    -> Fact[SCEV:9] i64 %460 in [0,9223372036854775807) (SCEV unsigned)
    -> Fact[SCEV:10] i64 %460 in [0,9223372036854775807) (SCEV signed)
    -> Fact[SCEVSYM:11] i64 %460 - start(0) <=u BTC((-1 + %447)) (SCEV symbolic trip count, sub-form)
    -> Fact[PHIINV-hi:12] i64 %460 == i64 0 || ne(i64 %460, i64 %447) (latch-implied bound, 1-induction)
    -> Fact[PHIINV-lo:13] i64 %460 >=s i64 0 (monotone nsw increments, 1 arm(s))
    -> Fact[KB:14] i64 %645 known bits zero=0x9223372036854775808 one=0x0
    -> Fact[LVI:15] i64 %645 in [0,9223372036854775806) (LVI @ )
    -> Fact[SCEV:16] i64 %645 in [0,9223372036854775807) (SCEV unsigned)
    -> Fact[SCEV:17] i64 %645 in [0,9223372036854775807) (SCEV signed)
    -> Fact[SCEVSYM:18] i64 %645 - start(0) <=u BTC((9223372036854775806 umin (-1 + %.pr))) (SCEV symbolic trip count, sub-form)
    -> Fact[PHIINV-hi:19] i64 %645 == i64 0 || ne(i64 %645, i64 %.pr) (latch-implied bound, 1-induction)
    -> Fact[PHIINV-lo:20] i64 %645 >=s i64 0 (monotone nsw increments, 1 arm(s))
    -> Fact[RM:21] i64 %650 in [0,9223372036854775807) (!range)
    -> Fact[KB:22] i64 %650 known bits zero=0x9223372036854775808 one=0x0
    -> Fact[LVI:23] i64 %650 in [1,9223372036854775807) (LVI @ )
    -> Fact[RM:24] i64 %662 in [0,9223372036854775807) (!range)
    -> Fact[KB:25] i64 %662 known bits zero=0x9223372036854775808 one=0x0
    -> [heavy] 26 analysis fact(s) on 32 boundary value(s)
    -> [mv] T3: not a bounds shape (idx vs invariant count)
    -> [ind L0] BASE (1 phi(s) = entry): SAT (WARNING: Potential Integer Overflow Bug Detected!) [Query Latency: 4.766545 ms]
    -> [ind L1] BASE (1 phi(s) = entry): SAT (WARNING: Potential Integer Overflow Bug Detected!) [Query Latency: 3.710859 ms]
    -> SAT (WARNING: Potential Integer Overflow Bug Detected!) [Query Latency: 7.162001 ms]
    -> [mv] still SAT under 39 hypothesis candidate(s): not versionable
  -> Found UB Trap. Starting Backward Slice...
    -> Guard[0] (true edge of ''):  %.not266 = icmp samesign ult i64 %645, %662
    -> Guard[1] (true edge of '.preheader'):  %.not265 = icmp samesign ult i64 %645, %650
    -> Guard[2] (false edge of ''):  %459 = icmp eq i64 %.pr, 0
    -> Guard[3] (false edge of ''):  %457 = icmp slt i64 %.pr, 0
    -> Guard[4] (true edge of '.loopexit300'):  %466 = icmp eq i64 %461, %447
    -> Guard[5] (true edge of '.preheader301.preheader'):  %.not327 = icmp sgt i64 %462, %460
    -> Guard[6] (false edge of ''):  %450 = icmp eq i64 %447, 0
    -> Guard[7] (false edge of '.preheader302.preheader'):  %448 = icmp slt i64 %447, 0
    -> Guard[8] (false edge of ''):  %394 = icmp eq i64 %391, 0
    -> Guard[9] (false edge of ''):  %392 = icmp slt i64 %391, 0
    -> Guard[10] (false edge of ''):  %386 = icmp eq i64 %385, 0
    -> Guard[11] (false edge of ''):  %371 = icmp eq i64 %370, 0
    -> Guard[12] (false edge of ''):  %356 = icmp eq i64 %355, 0
    -> Guard[13] (false edge of ''):  %128 = icmp slt i64 %127, 0
    -> Guard[14] (false edge of ''):  %39 = icmp eq i8 %38, 1
    -> Guard[15] (false edge of ''):  %18 = icmp eq i64 %17, 0
    -> Guard[16] (false edge of 'entry'):  %6 = icmp samesign ult i64 %5, 2
    -> Collected 17 dominating context guard(s).
    -> Frame refused (clobber between loads):  %127 = load i64, ptr @"$s5nbody1nSivp", align 8  vs  %.pre = load i64, ptr @"$s5nbody1nSivp", align 8
         clobber:   call void @swift_endAccess(ptr nonnull %access-scratch56) #2
    -> Frame refused (clobber between loads):  %127 = load i64, ptr @"$s5nbody1nSivp", align 8  vs  %447 = load i64, ptr @"$s5nbody1nSivp", align 8
         clobber: (MemoryPhi: clobber on some incoming arm)
    -> Frame refused (clobber between loads):  %127 = load i64, ptr @"$s5nbody1nSivp", align 8  vs  %451 = load i64, ptr @"$s5nbody1nSivp", align 8
         clobber: (MemoryPhi: clobber on some incoming arm)
    -> Frame refused (clobber between loads):  %127 = load i64, ptr @"$s5nbody1nSivp", align 8  vs  %.pr = load i64, ptr @"$s5nbody1nSivp", align 8
         clobber: (MemoryPhi: clobber on some incoming arm)
    -> Frame refused (clobber between loads):  %127 = load i64, ptr @"$s5nbody1nSivp", align 8  vs  %462 = load i64, ptr @"$s5nbody1nSivp", align 8
         clobber: (MemoryPhi: clobber on some incoming arm)
    -> Frame refused (clobber between loads):  %127 = load i64, ptr @"$s5nbody1nSivp", align 8  vs  %769 = load i64, ptr @"$s5nbody1nSivp", align 8
         clobber: (MemoryPhi: clobber on some incoming arm)
    -> [go3] 0 leaf-closure instruction(s) encoded
    -> Fact[RM:0] i64 %5 in [0,9223372036854775807) (!range)
    -> Fact[KB:1] i64 %5 known bits zero=0x9223372036854775808 one=0x0
    -> Fact[RM:2] i64 %355 in [0,9223372036854775807) (!range)
    -> Fact[KB:3] i64 %355 known bits zero=0x9223372036854775808 one=0x0
    -> Fact[RM:4] i64 %370 in [0,9223372036854775807) (!range)
    -> Fact[KB:5] i64 %370 known bits zero=0x9223372036854775808 one=0x0
    -> Fact[RM:6] i64 %385 in [0,9223372036854775807) (!range)
    -> Fact[KB:7] i64 %385 known bits zero=0x9223372036854775808 one=0x0
    -> Fact[KB:8] i64 %460 known bits zero=0x9223372036854775808 one=0x0
    -> Fact[SCEV:9] i64 %460 in [0,9223372036854775807) (SCEV unsigned)
    -> Fact[SCEV:10] i64 %460 in [0,9223372036854775807) (SCEV signed)
    -> Fact[SCEVSYM:11] i64 %460 - start(0) <=u BTC((-1 + %447)) (SCEV symbolic trip count, sub-form)
    -> Fact[PHIINV-hi:12] i64 %460 == i64 0 || ne(i64 %460, i64 %447) (latch-implied bound, 1-induction)
    -> Fact[PHIINV-lo:13] i64 %460 >=s i64 0 (monotone nsw increments, 1 arm(s))
    -> Fact[KB:14] i64 %645 known bits zero=0x9223372036854775808 one=0x0
    -> Fact[LVI:15] i64 %645 in [0,9223372036854775806) (LVI @ )
    -> Fact[SCEV:16] i64 %645 in [0,9223372036854775807) (SCEV unsigned)
    -> Fact[SCEV:17] i64 %645 in [0,9223372036854775807) (SCEV signed)
    -> Fact[SCEVSYM:18] i64 %645 - start(0) <=u BTC((9223372036854775806 umin (-1 + %.pr))) (SCEV symbolic trip count, sub-form)
    -> Fact[PHIINV-hi:19] i64 %645 == i64 0 || ne(i64 %645, i64 %.pr) (latch-implied bound, 1-induction)
    -> Fact[PHIINV-lo:20] i64 %645 >=s i64 0 (monotone nsw increments, 1 arm(s))
    -> Fact[RM:21] i64 %650 in [0,9223372036854775807) (!range)
    -> Fact[KB:22] i64 %650 known bits zero=0x9223372036854775808 one=0x0
    -> Fact[LVI:23] i64 %650 in [1,9223372036854775807) (LVI @ )
    -> Fact[RM:24] i64 %662 in [0,9223372036854775807) (!range)
    -> Fact[KB:25] i64 %662 known bits zero=0x9223372036854775808 one=0x0
    -> Fact[LVI:26] i64 %662 in [1,9223372036854775807) (LVI @ )
    -> Fact[RM:27] i64 %672 in [0,9223372036854775807) (!range)
    -> Fact[KB:28] i64 %672 known bits zero=0x9223372036854775808 one=0x0
    -> [heavy] 29 analysis fact(s) on 33 boundary value(s)
    -> [mv] T3: not a bounds shape (idx vs invariant count)
    -> [ind L0] BASE (1 phi(s) = entry): SAT (WARNING: Potential Integer Overflow Bug Detected!) [Query Latency: 3.857626 ms]
    -> [ind L1] BASE (1 phi(s) = entry): SAT (WARNING: Potential Integer Overflow Bug Detected!) [Query Latency: 3.819424 ms]
    -> SAT (WARNING: Potential Integer Overflow Bug Detected!) [Query Latency: 14.540679 ms]
    -> [mv] still SAT under 39 hypothesis candidate(s): not versionable
  -> Found UB Trap. Starting Backward Slice...
    -> Guard[0] (true edge of ''):  %.not267 = icmp samesign ult i64 %645, %672
    -> Guard[1] (true edge of ''):  %.not266 = icmp samesign ult i64 %645, %662
    -> Guard[2] (true edge of '.preheader'):  %.not265 = icmp samesign ult i64 %645, %650
    -> Guard[3] (false edge of ''):  %459 = icmp eq i64 %.pr, 0
    -> Guard[4] (false edge of ''):  %457 = icmp slt i64 %.pr, 0
    -> Guard[5] (true edge of '.loopexit300'):  %466 = icmp eq i64 %461, %447
    -> Guard[6] (true edge of '.preheader301.preheader'):  %.not327 = icmp sgt i64 %462, %460
    -> Guard[7] (false edge of ''):  %450 = icmp eq i64 %447, 0
    -> Guard[8] (false edge of '.preheader302.preheader'):  %448 = icmp slt i64 %447, 0
    -> Guard[9] (false edge of ''):  %394 = icmp eq i64 %391, 0
    -> Guard[10] (false edge of ''):  %392 = icmp slt i64 %391, 0
    -> Guard[11] (false edge of ''):  %386 = icmp eq i64 %385, 0
    -> Guard[12] (false edge of ''):  %371 = icmp eq i64 %370, 0
    -> Guard[13] (false edge of ''):  %356 = icmp eq i64 %355, 0
    -> Guard[14] (false edge of ''):  %128 = icmp slt i64 %127, 0
    -> Guard[15] (false edge of ''):  %39 = icmp eq i8 %38, 1
    -> Guard[16] (false edge of ''):  %18 = icmp eq i64 %17, 0
    -> Guard[17] (false edge of 'entry'):  %6 = icmp samesign ult i64 %5, 2
    -> Collected 18 dominating context guard(s).
    -> Frame refused (clobber between loads):  %127 = load i64, ptr @"$s5nbody1nSivp", align 8  vs  %.pre = load i64, ptr @"$s5nbody1nSivp", align 8
         clobber:   call void @swift_endAccess(ptr nonnull %access-scratch56) #2
    -> Frame refused (clobber between loads):  %127 = load i64, ptr @"$s5nbody1nSivp", align 8  vs  %447 = load i64, ptr @"$s5nbody1nSivp", align 8
         clobber: (MemoryPhi: clobber on some incoming arm)
    -> Frame refused (clobber between loads):  %127 = load i64, ptr @"$s5nbody1nSivp", align 8  vs  %451 = load i64, ptr @"$s5nbody1nSivp", align 8
         clobber: (MemoryPhi: clobber on some incoming arm)
    -> Frame refused (clobber between loads):  %127 = load i64, ptr @"$s5nbody1nSivp", align 8  vs  %.pr = load i64, ptr @"$s5nbody1nSivp", align 8
         clobber: (MemoryPhi: clobber on some incoming arm)
    -> Frame refused (clobber between loads):  %127 = load i64, ptr @"$s5nbody1nSivp", align 8  vs  %462 = load i64, ptr @"$s5nbody1nSivp", align 8
         clobber: (MemoryPhi: clobber on some incoming arm)
    -> Frame refused (clobber between loads):  %127 = load i64, ptr @"$s5nbody1nSivp", align 8  vs  %769 = load i64, ptr @"$s5nbody1nSivp", align 8
         clobber: (MemoryPhi: clobber on some incoming arm)
    -> [go3] 0 leaf-closure instruction(s) encoded
    -> Fact[RM:0] i64 %5 in [0,9223372036854775807) (!range)
    -> Fact[KB:1] i64 %5 known bits zero=0x9223372036854775808 one=0x0
    -> Fact[RM:2] i64 %355 in [0,9223372036854775807) (!range)
    -> Fact[KB:3] i64 %355 known bits zero=0x9223372036854775808 one=0x0
    -> Fact[RM:4] i64 %370 in [0,9223372036854775807) (!range)
    -> Fact[KB:5] i64 %370 known bits zero=0x9223372036854775808 one=0x0
    -> Fact[RM:6] i64 %385 in [0,9223372036854775807) (!range)
    -> Fact[KB:7] i64 %385 known bits zero=0x9223372036854775808 one=0x0
    -> Fact[KB:8] i64 %460 known bits zero=0x9223372036854775808 one=0x0
    -> Fact[SCEV:9] i64 %460 in [0,9223372036854775807) (SCEV unsigned)
    -> Fact[SCEV:10] i64 %460 in [0,9223372036854775807) (SCEV signed)
    -> Fact[SCEVSYM:11] i64 %460 - start(0) <=u BTC((-1 + %447)) (SCEV symbolic trip count, sub-form)
    -> Fact[PHIINV-hi:12] i64 %460 == i64 0 || ne(i64 %460, i64 %447) (latch-implied bound, 1-induction)
    -> Fact[PHIINV-lo:13] i64 %460 >=s i64 0 (monotone nsw increments, 1 arm(s))
    -> Fact[KB:14] i64 %645 known bits zero=0x9223372036854775808 one=0x0
    -> Fact[LVI:15] i64 %645 in [0,9223372036854775806) (LVI @ )
    -> Fact[SCEV:16] i64 %645 in [0,9223372036854775807) (SCEV unsigned)
    -> Fact[SCEV:17] i64 %645 in [0,9223372036854775807) (SCEV signed)
    -> Fact[SCEVSYM:18] i64 %645 - start(0) <=u BTC((9223372036854775806 umin (-1 + %.pr))) (SCEV symbolic trip count, sub-form)
    -> Fact[PHIINV-hi:19] i64 %645 == i64 0 || ne(i64 %645, i64 %.pr) (latch-implied bound, 1-induction)
    -> Fact[PHIINV-lo:20] i64 %645 >=s i64 0 (monotone nsw increments, 1 arm(s))
    -> Fact[RM:21] i64 %650 in [0,9223372036854775807) (!range)
    -> Fact[KB:22] i64 %650 known bits zero=0x9223372036854775808 one=0x0
    -> Fact[LVI:23] i64 %650 in [1,9223372036854775807) (LVI @ )
    -> Fact[RM:24] i64 %662 in [0,9223372036854775807) (!range)
    -> Fact[KB:25] i64 %662 known bits zero=0x9223372036854775808 one=0x0
    -> Fact[LVI:26] i64 %662 in [1,9223372036854775807) (LVI @ )
    -> Fact[RM:27] i64 %672 in [0,9223372036854775807) (!range)
    -> Fact[KB:28] i64 %672 known bits zero=0x9223372036854775808 one=0x0
    -> Fact[LVI:29] i64 %672 in [1,9223372036854775807) (LVI @ )
    -> Fact[RM:30] i64 %684 in [0,9223372036854775807) (!range)
    -> Fact[KB:31] i64 %684 known bits zero=0x9223372036854775808 one=0x0
    -> [heavy] 32 analysis fact(s) on 34 boundary value(s)
    -> [mv] T3: not a bounds shape (idx vs invariant count)
    -> [ind L0] BASE (1 phi(s) = entry): SAT (WARNING: Potential Integer Overflow Bug Detected!) [Query Latency: 5.116658 ms]
    -> [ind L1] BASE (1 phi(s) = entry): SAT (WARNING: Potential Integer Overflow Bug Detected!) [Query Latency: 4.912178 ms]
    -> SAT (WARNING: Potential Integer Overflow Bug Detected!) [Query Latency: 10.034108 ms]
    -> [mv] still SAT under 39 hypothesis candidate(s): not versionable
  -> Found UB Trap. Starting Backward Slice...
    -> Guard[0] (true edge of ''):  %.not268 = icmp samesign ult i64 %645, %684
    -> Guard[1] (true edge of ''):  %.not267 = icmp samesign ult i64 %645, %672
    -> Guard[2] (true edge of ''):  %.not266 = icmp samesign ult i64 %645, %662
    -> Guard[3] (true edge of '.preheader'):  %.not265 = icmp samesign ult i64 %645, %650
    -> Guard[4] (false edge of ''):  %459 = icmp eq i64 %.pr, 0
    -> Guard[5] (false edge of ''):  %457 = icmp slt i64 %.pr, 0
    -> Guard[6] (true edge of '.loopexit300'):  %466 = icmp eq i64 %461, %447
    -> Guard[7] (true edge of '.preheader301.preheader'):  %.not327 = icmp sgt i64 %462, %460
    -> Guard[8] (false edge of ''):  %450 = icmp eq i64 %447, 0
    -> Guard[9] (false edge of '.preheader302.preheader'):  %448 = icmp slt i64 %447, 0
    -> Guard[10] (false edge of ''):  %394 = icmp eq i64 %391, 0
    -> Guard[11] (false edge of ''):  %392 = icmp slt i64 %391, 0
    -> Guard[12] (false edge of ''):  %386 = icmp eq i64 %385, 0
    -> Guard[13] (false edge of ''):  %371 = icmp eq i64 %370, 0
    -> Guard[14] (false edge of ''):  %356 = icmp eq i64 %355, 0
    -> Guard[15] (false edge of ''):  %128 = icmp slt i64 %127, 0
    -> Guard[16] (false edge of ''):  %39 = icmp eq i8 %38, 1
    -> Guard[17] (false edge of ''):  %18 = icmp eq i64 %17, 0
    -> Guard[18] (false edge of 'entry'):  %6 = icmp samesign ult i64 %5, 2
    -> Collected 19 dominating context guard(s).
    -> Frame refused (clobber between loads):  %127 = load i64, ptr @"$s5nbody1nSivp", align 8  vs  %.pre = load i64, ptr @"$s5nbody1nSivp", align 8
         clobber:   call void @swift_endAccess(ptr nonnull %access-scratch56) #2
    -> Frame refused (clobber between loads):  %127 = load i64, ptr @"$s5nbody1nSivp", align 8  vs  %447 = load i64, ptr @"$s5nbody1nSivp", align 8
         clobber: (MemoryPhi: clobber on some incoming arm)
    -> Frame refused (clobber between loads):  %127 = load i64, ptr @"$s5nbody1nSivp", align 8  vs  %451 = load i64, ptr @"$s5nbody1nSivp", align 8
         clobber: (MemoryPhi: clobber on some incoming arm)
    -> Frame refused (clobber between loads):  %127 = load i64, ptr @"$s5nbody1nSivp", align 8  vs  %.pr = load i64, ptr @"$s5nbody1nSivp", align 8
         clobber: (MemoryPhi: clobber on some incoming arm)
    -> Frame refused (clobber between loads):  %127 = load i64, ptr @"$s5nbody1nSivp", align 8  vs  %462 = load i64, ptr @"$s5nbody1nSivp", align 8
         clobber: (MemoryPhi: clobber on some incoming arm)
    -> Frame refused (clobber between loads):  %127 = load i64, ptr @"$s5nbody1nSivp", align 8  vs  %769 = load i64, ptr @"$s5nbody1nSivp", align 8
         clobber: (MemoryPhi: clobber on some incoming arm)
    -> [go3] 0 leaf-closure instruction(s) encoded
    -> Fact[RM:0] i64 %5 in [0,9223372036854775807) (!range)
    -> Fact[KB:1] i64 %5 known bits zero=0x9223372036854775808 one=0x0
    -> Fact[RM:2] i64 %355 in [0,9223372036854775807) (!range)
    -> Fact[KB:3] i64 %355 known bits zero=0x9223372036854775808 one=0x0
    -> Fact[RM:4] i64 %370 in [0,9223372036854775807) (!range)
    -> Fact[KB:5] i64 %370 known bits zero=0x9223372036854775808 one=0x0
    -> Fact[RM:6] i64 %385 in [0,9223372036854775807) (!range)
    -> Fact[KB:7] i64 %385 known bits zero=0x9223372036854775808 one=0x0
    -> Fact[KB:8] i64 %460 known bits zero=0x9223372036854775808 one=0x0
    -> Fact[SCEV:9] i64 %460 in [0,9223372036854775807) (SCEV unsigned)
    -> Fact[SCEV:10] i64 %460 in [0,9223372036854775807) (SCEV signed)
    -> Fact[SCEVSYM:11] i64 %460 - start(0) <=u BTC((-1 + %447)) (SCEV symbolic trip count, sub-form)
    -> Fact[PHIINV-hi:12] i64 %460 == i64 0 || ne(i64 %460, i64 %447) (latch-implied bound, 1-induction)
    -> Fact[PHIINV-lo:13] i64 %460 >=s i64 0 (monotone nsw increments, 1 arm(s))
    -> Fact[KB:14] i64 %645 known bits zero=0x9223372036854775808 one=0x0
    -> Fact[LVI:15] i64 %645 in [0,9223372036854775806) (LVI @ )
    -> Fact[SCEV:16] i64 %645 in [0,9223372036854775807) (SCEV unsigned)
    -> Fact[SCEV:17] i64 %645 in [0,9223372036854775807) (SCEV signed)
    -> Fact[SCEVSYM:18] i64 %645 - start(0) <=u BTC((9223372036854775806 umin (-1 + %.pr))) (SCEV symbolic trip count, sub-form)
    -> Fact[PHIINV-hi:19] i64 %645 == i64 0 || ne(i64 %645, i64 %.pr) (latch-implied bound, 1-induction)
    -> Fact[PHIINV-lo:20] i64 %645 >=s i64 0 (monotone nsw increments, 1 arm(s))
    -> Fact[RM:21] i64 %650 in [0,9223372036854775807) (!range)
    -> Fact[KB:22] i64 %650 known bits zero=0x9223372036854775808 one=0x0
    -> Fact[LVI:23] i64 %650 in [1,9223372036854775807) (LVI @ )
    -> Fact[RM:24] i64 %662 in [0,9223372036854775807) (!range)
    -> Fact[KB:25] i64 %662 known bits zero=0x9223372036854775808 one=0x0
    -> Fact[LVI:26] i64 %662 in [1,9223372036854775807) (LVI @ )
    -> Fact[RM:27] i64 %672 in [0,9223372036854775807) (!range)
    -> Fact[KB:28] i64 %672 known bits zero=0x9223372036854775808 one=0x0
    -> Fact[LVI:29] i64 %672 in [1,9223372036854775807) (LVI @ )
    -> Fact[RM:30] i64 %684 in [0,9223372036854775807) (!range)
    -> Fact[KB:31] i64 %684 known bits zero=0x9223372036854775808 one=0x0
    -> Fact[LVI:32] i64 %684 in [1,9223372036854775807) (LVI @ )
    -> Fact[RM:33] i64 %694 in [0,9223372036854775807) (!range)
    -> Fact[KB:34] i64 %694 known bits zero=0x9223372036854775808 one=0x0
    -> [heavy] 35 analysis fact(s) on 35 boundary value(s)
    -> [mv] T3: not a bounds shape (idx vs invariant count)
    -> [ind L0] BASE (1 phi(s) = entry): SAT (WARNING: Potential Integer Overflow Bug Detected!) [Query Latency: 4.749904 ms]
    -> [ind L1] BASE (1 phi(s) = entry): SAT (WARNING: Potential Integer Overflow Bug Detected!) [Query Latency: 5.357274 ms]
    -> SAT (WARNING: Potential Integer Overflow Bug Detected!) [Query Latency: 7.639566 ms]
    -> [mv] still SAT under 39 hypothesis candidate(s): not versionable
  -> Found UB Trap. Starting Backward Slice...
    -> Guard[0] (true edge of ''):  %.not269 = icmp samesign ult i64 %645, %694
    -> Guard[1] (true edge of ''):  %.not268 = icmp samesign ult i64 %645, %684
    -> Guard[2] (true edge of ''):  %.not267 = icmp samesign ult i64 %645, %672
    -> Guard[3] (true edge of ''):  %.not266 = icmp samesign ult i64 %645, %662
    -> Guard[4] (true edge of '.preheader'):  %.not265 = icmp samesign ult i64 %645, %650
    -> Guard[5] (false edge of ''):  %459 = icmp eq i64 %.pr, 0
    -> Guard[6] (false edge of ''):  %457 = icmp slt i64 %.pr, 0
    -> Guard[7] (true edge of '.loopexit300'):  %466 = icmp eq i64 %461, %447
    -> Guard[8] (true edge of '.preheader301.preheader'):  %.not327 = icmp sgt i64 %462, %460
    -> Guard[9] (false edge of ''):  %450 = icmp eq i64 %447, 0
    -> Guard[10] (false edge of '.preheader302.preheader'):  %448 = icmp slt i64 %447, 0
    -> Guard[11] (false edge of ''):  %394 = icmp eq i64 %391, 0
    -> Guard[12] (false edge of ''):  %392 = icmp slt i64 %391, 0
    -> Guard[13] (false edge of ''):  %386 = icmp eq i64 %385, 0
    -> Guard[14] (false edge of ''):  %371 = icmp eq i64 %370, 0
    -> Guard[15] (false edge of ''):  %356 = icmp eq i64 %355, 0
    -> Guard[16] (false edge of ''):  %128 = icmp slt i64 %127, 0
    -> Guard[17] (false edge of ''):  %39 = icmp eq i8 %38, 1
    -> Guard[18] (false edge of ''):  %18 = icmp eq i64 %17, 0
    -> Guard[19] (false edge of 'entry'):  %6 = icmp samesign ult i64 %5, 2
    -> Collected 20 dominating context guard(s).
    -> Frame refused (clobber between loads):  %127 = load i64, ptr @"$s5nbody1nSivp", align 8  vs  %.pre = load i64, ptr @"$s5nbody1nSivp", align 8
         clobber:   call void @swift_endAccess(ptr nonnull %access-scratch56) #2
    -> Frame refused (clobber between loads):  %127 = load i64, ptr @"$s5nbody1nSivp", align 8  vs  %447 = load i64, ptr @"$s5nbody1nSivp", align 8
         clobber: (MemoryPhi: clobber on some incoming arm)
    -> Frame refused (clobber between loads):  %127 = load i64, ptr @"$s5nbody1nSivp", align 8  vs  %451 = load i64, ptr @"$s5nbody1nSivp", align 8
         clobber: (MemoryPhi: clobber on some incoming arm)
    -> Frame refused (clobber between loads):  %127 = load i64, ptr @"$s5nbody1nSivp", align 8  vs  %.pr = load i64, ptr @"$s5nbody1nSivp", align 8
         clobber: (MemoryPhi: clobber on some incoming arm)
    -> Frame refused (clobber between loads):  %127 = load i64, ptr @"$s5nbody1nSivp", align 8  vs  %462 = load i64, ptr @"$s5nbody1nSivp", align 8
         clobber: (MemoryPhi: clobber on some incoming arm)
    -> Frame refused (clobber between loads):  %127 = load i64, ptr @"$s5nbody1nSivp", align 8  vs  %769 = load i64, ptr @"$s5nbody1nSivp", align 8
         clobber: (MemoryPhi: clobber on some incoming arm)
    -> [go3] 0 leaf-closure instruction(s) encoded
    -> Fact[RM:0] i64 %5 in [0,9223372036854775807) (!range)
    -> Fact[KB:1] i64 %5 known bits zero=0x9223372036854775808 one=0x0
    -> Fact[RM:2] i64 %355 in [0,9223372036854775807) (!range)
    -> Fact[KB:3] i64 %355 known bits zero=0x9223372036854775808 one=0x0
    -> Fact[RM:4] i64 %370 in [0,9223372036854775807) (!range)
    -> Fact[KB:5] i64 %370 known bits zero=0x9223372036854775808 one=0x0
    -> Fact[RM:6] i64 %385 in [0,9223372036854775807) (!range)
    -> Fact[KB:7] i64 %385 known bits zero=0x9223372036854775808 one=0x0
    -> Fact[KB:8] i64 %460 known bits zero=0x9223372036854775808 one=0x0
    -> Fact[SCEV:9] i64 %460 in [0,9223372036854775807) (SCEV unsigned)
    -> Fact[SCEV:10] i64 %460 in [0,9223372036854775807) (SCEV signed)
    -> Fact[SCEVSYM:11] i64 %460 - start(0) <=u BTC((-1 + %447)) (SCEV symbolic trip count, sub-form)
    -> Fact[PHIINV-hi:12] i64 %460 == i64 0 || ne(i64 %460, i64 %447) (latch-implied bound, 1-induction)
    -> Fact[PHIINV-lo:13] i64 %460 >=s i64 0 (monotone nsw increments, 1 arm(s))
    -> Fact[KB:14] i64 %645 known bits zero=0x9223372036854775808 one=0x0
    -> Fact[LVI:15] i64 %645 in [0,9223372036854775806) (LVI @ )
    -> Fact[SCEV:16] i64 %645 in [0,9223372036854775807) (SCEV unsigned)
    -> Fact[SCEV:17] i64 %645 in [0,9223372036854775807) (SCEV signed)
    -> Fact[SCEVSYM:18] i64 %645 - start(0) <=u BTC((9223372036854775806 umin (-1 + %.pr))) (SCEV symbolic trip count, sub-form)
    -> Fact[PHIINV-hi:19] i64 %645 == i64 0 || ne(i64 %645, i64 %.pr) (latch-implied bound, 1-induction)
    -> Fact[PHIINV-lo:20] i64 %645 >=s i64 0 (monotone nsw increments, 1 arm(s))
    -> Fact[RM:21] i64 %650 in [0,9223372036854775807) (!range)
    -> Fact[KB:22] i64 %650 known bits zero=0x9223372036854775808 one=0x0
    -> Fact[LVI:23] i64 %650 in [1,9223372036854775807) (LVI @ )
    -> Fact[RM:24] i64 %662 in [0,9223372036854775807) (!range)
    -> Fact[KB:25] i64 %662 known bits zero=0x9223372036854775808 one=0x0
    -> Fact[LVI:26] i64 %662 in [1,9223372036854775807) (LVI @ )
    -> Fact[RM:27] i64 %672 in [0,9223372036854775807) (!range)
    -> Fact[KB:28] i64 %672 known bits zero=0x9223372036854775808 one=0x0
    -> Fact[LVI:29] i64 %672 in [1,9223372036854775807) (LVI @ )
    -> Fact[RM:30] i64 %684 in [0,9223372036854775807) (!range)
    -> Fact[KB:31] i64 %684 known bits zero=0x9223372036854775808 one=0x0
    -> Fact[LVI:32] i64 %684 in [1,9223372036854775807) (LVI @ )
    -> Fact[RM:33] i64 %694 in [0,9223372036854775807) (!range)
    -> Fact[KB:34] i64 %694 known bits zero=0x9223372036854775808 one=0x0
    -> Fact[LVI:35] i64 %694 in [1,9223372036854775807) (LVI @ )
    -> Fact[RM:36] i64 %706 in [0,9223372036854775807) (!range)
    -> Fact[KB:37] i64 %706 known bits zero=0x9223372036854775808 one=0x0
    -> [heavy] 38 analysis fact(s) on 36 boundary value(s)
    -> [mv] T3: not a bounds shape (idx vs invariant count)
    -> [ind L0] BASE (1 phi(s) = entry): SAT (WARNING: Potential Integer Overflow Bug Detected!) [Query Latency: 4.357697 ms]
    -> [ind L1] BASE (1 phi(s) = entry): SAT (WARNING: Potential Integer Overflow Bug Detected!) [Query Latency: 4.492664 ms]
    -> SAT (WARNING: Potential Integer Overflow Bug Detected!) [Query Latency: 11.329043 ms]
    -> [mv] still SAT under 39 hypothesis candidate(s): not versionable
  -> Found UB Trap. Starting Backward Slice...
    -> Guard[0] (false edge of ''):  %392 = icmp slt i64 %391, 0
    -> Guard[1] (false edge of ''):  %386 = icmp eq i64 %385, 0
    -> Guard[2] (false edge of ''):  %371 = icmp eq i64 %370, 0
    -> Guard[3] (false edge of ''):  %356 = icmp eq i64 %355, 0
    -> Guard[4] (false edge of ''):  %128 = icmp slt i64 %127, 0
    -> Guard[5] (false edge of ''):  %39 = icmp eq i8 %38, 1
    -> Guard[6] (false edge of ''):  %18 = icmp eq i64 %17, 0
    -> Guard[7] (false edge of 'entry'):  %6 = icmp samesign ult i64 %5, 2
    -> Collected 8 dominating context guard(s).
    -> Frame refused (clobber between loads):  %127 = load i64, ptr @"$s5nbody1nSivp", align 8  vs  %.pre = load i64, ptr @"$s5nbody1nSivp", align 8
         clobber:   call void @swift_endAccess(ptr nonnull %access-scratch56) #2
    -> Frame refused (clobber between loads):  %127 = load i64, ptr @"$s5nbody1nSivp", align 8  vs  %447 = load i64, ptr @"$s5nbody1nSivp", align 8
         clobber: (MemoryPhi: clobber on some incoming arm)
    -> Frame refused (clobber between loads):  %127 = load i64, ptr @"$s5nbody1nSivp", align 8  vs  %451 = load i64, ptr @"$s5nbody1nSivp", align 8
         clobber: (MemoryPhi: clobber on some incoming arm)
    -> Frame refused (clobber between loads):  %127 = load i64, ptr @"$s5nbody1nSivp", align 8  vs  %.pr = load i64, ptr @"$s5nbody1nSivp", align 8
         clobber: (MemoryPhi: clobber on some incoming arm)
    -> Frame refused (clobber between loads):  %127 = load i64, ptr @"$s5nbody1nSivp", align 8  vs  %462 = load i64, ptr @"$s5nbody1nSivp", align 8
         clobber: (MemoryPhi: clobber on some incoming arm)
    -> Frame refused (clobber between loads):  %127 = load i64, ptr @"$s5nbody1nSivp", align 8  vs  %769 = load i64, ptr @"$s5nbody1nSivp", align 8
         clobber: (MemoryPhi: clobber on some incoming arm)
    -> Fact[RM:0] i64 %5 in [0,9223372036854775807) (!range)
    -> Fact[KB:1] i64 %5 known bits zero=0x9223372036854775808 one=0x0
    -> Fact[RM:2] i64 %355 in [0,9223372036854775807) (!range)
    -> Fact[KB:3] i64 %355 known bits zero=0x9223372036854775808 one=0x0
    -> Fact[RM:4] i64 %370 in [0,9223372036854775807) (!range)
    -> Fact[KB:5] i64 %370 known bits zero=0x9223372036854775808 one=0x0
    -> Fact[RM:6] i64 %385 in [0,9223372036854775807) (!range)
    -> Fact[KB:7] i64 %385 known bits zero=0x9223372036854775808 one=0x0
    -> [heavy] 8 analysis fact(s) on 26 boundary value(s)
    -> [ind] trap not in a loop
    -> SAT (WARNING: Potential Integer Overflow Bug Detected!) [Query Latency: 3.758076 ms]
    -> [mv] trap not inside a loop: not versionable
  -> Found UB Trap. Starting Backward Slice...
    -> Guard[0] (false edge of ''):  %454 = icmp eq i64 %451, 0
    -> Guard[1] (false edge of '.loopexit303'):  %452 = icmp slt i64 %451, 0
    -> Guard[2] (false edge of ''):  %392 = icmp slt i64 %391, 0
    -> Guard[3] (false edge of ''):  %386 = icmp eq i64 %385, 0
    -> Guard[4] (false edge of ''):  %371 = icmp eq i64 %370, 0
    -> Guard[5] (false edge of ''):  %356 = icmp eq i64 %355, 0
    -> Guard[6] (false edge of ''):  %128 = icmp slt i64 %127, 0
    -> Guard[7] (false edge of ''):  %39 = icmp eq i8 %38, 1
    -> Guard[8] (false edge of ''):  %18 = icmp eq i64 %17, 0
    -> Guard[9] (false edge of 'entry'):  %6 = icmp samesign ult i64 %5, 2
    -> Collected 10 dominating context guard(s).
    -> Frame refused (clobber between loads):  %127 = load i64, ptr @"$s5nbody1nSivp", align 8  vs  %.pre = load i64, ptr @"$s5nbody1nSivp", align 8
         clobber:   call void @swift_endAccess(ptr nonnull %access-scratch56) #2
    -> Frame refused (clobber between loads):  %127 = load i64, ptr @"$s5nbody1nSivp", align 8  vs  %447 = load i64, ptr @"$s5nbody1nSivp", align 8
         clobber: (MemoryPhi: clobber on some incoming arm)
    -> Frame refused (clobber between loads):  %127 = load i64, ptr @"$s5nbody1nSivp", align 8  vs  %451 = load i64, ptr @"$s5nbody1nSivp", align 8
         clobber: (MemoryPhi: clobber on some incoming arm)
    -> Frame refused (clobber between loads):  %127 = load i64, ptr @"$s5nbody1nSivp", align 8  vs  %.pr = load i64, ptr @"$s5nbody1nSivp", align 8
         clobber: (MemoryPhi: clobber on some incoming arm)
    -> Frame refused (clobber between loads):  %127 = load i64, ptr @"$s5nbody1nSivp", align 8  vs  %462 = load i64, ptr @"$s5nbody1nSivp", align 8
         clobber: (MemoryPhi: clobber on some incoming arm)
    -> Frame refused (clobber between loads):  %127 = load i64, ptr @"$s5nbody1nSivp", align 8  vs  %769 = load i64, ptr @"$s5nbody1nSivp", align 8
         clobber: (MemoryPhi: clobber on some incoming arm)
    -> [go3] 0 leaf-closure instruction(s) encoded
    -> Fact[RM:0] i64 %5 in [0,9223372036854775807) (!range)
    -> Fact[KB:1] i64 %5 known bits zero=0x9223372036854775808 one=0x0
    -> Fact[RM:2] i64 %355 in [0,9223372036854775807) (!range)
    -> Fact[KB:3] i64 %355 known bits zero=0x9223372036854775808 one=0x0
    -> Fact[RM:4] i64 %370 in [0,9223372036854775807) (!range)
    -> Fact[KB:5] i64 %370 known bits zero=0x9223372036854775808 one=0x0
    -> Fact[RM:6] i64 %385 in [0,9223372036854775807) (!range)
    -> Fact[KB:7] i64 %385 known bits zero=0x9223372036854775808 one=0x0
    -> Fact[KB:8] i64 %730 known bits zero=0x9223372036854775808 one=0x0
    -> Fact[SCEV:9] i64 %730 in [0,9223372036854775807) (SCEV unsigned)
    -> Fact[SCEV:10] i64 %730 in [0,9223372036854775807) (SCEV signed)
    -> Fact[SCEVSYM:11] i64 %730 - start(0) <=u BTC((9223372036854775806 umin (-1 + %451))) (SCEV symbolic trip count, sub-form)
    -> Fact[PHIINV-hi:12] i64 %730 == i64 0 || ne(i64 %730, i64 %451) (latch-implied bound, 1-induction)
    -> Fact[PHIINV-lo:13] i64 %730 >=s i64 0 (monotone nsw increments, 1 arm(s))
    -> Fact[RM:14] i64 %735 in [0,9223372036854775807) (!range)
    -> Fact[KB:15] i64 %735 known bits zero=0x9223372036854775808 one=0x0
    -> [heavy] 16 analysis fact(s) on 28 boundary value(s)
    -> [mv] T3: not a bounds shape (idx vs invariant count)
    -> [ind L0] BASE (1 phi(s) = entry): SAT (WARNING: Potential Integer Overflow Bug Detected!) [Query Latency: 2.547981 ms]
    -> SAT (WARNING: Potential Integer Overflow Bug Detected!) [Query Latency: 6.467800 ms]
    -> [mv] still SAT under 27 hypothesis candidate(s): not versionable
  -> Found UB Trap. Starting Backward Slice...
    -> Guard[0] (true edge of ''):  %.not272 = icmp samesign ult i64 %730, %735
    -> Guard[1] (false edge of ''):  %454 = icmp eq i64 %451, 0
    -> Guard[2] (false edge of '.loopexit303'):  %452 = icmp slt i64 %451, 0
    -> Guard[3] (false edge of ''):  %392 = icmp slt i64 %391, 0
    -> Guard[4] (false edge of ''):  %386 = icmp eq i64 %385, 0
    -> Guard[5] (false edge of ''):  %371 = icmp eq i64 %370, 0
    -> Guard[6] (false edge of ''):  %356 = icmp eq i64 %355, 0
    -> Guard[7] (false edge of ''):  %128 = icmp slt i64 %127, 0
    -> Guard[8] (false edge of ''):  %39 = icmp eq i8 %38, 1
    -> Guard[9] (false edge of ''):  %18 = icmp eq i64 %17, 0
    -> Guard[10] (false edge of 'entry'):  %6 = icmp samesign ult i64 %5, 2
    -> Collected 11 dominating context guard(s).
    -> Frame refused (clobber between loads):  %127 = load i64, ptr @"$s5nbody1nSivp", align 8  vs  %.pre = load i64, ptr @"$s5nbody1nSivp", align 8
         clobber:   call void @swift_endAccess(ptr nonnull %access-scratch56) #2
    -> Frame refused (clobber between loads):  %127 = load i64, ptr @"$s5nbody1nSivp", align 8  vs  %447 = load i64, ptr @"$s5nbody1nSivp", align 8
         clobber: (MemoryPhi: clobber on some incoming arm)
    -> Frame refused (clobber between loads):  %127 = load i64, ptr @"$s5nbody1nSivp", align 8  vs  %451 = load i64, ptr @"$s5nbody1nSivp", align 8
         clobber: (MemoryPhi: clobber on some incoming arm)
    -> Frame refused (clobber between loads):  %127 = load i64, ptr @"$s5nbody1nSivp", align 8  vs  %.pr = load i64, ptr @"$s5nbody1nSivp", align 8
         clobber: (MemoryPhi: clobber on some incoming arm)
    -> Frame refused (clobber between loads):  %127 = load i64, ptr @"$s5nbody1nSivp", align 8  vs  %462 = load i64, ptr @"$s5nbody1nSivp", align 8
         clobber: (MemoryPhi: clobber on some incoming arm)
    -> Frame refused (clobber between loads):  %127 = load i64, ptr @"$s5nbody1nSivp", align 8  vs  %769 = load i64, ptr @"$s5nbody1nSivp", align 8
         clobber: (MemoryPhi: clobber on some incoming arm)
    -> [go3] 0 leaf-closure instruction(s) encoded
    -> Fact[RM:0] i64 %5 in [0,9223372036854775807) (!range)
    -> Fact[KB:1] i64 %5 known bits zero=0x9223372036854775808 one=0x0
    -> Fact[RM:2] i64 %355 in [0,9223372036854775807) (!range)
    -> Fact[KB:3] i64 %355 known bits zero=0x9223372036854775808 one=0x0
    -> Fact[RM:4] i64 %370 in [0,9223372036854775807) (!range)
    -> Fact[KB:5] i64 %370 known bits zero=0x9223372036854775808 one=0x0
    -> Fact[RM:6] i64 %385 in [0,9223372036854775807) (!range)
    -> Fact[KB:7] i64 %385 known bits zero=0x9223372036854775808 one=0x0
    -> Fact[KB:8] i64 %730 known bits zero=0x9223372036854775808 one=0x0
    -> Fact[LVI:9] i64 %730 in [0,9223372036854775806) (LVI @ )
    -> Fact[SCEV:10] i64 %730 in [0,9223372036854775807) (SCEV unsigned)
    -> Fact[SCEV:11] i64 %730 in [0,9223372036854775807) (SCEV signed)
    -> Fact[SCEVSYM:12] i64 %730 - start(0) <=u BTC((9223372036854775806 umin (-1 + %451))) (SCEV symbolic trip count, sub-form)
    -> Fact[PHIINV-hi:13] i64 %730 == i64 0 || ne(i64 %730, i64 %451) (latch-implied bound, 1-induction)
    -> Fact[PHIINV-lo:14] i64 %730 >=s i64 0 (monotone nsw increments, 1 arm(s))
    -> Fact[RM:15] i64 %735 in [0,9223372036854775807) (!range)
    -> Fact[KB:16] i64 %735 known bits zero=0x9223372036854775808 one=0x0
    -> Fact[LVI:17] i64 %735 in [1,9223372036854775807) (LVI @ )
    -> Fact[RM:18] i64 %743 in [0,9223372036854775807) (!range)
    -> Fact[KB:19] i64 %743 known bits zero=0x9223372036854775808 one=0x0
    -> [heavy] 20 analysis fact(s) on 29 boundary value(s)
    -> [mv] T3: not a bounds shape (idx vs invariant count)
    -> [ind L0] BASE (1 phi(s) = entry): SAT (WARNING: Potential Integer Overflow Bug Detected!) [Query Latency: 2.830157 ms]
    -> SAT (WARNING: Potential Integer Overflow Bug Detected!) [Query Latency: 5.967903 ms]
    -> [mv] still SAT under 27 hypothesis candidate(s): not versionable
  -> Found UB Trap. Starting Backward Slice...
    -> Guard[0] (true edge of ''):  %.not273 = icmp samesign ult i64 %730, %743
    -> Guard[1] (true edge of ''):  %.not272 = icmp samesign ult i64 %730, %735
    -> Guard[2] (false edge of ''):  %454 = icmp eq i64 %451, 0
    -> Guard[3] (false edge of '.loopexit303'):  %452 = icmp slt i64 %451, 0
    -> Guard[4] (false edge of ''):  %392 = icmp slt i64 %391, 0
    -> Guard[5] (false edge of ''):  %386 = icmp eq i64 %385, 0
    -> Guard[6] (false edge of ''):  %371 = icmp eq i64 %370, 0
    -> Guard[7] (false edge of ''):  %356 = icmp eq i64 %355, 0
    -> Guard[8] (false edge of ''):  %128 = icmp slt i64 %127, 0
    -> Guard[9] (false edge of ''):  %39 = icmp eq i8 %38, 1
    -> Guard[10] (false edge of ''):  %18 = icmp eq i64 %17, 0
    -> Guard[11] (false edge of 'entry'):  %6 = icmp samesign ult i64 %5, 2
    -> Collected 12 dominating context guard(s).
    -> Frame refused (clobber between loads):  %127 = load i64, ptr @"$s5nbody1nSivp", align 8  vs  %.pre = load i64, ptr @"$s5nbody1nSivp", align 8
         clobber:   call void @swift_endAccess(ptr nonnull %access-scratch56) #2
    -> Frame refused (clobber between loads):  %127 = load i64, ptr @"$s5nbody1nSivp", align 8  vs  %447 = load i64, ptr @"$s5nbody1nSivp", align 8
         clobber: (MemoryPhi: clobber on some incoming arm)
    -> Frame refused (clobber between loads):  %127 = load i64, ptr @"$s5nbody1nSivp", align 8  vs  %451 = load i64, ptr @"$s5nbody1nSivp", align 8
         clobber: (MemoryPhi: clobber on some incoming arm)
    -> Frame refused (clobber between loads):  %127 = load i64, ptr @"$s5nbody1nSivp", align 8  vs  %.pr = load i64, ptr @"$s5nbody1nSivp", align 8
         clobber: (MemoryPhi: clobber on some incoming arm)
    -> Frame refused (clobber between loads):  %127 = load i64, ptr @"$s5nbody1nSivp", align 8  vs  %462 = load i64, ptr @"$s5nbody1nSivp", align 8
         clobber: (MemoryPhi: clobber on some incoming arm)
    -> Frame refused (clobber between loads):  %127 = load i64, ptr @"$s5nbody1nSivp", align 8  vs  %769 = load i64, ptr @"$s5nbody1nSivp", align 8
         clobber: (MemoryPhi: clobber on some incoming arm)
    -> [go3] 0 leaf-closure instruction(s) encoded
    -> Fact[RM:0] i64 %5 in [0,9223372036854775807) (!range)
    -> Fact[KB:1] i64 %5 known bits zero=0x9223372036854775808 one=0x0
    -> Fact[RM:2] i64 %355 in [0,9223372036854775807) (!range)
    -> Fact[KB:3] i64 %355 known bits zero=0x9223372036854775808 one=0x0
    -> Fact[RM:4] i64 %370 in [0,9223372036854775807) (!range)
    -> Fact[KB:5] i64 %370 known bits zero=0x9223372036854775808 one=0x0
    -> Fact[RM:6] i64 %385 in [0,9223372036854775807) (!range)
    -> Fact[KB:7] i64 %385 known bits zero=0x9223372036854775808 one=0x0
    -> Fact[KB:8] i64 %730 known bits zero=0x9223372036854775808 one=0x0
    -> Fact[LVI:9] i64 %730 in [0,9223372036854775806) (LVI @ )
    -> Fact[SCEV:10] i64 %730 in [0,9223372036854775807) (SCEV unsigned)
    -> Fact[SCEV:11] i64 %730 in [0,9223372036854775807) (SCEV signed)
    -> Fact[SCEVSYM:12] i64 %730 - start(0) <=u BTC((9223372036854775806 umin (-1 + %451))) (SCEV symbolic trip count, sub-form)
    -> Fact[PHIINV-hi:13] i64 %730 == i64 0 || ne(i64 %730, i64 %451) (latch-implied bound, 1-induction)
    -> Fact[PHIINV-lo:14] i64 %730 >=s i64 0 (monotone nsw increments, 1 arm(s))
    -> Fact[RM:15] i64 %735 in [0,9223372036854775807) (!range)
    -> Fact[KB:16] i64 %735 known bits zero=0x9223372036854775808 one=0x0
    -> Fact[LVI:17] i64 %735 in [1,9223372036854775807) (LVI @ )
    -> Fact[RM:18] i64 %743 in [0,9223372036854775807) (!range)
    -> Fact[KB:19] i64 %743 known bits zero=0x9223372036854775808 one=0x0
    -> Fact[LVI:20] i64 %743 in [1,9223372036854775807) (LVI @ )
    -> Fact[RM:21] i64 %747 in [0,9223372036854775807) (!range)
    -> Fact[KB:22] i64 %747 known bits zero=0x9223372036854775808 one=0x0
    -> [heavy] 23 analysis fact(s) on 30 boundary value(s)
    -> [mv] T3: not a bounds shape (idx vs invariant count)
    -> [ind L0] BASE (1 phi(s) = entry): SAT (WARNING: Potential Integer Overflow Bug Detected!) [Query Latency: 3.311694 ms]
    -> SAT (WARNING: Potential Integer Overflow Bug Detected!) [Query Latency: 8.495402 ms]
    -> [mv] still SAT under 27 hypothesis candidate(s): not versionable
  -> Found UB Trap. Starting Backward Slice...
    -> Guard[0] (true edge of ''):  %.not274 = icmp samesign ult i64 %730, %747
    -> Guard[1] (true edge of ''):  %.not273 = icmp samesign ult i64 %730, %743
    -> Guard[2] (true edge of ''):  %.not272 = icmp samesign ult i64 %730, %735
    -> Guard[3] (false edge of ''):  %454 = icmp eq i64 %451, 0
    -> Guard[4] (false edge of '.loopexit303'):  %452 = icmp slt i64 %451, 0
    -> Guard[5] (false edge of ''):  %392 = icmp slt i64 %391, 0
    -> Guard[6] (false edge of ''):  %386 = icmp eq i64 %385, 0
    -> Guard[7] (false edge of ''):  %371 = icmp eq i64 %370, 0
    -> Guard[8] (false edge of ''):  %356 = icmp eq i64 %355, 0
    -> Guard[9] (false edge of ''):  %128 = icmp slt i64 %127, 0
    -> Guard[10] (false edge of ''):  %39 = icmp eq i8 %38, 1
    -> Guard[11] (false edge of ''):  %18 = icmp eq i64 %17, 0
    -> Guard[12] (false edge of 'entry'):  %6 = icmp samesign ult i64 %5, 2
    -> Collected 13 dominating context guard(s).
    -> Frame refused (clobber between loads):  %127 = load i64, ptr @"$s5nbody1nSivp", align 8  vs  %.pre = load i64, ptr @"$s5nbody1nSivp", align 8
         clobber:   call void @swift_endAccess(ptr nonnull %access-scratch56) #2
    -> Frame refused (clobber between loads):  %127 = load i64, ptr @"$s5nbody1nSivp", align 8  vs  %447 = load i64, ptr @"$s5nbody1nSivp", align 8
         clobber: (MemoryPhi: clobber on some incoming arm)
    -> Frame refused (clobber between loads):  %127 = load i64, ptr @"$s5nbody1nSivp", align 8  vs  %451 = load i64, ptr @"$s5nbody1nSivp", align 8
         clobber: (MemoryPhi: clobber on some incoming arm)
    -> Frame refused (clobber between loads):  %127 = load i64, ptr @"$s5nbody1nSivp", align 8  vs  %.pr = load i64, ptr @"$s5nbody1nSivp", align 8
         clobber: (MemoryPhi: clobber on some incoming arm)
    -> Frame refused (clobber between loads):  %127 = load i64, ptr @"$s5nbody1nSivp", align 8  vs  %462 = load i64, ptr @"$s5nbody1nSivp", align 8
         clobber: (MemoryPhi: clobber on some incoming arm)
    -> Frame refused (clobber between loads):  %127 = load i64, ptr @"$s5nbody1nSivp", align 8  vs  %769 = load i64, ptr @"$s5nbody1nSivp", align 8
         clobber: (MemoryPhi: clobber on some incoming arm)
    -> [go3] 0 leaf-closure instruction(s) encoded
    -> Fact[RM:0] i64 %5 in [0,9223372036854775807) (!range)
    -> Fact[KB:1] i64 %5 known bits zero=0x9223372036854775808 one=0x0
    -> Fact[RM:2] i64 %355 in [0,9223372036854775807) (!range)
    -> Fact[KB:3] i64 %355 known bits zero=0x9223372036854775808 one=0x0
    -> Fact[RM:4] i64 %370 in [0,9223372036854775807) (!range)
    -> Fact[KB:5] i64 %370 known bits zero=0x9223372036854775808 one=0x0
    -> Fact[RM:6] i64 %385 in [0,9223372036854775807) (!range)
    -> Fact[KB:7] i64 %385 known bits zero=0x9223372036854775808 one=0x0
    -> Fact[KB:8] i64 %730 known bits zero=0x9223372036854775808 one=0x0
    -> Fact[LVI:9] i64 %730 in [0,9223372036854775806) (LVI @ )
    -> Fact[SCEV:10] i64 %730 in [0,9223372036854775807) (SCEV unsigned)
    -> Fact[SCEV:11] i64 %730 in [0,9223372036854775807) (SCEV signed)
    -> Fact[SCEVSYM:12] i64 %730 - start(0) <=u BTC((9223372036854775806 umin (-1 + %451))) (SCEV symbolic trip count, sub-form)
    -> Fact[PHIINV-hi:13] i64 %730 == i64 0 || ne(i64 %730, i64 %451) (latch-implied bound, 1-induction)
    -> Fact[PHIINV-lo:14] i64 %730 >=s i64 0 (monotone nsw increments, 1 arm(s))
    -> Fact[RM:15] i64 %735 in [0,9223372036854775807) (!range)
    -> Fact[KB:16] i64 %735 known bits zero=0x9223372036854775808 one=0x0
    -> Fact[LVI:17] i64 %735 in [1,9223372036854775807) (LVI @ )
    -> Fact[RM:18] i64 %743 in [0,9223372036854775807) (!range)
    -> Fact[KB:19] i64 %743 known bits zero=0x9223372036854775808 one=0x0
    -> Fact[LVI:20] i64 %743 in [1,9223372036854775807) (LVI @ )
    -> Fact[RM:21] i64 %747 in [0,9223372036854775807) (!range)
    -> Fact[KB:22] i64 %747 known bits zero=0x9223372036854775808 one=0x0
    -> Fact[LVI:23] i64 %747 in [1,9223372036854775807) (LVI @ )
    -> Fact[RM:24] i64 %751 in [0,9223372036854775807) (!range)
    -> Fact[KB:25] i64 %751 known bits zero=0x9223372036854775808 one=0x0
    -> [heavy] 26 analysis fact(s) on 31 boundary value(s)
    -> [mv] T3: not a bounds shape (idx vs invariant count)
    -> [ind L0] BASE (1 phi(s) = entry): SAT (WARNING: Potential Integer Overflow Bug Detected!) [Query Latency: 3.780866 ms]
    -> SAT (WARNING: Potential Integer Overflow Bug Detected!) [Query Latency: 8.130601 ms]
    -> [mv] still SAT under 27 hypothesis candidate(s): not versionable
  -> Found UB Trap. Starting Backward Slice...
    -> Guard[0] (true edge of ''):  %.not275 = icmp samesign ult i64 %730, %751
    -> Guard[1] (true edge of ''):  %.not274 = icmp samesign ult i64 %730, %747
    -> Guard[2] (true edge of ''):  %.not273 = icmp samesign ult i64 %730, %743
    -> Guard[3] (true edge of ''):  %.not272 = icmp samesign ult i64 %730, %735
    -> Guard[4] (false edge of ''):  %454 = icmp eq i64 %451, 0
    -> Guard[5] (false edge of '.loopexit303'):  %452 = icmp slt i64 %451, 0
    -> Guard[6] (false edge of ''):  %392 = icmp slt i64 %391, 0
    -> Guard[7] (false edge of ''):  %386 = icmp eq i64 %385, 0
    -> Guard[8] (false edge of ''):  %371 = icmp eq i64 %370, 0
    -> Guard[9] (false edge of ''):  %356 = icmp eq i64 %355, 0
    -> Guard[10] (false edge of ''):  %128 = icmp slt i64 %127, 0
    -> Guard[11] (false edge of ''):  %39 = icmp eq i8 %38, 1
    -> Guard[12] (false edge of ''):  %18 = icmp eq i64 %17, 0
    -> Guard[13] (false edge of 'entry'):  %6 = icmp samesign ult i64 %5, 2
    -> Collected 14 dominating context guard(s).
    -> Frame refused (clobber between loads):  %127 = load i64, ptr @"$s5nbody1nSivp", align 8  vs  %.pre = load i64, ptr @"$s5nbody1nSivp", align 8
         clobber:   call void @swift_endAccess(ptr nonnull %access-scratch56) #2
    -> Frame refused (clobber between loads):  %127 = load i64, ptr @"$s5nbody1nSivp", align 8  vs  %447 = load i64, ptr @"$s5nbody1nSivp", align 8
         clobber: (MemoryPhi: clobber on some incoming arm)
    -> Frame refused (clobber between loads):  %127 = load i64, ptr @"$s5nbody1nSivp", align 8  vs  %451 = load i64, ptr @"$s5nbody1nSivp", align 8
         clobber: (MemoryPhi: clobber on some incoming arm)
    -> Frame refused (clobber between loads):  %127 = load i64, ptr @"$s5nbody1nSivp", align 8  vs  %.pr = load i64, ptr @"$s5nbody1nSivp", align 8
         clobber: (MemoryPhi: clobber on some incoming arm)
    -> Frame refused (clobber between loads):  %127 = load i64, ptr @"$s5nbody1nSivp", align 8  vs  %462 = load i64, ptr @"$s5nbody1nSivp", align 8
         clobber: (MemoryPhi: clobber on some incoming arm)
    -> Frame refused (clobber between loads):  %127 = load i64, ptr @"$s5nbody1nSivp", align 8  vs  %769 = load i64, ptr @"$s5nbody1nSivp", align 8
         clobber: (MemoryPhi: clobber on some incoming arm)
    -> [go3] 0 leaf-closure instruction(s) encoded
    -> Fact[RM:0] i64 %5 in [0,9223372036854775807) (!range)
    -> Fact[KB:1] i64 %5 known bits zero=0x9223372036854775808 one=0x0
    -> Fact[RM:2] i64 %355 in [0,9223372036854775807) (!range)
    -> Fact[KB:3] i64 %355 known bits zero=0x9223372036854775808 one=0x0
    -> Fact[RM:4] i64 %370 in [0,9223372036854775807) (!range)
    -> Fact[KB:5] i64 %370 known bits zero=0x9223372036854775808 one=0x0
    -> Fact[RM:6] i64 %385 in [0,9223372036854775807) (!range)
    -> Fact[KB:7] i64 %385 known bits zero=0x9223372036854775808 one=0x0
    -> Fact[KB:8] i64 %730 known bits zero=0x9223372036854775808 one=0x0
    -> Fact[LVI:9] i64 %730 in [0,9223372036854775806) (LVI @ )
    -> Fact[SCEV:10] i64 %730 in [0,9223372036854775807) (SCEV unsigned)
    -> Fact[SCEV:11] i64 %730 in [0,9223372036854775807) (SCEV signed)
    -> Fact[SCEVSYM:12] i64 %730 - start(0) <=u BTC((9223372036854775806 umin (-1 + %451))) (SCEV symbolic trip count, sub-form)
    -> Fact[PHIINV-hi:13] i64 %730 == i64 0 || ne(i64 %730, i64 %451) (latch-implied bound, 1-induction)
    -> Fact[PHIINV-lo:14] i64 %730 >=s i64 0 (monotone nsw increments, 1 arm(s))
    -> Fact[RM:15] i64 %735 in [0,9223372036854775807) (!range)
    -> Fact[KB:16] i64 %735 known bits zero=0x9223372036854775808 one=0x0
    -> Fact[LVI:17] i64 %735 in [1,9223372036854775807) (LVI @ )
    -> Fact[RM:18] i64 %743 in [0,9223372036854775807) (!range)
    -> Fact[KB:19] i64 %743 known bits zero=0x9223372036854775808 one=0x0
    -> Fact[LVI:20] i64 %743 in [1,9223372036854775807) (LVI @ )
    -> Fact[RM:21] i64 %747 in [0,9223372036854775807) (!range)
    -> Fact[KB:22] i64 %747 known bits zero=0x9223372036854775808 one=0x0
    -> Fact[LVI:23] i64 %747 in [1,9223372036854775807) (LVI @ )
    -> Fact[RM:24] i64 %751 in [0,9223372036854775807) (!range)
    -> Fact[KB:25] i64 %751 known bits zero=0x9223372036854775808 one=0x0
    -> Fact[LVI:26] i64 %751 in [1,9223372036854775807) (LVI @ )
    -> [heavy] 27 analysis fact(s) on 32 boundary value(s)
    -> [mv] T3: not a bounds shape (idx vs invariant count)
    -> [ind L0] BASE (1 phi(s) = entry): SAT (WARNING: Potential Integer Overflow Bug Detected!) [Query Latency: 4.050560 ms]
    -> SAT (WARNING: Potential Integer Overflow Bug Detected!) [Query Latency: 8.010989 ms]
    -> [mv] still SAT under 27 hypothesis candidate(s): not versionable
  -> Found UB Trap. Starting Backward Slice...
    -> Guard[0] (false edge of ''):  %771 = icmp eq i64 %732, %769
    -> Guard[1] (true edge of ''):  %.not328 = icmp sgt i64 %769, %730
    -> Guard[2] (true edge of ''):  %.not275 = icmp samesign ult i64 %730, %751
    -> Guard[3] (true edge of ''):  %.not274 = icmp samesign ult i64 %730, %747
    -> Guard[4] (true edge of ''):  %.not273 = icmp samesign ult i64 %730, %743
    -> Guard[5] (true edge of ''):  %.not272 = icmp samesign ult i64 %730, %735
    -> Guard[6] (false edge of ''):  %454 = icmp eq i64 %451, 0
    -> Guard[7] (false edge of '.loopexit303'):  %452 = icmp slt i64 %451, 0
    -> Guard[8] (false edge of ''):  %392 = icmp slt i64 %391, 0
    -> Guard[9] (false edge of ''):  %386 = icmp eq i64 %385, 0
    -> Guard[10] (false edge of ''):  %371 = icmp eq i64 %370, 0
    -> Guard[11] (false edge of ''):  %356 = icmp eq i64 %355, 0
    -> Guard[12] (false edge of ''):  %128 = icmp slt i64 %127, 0
    -> Guard[13] (false edge of ''):  %39 = icmp eq i8 %38, 1
    -> Guard[14] (false edge of ''):  %18 = icmp eq i64 %17, 0
    -> Guard[15] (false edge of 'entry'):  %6 = icmp samesign ult i64 %5, 2
    -> Collected 16 dominating context guard(s).
    -> Frame refused (clobber between loads):  %127 = load i64, ptr @"$s5nbody1nSivp", align 8  vs  %.pre = load i64, ptr @"$s5nbody1nSivp", align 8
         clobber:   call void @swift_endAccess(ptr nonnull %access-scratch56) #2
    -> Frame refused (clobber between loads):  %127 = load i64, ptr @"$s5nbody1nSivp", align 8  vs  %447 = load i64, ptr @"$s5nbody1nSivp", align 8
         clobber: (MemoryPhi: clobber on some incoming arm)
    -> Frame refused (clobber between loads):  %127 = load i64, ptr @"$s5nbody1nSivp", align 8  vs  %451 = load i64, ptr @"$s5nbody1nSivp", align 8
         clobber: (MemoryPhi: clobber on some incoming arm)
    -> Frame refused (clobber between loads):  %127 = load i64, ptr @"$s5nbody1nSivp", align 8  vs  %.pr = load i64, ptr @"$s5nbody1nSivp", align 8
         clobber: (MemoryPhi: clobber on some incoming arm)
    -> Frame refused (clobber between loads):  %127 = load i64, ptr @"$s5nbody1nSivp", align 8  vs  %462 = load i64, ptr @"$s5nbody1nSivp", align 8
         clobber: (MemoryPhi: clobber on some incoming arm)
    -> Frame refused (clobber between loads):  %127 = load i64, ptr @"$s5nbody1nSivp", align 8  vs  %769 = load i64, ptr @"$s5nbody1nSivp", align 8
         clobber: (MemoryPhi: clobber on some incoming arm)
    -> [go3] 0 leaf-closure instruction(s) encoded
    -> Fact[RM:0] i64 %5 in [0,9223372036854775807) (!range)
    -> Fact[KB:1] i64 %5 known bits zero=0x9223372036854775808 one=0x0
    -> Fact[RM:2] i64 %355 in [0,9223372036854775807) (!range)
    -> Fact[KB:3] i64 %355 known bits zero=0x9223372036854775808 one=0x0
    -> Fact[RM:4] i64 %370 in [0,9223372036854775807) (!range)
    -> Fact[KB:5] i64 %370 known bits zero=0x9223372036854775808 one=0x0
    -> Fact[RM:6] i64 %385 in [0,9223372036854775807) (!range)
    -> Fact[KB:7] i64 %385 known bits zero=0x9223372036854775808 one=0x0
    -> Fact[KB:8] i64 %730 known bits zero=0x9223372036854775808 one=0x0
    -> Fact[LVI:9] i64 %730 in [0,9223372036854775806) (LVI @ )
    -> Fact[SCEV:10] i64 %730 in [0,9223372036854775807) (SCEV unsigned)
    -> Fact[SCEV:11] i64 %730 in [0,9223372036854775807) (SCEV signed)
    -> Fact[SCEVSYM:12] i64 %730 - start(0) <=u BTC((9223372036854775806 umin (-1 + %451))) (SCEV symbolic trip count, sub-form)
    -> Fact[PHIINV-hi:13] i64 %730 == i64 0 || ne(i64 %730, i64 %451) (latch-implied bound, 1-induction)
    -> Fact[PHIINV-lo:14] i64 %730 >=s i64 0 (monotone nsw increments, 1 arm(s))
    -> Fact[RM:15] i64 %735 in [0,9223372036854775807) (!range)
    -> Fact[KB:16] i64 %735 known bits zero=0x9223372036854775808 one=0x0
    -> Fact[RM:17] i64 %743 in [0,9223372036854775807) (!range)
    -> Fact[KB:18] i64 %743 known bits zero=0x9223372036854775808 one=0x0
    -> Fact[RM:19] i64 %747 in [0,9223372036854775807) (!range)
    -> Fact[KB:20] i64 %747 known bits zero=0x9223372036854775808 one=0x0
    -> Fact[RM:21] i64 %751 in [0,9223372036854775807) (!range)
    -> Fact[KB:22] i64 %751 known bits zero=0x9223372036854775808 one=0x0
    -> Fact[RM:23] i64 %.pre326 in [0,9223372036854775807) (!range)
    -> Fact[KB:24] i64 %.pre326 known bits zero=0x9223372036854775808 one=0x0
    -> [heavy] 25 analysis fact(s) on 33 boundary value(s)
    -> [mv] T3: not a bounds shape (idx vs invariant count)
    -> [ind L0] BASE (1 phi(s) = entry): SAT (WARNING: Potential Integer Overflow Bug Detected!) [Query Latency: 4.338368 ms]
    -> [ind L1] BASE (1 phi(s) = entry): SAT (WARNING: Potential Integer Overflow Bug Detected!) [Query Latency: 3.802915 ms]
    -> SAT (WARNING: Potential Integer Overflow Bug Detected!) [Query Latency: 10.942038 ms]
    -> [mv] still SAT under 48 hypothesis candidate(s): not versionable
  -> Found UB Trap. Starting Backward Slice...
    -> Guard[0] (true edge of ''):  %.not277 = icmp samesign ult i64 %730, %.pre326
    -> Guard[1] (false edge of ''):  %771 = icmp eq i64 %732, %769
    -> Guard[2] (true edge of ''):  %.not328 = icmp sgt i64 %769, %730
    -> Guard[3] (true edge of ''):  %.not275 = icmp samesign ult i64 %730, %751
    -> Guard[4] (true edge of ''):  %.not274 = icmp samesign ult i64 %730, %747
    -> Guard[5] (true edge of ''):  %.not273 = icmp samesign ult i64 %730, %743
    -> Guard[6] (true edge of ''):  %.not272 = icmp samesign ult i64 %730, %735
    -> Guard[7] (false edge of ''):  %454 = icmp eq i64 %451, 0
    -> Guard[8] (false edge of '.loopexit303'):  %452 = icmp slt i64 %451, 0
    -> Guard[9] (false edge of ''):  %392 = icmp slt i64 %391, 0
    -> Guard[10] (false edge of ''):  %386 = icmp eq i64 %385, 0
    -> Guard[11] (false edge of ''):  %371 = icmp eq i64 %370, 0
    -> Guard[12] (false edge of ''):  %356 = icmp eq i64 %355, 0
    -> Guard[13] (false edge of ''):  %128 = icmp slt i64 %127, 0
    -> Guard[14] (false edge of ''):  %39 = icmp eq i8 %38, 1
    -> Guard[15] (false edge of ''):  %18 = icmp eq i64 %17, 0
    -> Guard[16] (false edge of 'entry'):  %6 = icmp samesign ult i64 %5, 2
    -> Collected 17 dominating context guard(s).
    -> Frame refused (clobber between loads):  %127 = load i64, ptr @"$s5nbody1nSivp", align 8  vs  %.pre = load i64, ptr @"$s5nbody1nSivp", align 8
         clobber:   call void @swift_endAccess(ptr nonnull %access-scratch56) #2
    -> Frame refused (clobber between loads):  %127 = load i64, ptr @"$s5nbody1nSivp", align 8  vs  %447 = load i64, ptr @"$s5nbody1nSivp", align 8
         clobber: (MemoryPhi: clobber on some incoming arm)
    -> Frame refused (clobber between loads):  %127 = load i64, ptr @"$s5nbody1nSivp", align 8  vs  %451 = load i64, ptr @"$s5nbody1nSivp", align 8
         clobber: (MemoryPhi: clobber on some incoming arm)
    -> Frame refused (clobber between loads):  %127 = load i64, ptr @"$s5nbody1nSivp", align 8  vs  %.pr = load i64, ptr @"$s5nbody1nSivp", align 8
         clobber: (MemoryPhi: clobber on some incoming arm)
    -> Frame refused (clobber between loads):  %127 = load i64, ptr @"$s5nbody1nSivp", align 8  vs  %462 = load i64, ptr @"$s5nbody1nSivp", align 8
         clobber: (MemoryPhi: clobber on some incoming arm)
    -> Frame refused (clobber between loads):  %127 = load i64, ptr @"$s5nbody1nSivp", align 8  vs  %769 = load i64, ptr @"$s5nbody1nSivp", align 8
         clobber: (MemoryPhi: clobber on some incoming arm)
    -> [go3] 1 leaf-closure instruction(s) encoded
    -> Fact[RM:0] i64 %5 in [0,9223372036854775807) (!range)
    -> Fact[KB:1] i64 %5 known bits zero=0x9223372036854775808 one=0x0
    -> Fact[RM:2] i64 %355 in [0,9223372036854775807) (!range)
    -> Fact[KB:3] i64 %355 known bits zero=0x9223372036854775808 one=0x0
    -> Fact[RM:4] i64 %370 in [0,9223372036854775807) (!range)
    -> Fact[KB:5] i64 %370 known bits zero=0x9223372036854775808 one=0x0
    -> Fact[RM:6] i64 %385 in [0,9223372036854775807) (!range)
    -> Fact[KB:7] i64 %385 known bits zero=0x9223372036854775808 one=0x0
    -> Fact[KB:8] i64 %730 known bits zero=0x9223372036854775808 one=0x0
    -> Fact[LVI:9] i64 %730 in [0,9223372036854775806) (LVI @ )
    -> Fact[SCEV:10] i64 %730 in [0,9223372036854775807) (SCEV unsigned)
    -> Fact[SCEV:11] i64 %730 in [0,9223372036854775807) (SCEV signed)
    -> Fact[SCEVSYM:12] i64 %730 - start(0) <=u BTC((9223372036854775806 umin (-1 + %451))) (SCEV symbolic trip count, sub-form)
    -> Fact[PHIINV-hi:13] i64 %730 == i64 0 || ne(i64 %730, i64 %451) (latch-implied bound, 1-induction)
    -> Fact[PHIINV-lo:14] i64 %730 >=s i64 0 (monotone nsw increments, 1 arm(s))
    -> Fact[RM:15] i64 %735 in [0,9223372036854775807) (!range)
    -> Fact[KB:16] i64 %735 known bits zero=0x9223372036854775808 one=0x0
    -> Fact[RM:17] i64 %743 in [0,9223372036854775807) (!range)
    -> Fact[KB:18] i64 %743 known bits zero=0x9223372036854775808 one=0x0
    -> Fact[RM:19] i64 %747 in [0,9223372036854775807) (!range)
    -> Fact[KB:20] i64 %747 known bits zero=0x9223372036854775808 one=0x0
    -> Fact[RM:21] i64 %751 in [0,9223372036854775807) (!range)
    -> Fact[KB:22] i64 %751 known bits zero=0x9223372036854775808 one=0x0
    -> Fact[RM:23] i64 %.pre326 in [0,9223372036854775807) (!range)
    -> Fact[KB:24] i64 %.pre326 known bits zero=0x9223372036854775808 one=0x0
    -> Fact[LVI:25] i64 %.pre326 in [1,0) (LVI @ )
    -> Fact[KB:26] i64 %793 known bits zero=0x9223372036854775808 one=0x0
    -> Fact[SCEV:27] i64 %793 in [1,-9223372036854775808) (SCEV unsigned)
    -> Fact[SCEV:28] i64 %793 in [1,-9223372036854775808) (SCEV signed)
    -> Fact[PHIINV-hi:29] i64 %793 == i64 %732 || ne(i64 %793, i64 %769) (latch-implied bound, 1-induction)
    -> Fact[PHIINV-lo:30] i64 %793 >=s i64 %732 (monotone nsw increments, 1 arm(s))
    -> [heavy] 31 analysis fact(s) on 34 boundary value(s)
    -> [mv] T3 symbolic index bound: max(idx) = (-1 + %769)
    -> [ind L0] BASE (1 phi(s) = entry): SAT (WARNING: Potential Integer Overflow Bug Detected!) [Query Latency: 7.290818 ms]
    -> [ind L1] BASE (1 phi(s) = entry): SAT (WARNING: Potential Integer Overflow Bug Detected!) [Query Latency: 4.142381 ms]
    -> SAT (WARNING: Potential Integer Overflow Bug Detected!) [Query Latency: 11.810960 ms]
    -> [mv] still SAT under 49 hypothesis candidate(s): not versionable
  -> Found UB Trap. Starting Backward Slice...
    -> Guard[0] (true edge of ''):  %.not278 = icmp samesign ult i64 %793, %.pre326
    -> Guard[1] (true edge of ''):  %.not277 = icmp samesign ult i64 %730, %.pre326
    -> Guard[2] (false edge of ''):  %771 = icmp eq i64 %732, %769
    -> Guard[3] (true edge of ''):  %.not328 = icmp sgt i64 %769, %730
    -> Guard[4] (true edge of ''):  %.not275 = icmp samesign ult i64 %730, %751
    -> Guard[5] (true edge of ''):  %.not274 = icmp samesign ult i64 %730, %747
    -> Guard[6] (true edge of ''):  %.not273 = icmp samesign ult i64 %730, %743
    -> Guard[7] (true edge of ''):  %.not272 = icmp samesign ult i64 %730, %735
    -> Guard[8] (false edge of ''):  %454 = icmp eq i64 %451, 0
    -> Guard[9] (false edge of '.loopexit303'):  %452 = icmp slt i64 %451, 0
    -> Guard[10] (false edge of ''):  %392 = icmp slt i64 %391, 0
    -> Guard[11] (false edge of ''):  %386 = icmp eq i64 %385, 0
    -> Guard[12] (false edge of ''):  %371 = icmp eq i64 %370, 0
    -> Guard[13] (false edge of ''):  %356 = icmp eq i64 %355, 0
    -> Guard[14] (false edge of ''):  %128 = icmp slt i64 %127, 0
    -> Guard[15] (false edge of ''):  %39 = icmp eq i8 %38, 1
    -> Guard[16] (false edge of ''):  %18 = icmp eq i64 %17, 0
    -> Guard[17] (false edge of 'entry'):  %6 = icmp samesign ult i64 %5, 2
    -> Collected 18 dominating context guard(s).
    -> Frame refused (clobber between loads):  %127 = load i64, ptr @"$s5nbody1nSivp", align 8  vs  %.pre = load i64, ptr @"$s5nbody1nSivp", align 8
         clobber:   call void @swift_endAccess(ptr nonnull %access-scratch56) #2
    -> Frame refused (clobber between loads):  %127 = load i64, ptr @"$s5nbody1nSivp", align 8  vs  %447 = load i64, ptr @"$s5nbody1nSivp", align 8
         clobber: (MemoryPhi: clobber on some incoming arm)
    -> Frame refused (clobber between loads):  %127 = load i64, ptr @"$s5nbody1nSivp", align 8  vs  %451 = load i64, ptr @"$s5nbody1nSivp", align 8
         clobber: (MemoryPhi: clobber on some incoming arm)
    -> Frame refused (clobber between loads):  %127 = load i64, ptr @"$s5nbody1nSivp", align 8  vs  %.pr = load i64, ptr @"$s5nbody1nSivp", align 8
         clobber: (MemoryPhi: clobber on some incoming arm)
    -> Frame refused (clobber between loads):  %127 = load i64, ptr @"$s5nbody1nSivp", align 8  vs  %462 = load i64, ptr @"$s5nbody1nSivp", align 8
         clobber: (MemoryPhi: clobber on some incoming arm)
    -> Frame refused (clobber between loads):  %127 = load i64, ptr @"$s5nbody1nSivp", align 8  vs  %769 = load i64, ptr @"$s5nbody1nSivp", align 8
         clobber: (MemoryPhi: clobber on some incoming arm)
    -> [go3] 1 leaf-closure instruction(s) encoded
    -> Fact[RM:0] i64 %5 in [0,9223372036854775807) (!range)
    -> Fact[KB:1] i64 %5 known bits zero=0x9223372036854775808 one=0x0
    -> Fact[RM:2] i64 %355 in [0,9223372036854775807) (!range)
    -> Fact[KB:3] i64 %355 known bits zero=0x9223372036854775808 one=0x0
    -> Fact[RM:4] i64 %370 in [0,9223372036854775807) (!range)
    -> Fact[KB:5] i64 %370 known bits zero=0x9223372036854775808 one=0x0
    -> Fact[RM:6] i64 %385 in [0,9223372036854775807) (!range)
    -> Fact[KB:7] i64 %385 known bits zero=0x9223372036854775808 one=0x0
    -> Fact[KB:8] i64 %730 known bits zero=0x9223372036854775808 one=0x0
    -> Fact[LVI:9] i64 %730 in [0,9223372036854775806) (LVI @ )
    -> Fact[SCEV:10] i64 %730 in [0,9223372036854775807) (SCEV unsigned)
    -> Fact[SCEV:11] i64 %730 in [0,9223372036854775807) (SCEV signed)
    -> Fact[SCEVSYM:12] i64 %730 - start(0) <=u BTC((9223372036854775806 umin (-1 + %451))) (SCEV symbolic trip count, sub-form)
    -> Fact[PHIINV-hi:13] i64 %730 == i64 0 || ne(i64 %730, i64 %451) (latch-implied bound, 1-induction)
    -> Fact[PHIINV-lo:14] i64 %730 >=s i64 0 (monotone nsw increments, 1 arm(s))
    -> Fact[RM:15] i64 %735 in [0,9223372036854775807) (!range)
    -> Fact[KB:16] i64 %735 known bits zero=0x9223372036854775808 one=0x0
    -> Fact[RM:17] i64 %743 in [0,9223372036854775807) (!range)
    -> Fact[KB:18] i64 %743 known bits zero=0x9223372036854775808 one=0x0
    -> Fact[RM:19] i64 %747 in [0,9223372036854775807) (!range)
    -> Fact[KB:20] i64 %747 known bits zero=0x9223372036854775808 one=0x0
    -> Fact[RM:21] i64 %751 in [0,9223372036854775807) (!range)
    -> Fact[KB:22] i64 %751 known bits zero=0x9223372036854775808 one=0x0
    -> Fact[RM:23] i64 %.pre326 in [0,9223372036854775807) (!range)
    -> Fact[KB:24] i64 %.pre326 known bits zero=0x9223372036854775808 one=0x0
    -> Fact[LVI:25] i64 %.pre326 in [1,0) (LVI @ )
    -> Fact[KB:26] i64 %793 known bits zero=0x9223372036854775808 one=0x0
    -> Fact[LVI:27] i64 %793 in [0,-1) (LVI @ )
    -> Fact[SCEV:28] i64 %793 in [1,-9223372036854775808) (SCEV unsigned)
    -> Fact[SCEV:29] i64 %793 in [1,-9223372036854775808) (SCEV signed)
    -> Fact[PHIINV-hi:30] i64 %793 == i64 %732 || ne(i64 %793, i64 %769) (latch-implied bound, 1-induction)
    -> Fact[PHIINV-lo:31] i64 %793 >=s i64 %732 (monotone nsw increments, 1 arm(s))
    -> Fact[RM:32] i64 %801 in [0,9223372036854775807) (!range)
    -> Fact[KB:33] i64 %801 known bits zero=0x9223372036854775808 one=0x0
    -> [heavy] 34 analysis fact(s) on 35 boundary value(s)
    -> [mv] T3: not a bounds shape (idx vs invariant count)
    -> [ind L0] BASE (1 phi(s) = entry): SAT (WARNING: Potential Integer Overflow Bug Detected!) [Query Latency: 4.282482 ms]
    -> [ind L1] BASE (1 phi(s) = entry): SAT (WARNING: Potential Integer Overflow Bug Detected!) [Query Latency: 6.431295 ms]
    -> SAT (WARNING: Potential Integer Overflow Bug Detected!) [Query Latency: 13.081099 ms]
    -> [mv] still SAT under 48 hypothesis candidate(s): not versionable
  -> Found UB Trap. Starting Backward Slice...
    -> Guard[0] (true edge of ''):  %.not279 = icmp samesign ult i64 %730, %801
    -> Guard[1] (true edge of ''):  %.not278 = icmp samesign ult i64 %793, %.pre326
    -> Guard[2] (true edge of ''):  %.not277 = icmp samesign ult i64 %730, %.pre326
    -> Guard[3] (false edge of ''):  %771 = icmp eq i64 %732, %769
    -> Guard[4] (true edge of ''):  %.not328 = icmp sgt i64 %769, %730
    -> Guard[5] (true edge of ''):  %.not275 = icmp samesign ult i64 %730, %751
    -> Guard[6] (true edge of ''):  %.not274 = icmp samesign ult i64 %730, %747
    -> Guard[7] (true edge of ''):  %.not273 = icmp samesign ult i64 %730, %743
    -> Guard[8] (true edge of ''):  %.not272 = icmp samesign ult i64 %730, %735
    -> Guard[9] (false edge of ''):  %454 = icmp eq i64 %451, 0
    -> Guard[10] (false edge of '.loopexit303'):  %452 = icmp slt i64 %451, 0
    -> Guard[11] (false edge of ''):  %392 = icmp slt i64 %391, 0
    -> Guard[12] (false edge of ''):  %386 = icmp eq i64 %385, 0
    -> Guard[13] (false edge of ''):  %371 = icmp eq i64 %370, 0
    -> Guard[14] (false edge of ''):  %356 = icmp eq i64 %355, 0
    -> Guard[15] (false edge of ''):  %128 = icmp slt i64 %127, 0
    -> Guard[16] (false edge of ''):  %39 = icmp eq i8 %38, 1
    -> Guard[17] (false edge of ''):  %18 = icmp eq i64 %17, 0
    -> Guard[18] (false edge of 'entry'):  %6 = icmp samesign ult i64 %5, 2
    -> Collected 19 dominating context guard(s).
    -> Frame refused (clobber between loads):  %127 = load i64, ptr @"$s5nbody1nSivp", align 8  vs  %.pre = load i64, ptr @"$s5nbody1nSivp", align 8
         clobber:   call void @swift_endAccess(ptr nonnull %access-scratch56) #2
    -> Frame refused (clobber between loads):  %127 = load i64, ptr @"$s5nbody1nSivp", align 8  vs  %447 = load i64, ptr @"$s5nbody1nSivp", align 8
         clobber: (MemoryPhi: clobber on some incoming arm)
    -> Frame refused (clobber between loads):  %127 = load i64, ptr @"$s5nbody1nSivp", align 8  vs  %451 = load i64, ptr @"$s5nbody1nSivp", align 8
         clobber: (MemoryPhi: clobber on some incoming arm)
    -> Frame refused (clobber between loads):  %127 = load i64, ptr @"$s5nbody1nSivp", align 8  vs  %.pr = load i64, ptr @"$s5nbody1nSivp", align 8
         clobber: (MemoryPhi: clobber on some incoming arm)
    -> Frame refused (clobber between loads):  %127 = load i64, ptr @"$s5nbody1nSivp", align 8  vs  %462 = load i64, ptr @"$s5nbody1nSivp", align 8
         clobber: (MemoryPhi: clobber on some incoming arm)
    -> Frame refused (clobber between loads):  %127 = load i64, ptr @"$s5nbody1nSivp", align 8  vs  %769 = load i64, ptr @"$s5nbody1nSivp", align 8
         clobber: (MemoryPhi: clobber on some incoming arm)
    -> [go3] 1 leaf-closure instruction(s) encoded
    -> Fact[RM:0] i64 %5 in [0,9223372036854775807) (!range)
    -> Fact[KB:1] i64 %5 known bits zero=0x9223372036854775808 one=0x0
    -> Fact[RM:2] i64 %355 in [0,9223372036854775807) (!range)
    -> Fact[KB:3] i64 %355 known bits zero=0x9223372036854775808 one=0x0
    -> Fact[RM:4] i64 %370 in [0,9223372036854775807) (!range)
    -> Fact[KB:5] i64 %370 known bits zero=0x9223372036854775808 one=0x0
    -> Fact[RM:6] i64 %385 in [0,9223372036854775807) (!range)
    -> Fact[KB:7] i64 %385 known bits zero=0x9223372036854775808 one=0x0
    -> Fact[KB:8] i64 %730 known bits zero=0x9223372036854775808 one=0x0
    -> Fact[LVI:9] i64 %730 in [0,9223372036854775806) (LVI @ )
    -> Fact[SCEV:10] i64 %730 in [0,9223372036854775807) (SCEV unsigned)
    -> Fact[SCEV:11] i64 %730 in [0,9223372036854775807) (SCEV signed)
    -> Fact[SCEVSYM:12] i64 %730 - start(0) <=u BTC((9223372036854775806 umin (-1 + %451))) (SCEV symbolic trip count, sub-form)
    -> Fact[PHIINV-hi:13] i64 %730 == i64 0 || ne(i64 %730, i64 %451) (latch-implied bound, 1-induction)
    -> Fact[PHIINV-lo:14] i64 %730 >=s i64 0 (monotone nsw increments, 1 arm(s))
    -> Fact[RM:15] i64 %735 in [0,9223372036854775807) (!range)
    -> Fact[KB:16] i64 %735 known bits zero=0x9223372036854775808 one=0x0
    -> Fact[RM:17] i64 %743 in [0,9223372036854775807) (!range)
    -> Fact[KB:18] i64 %743 known bits zero=0x9223372036854775808 one=0x0
    -> Fact[RM:19] i64 %747 in [0,9223372036854775807) (!range)
    -> Fact[KB:20] i64 %747 known bits zero=0x9223372036854775808 one=0x0
    -> Fact[RM:21] i64 %751 in [0,9223372036854775807) (!range)
    -> Fact[KB:22] i64 %751 known bits zero=0x9223372036854775808 one=0x0
    -> Fact[RM:23] i64 %.pre326 in [0,9223372036854775807) (!range)
    -> Fact[KB:24] i64 %.pre326 known bits zero=0x9223372036854775808 one=0x0
    -> Fact[LVI:25] i64 %.pre326 in [1,0) (LVI @ )
    -> Fact[KB:26] i64 %793 known bits zero=0x9223372036854775808 one=0x0
    -> Fact[LVI:27] i64 %793 in [0,-1) (LVI @ )
    -> Fact[SCEV:28] i64 %793 in [1,-9223372036854775808) (SCEV unsigned)
    -> Fact[SCEV:29] i64 %793 in [1,-9223372036854775808) (SCEV signed)
    -> Fact[PHIINV-hi:30] i64 %793 == i64 %732 || ne(i64 %793, i64 %769) (latch-implied bound, 1-induction)
    -> Fact[PHIINV-lo:31] i64 %793 >=s i64 %732 (monotone nsw increments, 1 arm(s))
    -> Fact[RM:32] i64 %801 in [0,9223372036854775807) (!range)
    -> Fact[KB:33] i64 %801 known bits zero=0x9223372036854775808 one=0x0
    -> Fact[LVI:34] i64 %801 in [1,9223372036854775807) (LVI @ )
    -> [heavy] 35 analysis fact(s) on 35 boundary value(s)
    -> [mv] T3: not a bounds shape (idx vs invariant count)
    -> [ind L0] BASE (1 phi(s) = entry): SAT (WARNING: Potential Integer Overflow Bug Detected!) [Query Latency: 8.634260 ms]
    -> [ind L1] BASE (1 phi(s) = entry): SAT (WARNING: Potential Integer Overflow Bug Detected!) [Query Latency: 4.523438 ms]
    -> SAT (WARNING: Potential Integer Overflow Bug Detected!) [Query Latency: 10.562882 ms]
    -> [mv] still SAT under 48 hypothesis candidate(s): not versionable
  -> Found UB Trap. Starting Backward Slice...
    -> Guard[0] (true edge of ''):  %.not280 = icmp samesign ult i64 %793, %801
    -> Guard[1] (true edge of ''):  %.not279 = icmp samesign ult i64 %730, %801
    -> Guard[2] (true edge of ''):  %.not278 = icmp samesign ult i64 %793, %.pre326
    -> Guard[3] (true edge of ''):  %.not277 = icmp samesign ult i64 %730, %.pre326
    -> Guard[4] (false edge of ''):  %771 = icmp eq i64 %732, %769
    -> Guard[5] (true edge of ''):  %.not328 = icmp sgt i64 %769, %730
    -> Guard[6] (true edge of ''):  %.not275 = icmp samesign ult i64 %730, %751
    -> Guard[7] (true edge of ''):  %.not274 = icmp samesign ult i64 %730, %747
    -> Guard[8] (true edge of ''):  %.not273 = icmp samesign ult i64 %730, %743
    -> Guard[9] (true edge of ''):  %.not272 = icmp samesign ult i64 %730, %735
    -> Guard[10] (false edge of ''):  %454 = icmp eq i64 %451, 0
    -> Guard[11] (false edge of '.loopexit303'):  %452 = icmp slt i64 %451, 0
    -> Guard[12] (false edge of ''):  %392 = icmp slt i64 %391, 0
    -> Guard[13] (false edge of ''):  %386 = icmp eq i64 %385, 0
    -> Guard[14] (false edge of ''):  %371 = icmp eq i64 %370, 0
    -> Guard[15] (false edge of ''):  %356 = icmp eq i64 %355, 0
    -> Guard[16] (false edge of ''):  %128 = icmp slt i64 %127, 0
    -> Guard[17] (false edge of ''):  %39 = icmp eq i8 %38, 1
    -> Guard[18] (false edge of ''):  %18 = icmp eq i64 %17, 0
    -> Guard[19] (false edge of 'entry'):  %6 = icmp samesign ult i64 %5, 2
    -> Collected 20 dominating context guard(s).
    -> Frame refused (clobber between loads):  %127 = load i64, ptr @"$s5nbody1nSivp", align 8  vs  %.pre = load i64, ptr @"$s5nbody1nSivp", align 8
         clobber:   call void @swift_endAccess(ptr nonnull %access-scratch56) #2
    -> Frame refused (clobber between loads):  %127 = load i64, ptr @"$s5nbody1nSivp", align 8  vs  %447 = load i64, ptr @"$s5nbody1nSivp", align 8
         clobber: (MemoryPhi: clobber on some incoming arm)
    -> Frame refused (clobber between loads):  %127 = load i64, ptr @"$s5nbody1nSivp", align 8  vs  %451 = load i64, ptr @"$s5nbody1nSivp", align 8
         clobber: (MemoryPhi: clobber on some incoming arm)
    -> Frame refused (clobber between loads):  %127 = load i64, ptr @"$s5nbody1nSivp", align 8  vs  %.pr = load i64, ptr @"$s5nbody1nSivp", align 8
         clobber: (MemoryPhi: clobber on some incoming arm)
    -> Frame refused (clobber between loads):  %127 = load i64, ptr @"$s5nbody1nSivp", align 8  vs  %462 = load i64, ptr @"$s5nbody1nSivp", align 8
         clobber: (MemoryPhi: clobber on some incoming arm)
    -> Frame refused (clobber between loads):  %127 = load i64, ptr @"$s5nbody1nSivp", align 8  vs  %769 = load i64, ptr @"$s5nbody1nSivp", align 8
         clobber: (MemoryPhi: clobber on some incoming arm)
    -> [go3] 1 leaf-closure instruction(s) encoded
    -> Fact[RM:0] i64 %5 in [0,9223372036854775807) (!range)
    -> Fact[KB:1] i64 %5 known bits zero=0x9223372036854775808 one=0x0
    -> Fact[RM:2] i64 %355 in [0,9223372036854775807) (!range)
    -> Fact[KB:3] i64 %355 known bits zero=0x9223372036854775808 one=0x0
    -> Fact[RM:4] i64 %370 in [0,9223372036854775807) (!range)
    -> Fact[KB:5] i64 %370 known bits zero=0x9223372036854775808 one=0x0
    -> Fact[RM:6] i64 %385 in [0,9223372036854775807) (!range)
    -> Fact[KB:7] i64 %385 known bits zero=0x9223372036854775808 one=0x0
    -> Fact[KB:8] i64 %730 known bits zero=0x9223372036854775808 one=0x0
    -> Fact[LVI:9] i64 %730 in [0,9223372036854775806) (LVI @ )
    -> Fact[SCEV:10] i64 %730 in [0,9223372036854775807) (SCEV unsigned)
    -> Fact[SCEV:11] i64 %730 in [0,9223372036854775807) (SCEV signed)
    -> Fact[SCEVSYM:12] i64 %730 - start(0) <=u BTC((9223372036854775806 umin (-1 + %451))) (SCEV symbolic trip count, sub-form)
    -> Fact[PHIINV-hi:13] i64 %730 == i64 0 || ne(i64 %730, i64 %451) (latch-implied bound, 1-induction)
    -> Fact[PHIINV-lo:14] i64 %730 >=s i64 0 (monotone nsw increments, 1 arm(s))
    -> Fact[RM:15] i64 %735 in [0,9223372036854775807) (!range)
    -> Fact[KB:16] i64 %735 known bits zero=0x9223372036854775808 one=0x0
    -> Fact[RM:17] i64 %743 in [0,9223372036854775807) (!range)
    -> Fact[KB:18] i64 %743 known bits zero=0x9223372036854775808 one=0x0
    -> Fact[RM:19] i64 %747 in [0,9223372036854775807) (!range)
    -> Fact[KB:20] i64 %747 known bits zero=0x9223372036854775808 one=0x0
    -> Fact[RM:21] i64 %751 in [0,9223372036854775807) (!range)
    -> Fact[KB:22] i64 %751 known bits zero=0x9223372036854775808 one=0x0
    -> Fact[RM:23] i64 %.pre326 in [0,9223372036854775807) (!range)
    -> Fact[KB:24] i64 %.pre326 known bits zero=0x9223372036854775808 one=0x0
    -> Fact[LVI:25] i64 %.pre326 in [1,0) (LVI @ )
    -> Fact[KB:26] i64 %793 known bits zero=0x9223372036854775808 one=0x0
    -> Fact[LVI:27] i64 %793 in [0,9223372036854775806) (LVI @ )
    -> Fact[SCEV:28] i64 %793 in [1,-9223372036854775808) (SCEV unsigned)
    -> Fact[SCEV:29] i64 %793 in [1,-9223372036854775808) (SCEV signed)
    -> Fact[PHIINV-hi:30] i64 %793 == i64 %732 || ne(i64 %793, i64 %769) (latch-implied bound, 1-induction)
    -> Fact[PHIINV-lo:31] i64 %793 >=s i64 %732 (monotone nsw increments, 1 arm(s))
    -> Fact[RM:32] i64 %801 in [0,9223372036854775807) (!range)
    -> Fact[KB:33] i64 %801 known bits zero=0x9223372036854775808 one=0x0
    -> Fact[LVI:34] i64 %801 in [1,9223372036854775807) (LVI @ )
    -> Fact[RM:35] i64 %808 in [0,9223372036854775807) (!range)
    -> Fact[KB:36] i64 %808 known bits zero=0x9223372036854775808 one=0x0
    -> [heavy] 37 analysis fact(s) on 36 boundary value(s)
    -> [mv] T3: not a bounds shape (idx vs invariant count)
    -> [ind L0] BASE (1 phi(s) = entry): SAT (WARNING: Potential Integer Overflow Bug Detected!) [Query Latency: 4.971487 ms]
    -> [ind L1] BASE (1 phi(s) = entry): SAT (WARNING: Potential Integer Overflow Bug Detected!) [Query Latency: 4.349957 ms]
    -> SAT (WARNING: Potential Integer Overflow Bug Detected!) [Query Latency: 11.995921 ms]
    -> [mv] still SAT under 48 hypothesis candidate(s): not versionable
  -> Found UB Trap. Starting Backward Slice...
    -> Guard[0] (true edge of ''):  %.not281 = icmp samesign ult i64 %730, %808
    -> Guard[1] (true edge of ''):  %.not280 = icmp samesign ult i64 %793, %801
    -> Guard[2] (true edge of ''):  %.not279 = icmp samesign ult i64 %730, %801
    -> Guard[3] (true edge of ''):  %.not278 = icmp samesign ult i64 %793, %.pre326
    -> Guard[4] (true edge of ''):  %.not277 = icmp samesign ult i64 %730, %.pre326
    -> Guard[5] (false edge of ''):  %771 = icmp eq i64 %732, %769
    -> Guard[6] (true edge of ''):  %.not328 = icmp sgt i64 %769, %730
    -> Guard[7] (true edge of ''):  %.not275 = icmp samesign ult i64 %730, %751
    -> Guard[8] (true edge of ''):  %.not274 = icmp samesign ult i64 %730, %747
    -> Guard[9] (true edge of ''):  %.not273 = icmp samesign ult i64 %730, %743
    -> Guard[10] (true edge of ''):  %.not272 = icmp samesign ult i64 %730, %735
    -> Guard[11] (false edge of ''):  %454 = icmp eq i64 %451, 0
    -> Guard[12] (false edge of '.loopexit303'):  %452 = icmp slt i64 %451, 0
    -> Guard[13] (false edge of ''):  %392 = icmp slt i64 %391, 0
    -> Guard[14] (false edge of ''):  %386 = icmp eq i64 %385, 0
    -> Guard[15] (false edge of ''):  %371 = icmp eq i64 %370, 0
    -> Guard[16] (false edge of ''):  %356 = icmp eq i64 %355, 0
    -> Guard[17] (false edge of ''):  %128 = icmp slt i64 %127, 0
    -> Guard[18] (false edge of ''):  %39 = icmp eq i8 %38, 1
    -> Guard[19] (false edge of ''):  %18 = icmp eq i64 %17, 0
    -> Guard[20] (false edge of 'entry'):  %6 = icmp samesign ult i64 %5, 2
    -> Collected 21 dominating context guard(s).
    -> Frame refused (clobber between loads):  %127 = load i64, ptr @"$s5nbody1nSivp", align 8  vs  %.pre = load i64, ptr @"$s5nbody1nSivp", align 8
         clobber:   call void @swift_endAccess(ptr nonnull %access-scratch56) #2
    -> Frame refused (clobber between loads):  %127 = load i64, ptr @"$s5nbody1nSivp", align 8  vs  %447 = load i64, ptr @"$s5nbody1nSivp", align 8
         clobber: (MemoryPhi: clobber on some incoming arm)
    -> Frame refused (clobber between loads):  %127 = load i64, ptr @"$s5nbody1nSivp", align 8  vs  %451 = load i64, ptr @"$s5nbody1nSivp", align 8
         clobber: (MemoryPhi: clobber on some incoming arm)
    -> Frame refused (clobber between loads):  %127 = load i64, ptr @"$s5nbody1nSivp", align 8  vs  %.pr = load i64, ptr @"$s5nbody1nSivp", align 8
         clobber: (MemoryPhi: clobber on some incoming arm)
    -> Frame refused (clobber between loads):  %127 = load i64, ptr @"$s5nbody1nSivp", align 8  vs  %462 = load i64, ptr @"$s5nbody1nSivp", align 8
         clobber: (MemoryPhi: clobber on some incoming arm)
    -> Frame refused (clobber between loads):  %127 = load i64, ptr @"$s5nbody1nSivp", align 8  vs  %769 = load i64, ptr @"$s5nbody1nSivp", align 8
         clobber: (MemoryPhi: clobber on some incoming arm)
    -> [go3] 1 leaf-closure instruction(s) encoded
    -> Fact[RM:0] i64 %5 in [0,9223372036854775807) (!range)
    -> Fact[KB:1] i64 %5 known bits zero=0x9223372036854775808 one=0x0
    -> Fact[RM:2] i64 %355 in [0,9223372036854775807) (!range)
    -> Fact[KB:3] i64 %355 known bits zero=0x9223372036854775808 one=0x0
    -> Fact[RM:4] i64 %370 in [0,9223372036854775807) (!range)
    -> Fact[KB:5] i64 %370 known bits zero=0x9223372036854775808 one=0x0
    -> Fact[RM:6] i64 %385 in [0,9223372036854775807) (!range)
    -> Fact[KB:7] i64 %385 known bits zero=0x9223372036854775808 one=0x0
    -> Fact[KB:8] i64 %730 known bits zero=0x9223372036854775808 one=0x0
    -> Fact[LVI:9] i64 %730 in [0,9223372036854775806) (LVI @ )
    -> Fact[SCEV:10] i64 %730 in [0,9223372036854775807) (SCEV unsigned)
    -> Fact[SCEV:11] i64 %730 in [0,9223372036854775807) (SCEV signed)
    -> Fact[SCEVSYM:12] i64 %730 - start(0) <=u BTC((9223372036854775806 umin (-1 + %451))) (SCEV symbolic trip count, sub-form)
    -> Fact[PHIINV-hi:13] i64 %730 == i64 0 || ne(i64 %730, i64 %451) (latch-implied bound, 1-induction)
    -> Fact[PHIINV-lo:14] i64 %730 >=s i64 0 (monotone nsw increments, 1 arm(s))
    -> Fact[RM:15] i64 %735 in [0,9223372036854775807) (!range)
    -> Fact[KB:16] i64 %735 known bits zero=0x9223372036854775808 one=0x0
    -> Fact[RM:17] i64 %743 in [0,9223372036854775807) (!range)
    -> Fact[KB:18] i64 %743 known bits zero=0x9223372036854775808 one=0x0
    -> Fact[RM:19] i64 %747 in [0,9223372036854775807) (!range)
    -> Fact[KB:20] i64 %747 known bits zero=0x9223372036854775808 one=0x0
    -> Fact[RM:21] i64 %751 in [0,9223372036854775807) (!range)
    -> Fact[KB:22] i64 %751 known bits zero=0x9223372036854775808 one=0x0
    -> Fact[RM:23] i64 %.pre326 in [0,9223372036854775807) (!range)
    -> Fact[KB:24] i64 %.pre326 known bits zero=0x9223372036854775808 one=0x0
    -> Fact[LVI:25] i64 %.pre326 in [1,0) (LVI @ )
    -> Fact[KB:26] i64 %793 known bits zero=0x9223372036854775808 one=0x0
    -> Fact[LVI:27] i64 %793 in [0,9223372036854775806) (LVI @ )
    -> Fact[SCEV:28] i64 %793 in [1,-9223372036854775808) (SCEV unsigned)
    -> Fact[SCEV:29] i64 %793 in [1,-9223372036854775808) (SCEV signed)
    -> Fact[PHIINV-hi:30] i64 %793 == i64 %732 || ne(i64 %793, i64 %769) (latch-implied bound, 1-induction)
    -> Fact[PHIINV-lo:31] i64 %793 >=s i64 %732 (monotone nsw increments, 1 arm(s))
    -> Fact[RM:32] i64 %801 in [0,9223372036854775807) (!range)
    -> Fact[KB:33] i64 %801 known bits zero=0x9223372036854775808 one=0x0
    -> Fact[LVI:34] i64 %801 in [1,9223372036854775807) (LVI @ )
    -> Fact[RM:35] i64 %808 in [0,9223372036854775807) (!range)
    -> Fact[KB:36] i64 %808 known bits zero=0x9223372036854775808 one=0x0
    -> Fact[LVI:37] i64 %808 in [1,9223372036854775807) (LVI @ )
    -> [heavy] 38 analysis fact(s) on 36 boundary value(s)
    -> [mv] T3: not a bounds shape (idx vs invariant count)
    -> [ind L0] BASE (1 phi(s) = entry): SAT (WARNING: Potential Integer Overflow Bug Detected!) [Query Latency: 15.908234 ms]
    -> [ind L1] BASE (1 phi(s) = entry): SAT (WARNING: Potential Integer Overflow Bug Detected!) [Query Latency: 4.614764 ms]
    -> SAT (WARNING: Potential Integer Overflow Bug Detected!) [Query Latency: 10.781719 ms]
    -> [mv] still SAT under 48 hypothesis candidate(s): not versionable
  -> Found UB Trap. Starting Backward Slice...
    -> Guard[0] (true edge of ''):  %.not282 = icmp samesign ult i64 %793, %808
    -> Guard[1] (true edge of ''):  %.not281 = icmp samesign ult i64 %730, %808
    -> Guard[2] (true edge of ''):  %.not280 = icmp samesign ult i64 %793, %801
    -> Guard[3] (true edge of ''):  %.not279 = icmp samesign ult i64 %730, %801
    -> Guard[4] (true edge of ''):  %.not278 = icmp samesign ult i64 %793, %.pre326
    -> Guard[5] (true edge of ''):  %.not277 = icmp samesign ult i64 %730, %.pre326
    -> Guard[6] (false edge of ''):  %771 = icmp eq i64 %732, %769
    -> Guard[7] (true edge of ''):  %.not328 = icmp sgt i64 %769, %730
    -> Guard[8] (true edge of ''):  %.not275 = icmp samesign ult i64 %730, %751
    -> Guard[9] (true edge of ''):  %.not274 = icmp samesign ult i64 %730, %747
    -> Guard[10] (true edge of ''):  %.not273 = icmp samesign ult i64 %730, %743
    -> Guard[11] (true edge of ''):  %.not272 = icmp samesign ult i64 %730, %735
    -> Guard[12] (false edge of ''):  %454 = icmp eq i64 %451, 0
    -> Guard[13] (false edge of '.loopexit303'):  %452 = icmp slt i64 %451, 0
    -> Guard[14] (false edge of ''):  %392 = icmp slt i64 %391, 0
    -> Guard[15] (false edge of ''):  %386 = icmp eq i64 %385, 0
    -> Guard[16] (false edge of ''):  %371 = icmp eq i64 %370, 0
    -> Guard[17] (false edge of ''):  %356 = icmp eq i64 %355, 0
    -> Guard[18] (false edge of ''):  %128 = icmp slt i64 %127, 0
    -> Guard[19] (false edge of ''):  %39 = icmp eq i8 %38, 1
    -> Guard[20] (false edge of ''):  %18 = icmp eq i64 %17, 0
    -> Guard[21] (false edge of 'entry'):  %6 = icmp samesign ult i64 %5, 2
    -> Collected 22 dominating context guard(s).
    -> Frame refused (clobber between loads):  %127 = load i64, ptr @"$s5nbody1nSivp", align 8  vs  %.pre = load i64, ptr @"$s5nbody1nSivp", align 8
         clobber:   call void @swift_endAccess(ptr nonnull %access-scratch56) #2
    -> Frame refused (clobber between loads):  %127 = load i64, ptr @"$s5nbody1nSivp", align 8  vs  %447 = load i64, ptr @"$s5nbody1nSivp", align 8
         clobber: (MemoryPhi: clobber on some incoming arm)
    -> Frame refused (clobber between loads):  %127 = load i64, ptr @"$s5nbody1nSivp", align 8  vs  %451 = load i64, ptr @"$s5nbody1nSivp", align 8
         clobber: (MemoryPhi: clobber on some incoming arm)
    -> Frame refused (clobber between loads):  %127 = load i64, ptr @"$s5nbody1nSivp", align 8  vs  %.pr = load i64, ptr @"$s5nbody1nSivp", align 8
         clobber: (MemoryPhi: clobber on some incoming arm)
    -> Frame refused (clobber between loads):  %127 = load i64, ptr @"$s5nbody1nSivp", align 8  vs  %462 = load i64, ptr @"$s5nbody1nSivp", align 8
         clobber: (MemoryPhi: clobber on some incoming arm)
    -> Frame refused (clobber between loads):  %127 = load i64, ptr @"$s5nbody1nSivp", align 8  vs  %769 = load i64, ptr @"$s5nbody1nSivp", align 8
         clobber: (MemoryPhi: clobber on some incoming arm)
    -> [go3] 1 leaf-closure instruction(s) encoded
    -> Fact[RM:0] i64 %5 in [0,9223372036854775807) (!range)
    -> Fact[KB:1] i64 %5 known bits zero=0x9223372036854775808 one=0x0
    -> Fact[RM:2] i64 %355 in [0,9223372036854775807) (!range)
    -> Fact[KB:3] i64 %355 known bits zero=0x9223372036854775808 one=0x0
    -> Fact[RM:4] i64 %370 in [0,9223372036854775807) (!range)
    -> Fact[KB:5] i64 %370 known bits zero=0x9223372036854775808 one=0x0
    -> Fact[RM:6] i64 %385 in [0,9223372036854775807) (!range)
    -> Fact[KB:7] i64 %385 known bits zero=0x9223372036854775808 one=0x0
    -> Fact[KB:8] i64 %730 known bits zero=0x9223372036854775808 one=0x0
    -> Fact[LVI:9] i64 %730 in [0,9223372036854775806) (LVI @ )
    -> Fact[SCEV:10] i64 %730 in [0,9223372036854775807) (SCEV unsigned)
    -> Fact[SCEV:11] i64 %730 in [0,9223372036854775807) (SCEV signed)
    -> Fact[SCEVSYM:12] i64 %730 - start(0) <=u BTC((9223372036854775806 umin (-1 + %451))) (SCEV symbolic trip count, sub-form)
    -> Fact[PHIINV-hi:13] i64 %730 == i64 0 || ne(i64 %730, i64 %451) (latch-implied bound, 1-induction)
    -> Fact[PHIINV-lo:14] i64 %730 >=s i64 0 (monotone nsw increments, 1 arm(s))
    -> Fact[RM:15] i64 %735 in [0,9223372036854775807) (!range)
    -> Fact[KB:16] i64 %735 known bits zero=0x9223372036854775808 one=0x0
    -> Fact[RM:17] i64 %743 in [0,9223372036854775807) (!range)
    -> Fact[KB:18] i64 %743 known bits zero=0x9223372036854775808 one=0x0
    -> Fact[RM:19] i64 %747 in [0,9223372036854775807) (!range)
    -> Fact[KB:20] i64 %747 known bits zero=0x9223372036854775808 one=0x0
    -> Fact[RM:21] i64 %751 in [0,9223372036854775807) (!range)
    -> Fact[KB:22] i64 %751 known bits zero=0x9223372036854775808 one=0x0
    -> Fact[RM:23] i64 %.pre326 in [0,9223372036854775807) (!range)
    -> Fact[KB:24] i64 %.pre326 known bits zero=0x9223372036854775808 one=0x0
    -> Fact[LVI:25] i64 %.pre326 in [1,0) (LVI @ )
    -> Fact[KB:26] i64 %793 known bits zero=0x9223372036854775808 one=0x0
    -> Fact[LVI:27] i64 %793 in [0,9223372036854775806) (LVI @ )
    -> Fact[SCEV:28] i64 %793 in [1,-9223372036854775808) (SCEV unsigned)
    -> Fact[SCEV:29] i64 %793 in [1,-9223372036854775808) (SCEV signed)
    -> Fact[PHIINV-hi:30] i64 %793 == i64 %732 || ne(i64 %793, i64 %769) (latch-implied bound, 1-induction)
    -> Fact[PHIINV-lo:31] i64 %793 >=s i64 %732 (monotone nsw increments, 1 arm(s))
    -> Fact[RM:32] i64 %801 in [0,9223372036854775807) (!range)
    -> Fact[KB:33] i64 %801 known bits zero=0x9223372036854775808 one=0x0
    -> Fact[LVI:34] i64 %801 in [1,9223372036854775807) (LVI @ )
    -> Fact[RM:35] i64 %808 in [0,9223372036854775807) (!range)
    -> Fact[KB:36] i64 %808 known bits zero=0x9223372036854775808 one=0x0
    -> Fact[LVI:37] i64 %808 in [1,9223372036854775807) (LVI @ )
    -> Fact[RM:38] i64 %815 in [0,9223372036854775807) (!range)
    -> Fact[KB:39] i64 %815 known bits zero=0x9223372036854775808 one=0x0
    -> [heavy] 40 analysis fact(s) on 37 boundary value(s)
    -> [mv] T3: not a bounds shape (idx vs invariant count)
    -> [ind L0] BASE (1 phi(s) = entry): SAT (WARNING: Potential Integer Overflow Bug Detected!) [Query Latency: 5.094654 ms]
    -> [ind L1] BASE (1 phi(s) = entry): SAT (WARNING: Potential Integer Overflow Bug Detected!) [Query Latency: 4.829914 ms]
    -> SAT (WARNING: Potential Integer Overflow Bug Detected!) [Query Latency: 10.256465 ms]
    -> [mv] still SAT under 48 hypothesis candidate(s): not versionable
  -> Found UB Trap. Starting Backward Slice...
    -> Guard[0] (true edge of ''):  %.not283 = icmp samesign ult i64 %730, %815
    -> Guard[1] (true edge of ''):  %.not282 = icmp samesign ult i64 %793, %808
    -> Guard[2] (true edge of ''):  %.not281 = icmp samesign ult i64 %730, %808
    -> Guard[3] (true edge of ''):  %.not280 = icmp samesign ult i64 %793, %801
    -> Guard[4] (true edge of ''):  %.not279 = icmp samesign ult i64 %730, %801
    -> Guard[5] (true edge of ''):  %.not278 = icmp samesign ult i64 %793, %.pre326
    -> Guard[6] (true edge of ''):  %.not277 = icmp samesign ult i64 %730, %.pre326
    -> Guard[7] (false edge of ''):  %771 = icmp eq i64 %732, %769
    -> Guard[8] (true edge of ''):  %.not328 = icmp sgt i64 %769, %730
    -> Guard[9] (true edge of ''):  %.not275 = icmp samesign ult i64 %730, %751
    -> Guard[10] (true edge of ''):  %.not274 = icmp samesign ult i64 %730, %747
    -> Guard[11] (true edge of ''):  %.not273 = icmp samesign ult i64 %730, %743
    -> Guard[12] (true edge of ''):  %.not272 = icmp samesign ult i64 %730, %735
    -> Guard[13] (false edge of ''):  %454 = icmp eq i64 %451, 0
    -> Guard[14] (false edge of '.loopexit303'):  %452 = icmp slt i64 %451, 0
    -> Guard[15] (false edge of ''):  %392 = icmp slt i64 %391, 0
    -> Guard[16] (false edge of ''):  %386 = icmp eq i64 %385, 0
    -> Guard[17] (false edge of ''):  %371 = icmp eq i64 %370, 0
    -> Guard[18] (false edge of ''):  %356 = icmp eq i64 %355, 0
    -> Guard[19] (false edge of ''):  %128 = icmp slt i64 %127, 0
    -> Guard[20] (false edge of ''):  %39 = icmp eq i8 %38, 1
    -> Guard[21] (false edge of ''):  %18 = icmp eq i64 %17, 0
    -> Guard[22] (false edge of 'entry'):  %6 = icmp samesign ult i64 %5, 2
    -> Collected 23 dominating context guard(s).
    -> Frame refused (clobber between loads):  %127 = load i64, ptr @"$s5nbody1nSivp", align 8  vs  %.pre = load i64, ptr @"$s5nbody1nSivp", align 8
         clobber:   call void @swift_endAccess(ptr nonnull %access-scratch56) #2
    -> Frame refused (clobber between loads):  %127 = load i64, ptr @"$s5nbody1nSivp", align 8  vs  %447 = load i64, ptr @"$s5nbody1nSivp", align 8
         clobber: (MemoryPhi: clobber on some incoming arm)
    -> Frame refused (clobber between loads):  %127 = load i64, ptr @"$s5nbody1nSivp", align 8  vs  %451 = load i64, ptr @"$s5nbody1nSivp", align 8
         clobber: (MemoryPhi: clobber on some incoming arm)
    -> Frame refused (clobber between loads):  %127 = load i64, ptr @"$s5nbody1nSivp", align 8  vs  %.pr = load i64, ptr @"$s5nbody1nSivp", align 8
         clobber: (MemoryPhi: clobber on some incoming arm)
    -> Frame refused (clobber between loads):  %127 = load i64, ptr @"$s5nbody1nSivp", align 8  vs  %462 = load i64, ptr @"$s5nbody1nSivp", align 8
         clobber: (MemoryPhi: clobber on some incoming arm)
    -> Frame refused (clobber between loads):  %127 = load i64, ptr @"$s5nbody1nSivp", align 8  vs  %769 = load i64, ptr @"$s5nbody1nSivp", align 8
         clobber: (MemoryPhi: clobber on some incoming arm)
    -> [go3] 1 leaf-closure instruction(s) encoded
    -> Fact[RM:0] i64 %5 in [0,9223372036854775807) (!range)
    -> Fact[KB:1] i64 %5 known bits zero=0x9223372036854775808 one=0x0
    -> Fact[RM:2] i64 %355 in [0,9223372036854775807) (!range)
    -> Fact[KB:3] i64 %355 known bits zero=0x9223372036854775808 one=0x0
    -> Fact[RM:4] i64 %370 in [0,9223372036854775807) (!range)
    -> Fact[KB:5] i64 %370 known bits zero=0x9223372036854775808 one=0x0
    -> Fact[RM:6] i64 %385 in [0,9223372036854775807) (!range)
    -> Fact[KB:7] i64 %385 known bits zero=0x9223372036854775808 one=0x0
    -> Fact[KB:8] i64 %730 known bits zero=0x9223372036854775808 one=0x0
    -> Fact[LVI:9] i64 %730 in [0,9223372036854775806) (LVI @ )
    -> Fact[SCEV:10] i64 %730 in [0,9223372036854775807) (SCEV unsigned)
    -> Fact[SCEV:11] i64 %730 in [0,9223372036854775807) (SCEV signed)
    -> Fact[SCEVSYM:12] i64 %730 - start(0) <=u BTC((9223372036854775806 umin (-1 + %451))) (SCEV symbolic trip count, sub-form)
    -> Fact[PHIINV-hi:13] i64 %730 == i64 0 || ne(i64 %730, i64 %451) (latch-implied bound, 1-induction)
    -> Fact[PHIINV-lo:14] i64 %730 >=s i64 0 (monotone nsw increments, 1 arm(s))
    -> Fact[RM:15] i64 %735 in [0,9223372036854775807) (!range)
    -> Fact[KB:16] i64 %735 known bits zero=0x9223372036854775808 one=0x0
    -> Fact[RM:17] i64 %743 in [0,9223372036854775807) (!range)
    -> Fact[KB:18] i64 %743 known bits zero=0x9223372036854775808 one=0x0
    -> Fact[RM:19] i64 %747 in [0,9223372036854775807) (!range)
    -> Fact[KB:20] i64 %747 known bits zero=0x9223372036854775808 one=0x0
    -> Fact[RM:21] i64 %751 in [0,9223372036854775807) (!range)
    -> Fact[KB:22] i64 %751 known bits zero=0x9223372036854775808 one=0x0
    -> Fact[RM:23] i64 %.pre326 in [0,9223372036854775807) (!range)
    -> Fact[KB:24] i64 %.pre326 known bits zero=0x9223372036854775808 one=0x0
    -> Fact[LVI:25] i64 %.pre326 in [1,0) (LVI @ )
    -> Fact[KB:26] i64 %793 known bits zero=0x9223372036854775808 one=0x0
    -> Fact[LVI:27] i64 %793 in [0,9223372036854775806) (LVI @ )
    -> Fact[SCEV:28] i64 %793 in [1,-9223372036854775808) (SCEV unsigned)
    -> Fact[SCEV:29] i64 %793 in [1,-9223372036854775808) (SCEV signed)
    -> Fact[PHIINV-hi:30] i64 %793 == i64 %732 || ne(i64 %793, i64 %769) (latch-implied bound, 1-induction)
    -> Fact[PHIINV-lo:31] i64 %793 >=s i64 %732 (monotone nsw increments, 1 arm(s))
    -> Fact[RM:32] i64 %801 in [0,9223372036854775807) (!range)
    -> Fact[KB:33] i64 %801 known bits zero=0x9223372036854775808 one=0x0
    -> Fact[LVI:34] i64 %801 in [1,9223372036854775807) (LVI @ )
    -> Fact[RM:35] i64 %808 in [0,9223372036854775807) (!range)
    -> Fact[KB:36] i64 %808 known bits zero=0x9223372036854775808 one=0x0
    -> Fact[LVI:37] i64 %808 in [1,9223372036854775807) (LVI @ )
    -> Fact[RM:38] i64 %815 in [0,9223372036854775807) (!range)
    -> Fact[KB:39] i64 %815 known bits zero=0x9223372036854775808 one=0x0
    -> Fact[LVI:40] i64 %815 in [1,9223372036854775807) (LVI @ )
    -> [heavy] 41 analysis fact(s) on 37 boundary value(s)
    -> [mv] T3: not a bounds shape (idx vs invariant count)
    -> [ind L0] BASE (1 phi(s) = entry): SAT (WARNING: Potential Integer Overflow Bug Detected!) [Query Latency: 7.990700 ms]
    -> [ind L1] BASE (1 phi(s) = entry): SAT (WARNING: Potential Integer Overflow Bug Detected!) [Query Latency: 4.650961 ms]
    -> SAT (WARNING: Potential Integer Overflow Bug Detected!) [Query Latency: 10.068338 ms]
    -> [mv] still SAT under 48 hypothesis candidate(s): not versionable
  => Total Traps Eliminated: 0
  => Traps Folded In Fast Copies (mv): 0
  => Total Trap Attempts: 74
  => Total SMT Queries Executed: 74
  => Total SMT Query Latency: 2.867311e+03 ms
  => Average SMT Query Latency: 3.874745e+01 ms
  => Total DFS & SMT Execution Time: 8.221126e+03 ms
--------------------------------------------------

[Z3 Oracle] Analyzing Function: $ss17FixedWidthIntegerPsE_5radixxSgqd___SitcSyRd__lufcADSRys5UInt8VGXEfU_AGSiADs5Error_psAARzSSRsd__r__lIetyyrzo_Tpq5Si_Tg5
  [tier: heavy]
  -> Found UB Trap. Starting Backward Slice...
    -> Collected 0 dominating context guard(s).
    -> [heavy] 0 analysis fact(s) on 1 boundary value(s)
    -> [ind] trap not in a loop
    -> SAT (WARNING: Potential Integer Overflow Bug Detected!) [Query Latency: 0.428396 ms]
    -> [mv] trap not inside a loop: not versionable
  -> Found UB Trap. Starting Backward Slice...
    -> Collected 0 dominating context guard(s).
    -> [heavy] 0 analysis fact(s) on 1 boundary value(s)
    -> [ind] trap not in a loop
    -> SAT (WARNING: Potential Integer Overflow Bug Detected!) [Query Latency: 0.423859 ms]
    -> [mv] trap not inside a loop: not versionable
  => Total Traps Eliminated: 0
  => Traps Folded In Fast Copies (mv): 0
  => Total Trap Attempts: 2
  => Total SMT Queries Executed: 2
  => Total SMT Query Latency: 8.522550e-01 ms
  => Average SMT Query Latency: 4.261275e-01 ms
  => Total DFS & SMT Execution Time: 2.003681e+01 ms
--------------------------------------------------

[Z3 Oracle] Analyzing Function: $ss13_parseInteger5ascii5radixq_Sgx_SitSyRzs010FixedWidthB0R_r0_lFSSSiADSSRszsAER_r0_lIetgyr_Tpq5Si_Tg5
  [tier: heavy]
  -> Found UB Trap. Starting Backward Slice...
    -> Guard[0] (true edge of ''):  %.not = icmp eq i64 %19, 0
    -> Collected 1 dominating context guard(s).
    -> [heavy] 0 analysis fact(s) on 10 boundary value(s)
    -> [ind] trap not in a loop
    -> SAT (WARNING: Potential Integer Overflow Bug Detected!) [Query Latency: 0.991914 ms]
    -> [mv] trap not inside a loop: not versionable
  -> Found UB Trap. Starting Backward Slice...
    -> Guard[0] (true edge of ''):  %.not = icmp eq i64 %19, 0
    -> Collected 1 dominating context guard(s).
    -> [heavy] 0 analysis fact(s) on 10 boundary value(s)
    -> [ind] trap not in a loop
    -> SAT (WARNING: Potential Integer Overflow Bug Detected!) [Query Latency: 0.957749 ms]
    -> [mv] trap not inside a loop: not versionable
  => Total Traps Eliminated: 0
  => Traps Folded In Fast Copies (mv): 0
  => Total Trap Attempts: 2
  => Total SMT Queries Executed: 2
  => Total SMT Query Latency: 1.949663e+00 ms
  => Average SMT Query Latency: 9.748315e-01 ms
  => Total DFS & SMT Execution Time: 2.475554e+01 ms
--------------------------------------------------

[Z3 Oracle] Analyzing Function: __swift_instantiateConcreteTypeFromMangledName
  [tier: heavy]
  => Total Traps Eliminated: 0
  => Traps Folded In Fast Copies (mv): 0
  => Total Trap Attempts: 0
  => Total SMT Queries Executed: 0
  => Total SMT Query Latency: 0.000000e+00 ms
  => Average SMT Query Latency: 0.000000e+00 ms
  => Total DFS & SMT Execution Time: 4.801800e-02 ms
--------------------------------------------------

[Z3 Oracle] Analyzing Function: $ss22_ContiguousArrayBufferV20_consumeAndCreateNewAByxGyFSd_Tg5
  [tier: heavy]
  => Total Traps Eliminated: 0
  => Traps Folded In Fast Copies (mv): 0
  => Total Trap Attempts: 0
  => Total SMT Queries Executed: 0
  => Total SMT Query Latency: 0.000000e+00 ms
  => Average SMT Query Latency: 0.000000e+00 ms
  => Total DFS & SMT Execution Time: 4.974500e-02 ms
--------------------------------------------------

[Z3 Oracle] Analyzing Function: $ss22_ContiguousArrayBufferV20_consumeAndCreateNew14bufferIsUnique15minimumCapacity13growForAppendAByxGSb_SiSbtFSd_Tg5
  [tier: heavy]
  -> Found UB Trap. Starting Backward Slice...
    -> Guard[0] (true edge of ''):  %8 = icmp slt i64 %7, %1
    -> Guard[1] (true edge of 'entry'):i1 %2
    -> Collected 2 dominating context guard(s).
    -> Fact[LVI:0] i64 %1 in [1,-9223372036854775808) (LVI @ )
    -> [heavy] 1 analysis fact(s) on 2 boundary value(s)
    -> [ind] trap not in a loop
    -> SAT (WARNING: Potential Integer Overflow Bug Detected!) [Query Latency: 0.572881 ms]
    -> [mv] trap not inside a loop: not versionable
  => Total Traps Eliminated: 0
  => Traps Folded In Fast Copies (mv): 0
  => Total Trap Attempts: 1
  => Total SMT Queries Executed: 1
  => Total SMT Query Latency: 5.728810e-01 ms
  => Average SMT Query Latency: 5.728810e-01 ms
  => Total DFS & SMT Execution Time: 1.402548e+01 ms
--------------------------------------------------

[Z3 Oracle] Analyzing Function: $sSS8_copyingyS2SFZ
  [tier: heavy]
  => Total Traps Eliminated: 0
  => Traps Folded In Fast Copies (mv): 0
  => Total Trap Attempts: 0
  => Total SMT Queries Executed: 0
  => Total SMT Query Latency: 0.000000e+00 ms
  => Average SMT Query Latency: 0.000000e+00 ms
  => Total DFS & SMT Execution Time: 5.760600e-02 ms
--------------------------------------------------

[Z3 Oracle] Analyzing Function: $sSS8_copyingySSSsFZ
  [tier: heavy]
  -> Found UB Trap. Starting Backward Slice...
    -> Guard[0] (false edge of ''):  %11 = icmp eq i64 %10, 0
    -> Guard[1] (false edge of 'entry'):  %8 = icmp eq i64 %7, 0
    -> Collected 2 dominating context guard(s).
    -> Fact[LVI:0] i64 %6 in [1152921504606846976,0) (LVI @ )
    -> Fact[LVI:1] i64 %10 in [1,0) (LVI @ )
    -> [heavy] 2 analysis fact(s) on 3 boundary value(s)
    -> [ind] trap not in a loop
    -> SAT (WARNING: Potential Integer Overflow Bug Detected!) [Query Latency: 0.476707 ms]
    -> [mv] trap not inside a loop: not versionable
  => Total Traps Eliminated: 0
  => Traps Folded In Fast Copies (mv): 0
  => Total Trap Attempts: 1
  => Total SMT Queries Executed: 1
  => Total SMT Query Latency: 4.767070e-01 ms
  => Average SMT Query Latency: 4.767070e-01 ms
  => Total DFS & SMT Execution Time: 1.152376e+01 ms
--------------------------------------------------

[Z3 Oracle] Analyzing Function: $sSlsE5countSivgSs8UTF8ViewV_Tgq5
  [tier: heavy]
  -> Found UB Trap. Starting Backward Slice...
    -> Guard[0] (false edge of ''):  %6 = icmp eq i64 %5, 0
    -> Collected 1 dominating context guard(s).
    -> Fact[LVI:0] i64 %4 in [1152921504606846976,0) (LVI @ )
    -> [heavy] 1 analysis fact(s) on 4 boundary value(s)
    -> [ind] trap not in a loop
    -> SAT (WARNING: Potential Integer Overflow Bug Detected!) [Query Latency: 2.320406 ms]
    -> [mv] trap not inside a loop: not versionable
  -> Found UB Trap. Starting Backward Slice...
    -> Guard[0] (false edge of ''):  %29 = icmp samesign ult i64 %27, %28
    -> Guard[1] (false edge of ''):  %6 = icmp eq i64 %5, 0
    -> Collected 2 dominating context guard(s).
    -> Fact[LVI:0] i64 %4 in [1152921504606846976,0) (LVI @ )
    -> [heavy] 1 analysis fact(s) on 6 boundary value(s)
    -> [ind] trap not in a loop
    -> SAT (WARNING: Potential Integer Overflow Bug Detected!) [Query Latency: 2.140820 ms]
    -> [mv] trap not inside a loop: not versionable
  => Total Traps Eliminated: 0
  => Traps Folded In Fast Copies (mv): 0
  => Total Trap Attempts: 2
  => Total SMT Queries Executed: 2
  => Total SMT Query Latency: 4.461226e+00 ms
  => Average SMT Query Latency: 2.230613e+00 ms
  => Total DFS & SMT Execution Time: 2.882870e+01 ms
--------------------------------------------------

[Z3 Oracle] Analyzing Function: $ss22_ContiguousArrayBufferV19_uninitializedCount15minimumCapacityAByxGSi_SitcfCs5UInt8V_Tt1gq5
  [tier: heavy]
  => Total Traps Eliminated: 0
  => Traps Folded In Fast Copies (mv): 0
  => Total Trap Attempts: 0
  => Total SMT Queries Executed: 0
  => Total SMT Query Latency: 0.000000e+00 ms
  => Average SMT Query Latency: 0.000000e+00 ms
  => Total DFS & SMT Execution Time: 5.082000e-02 ms
--------------------------------------------------

[Z3 Oracle] Analyzing Function: $sSTsE21_copySequenceContents12initializing8IteratorQz_SitSry7ElementQzG_tFSs8UTF8ViewV_Tgq5
  [tier: heavy]
  -> Found UB Trap. Starting Backward Slice...
    -> Guard[0] (false edge of ''):  %11 = icmp eq i64 %2, 0
    -> Guard[1] (false edge of 'entry'):  %8 = icmp eq i64 %1, 0
    -> Collected 2 dominating context guard(s).
    -> Fact[LVI:0] i64 %1 in [1,0) (LVI @ )
    -> Fact[LVI:1] i64 %2 in [1,0) (LVI @ )
    -> [heavy] 2 analysis fact(s) on 2 boundary value(s)
    -> [ind] trap not in a loop
    -> SAT (WARNING: Potential Integer Overflow Bug Detected!) [Query Latency: 0.269264 ms]
    -> [mv] trap not inside a loop: not versionable
  -> Found UB Trap. Starting Backward Slice...
    -> Guard[0] (false edge of ''):  %17 = icmp eq i64 %16, %14
    -> Guard[1] (false edge of ''):  %13 = icmp slt i64 %2, 0
    -> Guard[2] (false edge of ''):  %11 = icmp eq i64 %2, 0
    -> Guard[3] (false edge of 'entry'):  %8 = icmp eq i64 %1, 0
    -> Collected 4 dominating context guard(s).
    -> [heavy] 0 analysis fact(s) on 8 boundary value(s)
    -> [mv] T3: trap condition not an ICmp
    -> [ind L0] BASE (3 phi(s) = entry): SAT (WARNING: Potential Integer Overflow Bug Detected!) [Query Latency: 2.711161 ms]
    -> SAT (WARNING: Potential Integer Overflow Bug Detected!) [Query Latency: 2.886126 ms]
    -> [mv] still SAT under 18 hypothesis candidate(s): not versionable
  -> Found UB Trap. Starting Backward Slice...
    -> Guard[0] (false edge of ''):  %21 = icmp eq i64 %20, 0
    -> Guard[1] (false edge of ''):  %48 = or i1 %46, %47
    -> Guard[2] (false edge of ''):  %17 = icmp eq i64 %16, %14
    -> Guard[3] (false edge of ''):  %13 = icmp slt i64 %2, 0
    -> Guard[4] (false edge of ''):  %11 = icmp eq i64 %2, 0
    -> Guard[5] (false edge of 'entry'):  %8 = icmp eq i64 %1, 0
    -> Collected 6 dominating context guard(s).
    -> Fact[LVI:0] i64 %19 in [1152921504606846976,0) (LVI @ )
    -> [heavy] 1 analysis fact(s) on 9 boundary value(s)
    -> [mv] T3: refused, bound not invariant in the trap loop: (%72 /u 65536)
    -> [ind L0] BASE (3 phi(s) = entry): SAT (WARNING: Potential Integer Overflow Bug Detected!) [Query Latency: 1.769931 ms]
    -> SAT (WARNING: Potential Integer Overflow Bug Detected!) [Query Latency: 2.703562 ms]
    -> [mv] hypothesis contradicts the context: refusing (H vacuous): {%35 >u 281474976710655}
  => Total Traps Eliminated: 0
  => Traps Folded In Fast Copies (mv): 0
  => Total Trap Attempts: 3
  => Total SMT Queries Executed: 3
  => Total SMT Query Latency: 1.631520e+01 ms
  => Average SMT Query Latency: 5.438400e+00 ms
  => Total DFS & SMT Execution Time: 5.841220e+01 ms
--------------------------------------------------

[Z3 Oracle] Analyzing Function: $ss11_StringGutsV27_slowEnsureMatchingEncodingySS5IndexVAEF
  [tier: heavy]
  => Total Traps Eliminated: 0
  => Traps Folded In Fast Copies (mv): 0
  => Total Trap Attempts: 0
  => Total SMT Queries Executed: 0
  => Total SMT Query Latency: 0.000000e+00 ms
  => Average SMT Query Latency: 0.000000e+00 ms
  => Total DFS & SMT Execution Time: 5.566400e-02 ms
--------------------------------------------------
