[ODeSSy] 491 trap site(s) across 24 function(s); threads=10

[Z3 Oracle] Analyzing Function: deflateInit_
  -> Found UB Trap. Starting Backward Slice...
    -> Guard[0] (false edge of ''):  %78 = select i1 %76, i1 true, i1 %77
    -> Guard[1] (false edge of ''):  %73 = icmp eq ptr %72, null
    -> Guard[2] (false edge of ''):  %69 = icmp eq ptr %68, null
    -> Guard[3] (false edge of ''):  %35 = icmp eq ptr %34, null
    -> Guard[4] (false edge of ''):  %29 = icmp ugt i32 %28, 9
    -> Guard[5] (false edge of ''):  %12 = icmp eq ptr %0, null
    -> Guard[6] (false edge of ''):  %10 = or i1 %9, %8
    -> Guard[7] (false edge of ''):  %5 = icmp eq ptr %2, null
    -> Collected 8 dominating context guard(s).
    -> SAT (WARNING: Potential Integer Overflow Bug Detected!) [Query Latency: 6.088723 ms]
  -> Found UB Trap. Starting Backward Slice...
    -> Guard[0] (false edge of ''):  %141 = extractvalue { i32, i1 } %140, 1, !nosanitize !16
    -> Guard[1] (false edge of ''):  %78 = select i1 %76, i1 true, i1 %77
    -> Guard[2] (false edge of ''):  %73 = icmp eq ptr %72, null
    -> Guard[3] (false edge of ''):  %69 = icmp eq ptr %68, null
    -> Guard[4] (false edge of ''):  %35 = icmp eq ptr %34, null
    -> Guard[5] (false edge of ''):  %29 = icmp ugt i32 %28, 9
    -> Guard[6] (false edge of ''):  %12 = icmp eq ptr %0, null
    -> Guard[7] (false edge of ''):  %10 = or i1 %9, %8
    -> Guard[8] (false edge of ''):  %5 = icmp eq ptr %2, null
    -> Collected 9 dominating context guard(s).
    -> SAT (WARNING: Potential Integer Overflow Bug Detected!) [Query Latency: 2.801790 ms]
  => Total Traps Eliminated: 0
  => Total Trap Attempts: 2
  => Total SMT Queries Executed: 2
  => Total SMT Query Latency: 8.890513e+00 ms
  => Average SMT Query Latency: 4.445257e+00 ms
  => Total DFS & SMT Execution Time: 1.494695e+02 ms
--------------------------------------------------

[Z3 Oracle] Analyzing Function: deflateInit2_
  -> Found UB Trap. Starting Backward Slice...
    -> Guard[0] (false edge of ''):  %124 = select i1 %122, i1 true, i1 %123
    -> Guard[1] (false edge of ''):  %119 = icmp eq ptr %118, null
    -> Guard[2] (false edge of ''):  %115 = icmp eq ptr %114, null
    -> Guard[3] (false edge of ''):  %66 = icmp eq ptr %65, null
    -> Guard[4] (false edge of ''):  %61 = and i1 %60, %45
    -> Guard[5] (false edge of ''):  %58 = or i1 %57, %56
    -> Guard[6] (false edge of ''):  %16 = icmp eq ptr %0, null
    -> Guard[7] (false edge of ''):  %14 = or i1 %13, %12
    -> Guard[8] (false edge of ''):  %9 = icmp eq ptr %6, null
    -> Collected 9 dominating context guard(s).
    -> SAT (WARNING: Potential Integer Overflow Bug Detected!) [Query Latency: 1.487921 ms]
  -> Found UB Trap. Starting Backward Slice...
    -> Guard[0] (false edge of ''):  %187 = extractvalue { i32, i1 } %186, 1, !nosanitize !16
    -> Guard[1] (false edge of ''):  %124 = select i1 %122, i1 true, i1 %123
    -> Guard[2] (false edge of ''):  %119 = icmp eq ptr %118, null
    -> Guard[3] (false edge of ''):  %115 = icmp eq ptr %114, null
    -> Guard[4] (false edge of ''):  %66 = icmp eq ptr %65, null
    -> Guard[5] (false edge of ''):  %61 = and i1 %60, %45
    -> Guard[6] (false edge of ''):  %58 = or i1 %57, %56
    -> Guard[7] (false edge of ''):  %16 = icmp eq ptr %0, null
    -> Guard[8] (false edge of ''):  %14 = or i1 %13, %12
    -> Guard[9] (false edge of ''):  %9 = icmp eq ptr %6, null
    -> Collected 10 dominating context guard(s).
    -> UNKNOWN (Solver gave up) [Query Latency: 11.327002 ms]
  => Total Traps Eliminated: 0
  => Total Trap Attempts: 2
  => Total SMT Queries Executed: 2
  => Total SMT Query Latency: 1.281492e+01 ms
  => Average SMT Query Latency: 6.407462e+00 ms
  => Total DFS & SMT Execution Time: 1.544867e+02 ms
--------------------------------------------------

[Z3 Oracle] Analyzing Function: deflateEnd
  => Total Traps Eliminated: 0
  => Total Trap Attempts: 0
  => Total SMT Queries Executed: 0
  => Total SMT Query Latency: 0.000000e+00 ms
  => Average SMT Query Latency: 0.000000e+00 ms
  => Total DFS & SMT Execution Time: 2.275200e-02 ms
--------------------------------------------------

[Z3 Oracle] Analyzing Function: deflateReset
  -> Found UB Trap. Starting Backward Slice...
    -> Guard[0] (true edge of ''):  %31 = icmp slt i32 %30, 0
    -> Guard[1] (true edge of ''):  %17 = icmp eq ptr %16, %0
    -> Guard[2] (false edge of ''):  %14 = icmp eq ptr %13, null
    -> Guard[3] (false edge of ''):  %10 = icmp eq ptr %9, null
    -> Guard[4] (false edge of ''):  %6 = icmp eq ptr %5, null
    -> Guard[5] (false edge of ''):  %2 = icmp eq ptr %0, null
    -> Collected 6 dominating context guard(s).
    -> SAT (WARNING: Potential Integer Overflow Bug Detected!) [Query Latency: 1.124918 ms]
  -> Found UB Trap. Starting Backward Slice...
    -> Guard[0] (true edge of ''):  %17 = icmp eq ptr %16, %0
    -> Guard[1] (false edge of ''):  %14 = icmp eq ptr %13, null
    -> Guard[2] (false edge of ''):  %10 = icmp eq ptr %9, null
    -> Guard[3] (false edge of ''):  %6 = icmp eq ptr %5, null
    -> Guard[4] (false edge of ''):  %2 = icmp eq ptr %0, null
    -> Collected 5 dominating context guard(s).
    -> SAT (WARNING: Potential Integer Overflow Bug Detected!) [Query Latency: 1.152723 ms]
  => Total Traps Eliminated: 0
  => Total Trap Attempts: 2
  => Total SMT Queries Executed: 2
  => Total SMT Query Latency: 2.277641e+00 ms
  => Average SMT Query Latency: 1.138821e+00 ms
  => Total DFS & SMT Execution Time: 1.260271e+02 ms
--------------------------------------------------

[Z3 Oracle] Analyzing Function: deflateSetDictionary
  -> Found UB Trap. Starting Backward Slice...
    -> Guard[0] (false edge of ''):  %24 = icmp eq ptr %1, null
    -> Guard[1] (true edge of ''):  %19 = icmp eq ptr %18, %0
    -> Guard[2] (false edge of ''):  %16 = icmp eq ptr %15, null
    -> Guard[3] (false edge of ''):  %12 = icmp eq ptr %11, null
    -> Guard[4] (false edge of ''):  %8 = icmp eq ptr %7, null
    -> Guard[5] (false edge of ''):  %4 = icmp eq ptr %0, null
    -> Collected 6 dominating context guard(s).
    -> SAT (WARNING: Potential Integer Overflow Bug Detected!) [Query Latency: 2.905900 ms]
  -> Found UB Trap. Starting Backward Slice...
    -> Guard[0] (true edge of ''):  %50 = icmp eq i32 %27, 0
    -> Guard[1] (false edge of ''):  %41 = icmp ugt i32 %40, %2
    -> Guard[2] (true edge of ''):  %37 = icmp eq i32 %36, 0
    -> Guard[3] (false edge of ''):  %24 = icmp eq ptr %1, null
    -> Guard[4] (true edge of ''):  %19 = icmp eq ptr %18, %0
    -> Guard[5] (false edge of ''):  %16 = icmp eq ptr %15, null
    -> Guard[6] (false edge of ''):  %12 = icmp eq ptr %11, null
    -> Guard[7] (false edge of ''):  %8 = icmp eq ptr %7, null
    -> Guard[8] (false edge of ''):  %4 = icmp eq ptr %0, null
    -> Collected 9 dominating context guard(s).
    -> SAT (WARNING: Potential Integer Overflow Bug Detected!) [Query Latency: 1.321526 ms]
  -> Found UB Trap. Starting Backward Slice...
    -> Guard[0] (true edge of ''):  %348 = icmp ult i64 %328, %347
    -> Guard[1] (false edge of ''):  %336 = icmp ult i64 %328, %335
    -> Guard[2] (true edge of ''):  %330 = icmp ult i64 %328, %329
    -> Guard[3] (false edge of ''):  %126 = extractvalue { i32, i1 } %125, 1, !nosanitize !24
    -> Guard[4] (false edge of ''):  %122 = extractvalue { i32, i1 } %121, 1, !nosanitize !24
    -> Guard[5] (false edge of ''):  %116 = extractvalue { i64, i1 } %115, 1, !nosanitize !24
    -> Guard[6] (false edge of ''):  %109 = extractvalue { i64, i1 } %108, 1, !nosanitize !24
    -> Guard[7] (false edge of ''):  %24 = icmp eq ptr %1, null
    -> Guard[8] (true edge of ''):  %19 = icmp eq ptr %18, %0
    -> Guard[9] (false edge of ''):  %16 = icmp eq ptr %15, null
    -> Guard[10] (false edge of ''):  %12 = icmp eq ptr %11, null
    -> Guard[11] (false edge of ''):  %8 = icmp eq ptr %7, null
    -> Guard[12] (false edge of ''):  %4 = icmp eq ptr %0, null
    -> Collected 13 dominating context guard(s).
    -> UNKNOWN (Solver gave up) [Query Latency: 10.153782 ms]
  -> Found UB Trap. Starting Backward Slice...
    -> Guard[0] (true edge of ''):  %336 = icmp ult i64 %328, %335
    -> Guard[1] (true edge of ''):  %330 = icmp ult i64 %328, %329
    -> Guard[2] (false edge of ''):  %126 = extractvalue { i32, i1 } %125, 1, !nosanitize !24
    -> Guard[3] (false edge of ''):  %122 = extractvalue { i32, i1 } %121, 1, !nosanitize !24
    -> Guard[4] (false edge of ''):  %116 = extractvalue { i64, i1 } %115, 1, !nosanitize !24
    -> Guard[5] (false edge of ''):  %109 = extractvalue { i64, i1 } %108, 1, !nosanitize !24
    -> Guard[6] (false edge of ''):  %24 = icmp eq ptr %1, null
    -> Guard[7] (true edge of ''):  %19 = icmp eq ptr %18, %0
    -> Guard[8] (false edge of ''):  %16 = icmp eq ptr %15, null
    -> Guard[9] (false edge of ''):  %12 = icmp eq ptr %11, null
    -> Guard[10] (false edge of ''):  %8 = icmp eq ptr %7, null
    -> Guard[11] (false edge of ''):  %4 = icmp eq ptr %0, null
    -> Collected 12 dominating context guard(s).
    -> UNKNOWN (Solver gave up) [Query Latency: 10.137146 ms]
  -> Found UB Trap. Starting Backward Slice...
    -> Guard[0] (true edge of ''):  %258 = icmp ugt i32 %257, 2
    -> Guard[1] (false edge of ''):  %255 = extractvalue { i32, i1 } %254, 1, !nosanitize !24
    -> Guard[2] (false edge of ''):  %250 = extractvalue { i32, i1 } %249, 1, !nosanitize !24
    -> Guard[3] (false edge of ''):  %207 = icmp eq i32 %206, 0
    -> Guard[4] (false edge of ''):  %126 = extractvalue { i32, i1 } %125, 1, !nosanitize !24
    -> Guard[5] (false edge of ''):  %122 = extractvalue { i32, i1 } %121, 1, !nosanitize !24
    -> Guard[6] (false edge of ''):  %116 = extractvalue { i64, i1 } %115, 1, !nosanitize !24
    -> Guard[7] (false edge of ''):  %109 = extractvalue { i64, i1 } %108, 1, !nosanitize !24
    -> Guard[8] (false edge of ''):  %24 = icmp eq ptr %1, null
    -> Guard[9] (true edge of ''):  %19 = icmp eq ptr %18, %0
    -> Guard[10] (false edge of ''):  %16 = icmp eq ptr %15, null
    -> Guard[11] (false edge of ''):  %12 = icmp eq ptr %11, null
    -> Guard[12] (false edge of ''):  %8 = icmp eq ptr %7, null
    -> Guard[13] (false edge of ''):  %4 = icmp eq ptr %0, null
    -> Collected 14 dominating context guard(s).
    -> UNKNOWN (Solver gave up) [Query Latency: 10.108455 ms]
  -> Found UB Trap. Starting Backward Slice...
    -> Guard[0] (false edge of ''):  %146 = extractvalue { i32, i1 } %145, 1, !nosanitize !24
    -> Guard[1] (false edge of ''):  %141 = extractvalue { i32, i1 } %140, 1, !nosanitize !24
    -> Guard[2] (false edge of ''):  %133 = extractvalue { i32, i1 } %132, 1, !nosanitize !24
    -> Guard[3] (false edge of ''):  %130 = icmp ult i32 %113, %129
    -> Guard[4] (false edge of ''):  %126 = extractvalue { i32, i1 } %125, 1, !nosanitize !24
    -> Guard[5] (false edge of ''):  %122 = extractvalue { i32, i1 } %121, 1, !nosanitize !24
    -> Guard[6] (false edge of ''):  %116 = extractvalue { i64, i1 } %115, 1, !nosanitize !24
    -> Guard[7] (false edge of ''):  %109 = extractvalue { i64, i1 } %108, 1, !nosanitize !24
    -> Guard[8] (false edge of ''):  %24 = icmp eq ptr %1, null
    -> Guard[9] (true edge of ''):  %19 = icmp eq ptr %18, %0
    -> Guard[10] (false edge of ''):  %16 = icmp eq ptr %15, null
    -> Guard[11] (false edge of ''):  %12 = icmp eq ptr %11, null
    -> Guard[12] (false edge of ''):  %8 = icmp eq ptr %7, null
    -> Guard[13] (false edge of ''):  %4 = icmp eq ptr %0, null
    -> Collected 14 dominating context guard(s).
    -> UNKNOWN (Solver gave up) [Query Latency: 10.152056 ms]
  -> Found UB Trap. Starting Backward Slice...
    -> Guard[0] (false edge of ''):  %141 = extractvalue { i32, i1 } %140, 1, !nosanitize !24
    -> Guard[1] (false edge of ''):  %133 = extractvalue { i32, i1 } %132, 1, !nosanitize !24
    -> Guard[2] (false edge of ''):  %130 = icmp ult i32 %113, %129
    -> Guard[3] (false edge of ''):  %126 = extractvalue { i32, i1 } %125, 1, !nosanitize !24
    -> Guard[4] (false edge of ''):  %122 = extractvalue { i32, i1 } %121, 1, !nosanitize !24
    -> Guard[5] (false edge of ''):  %116 = extractvalue { i64, i1 } %115, 1, !nosanitize !24
    -> Guard[6] (false edge of ''):  %109 = extractvalue { i64, i1 } %108, 1, !nosanitize !24
    -> Guard[7] (false edge of ''):  %24 = icmp eq ptr %1, null
    -> Guard[8] (true edge of ''):  %19 = icmp eq ptr %18, %0
    -> Guard[9] (false edge of ''):  %16 = icmp eq ptr %15, null
    -> Guard[10] (false edge of ''):  %12 = icmp eq ptr %11, null
    -> Guard[11] (false edge of ''):  %8 = icmp eq ptr %7, null
    -> Guard[12] (false edge of ''):  %4 = icmp eq ptr %0, null
    -> Collected 13 dominating context guard(s).
    -> UNKNOWN (Solver gave up) [Query Latency: 10.166945 ms]
  -> Found UB Trap. Starting Backward Slice...
    -> Guard[0] (false edge of ''):  %133 = extractvalue { i32, i1 } %132, 1, !nosanitize !24
    -> Guard[1] (false edge of ''):  %130 = icmp ult i32 %113, %129
    -> Guard[2] (false edge of ''):  %126 = extractvalue { i32, i1 } %125, 1, !nosanitize !24
    -> Guard[3] (false edge of ''):  %122 = extractvalue { i32, i1 } %121, 1, !nosanitize !24
    -> Guard[4] (false edge of ''):  %116 = extractvalue { i64, i1 } %115, 1, !nosanitize !24
    -> Guard[5] (false edge of ''):  %109 = extractvalue { i64, i1 } %108, 1, !nosanitize !24
    -> Guard[6] (false edge of ''):  %24 = icmp eq ptr %1, null
    -> Guard[7] (true edge of ''):  %19 = icmp eq ptr %18, %0
    -> Guard[8] (false edge of ''):  %16 = icmp eq ptr %15, null
    -> Guard[9] (false edge of ''):  %12 = icmp eq ptr %11, null
    -> Guard[10] (false edge of ''):  %8 = icmp eq ptr %7, null
    -> Guard[11] (false edge of ''):  %4 = icmp eq ptr %0, null
    -> Collected 12 dominating context guard(s).
    -> UNKNOWN (Solver gave up) [Query Latency: 10.166482 ms]
  -> Found UB Trap. Starting Backward Slice...
    -> Guard[0] (false edge of ''):  %130 = icmp ult i32 %113, %129
    -> Guard[1] (false edge of ''):  %126 = extractvalue { i32, i1 } %125, 1, !nosanitize !24
    -> Guard[2] (false edge of ''):  %122 = extractvalue { i32, i1 } %121, 1, !nosanitize !24
    -> Guard[3] (false edge of ''):  %116 = extractvalue { i64, i1 } %115, 1, !nosanitize !24
    -> Guard[4] (false edge of ''):  %109 = extractvalue { i64, i1 } %108, 1, !nosanitize !24
    -> Guard[5] (false edge of ''):  %24 = icmp eq ptr %1, null
    -> Guard[6] (true edge of ''):  %19 = icmp eq ptr %18, %0
    -> Guard[7] (false edge of ''):  %16 = icmp eq ptr %15, null
    -> Guard[8] (false edge of ''):  %12 = icmp eq ptr %11, null
    -> Guard[9] (false edge of ''):  %8 = icmp eq ptr %7, null
    -> Guard[10] (false edge of ''):  %4 = icmp eq ptr %0, null
    -> Collected 11 dominating context guard(s).
    -> SAT (WARNING: Potential Integer Overflow Bug Detected!) [Query Latency: 10.040890 ms]
  -> Found UB Trap. Starting Backward Slice...
    -> Guard[0] (false edge of ''):  %116 = extractvalue { i64, i1 } %115, 1, !nosanitize !24
    -> Guard[1] (false edge of ''):  %109 = extractvalue { i64, i1 } %108, 1, !nosanitize !24
    -> Guard[2] (false edge of ''):  %24 = icmp eq ptr %1, null
    -> Guard[3] (true edge of ''):  %19 = icmp eq ptr %18, %0
    -> Guard[4] (false edge of ''):  %16 = icmp eq ptr %15, null
    -> Guard[5] (false edge of ''):  %12 = icmp eq ptr %11, null
    -> Guard[6] (false edge of ''):  %8 = icmp eq ptr %7, null
    -> Guard[7] (false edge of ''):  %4 = icmp eq ptr %0, null
    -> Collected 8 dominating context guard(s).
    -> SAT (WARNING: Potential Integer Overflow Bug Detected!) [Query Latency: 1.835751 ms]
  -> Found UB Trap. Starting Backward Slice...
    -> Guard[0] (false edge of ''):  %109 = extractvalue { i64, i1 } %108, 1, !nosanitize !24
    -> Guard[1] (false edge of ''):  %24 = icmp eq ptr %1, null
    -> Guard[2] (true edge of ''):  %19 = icmp eq ptr %18, %0
    -> Guard[3] (false edge of ''):  %16 = icmp eq ptr %15, null
    -> Guard[4] (false edge of ''):  %12 = icmp eq ptr %11, null
    -> Guard[5] (false edge of ''):  %8 = icmp eq ptr %7, null
    -> Guard[6] (false edge of ''):  %4 = icmp eq ptr %0, null
    -> Collected 7 dominating context guard(s).
    -> SAT (WARNING: Potential Integer Overflow Bug Detected!) [Query Latency: 4.923552 ms]
  -> Found UB Trap. Starting Backward Slice...
    -> Guard[0] (false edge of ''):  %24 = icmp eq ptr %1, null
    -> Guard[1] (true edge of ''):  %19 = icmp eq ptr %18, %0
    -> Guard[2] (false edge of ''):  %16 = icmp eq ptr %15, null
    -> Guard[3] (false edge of ''):  %12 = icmp eq ptr %11, null
    -> Guard[4] (false edge of ''):  %8 = icmp eq ptr %7, null
    -> Guard[5] (false edge of ''):  %4 = icmp eq ptr %0, null
    -> Collected 6 dominating context guard(s).
    -> SAT (WARNING: Potential Integer Overflow Bug Detected!) [Query Latency: 1.525482 ms]
  -> Found UB Trap. Starting Backward Slice...
    -> Guard[0] (false edge of ''):  %351 = extractvalue { i64, i1 } %350, 1, !nosanitize !24
    -> Guard[1] (true edge of ''):  %348 = icmp ult i64 %328, %347
    -> Guard[2] (false edge of ''):  %336 = icmp ult i64 %328, %335
    -> Guard[3] (true edge of ''):  %330 = icmp ult i64 %328, %329
    -> Guard[4] (false edge of ''):  %126 = extractvalue { i32, i1 } %125, 1, !nosanitize !24
    -> Guard[5] (false edge of ''):  %122 = extractvalue { i32, i1 } %121, 1, !nosanitize !24
    -> Guard[6] (false edge of ''):  %116 = extractvalue { i64, i1 } %115, 1, !nosanitize !24
    -> Guard[7] (false edge of ''):  %109 = extractvalue { i64, i1 } %108, 1, !nosanitize !24
    -> Guard[8] (false edge of ''):  %24 = icmp eq ptr %1, null
    -> Guard[9] (true edge of ''):  %19 = icmp eq ptr %18, %0
    -> Guard[10] (false edge of ''):  %16 = icmp eq ptr %15, null
    -> Guard[11] (false edge of ''):  %12 = icmp eq ptr %11, null
    -> Guard[12] (false edge of ''):  %8 = icmp eq ptr %7, null
    -> Guard[13] (false edge of ''):  %4 = icmp eq ptr %0, null
    -> Collected 14 dominating context guard(s).
    -> UNKNOWN (Solver gave up) [Query Latency: 10.123731 ms]
  -> Found UB Trap. Starting Backward Slice...
    -> Guard[0] (false edge of ''):  %290 = extractvalue { i32, i1 } %289, 1, !nosanitize !24
    -> Guard[1] (false edge of ''):  %287 = icmp eq i32 %285, 0
    -> Guard[2] (false edge of ''):  %271 = extractvalue { i32, i1 } %270, 1, !nosanitize !24
    -> Guard[3] (false edge of ''):  %263 = extractvalue { i32, i1 } %261, 1, !nosanitize !24
    -> Guard[4] (true edge of ''):  %258 = icmp ugt i32 %257, 2
    -> Guard[5] (false edge of ''):  %255 = extractvalue { i32, i1 } %254, 1, !nosanitize !24
    -> Guard[6] (false edge of ''):  %250 = extractvalue { i32, i1 } %249, 1, !nosanitize !24
    -> Guard[7] (false edge of ''):  %207 = icmp eq i32 %206, 0
    -> Guard[8] (false edge of ''):  %126 = extractvalue { i32, i1 } %125, 1, !nosanitize !24
    -> Guard[9] (false edge of ''):  %122 = extractvalue { i32, i1 } %121, 1, !nosanitize !24
    -> Guard[10] (false edge of ''):  %116 = extractvalue { i64, i1 } %115, 1, !nosanitize !24
    -> Guard[11] (false edge of ''):  %109 = extractvalue { i64, i1 } %108, 1, !nosanitize !24
    -> Guard[12] (false edge of ''):  %24 = icmp eq ptr %1, null
    -> Guard[13] (true edge of ''):  %19 = icmp eq ptr %18, %0
    -> Guard[14] (false edge of ''):  %16 = icmp eq ptr %15, null
    -> Guard[15] (false edge of ''):  %12 = icmp eq ptr %11, null
    -> Guard[16] (false edge of ''):  %8 = icmp eq ptr %7, null
    -> Guard[17] (false edge of ''):  %4 = icmp eq ptr %0, null
    -> Collected 18 dominating context guard(s).
    -> UNKNOWN (Solver gave up) [Query Latency: 10.155432 ms]
  -> Found UB Trap. Starting Backward Slice...
    -> Guard[0] (false edge of ''):  %287 = icmp eq i32 %285, 0
    -> Guard[1] (false edge of ''):  %271 = extractvalue { i32, i1 } %270, 1, !nosanitize !24
    -> Guard[2] (false edge of ''):  %263 = extractvalue { i32, i1 } %261, 1, !nosanitize !24
    -> Guard[3] (true edge of ''):  %258 = icmp ugt i32 %257, 2
    -> Guard[4] (false edge of ''):  %255 = extractvalue { i32, i1 } %254, 1, !nosanitize !24
    -> Guard[5] (false edge of ''):  %250 = extractvalue { i32, i1 } %249, 1, !nosanitize !24
    -> Guard[6] (false edge of ''):  %207 = icmp eq i32 %206, 0
    -> Guard[7] (false edge of ''):  %126 = extractvalue { i32, i1 } %125, 1, !nosanitize !24
    -> Guard[8] (false edge of ''):  %122 = extractvalue { i32, i1 } %121, 1, !nosanitize !24
    -> Guard[9] (false edge of ''):  %116 = extractvalue { i64, i1 } %115, 1, !nosanitize !24
    -> Guard[10] (false edge of ''):  %109 = extractvalue { i64, i1 } %108, 1, !nosanitize !24
    -> Guard[11] (false edge of ''):  %24 = icmp eq ptr %1, null
    -> Guard[12] (true edge of ''):  %19 = icmp eq ptr %18, %0
    -> Guard[13] (false edge of ''):  %16 = icmp eq ptr %15, null
    -> Guard[14] (false edge of ''):  %12 = icmp eq ptr %11, null
    -> Guard[15] (false edge of ''):  %8 = icmp eq ptr %7, null
    -> Guard[16] (false edge of ''):  %4 = icmp eq ptr %0, null
    -> Collected 17 dominating context guard(s).
    -> UNKNOWN (Solver gave up) [Query Latency: 10.151376 ms]
  -> Found UB Trap. Starting Backward Slice...
    -> Guard[0] (false edge of ''):  %263 = extractvalue { i32, i1 } %261, 1, !nosanitize !24
    -> Guard[1] (true edge of ''):  %258 = icmp ugt i32 %257, 2
    -> Guard[2] (false edge of ''):  %255 = extractvalue { i32, i1 } %254, 1, !nosanitize !24
    -> Guard[3] (false edge of ''):  %250 = extractvalue { i32, i1 } %249, 1, !nosanitize !24
    -> Guard[4] (false edge of ''):  %207 = icmp eq i32 %206, 0
    -> Guard[5] (false edge of ''):  %126 = extractvalue { i32, i1 } %125, 1, !nosanitize !24
    -> Guard[6] (false edge of ''):  %122 = extractvalue { i32, i1 } %121, 1, !nosanitize !24
    -> Guard[7] (false edge of ''):  %116 = extractvalue { i64, i1 } %115, 1, !nosanitize !24
    -> Guard[8] (false edge of ''):  %109 = extractvalue { i64, i1 } %108, 1, !nosanitize !24
    -> Guard[9] (false edge of ''):  %24 = icmp eq ptr %1, null
    -> Guard[10] (true edge of ''):  %19 = icmp eq ptr %18, %0
    -> Guard[11] (false edge of ''):  %16 = icmp eq ptr %15, null
    -> Guard[12] (false edge of ''):  %12 = icmp eq ptr %11, null
    -> Guard[13] (false edge of ''):  %8 = icmp eq ptr %7, null
    -> Guard[14] (false edge of ''):  %4 = icmp eq ptr %0, null
    -> Collected 15 dominating context guard(s).
    -> UNKNOWN (Solver gave up) [Query Latency: 10.109633 ms]
  -> Found UB Trap. Starting Backward Slice...
    -> Guard[0] (false edge of ''):  %250 = extractvalue { i32, i1 } %249, 1, !nosanitize !24
    -> Guard[1] (false edge of ''):  %207 = icmp eq i32 %206, 0
    -> Guard[2] (false edge of ''):  %126 = extractvalue { i32, i1 } %125, 1, !nosanitize !24
    -> Guard[3] (false edge of ''):  %122 = extractvalue { i32, i1 } %121, 1, !nosanitize !24
    -> Guard[4] (false edge of ''):  %116 = extractvalue { i64, i1 } %115, 1, !nosanitize !24
    -> Guard[5] (false edge of ''):  %109 = extractvalue { i64, i1 } %108, 1, !nosanitize !24
    -> Guard[6] (false edge of ''):  %24 = icmp eq ptr %1, null
    -> Guard[7] (true edge of ''):  %19 = icmp eq ptr %18, %0
    -> Guard[8] (false edge of ''):  %16 = icmp eq ptr %15, null
    -> Guard[9] (false edge of ''):  %12 = icmp eq ptr %11, null
    -> Guard[10] (false edge of ''):  %8 = icmp eq ptr %7, null
    -> Guard[11] (false edge of ''):  %4 = icmp eq ptr %0, null
    -> Collected 12 dominating context guard(s).
    -> UNKNOWN (Solver gave up) [Query Latency: 10.147397 ms]
  -> Found UB Trap. Starting Backward Slice...
    -> Guard[0] (false edge of ''):  %207 = icmp eq i32 %206, 0
    -> Guard[1] (false edge of ''):  %126 = extractvalue { i32, i1 } %125, 1, !nosanitize !24
    -> Guard[2] (false edge of ''):  %122 = extractvalue { i32, i1 } %121, 1, !nosanitize !24
    -> Guard[3] (false edge of ''):  %116 = extractvalue { i64, i1 } %115, 1, !nosanitize !24
    -> Guard[4] (false edge of ''):  %109 = extractvalue { i64, i1 } %108, 1, !nosanitize !24
    -> Guard[5] (false edge of ''):  %24 = icmp eq ptr %1, null
    -> Guard[6] (true edge of ''):  %19 = icmp eq ptr %18, %0
    -> Guard[7] (false edge of ''):  %16 = icmp eq ptr %15, null
    -> Guard[8] (false edge of ''):  %12 = icmp eq ptr %11, null
    -> Guard[9] (false edge of ''):  %8 = icmp eq ptr %7, null
    -> Guard[10] (false edge of ''):  %4 = icmp eq ptr %0, null
    -> Collected 11 dominating context guard(s).
    -> UNKNOWN (Solver gave up) [Query Latency: 10.130777 ms]
  -> Found UB Trap. Starting Backward Slice...
    -> Guard[0] (true edge of ''):  %193 = icmp eq i32 %192, 0
    -> Guard[1] (false edge of ''):  %190 = extractvalue { i32, i1 } %189, 1, !nosanitize !24
    -> Guard[2] (true edge of ''):  %176 = icmp eq i32 %175, 0
    -> Guard[3] (false edge of ''):  %172 = extractvalue { i32, i1 } %171, 1, !nosanitize !24
    -> Guard[4] (false edge of ''):  %151 = extractvalue { i64, i1 } %150, 1, !nosanitize !24
    -> Guard[5] (false edge of ''):  %146 = extractvalue { i32, i1 } %145, 1, !nosanitize !24
    -> Guard[6] (false edge of ''):  %141 = extractvalue { i32, i1 } %140, 1, !nosanitize !24
    -> Guard[7] (false edge of ''):  %133 = extractvalue { i32, i1 } %132, 1, !nosanitize !24
    -> Guard[8] (false edge of ''):  %130 = icmp ult i32 %113, %129
    -> Guard[9] (false edge of ''):  %126 = extractvalue { i32, i1 } %125, 1, !nosanitize !24
    -> Guard[10] (false edge of ''):  %122 = extractvalue { i32, i1 } %121, 1, !nosanitize !24
    -> Guard[11] (false edge of ''):  %116 = extractvalue { i64, i1 } %115, 1, !nosanitize !24
    -> Guard[12] (false edge of ''):  %109 = extractvalue { i64, i1 } %108, 1, !nosanitize !24
    -> Guard[13] (false edge of ''):  %24 = icmp eq ptr %1, null
    -> Guard[14] (true edge of ''):  %19 = icmp eq ptr %18, %0
    -> Guard[15] (false edge of ''):  %16 = icmp eq ptr %15, null
    -> Guard[16] (false edge of ''):  %12 = icmp eq ptr %11, null
    -> Guard[17] (false edge of ''):  %8 = icmp eq ptr %7, null
    -> Guard[18] (false edge of ''):  %4 = icmp eq ptr %0, null
    -> Collected 19 dominating context guard(s).
    -> UNKNOWN (Solver gave up) [Query Latency: 10.163712 ms]
  -> Found UB Trap. Starting Backward Slice...
    -> Guard[0] (false edge of ''):  %122 = extractvalue { i32, i1 } %121, 1, !nosanitize !24
    -> Guard[1] (false edge of ''):  %116 = extractvalue { i64, i1 } %115, 1, !nosanitize !24
    -> Guard[2] (false edge of ''):  %109 = extractvalue { i64, i1 } %108, 1, !nosanitize !24
    -> Guard[3] (false edge of ''):  %24 = icmp eq ptr %1, null
    -> Guard[4] (true edge of ''):  %19 = icmp eq ptr %18, %0
    -> Guard[5] (false edge of ''):  %16 = icmp eq ptr %15, null
    -> Guard[6] (false edge of ''):  %12 = icmp eq ptr %11, null
    -> Guard[7] (false edge of ''):  %8 = icmp eq ptr %7, null
    -> Guard[8] (false edge of ''):  %4 = icmp eq ptr %0, null
    -> Collected 9 dominating context guard(s).
    -> SAT (WARNING: Potential Integer Overflow Bug Detected!) [Query Latency: 4.306892 ms]
  -> Found UB Trap. Starting Backward Slice...
    -> Guard[0] (true edge of ''):  %176 = icmp eq i32 %175, 0
    -> Guard[1] (false edge of ''):  %172 = extractvalue { i32, i1 } %171, 1, !nosanitize !24
    -> Guard[2] (false edge of ''):  %151 = extractvalue { i64, i1 } %150, 1, !nosanitize !24
    -> Guard[3] (false edge of ''):  %146 = extractvalue { i32, i1 } %145, 1, !nosanitize !24
    -> Guard[4] (false edge of ''):  %141 = extractvalue { i32, i1 } %140, 1, !nosanitize !24
    -> Guard[5] (false edge of ''):  %133 = extractvalue { i32, i1 } %132, 1, !nosanitize !24
    -> Guard[6] (false edge of ''):  %130 = icmp ult i32 %113, %129
    -> Guard[7] (false edge of ''):  %126 = extractvalue { i32, i1 } %125, 1, !nosanitize !24
    -> Guard[8] (false edge of ''):  %122 = extractvalue { i32, i1 } %121, 1, !nosanitize !24
    -> Guard[9] (false edge of ''):  %116 = extractvalue { i64, i1 } %115, 1, !nosanitize !24
    -> Guard[10] (false edge of ''):  %109 = extractvalue { i64, i1 } %108, 1, !nosanitize !24
    -> Guard[11] (false edge of ''):  %24 = icmp eq ptr %1, null
    -> Guard[12] (true edge of ''):  %19 = icmp eq ptr %18, %0
    -> Guard[13] (false edge of ''):  %16 = icmp eq ptr %15, null
    -> Guard[14] (false edge of ''):  %12 = icmp eq ptr %11, null
    -> Guard[15] (false edge of ''):  %8 = icmp eq ptr %7, null
    -> Guard[16] (false edge of ''):  %4 = icmp eq ptr %0, null
    -> Collected 17 dominating context guard(s).
    -> UNKNOWN (Solver gave up) [Query Latency: 10.126087 ms]
  -> Found UB Trap. Starting Backward Slice...
    -> Guard[0] (false edge of ''):  %151 = extractvalue { i64, i1 } %150, 1, !nosanitize !24
    -> Guard[1] (false edge of ''):  %146 = extractvalue { i32, i1 } %145, 1, !nosanitize !24
    -> Guard[2] (false edge of ''):  %141 = extractvalue { i32, i1 } %140, 1, !nosanitize !24
    -> Guard[3] (false edge of ''):  %133 = extractvalue { i32, i1 } %132, 1, !nosanitize !24
    -> Guard[4] (false edge of ''):  %130 = icmp ult i32 %113, %129
    -> Guard[5] (false edge of ''):  %126 = extractvalue { i32, i1 } %125, 1, !nosanitize !24
    -> Guard[6] (false edge of ''):  %122 = extractvalue { i32, i1 } %121, 1, !nosanitize !24
    -> Guard[7] (false edge of ''):  %116 = extractvalue { i64, i1 } %115, 1, !nosanitize !24
    -> Guard[8] (false edge of ''):  %109 = extractvalue { i64, i1 } %108, 1, !nosanitize !24
    -> Guard[9] (false edge of ''):  %24 = icmp eq ptr %1, null
    -> Guard[10] (true edge of ''):  %19 = icmp eq ptr %18, %0
    -> Guard[11] (false edge of ''):  %16 = icmp eq ptr %15, null
    -> Guard[12] (false edge of ''):  %12 = icmp eq ptr %11, null
    -> Guard[13] (false edge of ''):  %8 = icmp eq ptr %7, null
    -> Guard[14] (false edge of ''):  %4 = icmp eq ptr %0, null
    -> Collected 15 dominating context guard(s).
    -> UNKNOWN (Solver gave up) [Query Latency: 10.153462 ms]
  -> Found UB Trap. Starting Backward Slice...
    -> Guard[0] (false edge of ''):  %215 = icmp eq i32 %203, 0
    -> Guard[1] (false edge of ''):  %207 = icmp eq i32 %206, 0
    -> Guard[2] (false edge of ''):  %126 = extractvalue { i32, i1 } %125, 1, !nosanitize !24
    -> Guard[3] (false edge of ''):  %122 = extractvalue { i32, i1 } %121, 1, !nosanitize !24
    -> Guard[4] (false edge of ''):  %116 = extractvalue { i64, i1 } %115, 1, !nosanitize !24
    -> Guard[5] (false edge of ''):  %109 = extractvalue { i64, i1 } %108, 1, !nosanitize !24
    -> Guard[6] (false edge of ''):  %24 = icmp eq ptr %1, null
    -> Guard[7] (true edge of ''):  %19 = icmp eq ptr %18, %0
    -> Guard[8] (false edge of ''):  %16 = icmp eq ptr %15, null
    -> Guard[9] (false edge of ''):  %12 = icmp eq ptr %11, null
    -> Guard[10] (false edge of ''):  %8 = icmp eq ptr %7, null
    -> Guard[11] (false edge of ''):  %4 = icmp eq ptr %0, null
    -> Collected 12 dominating context guard(s).
    -> UNSAT (Dead Code / Impossible Path) [Query Latency: 3.803466 ms]
  => SUCCESS: Trap mathematically neutralized!
  -> Found UB Trap. Starting Backward Slice...
    -> Guard[0] (false edge of ''):  %218 = extractvalue { i32, i1 } %217, 1, !nosanitize !24
    -> Guard[1] (false edge of ''):  %215 = icmp eq i32 %203, 0
    -> Guard[2] (false edge of ''):  %207 = icmp eq i32 %206, 0
    -> Guard[3] (false edge of ''):  %126 = extractvalue { i32, i1 } %125, 1, !nosanitize !24
    -> Guard[4] (false edge of ''):  %122 = extractvalue { i32, i1 } %121, 1, !nosanitize !24
    -> Guard[5] (false edge of ''):  %116 = extractvalue { i64, i1 } %115, 1, !nosanitize !24
    -> Guard[6] (false edge of ''):  %109 = extractvalue { i64, i1 } %108, 1, !nosanitize !24
    -> Guard[7] (false edge of ''):  %24 = icmp eq ptr %1, null
    -> Guard[8] (true edge of ''):  %19 = icmp eq ptr %18, %0
    -> Guard[9] (false edge of ''):  %16 = icmp eq ptr %15, null
    -> Guard[10] (false edge of ''):  %12 = icmp eq ptr %11, null
    -> Guard[11] (false edge of ''):  %8 = icmp eq ptr %7, null
    -> Guard[12] (false edge of ''):  %4 = icmp eq ptr %0, null
    -> Collected 13 dominating context guard(s).
    -> UNKNOWN (Solver gave up) [Query Latency: 10.153633 ms]
  -> Found UB Trap. Starting Backward Slice...
    -> Guard[0] (false edge of ''):  %126 = extractvalue { i32, i1 } %125, 1, !nosanitize !24
    -> Guard[1] (false edge of ''):  %122 = extractvalue { i32, i1 } %121, 1, !nosanitize !24
    -> Guard[2] (false edge of ''):  %116 = extractvalue { i64, i1 } %115, 1, !nosanitize !24
    -> Guard[3] (false edge of ''):  %109 = extractvalue { i64, i1 } %108, 1, !nosanitize !24
    -> Guard[4] (false edge of ''):  %24 = icmp eq ptr %1, null
    -> Guard[5] (true edge of ''):  %19 = icmp eq ptr %18, %0
    -> Guard[6] (false edge of ''):  %16 = icmp eq ptr %15, null
    -> Guard[7] (false edge of ''):  %12 = icmp eq ptr %11, null
    -> Guard[8] (false edge of ''):  %8 = icmp eq ptr %7, null
    -> Guard[9] (false edge of ''):  %4 = icmp eq ptr %0, null
    -> Collected 10 dominating context guard(s).
    -> UNKNOWN (Solver gave up) [Query Latency: 19.475719 ms]
  -> Found UB Trap. Starting Backward Slice...
    -> Guard[0] (true edge of ''):  %369 = icmp ugt i32 %368, 2
    -> Guard[1] (false edge of ''):  %126 = extractvalue { i32, i1 } %125, 1, !nosanitize !24
    -> Guard[2] (false edge of ''):  %122 = extractvalue { i32, i1 } %121, 1, !nosanitize !24
    -> Guard[3] (false edge of ''):  %116 = extractvalue { i64, i1 } %115, 1, !nosanitize !24
    -> Guard[4] (false edge of ''):  %109 = extractvalue { i64, i1 } %108, 1, !nosanitize !24
    -> Guard[5] (false edge of ''):  %24 = icmp eq ptr %1, null
    -> Guard[6] (true edge of ''):  %19 = icmp eq ptr %18, %0
    -> Guard[7] (false edge of ''):  %16 = icmp eq ptr %15, null
    -> Guard[8] (false edge of ''):  %12 = icmp eq ptr %11, null
    -> Guard[9] (false edge of ''):  %8 = icmp eq ptr %7, null
    -> Guard[10] (false edge of ''):  %4 = icmp eq ptr %0, null
    -> Collected 11 dominating context guard(s).
    -> UNKNOWN (Solver gave up) [Query Latency: 10.127182 ms]
  -> Found UB Trap. Starting Backward Slice...
    -> Guard[0] (true edge of ''):  %654 = icmp ult i64 %634, %653
    -> Guard[1] (false edge of ''):  %642 = icmp ult i64 %634, %641
    -> Guard[2] (true edge of ''):  %636 = icmp ult i64 %634, %635
    -> Guard[3] (false edge of ''):  %433 = extractvalue { i32, i1 } %432, 1, !nosanitize !24
    -> Guard[4] (false edge of ''):  %429 = extractvalue { i32, i1 } %428, 1, !nosanitize !24
    -> Guard[5] (false edge of ''):  %423 = extractvalue { i64, i1 } %422, 1, !nosanitize !24
    -> Guard[6] (false edge of ''):  %416 = extractvalue { i64, i1 } %415, 1, !nosanitize !24
    -> Guard[7] (true edge of ''):  %407 = icmp eq i32 %406, 0
    -> Guard[8] (false edge of ''):  %382 = extractvalue { i32, i1 } %381, 1, !nosanitize !24
    -> Guard[9] (true edge of ''):  %369 = icmp ugt i32 %368, 2
    -> Guard[10] (false edge of ''):  %126 = extractvalue { i32, i1 } %125, 1, !nosanitize !24
    -> Guard[11] (false edge of ''):  %122 = extractvalue { i32, i1 } %121, 1, !nosanitize !24
    -> Guard[12] (false edge of ''):  %116 = extractvalue { i64, i1 } %115, 1, !nosanitize !24
    -> Guard[13] (false edge of ''):  %109 = extractvalue { i64, i1 } %108, 1, !nosanitize !24
    -> Guard[14] (false edge of ''):  %24 = icmp eq ptr %1, null
    -> Guard[15] (true edge of ''):  %19 = icmp eq ptr %18, %0
    -> Guard[16] (false edge of ''):  %16 = icmp eq ptr %15, null
    -> Guard[17] (false edge of ''):  %12 = icmp eq ptr %11, null
    -> Guard[18] (false edge of ''):  %8 = icmp eq ptr %7, null
    -> Guard[19] (false edge of ''):  %4 = icmp eq ptr %0, null
    -> Collected 20 dominating context guard(s).
    -> UNKNOWN (Solver gave up) [Query Latency: 10.144784 ms]
  -> Found UB Trap. Starting Backward Slice...
    -> Guard[0] (true edge of ''):  %642 = icmp ult i64 %634, %641
    -> Guard[1] (true edge of ''):  %636 = icmp ult i64 %634, %635
    -> Guard[2] (false edge of ''):  %433 = extractvalue { i32, i1 } %432, 1, !nosanitize !24
    -> Guard[3] (false edge of ''):  %429 = extractvalue { i32, i1 } %428, 1, !nosanitize !24
    -> Guard[4] (false edge of ''):  %423 = extractvalue { i64, i1 } %422, 1, !nosanitize !24
    -> Guard[5] (false edge of ''):  %416 = extractvalue { i64, i1 } %415, 1, !nosanitize !24
    -> Guard[6] (true edge of ''):  %407 = icmp eq i32 %406, 0
    -> Guard[7] (false edge of ''):  %382 = extractvalue { i32, i1 } %381, 1, !nosanitize !24
    -> Guard[8] (true edge of ''):  %369 = icmp ugt i32 %368, 2
    -> Guard[9] (false edge of ''):  %126 = extractvalue { i32, i1 } %125, 1, !nosanitize !24
    -> Guard[10] (false edge of ''):  %122 = extractvalue { i32, i1 } %121, 1, !nosanitize !24
    -> Guard[11] (false edge of ''):  %116 = extractvalue { i64, i1 } %115, 1, !nosanitize !24
    -> Guard[12] (false edge of ''):  %109 = extractvalue { i64, i1 } %108, 1, !nosanitize !24
    -> Guard[13] (false edge of ''):  %24 = icmp eq ptr %1, null
    -> Guard[14] (true edge of ''):  %19 = icmp eq ptr %18, %0
    -> Guard[15] (false edge of ''):  %16 = icmp eq ptr %15, null
    -> Guard[16] (false edge of ''):  %12 = icmp eq ptr %11, null
    -> Guard[17] (false edge of ''):  %8 = icmp eq ptr %7, null
    -> Guard[18] (false edge of ''):  %4 = icmp eq ptr %0, null
    -> Collected 19 dominating context guard(s).
    -> UNKNOWN (Solver gave up) [Query Latency: 10.181298 ms]
  -> Found UB Trap. Starting Backward Slice...
    -> Guard[0] (true edge of ''):  %565 = icmp ugt i32 %564, 2
    -> Guard[1] (false edge of ''):  %562 = extractvalue { i32, i1 } %561, 1, !nosanitize !24
    -> Guard[2] (false edge of ''):  %557 = extractvalue { i32, i1 } %556, 1, !nosanitize !24
    -> Guard[3] (false edge of ''):  %514 = icmp eq i32 %513, 0
    -> Guard[4] (false edge of ''):  %433 = extractvalue { i32, i1 } %432, 1, !nosanitize !24
    -> Guard[5] (false edge of ''):  %429 = extractvalue { i32, i1 } %428, 1, !nosanitize !24
    -> Guard[6] (false edge of ''):  %423 = extractvalue { i64, i1 } %422, 1, !nosanitize !24
    -> Guard[7] (false edge of ''):  %416 = extractvalue { i64, i1 } %415, 1, !nosanitize !24
    -> Guard[8] (true edge of ''):  %407 = icmp eq i32 %406, 0
    -> Guard[9] (false edge of ''):  %382 = extractvalue { i32, i1 } %381, 1, !nosanitize !24
    -> Guard[10] (true edge of ''):  %369 = icmp ugt i32 %368, 2
    -> Guard[11] (false edge of ''):  %126 = extractvalue { i32, i1 } %125, 1, !nosanitize !24
    -> Guard[12] (false edge of ''):  %122 = extractvalue { i32, i1 } %121, 1, !nosanitize !24
    -> Guard[13] (false edge of ''):  %116 = extractvalue { i64, i1 } %115, 1, !nosanitize !24
    -> Guard[14] (false edge of ''):  %109 = extractvalue { i64, i1 } %108, 1, !nosanitize !24
    -> Guard[15] (false edge of ''):  %24 = icmp eq ptr %1, null
    -> Guard[16] (true edge of ''):  %19 = icmp eq ptr %18, %0
    -> Guard[17] (false edge of ''):  %16 = icmp eq ptr %15, null
    -> Guard[18] (false edge of ''):  %12 = icmp eq ptr %11, null
    -> Guard[19] (false edge of ''):  %8 = icmp eq ptr %7, null
    -> Guard[20] (false edge of ''):  %4 = icmp eq ptr %0, null
    -> Collected 21 dominating context guard(s).
    -> UNKNOWN (Solver gave up) [Query Latency: 11.719465 ms]
  -> Found UB Trap. Starting Backward Slice...
    -> Guard[0] (false edge of ''):  %453 = extractvalue { i32, i1 } %452, 1, !nosanitize !24
    -> Guard[1] (false edge of ''):  %448 = extractvalue { i32, i1 } %447, 1, !nosanitize !24
    -> Guard[2] (false edge of ''):  %440 = extractvalue { i32, i1 } %439, 1, !nosanitize !24
    -> Guard[3] (false edge of ''):  %437 = icmp ult i32 %420, %436
    -> Guard[4] (false edge of ''):  %433 = extractvalue { i32, i1 } %432, 1, !nosanitize !24
    -> Guard[5] (false edge of ''):  %429 = extractvalue { i32, i1 } %428, 1, !nosanitize !24
    -> Guard[6] (false edge of ''):  %423 = extractvalue { i64, i1 } %422, 1, !nosanitize !24
    -> Guard[7] (false edge of ''):  %416 = extractvalue { i64, i1 } %415, 1, !nosanitize !24
    -> Guard[8] (true edge of ''):  %407 = icmp eq i32 %406, 0
    -> Guard[9] (false edge of ''):  %382 = extractvalue { i32, i1 } %381, 1, !nosanitize !24
    -> Guard[10] (true edge of ''):  %369 = icmp ugt i32 %368, 2
    -> Guard[11] (false edge of ''):  %126 = extractvalue { i32, i1 } %125, 1, !nosanitize !24
    -> Guard[12] (false edge of ''):  %122 = extractvalue { i32, i1 } %121, 1, !nosanitize !24
    -> Guard[13] (false edge of ''):  %116 = extractvalue { i64, i1 } %115, 1, !nosanitize !24
    -> Guard[14] (false edge of ''):  %109 = extractvalue { i64, i1 } %108, 1, !nosanitize !24
    -> Guard[15] (false edge of ''):  %24 = icmp eq ptr %1, null
    -> Guard[16] (true edge of ''):  %19 = icmp eq ptr %18, %0
    -> Guard[17] (false edge of ''):  %16 = icmp eq ptr %15, null
    -> Guard[18] (false edge of ''):  %12 = icmp eq ptr %11, null
    -> Guard[19] (false edge of ''):  %8 = icmp eq ptr %7, null
    -> Guard[20] (false edge of ''):  %4 = icmp eq ptr %0, null
    -> Collected 21 dominating context guard(s).
    -> UNKNOWN (Solver gave up) [Query Latency: 10.166733 ms]
  -> Found UB Trap. Starting Backward Slice...
    -> Guard[0] (false edge of ''):  %448 = extractvalue { i32, i1 } %447, 1, !nosanitize !24
    -> Guard[1] (false edge of ''):  %440 = extractvalue { i32, i1 } %439, 1, !nosanitize !24
    -> Guard[2] (false edge of ''):  %437 = icmp ult i32 %420, %436
    -> Guard[3] (false edge of ''):  %433 = extractvalue { i32, i1 } %432, 1, !nosanitize !24
    -> Guard[4] (false edge of ''):  %429 = extractvalue { i32, i1 } %428, 1, !nosanitize !24
    -> Guard[5] (false edge of ''):  %423 = extractvalue { i64, i1 } %422, 1, !nosanitize !24
    -> Guard[6] (false edge of ''):  %416 = extractvalue { i64, i1 } %415, 1, !nosanitize !24
    -> Guard[7] (true edge of ''):  %407 = icmp eq i32 %406, 0
    -> Guard[8] (false edge of ''):  %382 = extractvalue { i32, i1 } %381, 1, !nosanitize !24
    -> Guard[9] (true edge of ''):  %369 = icmp ugt i32 %368, 2
    -> Guard[10] (false edge of ''):  %126 = extractvalue { i32, i1 } %125, 1, !nosanitize !24
    -> Guard[11] (false edge of ''):  %122 = extractvalue { i32, i1 } %121, 1, !nosanitize !24
    -> Guard[12] (false edge of ''):  %116 = extractvalue { i64, i1 } %115, 1, !nosanitize !24
    -> Guard[13] (false edge of ''):  %109 = extractvalue { i64, i1 } %108, 1, !nosanitize !24
    -> Guard[14] (false edge of ''):  %24 = icmp eq ptr %1, null
    -> Guard[15] (true edge of ''):  %19 = icmp eq ptr %18, %0
    -> Guard[16] (false edge of ''):  %16 = icmp eq ptr %15, null
    -> Guard[17] (false edge of ''):  %12 = icmp eq ptr %11, null
    -> Guard[18] (false edge of ''):  %8 = icmp eq ptr %7, null
    -> Guard[19] (false edge of ''):  %4 = icmp eq ptr %0, null
    -> Collected 20 dominating context guard(s).
    -> UNKNOWN (Solver gave up) [Query Latency: 10.133410 ms]
  -> Found UB Trap. Starting Backward Slice...
    -> Guard[0] (false edge of ''):  %440 = extractvalue { i32, i1 } %439, 1, !nosanitize !24
    -> Guard[1] (false edge of ''):  %437 = icmp ult i32 %420, %436
    -> Guard[2] (false edge of ''):  %433 = extractvalue { i32, i1 } %432, 1, !nosanitize !24
    -> Guard[3] (false edge of ''):  %429 = extractvalue { i32, i1 } %428, 1, !nosanitize !24
    -> Guard[4] (false edge of ''):  %423 = extractvalue { i64, i1 } %422, 1, !nosanitize !24
    -> Guard[5] (false edge of ''):  %416 = extractvalue { i64, i1 } %415, 1, !nosanitize !24
    -> Guard[6] (true edge of ''):  %407 = icmp eq i32 %406, 0
    -> Guard[7] (false edge of ''):  %382 = extractvalue { i32, i1 } %381, 1, !nosanitize !24
    -> Guard[8] (true edge of ''):  %369 = icmp ugt i32 %368, 2
    -> Guard[9] (false edge of ''):  %126 = extractvalue { i32, i1 } %125, 1, !nosanitize !24
    -> Guard[10] (false edge of ''):  %122 = extractvalue { i32, i1 } %121, 1, !nosanitize !24
    -> Guard[11] (false edge of ''):  %116 = extractvalue { i64, i1 } %115, 1, !nosanitize !24
    -> Guard[12] (false edge of ''):  %109 = extractvalue { i64, i1 } %108, 1, !nosanitize !24
    -> Guard[13] (false edge of ''):  %24 = icmp eq ptr %1, null
    -> Guard[14] (true edge of ''):  %19 = icmp eq ptr %18, %0
    -> Guard[15] (false edge of ''):  %16 = icmp eq ptr %15, null
    -> Guard[16] (false edge of ''):  %12 = icmp eq ptr %11, null
    -> Guard[17] (false edge of ''):  %8 = icmp eq ptr %7, null
    -> Guard[18] (false edge of ''):  %4 = icmp eq ptr %0, null
    -> Collected 19 dominating context guard(s).
    -> UNKNOWN (Solver gave up) [Query Latency: 10.126782 ms]
  -> Found UB Trap. Starting Backward Slice...
    -> Guard[0] (false edge of ''):  %437 = icmp ult i32 %420, %436
    -> Guard[1] (false edge of ''):  %433 = extractvalue { i32, i1 } %432, 1, !nosanitize !24
    -> Guard[2] (false edge of ''):  %429 = extractvalue { i32, i1 } %428, 1, !nosanitize !24
    -> Guard[3] (false edge of ''):  %423 = extractvalue { i64, i1 } %422, 1, !nosanitize !24
    -> Guard[4] (false edge of ''):  %416 = extractvalue { i64, i1 } %415, 1, !nosanitize !24
    -> Guard[5] (true edge of ''):  %407 = icmp eq i32 %406, 0
    -> Guard[6] (false edge of ''):  %382 = extractvalue { i32, i1 } %381, 1, !nosanitize !24
    -> Guard[7] (true edge of ''):  %369 = icmp ugt i32 %368, 2
    -> Guard[8] (false edge of ''):  %126 = extractvalue { i32, i1 } %125, 1, !nosanitize !24
    -> Guard[9] (false edge of ''):  %122 = extractvalue { i32, i1 } %121, 1, !nosanitize !24
    -> Guard[10] (false edge of ''):  %116 = extractvalue { i64, i1 } %115, 1, !nosanitize !24
    -> Guard[11] (false edge of ''):  %109 = extractvalue { i64, i1 } %108, 1, !nosanitize !24
    -> Guard[12] (false edge of ''):  %24 = icmp eq ptr %1, null
    -> Guard[13] (true edge of ''):  %19 = icmp eq ptr %18, %0
    -> Guard[14] (false edge of ''):  %16 = icmp eq ptr %15, null
    -> Guard[15] (false edge of ''):  %12 = icmp eq ptr %11, null
    -> Guard[16] (false edge of ''):  %8 = icmp eq ptr %7, null
    -> Guard[17] (false edge of ''):  %4 = icmp eq ptr %0, null
    -> Collected 18 dominating context guard(s).
    -> UNKNOWN (Solver gave up) [Query Latency: 10.138768 ms]
  -> Found UB Trap. Starting Backward Slice...
    -> Guard[0] (false edge of ''):  %423 = extractvalue { i64, i1 } %422, 1, !nosanitize !24
    -> Guard[1] (false edge of ''):  %416 = extractvalue { i64, i1 } %415, 1, !nosanitize !24
    -> Guard[2] (true edge of ''):  %407 = icmp eq i32 %406, 0
    -> Guard[3] (false edge of ''):  %382 = extractvalue { i32, i1 } %381, 1, !nosanitize !24
    -> Guard[4] (true edge of ''):  %369 = icmp ugt i32 %368, 2
    -> Guard[5] (false edge of ''):  %126 = extractvalue { i32, i1 } %125, 1, !nosanitize !24
    -> Guard[6] (false edge of ''):  %122 = extractvalue { i32, i1 } %121, 1, !nosanitize !24
    -> Guard[7] (false edge of ''):  %116 = extractvalue { i64, i1 } %115, 1, !nosanitize !24
    -> Guard[8] (false edge of ''):  %109 = extractvalue { i64, i1 } %108, 1, !nosanitize !24
    -> Guard[9] (false edge of ''):  %24 = icmp eq ptr %1, null
    -> Guard[10] (true edge of ''):  %19 = icmp eq ptr %18, %0
    -> Guard[11] (false edge of ''):  %16 = icmp eq ptr %15, null
    -> Guard[12] (false edge of ''):  %12 = icmp eq ptr %11, null
    -> Guard[13] (false edge of ''):  %8 = icmp eq ptr %7, null
    -> Guard[14] (false edge of ''):  %4 = icmp eq ptr %0, null
    -> Collected 15 dominating context guard(s).
    -> UNKNOWN (Solver gave up) [Query Latency: 10.167298 ms]
  -> Found UB Trap. Starting Backward Slice...
    -> Guard[0] (false edge of ''):  %416 = extractvalue { i64, i1 } %415, 1, !nosanitize !24
    -> Guard[1] (true edge of ''):  %407 = icmp eq i32 %406, 0
    -> Guard[2] (false edge of ''):  %382 = extractvalue { i32, i1 } %381, 1, !nosanitize !24
    -> Guard[3] (true edge of ''):  %369 = icmp ugt i32 %368, 2
    -> Guard[4] (false edge of ''):  %126 = extractvalue { i32, i1 } %125, 1, !nosanitize !24
    -> Guard[5] (false edge of ''):  %122 = extractvalue { i32, i1 } %121, 1, !nosanitize !24
    -> Guard[6] (false edge of ''):  %116 = extractvalue { i64, i1 } %115, 1, !nosanitize !24
    -> Guard[7] (false edge of ''):  %109 = extractvalue { i64, i1 } %108, 1, !nosanitize !24
    -> Guard[8] (false edge of ''):  %24 = icmp eq ptr %1, null
    -> Guard[9] (true edge of ''):  %19 = icmp eq ptr %18, %0
    -> Guard[10] (false edge of ''):  %16 = icmp eq ptr %15, null
    -> Guard[11] (false edge of ''):  %12 = icmp eq ptr %11, null
    -> Guard[12] (false edge of ''):  %8 = icmp eq ptr %7, null
    -> Guard[13] (false edge of ''):  %4 = icmp eq ptr %0, null
    -> Collected 14 dominating context guard(s).
    -> UNKNOWN (Solver gave up) [Query Latency: 10.226060 ms]
  -> Found UB Trap. Starting Backward Slice...
    -> Guard[0] (true edge of ''):  %407 = icmp eq i32 %406, 0
    -> Guard[1] (false edge of ''):  %382 = extractvalue { i32, i1 } %381, 1, !nosanitize !24
    -> Guard[2] (true edge of ''):  %369 = icmp ugt i32 %368, 2
    -> Guard[3] (false edge of ''):  %126 = extractvalue { i32, i1 } %125, 1, !nosanitize !24
    -> Guard[4] (false edge of ''):  %122 = extractvalue { i32, i1 } %121, 1, !nosanitize !24
    -> Guard[5] (false edge of ''):  %116 = extractvalue { i64, i1 } %115, 1, !nosanitize !24
    -> Guard[6] (false edge of ''):  %109 = extractvalue { i64, i1 } %108, 1, !nosanitize !24
    -> Guard[7] (false edge of ''):  %24 = icmp eq ptr %1, null
    -> Guard[8] (true edge of ''):  %19 = icmp eq ptr %18, %0
    -> Guard[9] (false edge of ''):  %16 = icmp eq ptr %15, null
    -> Guard[10] (false edge of ''):  %12 = icmp eq ptr %11, null
    -> Guard[11] (false edge of ''):  %8 = icmp eq ptr %7, null
    -> Guard[12] (false edge of ''):  %4 = icmp eq ptr %0, null
    -> Collected 13 dominating context guard(s).
    -> UNKNOWN (Solver gave up) [Query Latency: 10.139707 ms]
  -> Found UB Trap. Starting Backward Slice...
    -> Guard[0] (false edge of ''):  %657 = extractvalue { i64, i1 } %656, 1, !nosanitize !24
    -> Guard[1] (true edge of ''):  %654 = icmp ult i64 %634, %653
    -> Guard[2] (false edge of ''):  %642 = icmp ult i64 %634, %641
    -> Guard[3] (true edge of ''):  %636 = icmp ult i64 %634, %635
    -> Guard[4] (false edge of ''):  %433 = extractvalue { i32, i1 } %432, 1, !nosanitize !24
    -> Guard[5] (false edge of ''):  %429 = extractvalue { i32, i1 } %428, 1, !nosanitize !24
    -> Guard[6] (false edge of ''):  %423 = extractvalue { i64, i1 } %422, 1, !nosanitize !24
    -> Guard[7] (false edge of ''):  %416 = extractvalue { i64, i1 } %415, 1, !nosanitize !24
    -> Guard[8] (true edge of ''):  %407 = icmp eq i32 %406, 0
    -> Guard[9] (false edge of ''):  %382 = extractvalue { i32, i1 } %381, 1, !nosanitize !24
    -> Guard[10] (true edge of ''):  %369 = icmp ugt i32 %368, 2
    -> Guard[11] (false edge of ''):  %126 = extractvalue { i32, i1 } %125, 1, !nosanitize !24
    -> Guard[12] (false edge of ''):  %122 = extractvalue { i32, i1 } %121, 1, !nosanitize !24
    -> Guard[13] (false edge of ''):  %116 = extractvalue { i64, i1 } %115, 1, !nosanitize !24
    -> Guard[14] (false edge of ''):  %109 = extractvalue { i64, i1 } %108, 1, !nosanitize !24
    -> Guard[15] (false edge of ''):  %24 = icmp eq ptr %1, null
    -> Guard[16] (true edge of ''):  %19 = icmp eq ptr %18, %0
    -> Guard[17] (false edge of ''):  %16 = icmp eq ptr %15, null
    -> Guard[18] (false edge of ''):  %12 = icmp eq ptr %11, null
    -> Guard[19] (false edge of ''):  %8 = icmp eq ptr %7, null
    -> Guard[20] (false edge of ''):  %4 = icmp eq ptr %0, null
    -> Collected 21 dominating context guard(s).
    -> UNKNOWN (Solver gave up) [Query Latency: 20.262051 ms]
  -> Found UB Trap. Starting Backward Slice...
    -> Guard[0] (false edge of ''):  %597 = extractvalue { i32, i1 } %596, 1, !nosanitize !24
    -> Guard[1] (false edge of ''):  %594 = icmp eq i32 %592, 0
    -> Guard[2] (false edge of ''):  %578 = extractvalue { i32, i1 } %577, 1, !nosanitize !24
    -> Guard[3] (false edge of ''):  %570 = extractvalue { i32, i1 } %568, 1, !nosanitize !24
    -> Guard[4] (true edge of ''):  %565 = icmp ugt i32 %564, 2
    -> Guard[5] (false edge of ''):  %562 = extractvalue { i32, i1 } %561, 1, !nosanitize !24
    -> Guard[6] (false edge of ''):  %557 = extractvalue { i32, i1 } %556, 1, !nosanitize !24
    -> Guard[7] (false edge of ''):  %514 = icmp eq i32 %513, 0
    -> Guard[8] (false edge of ''):  %433 = extractvalue { i32, i1 } %432, 1, !nosanitize !24
    -> Guard[9] (false edge of ''):  %429 = extractvalue { i32, i1 } %428, 1, !nosanitize !24
    -> Guard[10] (false edge of ''):  %423 = extractvalue { i64, i1 } %422, 1, !nosanitize !24
    -> Guard[11] (false edge of ''):  %416 = extractvalue { i64, i1 } %415, 1, !nosanitize !24
    -> Guard[12] (true edge of ''):  %407 = icmp eq i32 %406, 0
    -> Guard[13] (false edge of ''):  %382 = extractvalue { i32, i1 } %381, 1, !nosanitize !24
    -> Guard[14] (true edge of ''):  %369 = icmp ugt i32 %368, 2
    -> Guard[15] (false edge of ''):  %126 = extractvalue { i32, i1 } %125, 1, !nosanitize !24
    -> Guard[16] (false edge of ''):  %122 = extractvalue { i32, i1 } %121, 1, !nosanitize !24
    -> Guard[17] (false edge of ''):  %116 = extractvalue { i64, i1 } %115, 1, !nosanitize !24
    -> Guard[18] (false edge of ''):  %109 = extractvalue { i64, i1 } %108, 1, !nosanitize !24
    -> Guard[19] (false edge of ''):  %24 = icmp eq ptr %1, null
    -> Guard[20] (true edge of ''):  %19 = icmp eq ptr %18, %0
    -> Guard[21] (false edge of ''):  %16 = icmp eq ptr %15, null
    -> Guard[22] (false edge of ''):  %12 = icmp eq ptr %11, null
    -> Guard[23] (false edge of ''):  %8 = icmp eq ptr %7, null
    -> Guard[24] (false edge of ''):  %4 = icmp eq ptr %0, null
    -> Collected 25 dominating context guard(s).
    -> UNKNOWN (Solver gave up) [Query Latency: 10.135139 ms]
  -> Found UB Trap. Starting Backward Slice...
    -> Guard[0] (false edge of ''):  %594 = icmp eq i32 %592, 0
    -> Guard[1] (false edge of ''):  %578 = extractvalue { i32, i1 } %577, 1, !nosanitize !24
    -> Guard[2] (false edge of ''):  %570 = extractvalue { i32, i1 } %568, 1, !nosanitize !24
    -> Guard[3] (true edge of ''):  %565 = icmp ugt i32 %564, 2
    -> Guard[4] (false edge of ''):  %562 = extractvalue { i32, i1 } %561, 1, !nosanitize !24
    -> Guard[5] (false edge of ''):  %557 = extractvalue { i32, i1 } %556, 1, !nosanitize !24
    -> Guard[6] (false edge of ''):  %514 = icmp eq i32 %513, 0
    -> Guard[7] (false edge of ''):  %433 = extractvalue { i32, i1 } %432, 1, !nosanitize !24
    -> Guard[8] (false edge of ''):  %429 = extractvalue { i32, i1 } %428, 1, !nosanitize !24
    -> Guard[9] (false edge of ''):  %423 = extractvalue { i64, i1 } %422, 1, !nosanitize !24
    -> Guard[10] (false edge of ''):  %416 = extractvalue { i64, i1 } %415, 1, !nosanitize !24
    -> Guard[11] (true edge of ''):  %407 = icmp eq i32 %406, 0
    -> Guard[12] (false edge of ''):  %382 = extractvalue { i32, i1 } %381, 1, !nosanitize !24
    -> Guard[13] (true edge of ''):  %369 = icmp ugt i32 %368, 2
    -> Guard[14] (false edge of ''):  %126 = extractvalue { i32, i1 } %125, 1, !nosanitize !24
    -> Guard[15] (false edge of ''):  %122 = extractvalue { i32, i1 } %121, 1, !nosanitize !24
    -> Guard[16] (false edge of ''):  %116 = extractvalue { i64, i1 } %115, 1, !nosanitize !24
    -> Guard[17] (false edge of ''):  %109 = extractvalue { i64, i1 } %108, 1, !nosanitize !24
    -> Guard[18] (false edge of ''):  %24 = icmp eq ptr %1, null
    -> Guard[19] (true edge of ''):  %19 = icmp eq ptr %18, %0
    -> Guard[20] (false edge of ''):  %16 = icmp eq ptr %15, null
    -> Guard[21] (false edge of ''):  %12 = icmp eq ptr %11, null
    -> Guard[22] (false edge of ''):  %8 = icmp eq ptr %7, null
    -> Guard[23] (false edge of ''):  %4 = icmp eq ptr %0, null
    -> Collected 24 dominating context guard(s).
    -> UNKNOWN (Solver gave up) [Query Latency: 10.114763 ms]
  -> Found UB Trap. Starting Backward Slice...
    -> Guard[0] (false edge of ''):  %570 = extractvalue { i32, i1 } %568, 1, !nosanitize !24
    -> Guard[1] (true edge of ''):  %565 = icmp ugt i32 %564, 2
    -> Guard[2] (false edge of ''):  %562 = extractvalue { i32, i1 } %561, 1, !nosanitize !24
    -> Guard[3] (false edge of ''):  %557 = extractvalue { i32, i1 } %556, 1, !nosanitize !24
    -> Guard[4] (false edge of ''):  %514 = icmp eq i32 %513, 0
    -> Guard[5] (false edge of ''):  %433 = extractvalue { i32, i1 } %432, 1, !nosanitize !24
    -> Guard[6] (false edge of ''):  %429 = extractvalue { i32, i1 } %428, 1, !nosanitize !24
    -> Guard[7] (false edge of ''):  %423 = extractvalue { i64, i1 } %422, 1, !nosanitize !24
    -> Guard[8] (false edge of ''):  %416 = extractvalue { i64, i1 } %415, 1, !nosanitize !24
    -> Guard[9] (true edge of ''):  %407 = icmp eq i32 %406, 0
    -> Guard[10] (false edge of ''):  %382 = extractvalue { i32, i1 } %381, 1, !nosanitize !24
    -> Guard[11] (true edge of ''):  %369 = icmp ugt i32 %368, 2
    -> Guard[12] (false edge of ''):  %126 = extractvalue { i32, i1 } %125, 1, !nosanitize !24
    -> Guard[13] (false edge of ''):  %122 = extractvalue { i32, i1 } %121, 1, !nosanitize !24
    -> Guard[14] (false edge of ''):  %116 = extractvalue { i64, i1 } %115, 1, !nosanitize !24
    -> Guard[15] (false edge of ''):  %109 = extractvalue { i64, i1 } %108, 1, !nosanitize !24
    -> Guard[16] (false edge of ''):  %24 = icmp eq ptr %1, null
    -> Guard[17] (true edge of ''):  %19 = icmp eq ptr %18, %0
    -> Guard[18] (false edge of ''):  %16 = icmp eq ptr %15, null
    -> Guard[19] (false edge of ''):  %12 = icmp eq ptr %11, null
    -> Guard[20] (false edge of ''):  %8 = icmp eq ptr %7, null
    -> Guard[21] (false edge of ''):  %4 = icmp eq ptr %0, null
    -> Collected 22 dominating context guard(s).
    -> UNKNOWN (Solver gave up) [Query Latency: 10.125132 ms]
  -> Found UB Trap. Starting Backward Slice...
    -> Guard[0] (false edge of ''):  %557 = extractvalue { i32, i1 } %556, 1, !nosanitize !24
    -> Guard[1] (false edge of ''):  %514 = icmp eq i32 %513, 0
    -> Guard[2] (false edge of ''):  %433 = extractvalue { i32, i1 } %432, 1, !nosanitize !24
    -> Guard[3] (false edge of ''):  %429 = extractvalue { i32, i1 } %428, 1, !nosanitize !24
    -> Guard[4] (false edge of ''):  %423 = extractvalue { i64, i1 } %422, 1, !nosanitize !24
    -> Guard[5] (false edge of ''):  %416 = extractvalue { i64, i1 } %415, 1, !nosanitize !24
    -> Guard[6] (true edge of ''):  %407 = icmp eq i32 %406, 0
    -> Guard[7] (false edge of ''):  %382 = extractvalue { i32, i1 } %381, 1, !nosanitize !24
    -> Guard[8] (true edge of ''):  %369 = icmp ugt i32 %368, 2
    -> Guard[9] (false edge of ''):  %126 = extractvalue { i32, i1 } %125, 1, !nosanitize !24
    -> Guard[10] (false edge of ''):  %122 = extractvalue { i32, i1 } %121, 1, !nosanitize !24
    -> Guard[11] (false edge of ''):  %116 = extractvalue { i64, i1 } %115, 1, !nosanitize !24
    -> Guard[12] (false edge of ''):  %109 = extractvalue { i64, i1 } %108, 1, !nosanitize !24
    -> Guard[13] (false edge of ''):  %24 = icmp eq ptr %1, null
    -> Guard[14] (true edge of ''):  %19 = icmp eq ptr %18, %0
    -> Guard[15] (false edge of ''):  %16 = icmp eq ptr %15, null
    -> Guard[16] (false edge of ''):  %12 = icmp eq ptr %11, null
    -> Guard[17] (false edge of ''):  %8 = icmp eq ptr %7, null
    -> Guard[18] (false edge of ''):  %4 = icmp eq ptr %0, null
    -> Collected 19 dominating context guard(s).
    -> UNKNOWN (Solver gave up) [Query Latency: 10.145702 ms]
  -> Found UB Trap. Starting Backward Slice...
    -> Guard[0] (false edge of ''):  %514 = icmp eq i32 %513, 0
    -> Guard[1] (false edge of ''):  %433 = extractvalue { i32, i1 } %432, 1, !nosanitize !24
    -> Guard[2] (false edge of ''):  %429 = extractvalue { i32, i1 } %428, 1, !nosanitize !24
    -> Guard[3] (false edge of ''):  %423 = extractvalue { i64, i1 } %422, 1, !nosanitize !24
    -> Guard[4] (false edge of ''):  %416 = extractvalue { i64, i1 } %415, 1, !nosanitize !24
    -> Guard[5] (true edge of ''):  %407 = icmp eq i32 %406, 0
    -> Guard[6] (false edge of ''):  %382 = extractvalue { i32, i1 } %381, 1, !nosanitize !24
    -> Guard[7] (true edge of ''):  %369 = icmp ugt i32 %368, 2
    -> Guard[8] (false edge of ''):  %126 = extractvalue { i32, i1 } %125, 1, !nosanitize !24
    -> Guard[9] (false edge of ''):  %122 = extractvalue { i32, i1 } %121, 1, !nosanitize !24
    -> Guard[10] (false edge of ''):  %116 = extractvalue { i64, i1 } %115, 1, !nosanitize !24
    -> Guard[11] (false edge of ''):  %109 = extractvalue { i64, i1 } %108, 1, !nosanitize !24
    -> Guard[12] (false edge of ''):  %24 = icmp eq ptr %1, null
    -> Guard[13] (true edge of ''):  %19 = icmp eq ptr %18, %0
    -> Guard[14] (false edge of ''):  %16 = icmp eq ptr %15, null
    -> Guard[15] (false edge of ''):  %12 = icmp eq ptr %11, null
    -> Guard[16] (false edge of ''):  %8 = icmp eq ptr %7, null
    -> Guard[17] (false edge of ''):  %4 = icmp eq ptr %0, null
    -> Collected 18 dominating context guard(s).
    -> UNKNOWN (Solver gave up) [Query Latency: 10.149687 ms]
  -> Found UB Trap. Starting Backward Slice...
    -> Guard[0] (true edge of ''):  %500 = icmp eq i32 %499, 0
    -> Guard[1] (false edge of ''):  %497 = extractvalue { i32, i1 } %496, 1, !nosanitize !24
    -> Guard[2] (true edge of ''):  %483 = icmp eq i32 %482, 0
    -> Guard[3] (false edge of ''):  %479 = extractvalue { i32, i1 } %478, 1, !nosanitize !24
    -> Guard[4] (false edge of ''):  %458 = extractvalue { i64, i1 } %457, 1, !nosanitize !24
    -> Guard[5] (false edge of ''):  %453 = extractvalue { i32, i1 } %452, 1, !nosanitize !24
    -> Guard[6] (false edge of ''):  %448 = extractvalue { i32, i1 } %447, 1, !nosanitize !24
    -> Guard[7] (false edge of ''):  %440 = extractvalue { i32, i1 } %439, 1, !nosanitize !24
    -> Guard[8] (false edge of ''):  %437 = icmp ult i32 %420, %436
    -> Guard[9] (false edge of ''):  %433 = extractvalue { i32, i1 } %432, 1, !nosanitize !24
    -> Guard[10] (false edge of ''):  %429 = extractvalue { i32, i1 } %428, 1, !nosanitize !24
    -> Guard[11] (false edge of ''):  %423 = extractvalue { i64, i1 } %422, 1, !nosanitize !24
    -> Guard[12] (false edge of ''):  %416 = extractvalue { i64, i1 } %415, 1, !nosanitize !24
    -> Guard[13] (true edge of ''):  %407 = icmp eq i32 %406, 0
    -> Guard[14] (false edge of ''):  %382 = extractvalue { i32, i1 } %381, 1, !nosanitize !24
    -> Guard[15] (true edge of ''):  %369 = icmp ugt i32 %368, 2
    -> Guard[16] (false edge of ''):  %126 = extractvalue { i32, i1 } %125, 1, !nosanitize !24
    -> Guard[17] (false edge of ''):  %122 = extractvalue { i32, i1 } %121, 1, !nosanitize !24
    -> Guard[18] (false edge of ''):  %116 = extractvalue { i64, i1 } %115, 1, !nosanitize !24
    -> Guard[19] (false edge of ''):  %109 = extractvalue { i64, i1 } %108, 1, !nosanitize !24
    -> Guard[20] (false edge of ''):  %24 = icmp eq ptr %1, null
    -> Guard[21] (true edge of ''):  %19 = icmp eq ptr %18, %0
    -> Guard[22] (false edge of ''):  %16 = icmp eq ptr %15, null
    -> Guard[23] (false edge of ''):  %12 = icmp eq ptr %11, null
    -> Guard[24] (false edge of ''):  %8 = icmp eq ptr %7, null
    -> Guard[25] (false edge of ''):  %4 = icmp eq ptr %0, null
    -> Collected 26 dominating context guard(s).
    -> UNKNOWN (Solver gave up) [Query Latency: 10.145725 ms]
  -> Found UB Trap. Starting Backward Slice...
    -> Guard[0] (false edge of ''):  %429 = extractvalue { i32, i1 } %428, 1, !nosanitize !24
    -> Guard[1] (false edge of ''):  %423 = extractvalue { i64, i1 } %422, 1, !nosanitize !24
    -> Guard[2] (false edge of ''):  %416 = extractvalue { i64, i1 } %415, 1, !nosanitize !24
    -> Guard[3] (true edge of ''):  %407 = icmp eq i32 %406, 0
    -> Guard[4] (false edge of ''):  %382 = extractvalue { i32, i1 } %381, 1, !nosanitize !24
    -> Guard[5] (true edge of ''):  %369 = icmp ugt i32 %368, 2
    -> Guard[6] (false edge of ''):  %126 = extractvalue { i32, i1 } %125, 1, !nosanitize !24
    -> Guard[7] (false edge of ''):  %122 = extractvalue { i32, i1 } %121, 1, !nosanitize !24
    -> Guard[8] (false edge of ''):  %116 = extractvalue { i64, i1 } %115, 1, !nosanitize !24
    -> Guard[9] (false edge of ''):  %109 = extractvalue { i64, i1 } %108, 1, !nosanitize !24
    -> Guard[10] (false edge of ''):  %24 = icmp eq ptr %1, null
    -> Guard[11] (true edge of ''):  %19 = icmp eq ptr %18, %0
    -> Guard[12] (false edge of ''):  %16 = icmp eq ptr %15, null
    -> Guard[13] (false edge of ''):  %12 = icmp eq ptr %11, null
    -> Guard[14] (false edge of ''):  %8 = icmp eq ptr %7, null
    -> Guard[15] (false edge of ''):  %4 = icmp eq ptr %0, null
    -> Collected 16 dominating context guard(s).
    -> UNKNOWN (Solver gave up) [Query Latency: 10.145389 ms]
  -> Found UB Trap. Starting Backward Slice...
    -> Guard[0] (true edge of ''):  %483 = icmp eq i32 %482, 0
    -> Guard[1] (false edge of ''):  %479 = extractvalue { i32, i1 } %478, 1, !nosanitize !24
    -> Guard[2] (false edge of ''):  %458 = extractvalue { i64, i1 } %457, 1, !nosanitize !24
    -> Guard[3] (false edge of ''):  %453 = extractvalue { i32, i1 } %452, 1, !nosanitize !24
    -> Guard[4] (false edge of ''):  %448 = extractvalue { i32, i1 } %447, 1, !nosanitize !24
    -> Guard[5] (false edge of ''):  %440 = extractvalue { i32, i1 } %439, 1, !nosanitize !24
    -> Guard[6] (false edge of ''):  %437 = icmp ult i32 %420, %436
    -> Guard[7] (false edge of ''):  %433 = extractvalue { i32, i1 } %432, 1, !nosanitize !24
    -> Guard[8] (false edge of ''):  %429 = extractvalue { i32, i1 } %428, 1, !nosanitize !24
    -> Guard[9] (false edge of ''):  %423 = extractvalue { i64, i1 } %422, 1, !nosanitize !24
    -> Guard[10] (false edge of ''):  %416 = extractvalue { i64, i1 } %415, 1, !nosanitize !24
    -> Guard[11] (true edge of ''):  %407 = icmp eq i32 %406, 0
    -> Guard[12] (false edge of ''):  %382 = extractvalue { i32, i1 } %381, 1, !nosanitize !24
    -> Guard[13] (true edge of ''):  %369 = icmp ugt i32 %368, 2
    -> Guard[14] (false edge of ''):  %126 = extractvalue { i32, i1 } %125, 1, !nosanitize !24
    -> Guard[15] (false edge of ''):  %122 = extractvalue { i32, i1 } %121, 1, !nosanitize !24
    -> Guard[16] (false edge of ''):  %116 = extractvalue { i64, i1 } %115, 1, !nosanitize !24
    -> Guard[17] (false edge of ''):  %109 = extractvalue { i64, i1 } %108, 1, !nosanitize !24
    -> Guard[18] (false edge of ''):  %24 = icmp eq ptr %1, null
    -> Guard[19] (true edge of ''):  %19 = icmp eq ptr %18, %0
    -> Guard[20] (false edge of ''):  %16 = icmp eq ptr %15, null
    -> Guard[21] (false edge of ''):  %12 = icmp eq ptr %11, null
    -> Guard[22] (false edge of ''):  %8 = icmp eq ptr %7, null
    -> Guard[23] (false edge of ''):  %4 = icmp eq ptr %0, null
    -> Collected 24 dominating context guard(s).
    -> UNKNOWN (Solver gave up) [Query Latency: 10.169087 ms]
  -> Found UB Trap. Starting Backward Slice...
    -> Guard[0] (false edge of ''):  %458 = extractvalue { i64, i1 } %457, 1, !nosanitize !24
    -> Guard[1] (false edge of ''):  %453 = extractvalue { i32, i1 } %452, 1, !nosanitize !24
    -> Guard[2] (false edge of ''):  %448 = extractvalue { i32, i1 } %447, 1, !nosanitize !24
    -> Guard[3] (false edge of ''):  %440 = extractvalue { i32, i1 } %439, 1, !nosanitize !24
    -> Guard[4] (false edge of ''):  %437 = icmp ult i32 %420, %436
    -> Guard[5] (false edge of ''):  %433 = extractvalue { i32, i1 } %432, 1, !nosanitize !24
    -> Guard[6] (false edge of ''):  %429 = extractvalue { i32, i1 } %428, 1, !nosanitize !24
    -> Guard[7] (false edge of ''):  %423 = extractvalue { i64, i1 } %422, 1, !nosanitize !24
    -> Guard[8] (false edge of ''):  %416 = extractvalue { i64, i1 } %415, 1, !nosanitize !24
    -> Guard[9] (true edge of ''):  %407 = icmp eq i32 %406, 0
    -> Guard[10] (false edge of ''):  %382 = extractvalue { i32, i1 } %381, 1, !nosanitize !24
    -> Guard[11] (true edge of ''):  %369 = icmp ugt i32 %368, 2
    -> Guard[12] (false edge of ''):  %126 = extractvalue { i32, i1 } %125, 1, !nosanitize !24
    -> Guard[13] (false edge of ''):  %122 = extractvalue { i32, i1 } %121, 1, !nosanitize !24
    -> Guard[14] (false edge of ''):  %116 = extractvalue { i64, i1 } %115, 1, !nosanitize !24
    -> Guard[15] (false edge of ''):  %109 = extractvalue { i64, i1 } %108, 1, !nosanitize !24
    -> Guard[16] (false edge of ''):  %24 = icmp eq ptr %1, null
    -> Guard[17] (true edge of ''):  %19 = icmp eq ptr %18, %0
    -> Guard[18] (false edge of ''):  %16 = icmp eq ptr %15, null
    -> Guard[19] (false edge of ''):  %12 = icmp eq ptr %11, null
    -> Guard[20] (false edge of ''):  %8 = icmp eq ptr %7, null
    -> Guard[21] (false edge of ''):  %4 = icmp eq ptr %0, null
    -> Collected 22 dominating context guard(s).
    -> UNKNOWN (Solver gave up) [Query Latency: 10.211183 ms]
  -> Found UB Trap. Starting Backward Slice...
    -> Guard[0] (false edge of ''):  %522 = icmp eq i32 %510, 0
    -> Guard[1] (false edge of ''):  %514 = icmp eq i32 %513, 0
    -> Guard[2] (false edge of ''):  %433 = extractvalue { i32, i1 } %432, 1, !nosanitize !24
    -> Guard[3] (false edge of ''):  %429 = extractvalue { i32, i1 } %428, 1, !nosanitize !24
    -> Guard[4] (false edge of ''):  %423 = extractvalue { i64, i1 } %422, 1, !nosanitize !24
    -> Guard[5] (false edge of ''):  %416 = extractvalue { i64, i1 } %415, 1, !nosanitize !24
    -> Guard[6] (true edge of ''):  %407 = icmp eq i32 %406, 0
    -> Guard[7] (false edge of ''):  %382 = extractvalue { i32, i1 } %381, 1, !nosanitize !24
    -> Guard[8] (true edge of ''):  %369 = icmp ugt i32 %368, 2
    -> Guard[9] (false edge of ''):  %126 = extractvalue { i32, i1 } %125, 1, !nosanitize !24
    -> Guard[10] (false edge of ''):  %122 = extractvalue { i32, i1 } %121, 1, !nosanitize !24
    -> Guard[11] (false edge of ''):  %116 = extractvalue { i64, i1 } %115, 1, !nosanitize !24
    -> Guard[12] (false edge of ''):  %109 = extractvalue { i64, i1 } %108, 1, !nosanitize !24
    -> Guard[13] (false edge of ''):  %24 = icmp eq ptr %1, null
    -> Guard[14] (true edge of ''):  %19 = icmp eq ptr %18, %0
    -> Guard[15] (false edge of ''):  %16 = icmp eq ptr %15, null
    -> Guard[16] (false edge of ''):  %12 = icmp eq ptr %11, null
    -> Guard[17] (false edge of ''):  %8 = icmp eq ptr %7, null
    -> Guard[18] (false edge of ''):  %4 = icmp eq ptr %0, null
    -> Collected 19 dominating context guard(s).
    -> UNSAT (Dead Code / Impossible Path) [Query Latency: 5.726361 ms]
  => SUCCESS: Trap mathematically neutralized!
  -> Found UB Trap. Starting Backward Slice...
    -> Guard[0] (false edge of ''):  %525 = extractvalue { i32, i1 } %524, 1, !nosanitize !24
    -> Guard[1] (false edge of ''):  %522 = icmp eq i32 %510, 0
    -> Guard[2] (false edge of ''):  %514 = icmp eq i32 %513, 0
    -> Guard[3] (false edge of ''):  %433 = extractvalue { i32, i1 } %432, 1, !nosanitize !24
    -> Guard[4] (false edge of ''):  %429 = extractvalue { i32, i1 } %428, 1, !nosanitize !24
    -> Guard[5] (false edge of ''):  %423 = extractvalue { i64, i1 } %422, 1, !nosanitize !24
    -> Guard[6] (false edge of ''):  %416 = extractvalue { i64, i1 } %415, 1, !nosanitize !24
    -> Guard[7] (true edge of ''):  %407 = icmp eq i32 %406, 0
    -> Guard[8] (false edge of ''):  %382 = extractvalue { i32, i1 } %381, 1, !nosanitize !24
    -> Guard[9] (true edge of ''):  %369 = icmp ugt i32 %368, 2
    -> Guard[10] (false edge of ''):  %126 = extractvalue { i32, i1 } %125, 1, !nosanitize !24
    -> Guard[11] (false edge of ''):  %122 = extractvalue { i32, i1 } %121, 1, !nosanitize !24
    -> Guard[12] (false edge of ''):  %116 = extractvalue { i64, i1 } %115, 1, !nosanitize !24
    -> Guard[13] (false edge of ''):  %109 = extractvalue { i64, i1 } %108, 1, !nosanitize !24
    -> Guard[14] (false edge of ''):  %24 = icmp eq ptr %1, null
    -> Guard[15] (true edge of ''):  %19 = icmp eq ptr %18, %0
    -> Guard[16] (false edge of ''):  %16 = icmp eq ptr %15, null
    -> Guard[17] (false edge of ''):  %12 = icmp eq ptr %11, null
    -> Guard[18] (false edge of ''):  %8 = icmp eq ptr %7, null
    -> Guard[19] (false edge of ''):  %4 = icmp eq ptr %0, null
    -> Collected 20 dominating context guard(s).
    -> UNKNOWN (Solver gave up) [Query Latency: 10.131918 ms]
  => Total Traps Eliminated: 2
  => Total Trap Attempts: 48
  => Total SMT Queries Executed: 48
  => Total SMT Query Latency: 4.531729e+02 ms
  => Average SMT Query Latency: 9.441102e+00 ms
  => Total DFS & SMT Execution Time: 3.889195e+03 ms
--------------------------------------------------

[Z3 Oracle] Analyzing Function: deflateGetDictionary
  -> Found UB Trap. Starting Backward Slice...
    -> Guard[0] (true edge of ''):  %19 = icmp eq ptr %18, %0
    -> Guard[1] (false edge of ''):  %16 = icmp eq ptr %15, null
    -> Guard[2] (false edge of ''):  %12 = icmp eq ptr %11, null
    -> Guard[3] (false edge of ''):  %8 = icmp eq ptr %7, null
    -> Guard[4] (false edge of ''):  %4 = icmp eq ptr %0, null
    -> Collected 5 dominating context guard(s).
    -> SAT (WARNING: Potential Integer Overflow Bug Detected!) [Query Latency: 1.177389 ms]
  => Total Traps Eliminated: 0
  => Total Trap Attempts: 1
  => Total SMT Queries Executed: 1
  => Total SMT Query Latency: 1.177389e+00 ms
  => Average SMT Query Latency: 1.177389e+00 ms
  => Total DFS & SMT Execution Time: 3.012925e+01 ms
--------------------------------------------------

[Z3 Oracle] Analyzing Function: deflateResetKeep
  -> Found UB Trap. Starting Backward Slice...
    -> Guard[0] (true edge of ''):  %31 = icmp slt i32 %30, 0
    -> Guard[1] (true edge of ''):  %17 = icmp eq ptr %16, %0
    -> Guard[2] (false edge of ''):  %14 = icmp eq ptr %13, null
    -> Guard[3] (false edge of ''):  %10 = icmp eq ptr %9, null
    -> Guard[4] (false edge of ''):  %6 = icmp eq ptr %5, null
    -> Guard[5] (false edge of ''):  %2 = icmp eq ptr %0, null
    -> Collected 6 dominating context guard(s).
    -> SAT (WARNING: Potential Integer Overflow Bug Detected!) [Query Latency: 0.702101 ms]
  => Total Traps Eliminated: 0
  => Total Trap Attempts: 1
  => Total SMT Queries Executed: 1
  => Total SMT Query Latency: 7.021010e-01 ms
  => Average SMT Query Latency: 7.021010e-01 ms
  => Total DFS & SMT Execution Time: 3.331891e+01 ms
--------------------------------------------------

[Z3 Oracle] Analyzing Function: deflateSetHeader
  => Total Traps Eliminated: 0
  => Total Trap Attempts: 0
  => Total SMT Queries Executed: 0
  => Total SMT Query Latency: 0.000000e+00 ms
  => Average SMT Query Latency: 0.000000e+00 ms
  => Total DFS & SMT Execution Time: 1.121700e-02 ms
--------------------------------------------------

[Z3 Oracle] Analyzing Function: deflatePending
  => Total Traps Eliminated: 0
  => Total Trap Attempts: 0
  => Total SMT Queries Executed: 0
  => Total SMT Query Latency: 0.000000e+00 ms
  => Average SMT Query Latency: 0.000000e+00 ms
  => Total DFS & SMT Execution Time: 9.151000e-03 ms
--------------------------------------------------

[Z3 Oracle] Analyzing Function: deflateUsed
  => Total Traps Eliminated: 0
  => Total Trap Attempts: 0
  => Total SMT Queries Executed: 0
  => Total SMT Query Latency: 0.000000e+00 ms
  => Average SMT Query Latency: 0.000000e+00 ms
  => Total DFS & SMT Execution Time: 6.929000e-03 ms
--------------------------------------------------

[Z3 Oracle] Analyzing Function: deflatePrime
  -> Found UB Trap. Starting Backward Slice...
    -> Guard[0] (false edge of ''):  %56 = extractvalue { i32, i1 } %55, 1, !nosanitize !22
    -> Guard[1] (false edge of ''):  %47 = extractvalue { i32, i1 } %46, 1, !nosanitize !22
    -> Guard[2] (false edge of ''):  %40 = extractvalue { i32, i1 } %39, 1, !nosanitize !22
    -> Guard[3] (false edge of ''):  %31 = icmp ult ptr %27, %30
    -> Guard[4] (false edge of ''):  %24 = icmp ugt i32 %1, 16
    -> Guard[5] (true edge of ''):  %19 = icmp eq ptr %18, %0
    -> Guard[6] (false edge of ''):  %16 = icmp eq ptr %15, null
    -> Guard[7] (false edge of ''):  %12 = icmp eq ptr %11, null
    -> Guard[8] (false edge of ''):  %8 = icmp eq ptr %7, null
    -> Guard[9] (false edge of ''):  %4 = icmp eq ptr %0, null
    -> Collected 10 dominating context guard(s).
    -> SAT (WARNING: Potential Integer Overflow Bug Detected!) [Query Latency: 8.399117 ms]
  -> Found UB Trap. Starting Backward Slice...
    -> Guard[0] (false edge of ''):  %40 = extractvalue { i32, i1 } %39, 1, !nosanitize !22
    -> Guard[1] (false edge of ''):  %31 = icmp ult ptr %27, %30
    -> Guard[2] (false edge of ''):  %24 = icmp ugt i32 %1, 16
    -> Guard[3] (true edge of ''):  %19 = icmp eq ptr %18, %0
    -> Guard[4] (false edge of ''):  %16 = icmp eq ptr %15, null
    -> Guard[5] (false edge of ''):  %12 = icmp eq ptr %11, null
    -> Guard[6] (false edge of ''):  %8 = icmp eq ptr %7, null
    -> Guard[7] (false edge of ''):  %4 = icmp eq ptr %0, null
    -> Collected 8 dominating context guard(s).
    -> SAT (WARNING: Potential Integer Overflow Bug Detected!) [Query Latency: 4.963991 ms]
  -> Found UB Trap. Starting Backward Slice...
    -> Guard[0] (false edge of ''):  %31 = icmp ult ptr %27, %30
    -> Guard[1] (false edge of ''):  %24 = icmp ugt i32 %1, 16
    -> Guard[2] (true edge of ''):  %19 = icmp eq ptr %18, %0
    -> Guard[3] (false edge of ''):  %16 = icmp eq ptr %15, null
    -> Guard[4] (false edge of ''):  %12 = icmp eq ptr %11, null
    -> Guard[5] (false edge of ''):  %8 = icmp eq ptr %7, null
    -> Guard[6] (false edge of ''):  %4 = icmp eq ptr %0, null
    -> Collected 7 dominating context guard(s).
    -> SAT (WARNING: Potential Integer Overflow Bug Detected!) [Query Latency: 2.006684 ms]
  -> Found UB Trap. Starting Backward Slice...
    -> Guard[0] (false edge of ''):  %47 = extractvalue { i32, i1 } %46, 1, !nosanitize !22
    -> Guard[1] (false edge of ''):  %40 = extractvalue { i32, i1 } %39, 1, !nosanitize !22
    -> Guard[2] (false edge of ''):  %31 = icmp ult ptr %27, %30
    -> Guard[3] (false edge of ''):  %24 = icmp ugt i32 %1, 16
    -> Guard[4] (true edge of ''):  %19 = icmp eq ptr %18, %0
    -> Guard[5] (false edge of ''):  %16 = icmp eq ptr %15, null
    -> Guard[6] (false edge of ''):  %12 = icmp eq ptr %11, null
    -> Guard[7] (false edge of ''):  %8 = icmp eq ptr %7, null
    -> Guard[8] (false edge of ''):  %4 = icmp eq ptr %0, null
    -> Collected 9 dominating context guard(s).
    -> SAT (WARNING: Potential Integer Overflow Bug Detected!) [Query Latency: 6.080010 ms]
  => Total Traps Eliminated: 0
  => Total Trap Attempts: 4
  => Total SMT Queries Executed: 4
  => Total SMT Query Latency: 2.144980e+01 ms
  => Average SMT Query Latency: 5.362450e+00 ms
  => Total DFS & SMT Execution Time: 1.960292e+02 ms
--------------------------------------------------

[Z3 Oracle] Analyzing Function: deflateParams
  -> Found UB Trap. Starting Backward Slice...
    -> Guard[0] (false edge of ''):  %84 = icmp eq i32 %83, 0
    -> Guard[1] (false edge of ''):  %76 = icmp eq i64 %75, 0
    -> Guard[2] (false edge of ''):  %69 = icmp eq i32 %68, 0
    -> Guard[3] (false edge of ''):  %51 = icmp eq ptr %50, null
    -> Guard[4] (false edge of ''):  %46 = icmp eq i32 %45, -2
    -> Guard[5] (false edge of ''):  %28 = or i1 %27, %26
    -> Guard[6] (true edge of ''):  %19 = icmp eq ptr %18, %0
    -> Guard[7] (false edge of ''):  %16 = icmp eq ptr %15, null
    -> Guard[8] (false edge of ''):  %12 = icmp eq ptr %11, null
    -> Guard[9] (false edge of ''):  %8 = icmp eq ptr %7, null
    -> Guard[10] (false edge of ''):  %4 = icmp eq ptr %0, null
    -> Collected 11 dominating context guard(s).
    -> SAT (WARNING: Potential Integer Overflow Bug Detected!) [Query Latency: 2.299573 ms]
  -> Found UB Trap. Starting Backward Slice...
    -> Guard[0] (false edge of ''):  %103 = extractvalue { i32, i1 } %102, 1, !nosanitize !33
    -> Guard[1] (false edge of ''):  %97 = extractvalue { i64, i1 } %96, 1, !nosanitize !33
    -> Guard[2] (false edge of ''):  %84 = icmp eq i32 %83, 0
    -> Guard[3] (false edge of ''):  %76 = icmp eq i64 %75, 0
    -> Guard[4] (false edge of ''):  %69 = icmp eq i32 %68, 0
    -> Guard[5] (false edge of ''):  %51 = icmp eq ptr %50, null
    -> Guard[6] (false edge of ''):  %46 = icmp eq i32 %45, -2
    -> Guard[7] (false edge of ''):  %28 = or i1 %27, %26
    -> Guard[8] (true edge of ''):  %19 = icmp eq ptr %18, %0
    -> Guard[9] (false edge of ''):  %16 = icmp eq ptr %15, null
    -> Guard[10] (false edge of ''):  %12 = icmp eq ptr %11, null
    -> Guard[11] (false edge of ''):  %8 = icmp eq ptr %7, null
    -> Guard[12] (false edge of ''):  %4 = icmp eq ptr %0, null
    -> Collected 13 dominating context guard(s).
    -> SAT (WARNING: Potential Integer Overflow Bug Detected!) [Query Latency: 2.166578 ms]
  -> Found UB Trap. Starting Backward Slice...
    -> Guard[0] (false edge of ''):  %97 = extractvalue { i64, i1 } %96, 1, !nosanitize !33
    -> Guard[1] (false edge of ''):  %84 = icmp eq i32 %83, 0
    -> Guard[2] (false edge of ''):  %76 = icmp eq i64 %75, 0
    -> Guard[3] (false edge of ''):  %69 = icmp eq i32 %68, 0
    -> Guard[4] (false edge of ''):  %51 = icmp eq ptr %50, null
    -> Guard[5] (false edge of ''):  %46 = icmp eq i32 %45, -2
    -> Guard[6] (false edge of ''):  %28 = or i1 %27, %26
    -> Guard[7] (true edge of ''):  %19 = icmp eq ptr %18, %0
    -> Guard[8] (false edge of ''):  %16 = icmp eq ptr %15, null
    -> Guard[9] (false edge of ''):  %12 = icmp eq ptr %11, null
    -> Guard[10] (false edge of ''):  %8 = icmp eq ptr %7, null
    -> Guard[11] (false edge of ''):  %4 = icmp eq ptr %0, null
    -> Collected 12 dominating context guard(s).
    -> SAT (WARNING: Potential Integer Overflow Bug Detected!) [Query Latency: 2.138234 ms]
  -> Found UB Trap. Starting Backward Slice...
    -> Guard[0] (true edge of ''):  %55 = icmp eq i32 %54, 0
    -> Guard[1] (true edge of ''):  %76 = icmp eq i64 %75, 0
    -> Guard[2] (false edge of ''):  %69 = icmp eq i32 %68, 0
    -> Guard[3] (false edge of ''):  %51 = icmp eq ptr %50, null
    -> Guard[4] (false edge of ''):  %46 = icmp eq i32 %45, -2
    -> Guard[5] (false edge of ''):  %28 = or i1 %27, %26
    -> Guard[6] (true edge of ''):  %19 = icmp eq ptr %18, %0
    -> Guard[7] (false edge of ''):  %16 = icmp eq ptr %15, null
    -> Guard[8] (false edge of ''):  %12 = icmp eq ptr %11, null
    -> Guard[9] (false edge of ''):  %8 = icmp eq ptr %7, null
    -> Guard[10] (false edge of ''):  %4 = icmp eq ptr %0, null
    -> Collected 11 dominating context guard(s).
    -> SAT (WARNING: Potential Integer Overflow Bug Detected!) [Query Latency: 1.096902 ms]
  -> Found UB Trap. Starting Backward Slice...
    -> Guard[0] (true edge of ''):  %663 = icmp eq i64 %662, 0
    -> Guard[1] (false edge of ''):  %619 = extractvalue { i64, i1 } %618, 1, !nosanitize !33
    -> Guard[2] (true edge of ''):  %597 = icmp ugt i64 %595, %596
    -> Guard[3] (false edge of ''):  %592 = extractvalue { i64, i1 } %591, 1, !nosanitize !33
    -> Guard[4] (true edge of ''):  %589 = icmp eq i64 %588, 0
    -> Guard[5] (false edge of ''):  %547 = extractvalue { i64, i1 } %546, 1, !nosanitize !33
    -> Guard[6] (false edge of ''):  %526 = extractvalue { i64, i1 } %524, 1, !nosanitize !33
    -> Guard[7] (true edge of ''):  %522 = icmp ugt i64 %520, %521
    -> Guard[8] (false edge of ''):  %518 = extractvalue { i64, i1 } %517, 1, !nosanitize !33
    -> Guard[9] (false edge of ''):  %509 = extractvalue { i64, i1 } %508, 1, !nosanitize !33
    -> Guard[10] (false edge of ''):  %500 = icmp eq ptr %499, null
    -> Guard[11] (false edge of ''):  %69 = icmp eq i32 %68, 0
    -> Guard[12] (false edge of ''):  %51 = icmp eq ptr %50, null
    -> Guard[13] (false edge of ''):  %46 = icmp eq i32 %45, -2
    -> Guard[14] (false edge of ''):  %28 = or i1 %27, %26
    -> Guard[15] (true edge of ''):  %19 = icmp eq ptr %18, %0
    -> Guard[16] (false edge of ''):  %16 = icmp eq ptr %15, null
    -> Guard[17] (false edge of ''):  %12 = icmp eq ptr %11, null
    -> Guard[18] (false edge of ''):  %8 = icmp eq ptr %7, null
    -> Guard[19] (false edge of ''):  %4 = icmp eq ptr %0, null
    -> Collected 20 dominating context guard(s).
    -> UNKNOWN (Solver gave up) [Query Latency: 10.120367 ms]
  -> Found UB Trap. Starting Backward Slice...
    -> Guard[0] (true edge of ''):  %589 = icmp eq i64 %588, 0
    -> Guard[1] (false edge of ''):  %547 = extractvalue { i64, i1 } %546, 1, !nosanitize !33
    -> Guard[2] (false edge of ''):  %526 = extractvalue { i64, i1 } %524, 1, !nosanitize !33
    -> Guard[3] (true edge of ''):  %522 = icmp ugt i64 %520, %521
    -> Guard[4] (false edge of ''):  %518 = extractvalue { i64, i1 } %517, 1, !nosanitize !33
    -> Guard[5] (false edge of ''):  %509 = extractvalue { i64, i1 } %508, 1, !nosanitize !33
    -> Guard[6] (false edge of ''):  %500 = icmp eq ptr %499, null
    -> Guard[7] (false edge of ''):  %69 = icmp eq i32 %68, 0
    -> Guard[8] (false edge of ''):  %51 = icmp eq ptr %50, null
    -> Guard[9] (false edge of ''):  %46 = icmp eq i32 %45, -2
    -> Guard[10] (false edge of ''):  %28 = or i1 %27, %26
    -> Guard[11] (true edge of ''):  %19 = icmp eq ptr %18, %0
    -> Guard[12] (false edge of ''):  %16 = icmp eq ptr %15, null
    -> Guard[13] (false edge of ''):  %12 = icmp eq ptr %11, null
    -> Guard[14] (false edge of ''):  %8 = icmp eq ptr %7, null
    -> Guard[15] (false edge of ''):  %4 = icmp eq ptr %0, null
    -> Collected 16 dominating context guard(s).
    -> UNKNOWN (Solver gave up) [Query Latency: 10.138760 ms]
  -> Found UB Trap. Starting Backward Slice...
    -> Guard[0] (true edge of ''):  %522 = icmp ugt i64 %520, %521
    -> Guard[1] (false edge of ''):  %518 = extractvalue { i64, i1 } %517, 1, !nosanitize !33
    -> Guard[2] (false edge of ''):  %509 = extractvalue { i64, i1 } %508, 1, !nosanitize !33
    -> Guard[3] (false edge of ''):  %500 = icmp eq ptr %499, null
    -> Guard[4] (false edge of ''):  %69 = icmp eq i32 %68, 0
    -> Guard[5] (false edge of ''):  %51 = icmp eq ptr %50, null
    -> Guard[6] (false edge of ''):  %46 = icmp eq i32 %45, -2
    -> Guard[7] (false edge of ''):  %28 = or i1 %27, %26
    -> Guard[8] (true edge of ''):  %19 = icmp eq ptr %18, %0
    -> Guard[9] (false edge of ''):  %16 = icmp eq ptr %15, null
    -> Guard[10] (false edge of ''):  %12 = icmp eq ptr %11, null
    -> Guard[11] (false edge of ''):  %8 = icmp eq ptr %7, null
    -> Guard[12] (false edge of ''):  %4 = icmp eq ptr %0, null
    -> Collected 13 dominating context guard(s).
    -> SAT (WARNING: Potential Integer Overflow Bug Detected!) [Query Latency: 5.761586 ms]
  -> Found UB Trap. Starting Backward Slice...
    -> Guard[0] (false edge of ''):  %500 = icmp eq ptr %499, null
    -> Guard[1] (false edge of ''):  %69 = icmp eq i32 %68, 0
    -> Guard[2] (false edge of ''):  %51 = icmp eq ptr %50, null
    -> Guard[3] (false edge of ''):  %46 = icmp eq i32 %45, -2
    -> Guard[4] (false edge of ''):  %28 = or i1 %27, %26
    -> Guard[5] (true edge of ''):  %19 = icmp eq ptr %18, %0
    -> Guard[6] (false edge of ''):  %16 = icmp eq ptr %15, null
    -> Guard[7] (false edge of ''):  %12 = icmp eq ptr %11, null
    -> Guard[8] (false edge of ''):  %8 = icmp eq ptr %7, null
    -> Guard[9] (false edge of ''):  %4 = icmp eq ptr %0, null
    -> Collected 10 dominating context guard(s).
    -> SAT (WARNING: Potential Integer Overflow Bug Detected!) [Query Latency: 1.401641 ms]
  -> Found UB Trap. Starting Backward Slice...
    -> Guard[0] (false edge of ''):  %153 = icmp eq i32 %152, 0
    -> Guard[1] (false edge of ''):  %69 = icmp eq i32 %68, 0
    -> Guard[2] (false edge of ''):  %51 = icmp eq ptr %50, null
    -> Guard[3] (false edge of ''):  %46 = icmp eq i32 %45, -2
    -> Guard[4] (false edge of ''):  %28 = or i1 %27, %26
    -> Guard[5] (true edge of ''):  %19 = icmp eq ptr %18, %0
    -> Guard[6] (false edge of ''):  %16 = icmp eq ptr %15, null
    -> Guard[7] (false edge of ''):  %12 = icmp eq ptr %11, null
    -> Guard[8] (false edge of ''):  %8 = icmp eq ptr %7, null
    -> Guard[9] (false edge of ''):  %4 = icmp eq ptr %0, null
    -> Collected 10 dominating context guard(s).
    -> SAT (WARNING: Potential Integer Overflow Bug Detected!) [Query Latency: 1.226598 ms]
  -> Found UB Trap. Starting Backward Slice...
    -> Guard[0] (true edge of ''):  %127 = icmp sgt i32 %126, -1
    -> Guard[1] (true edge of ''):  %55 = icmp eq i32 %54, 0
    -> Guard[2] (true edge of ''):  %76 = icmp eq i64 %75, 0
    -> Guard[3] (false edge of ''):  %69 = icmp eq i32 %68, 0
    -> Guard[4] (false edge of ''):  %51 = icmp eq ptr %50, null
    -> Guard[5] (false edge of ''):  %46 = icmp eq i32 %45, -2
    -> Guard[6] (false edge of ''):  %28 = or i1 %27, %26
    -> Guard[7] (true edge of ''):  %19 = icmp eq ptr %18, %0
    -> Guard[8] (false edge of ''):  %16 = icmp eq ptr %15, null
    -> Guard[9] (false edge of ''):  %12 = icmp eq ptr %11, null
    -> Guard[10] (false edge of ''):  %8 = icmp eq ptr %7, null
    -> Guard[11] (false edge of ''):  %4 = icmp eq ptr %0, null
    -> Collected 12 dominating context guard(s).
    -> UNSAT (Dead Code / Impossible Path) [Query Latency: 1.991486 ms]
  => SUCCESS: Trap mathematically neutralized!
  -> Found UB Trap. Starting Backward Slice...
    -> Guard[0] (false edge of ''):  %930 = extractvalue { i64, i1 } %929, 1, !nosanitize !33
    -> Guard[1] (false edge of ''):  %926 = icmp eq i32 %925, 0
    -> Guard[2] (false edge of ''):  %69 = icmp eq i32 %68, 0
    -> Guard[3] (false edge of ''):  %51 = icmp eq ptr %50, null
    -> Guard[4] (false edge of ''):  %46 = icmp eq i32 %45, -2
    -> Guard[5] (false edge of ''):  %28 = or i1 %27, %26
    -> Guard[6] (true edge of ''):  %19 = icmp eq ptr %18, %0
    -> Guard[7] (false edge of ''):  %16 = icmp eq ptr %15, null
    -> Guard[8] (false edge of ''):  %12 = icmp eq ptr %11, null
    -> Guard[9] (false edge of ''):  %8 = icmp eq ptr %7, null
    -> Guard[10] (false edge of ''):  %4 = icmp eq ptr %0, null
    -> Collected 11 dominating context guard(s).
    -> SAT (WARNING: Potential Integer Overflow Bug Detected!) [Query Latency: 2.787553 ms]
  -> Found UB Trap. Starting Backward Slice...
    -> Guard[0] (false edge of ''):  %926 = icmp eq i32 %925, 0
    -> Guard[1] (false edge of ''):  %69 = icmp eq i32 %68, 0
    -> Guard[2] (false edge of ''):  %51 = icmp eq ptr %50, null
    -> Guard[3] (false edge of ''):  %46 = icmp eq i32 %45, -2
    -> Guard[4] (false edge of ''):  %28 = or i1 %27, %26
    -> Guard[5] (true edge of ''):  %19 = icmp eq ptr %18, %0
    -> Guard[6] (false edge of ''):  %16 = icmp eq ptr %15, null
    -> Guard[7] (false edge of ''):  %12 = icmp eq ptr %11, null
    -> Guard[8] (false edge of ''):  %8 = icmp eq ptr %7, null
    -> Guard[9] (false edge of ''):  %4 = icmp eq ptr %0, null
    -> Collected 10 dominating context guard(s).
    -> SAT (WARNING: Potential Integer Overflow Bug Detected!) [Query Latency: 2.198366 ms]
  -> Found UB Trap. Starting Backward Slice...
    -> Guard[0] (false edge of ''):  %891 = extractvalue { i64, i1 } %890, 1, !nosanitize !33
    -> Guard[1] (false edge of ''):  %816 = icmp eq ptr %815, null
    -> Guard[2] (false edge of ''):  %69 = icmp eq i32 %68, 0
    -> Guard[3] (false edge of ''):  %51 = icmp eq ptr %50, null
    -> Guard[4] (false edge of ''):  %46 = icmp eq i32 %45, -2
    -> Guard[5] (false edge of ''):  %28 = or i1 %27, %26
    -> Guard[6] (true edge of ''):  %19 = icmp eq ptr %18, %0
    -> Guard[7] (false edge of ''):  %16 = icmp eq ptr %15, null
    -> Guard[8] (false edge of ''):  %12 = icmp eq ptr %11, null
    -> Guard[9] (false edge of ''):  %8 = icmp eq ptr %7, null
    -> Guard[10] (false edge of ''):  %4 = icmp eq ptr %0, null
    -> Collected 11 dominating context guard(s).
    -> SAT (WARNING: Potential Integer Overflow Bug Detected!) [Query Latency: 6.226675 ms]
  -> Found UB Trap. Starting Backward Slice...
    -> Guard[0] (false edge of ''):  %816 = icmp eq ptr %815, null
    -> Guard[1] (false edge of ''):  %69 = icmp eq i32 %68, 0
    -> Guard[2] (false edge of ''):  %51 = icmp eq ptr %50, null
    -> Guard[3] (false edge of ''):  %46 = icmp eq i32 %45, -2
    -> Guard[4] (false edge of ''):  %28 = or i1 %27, %26
    -> Guard[5] (true edge of ''):  %19 = icmp eq ptr %18, %0
    -> Guard[6] (false edge of ''):  %16 = icmp eq ptr %15, null
    -> Guard[7] (false edge of ''):  %12 = icmp eq ptr %11, null
    -> Guard[8] (false edge of ''):  %8 = icmp eq ptr %7, null
    -> Guard[9] (false edge of ''):  %4 = icmp eq ptr %0, null
    -> Collected 10 dominating context guard(s).
    -> SAT (WARNING: Potential Integer Overflow Bug Detected!) [Query Latency: 1.999988 ms]
  -> Found UB Trap. Starting Backward Slice...
    -> Guard[0] (false edge of ''):  %780 = extractvalue { i64, i1 } %779, 1, !nosanitize !33
    -> Guard[1] (false edge of ''):  %705 = icmp eq ptr %704, null
    -> Guard[2] (false edge of ''):  %69 = icmp eq i32 %68, 0
    -> Guard[3] (false edge of ''):  %51 = icmp eq ptr %50, null
    -> Guard[4] (false edge of ''):  %46 = icmp eq i32 %45, -2
    -> Guard[5] (false edge of ''):  %28 = or i1 %27, %26
    -> Guard[6] (true edge of ''):  %19 = icmp eq ptr %18, %0
    -> Guard[7] (false edge of ''):  %16 = icmp eq ptr %15, null
    -> Guard[8] (false edge of ''):  %12 = icmp eq ptr %11, null
    -> Guard[9] (false edge of ''):  %8 = icmp eq ptr %7, null
    -> Guard[10] (false edge of ''):  %4 = icmp eq ptr %0, null
    -> Collected 11 dominating context guard(s).
    -> SAT (WARNING: Potential Integer Overflow Bug Detected!) [Query Latency: 5.789541 ms]
  -> Found UB Trap. Starting Backward Slice...
    -> Guard[0] (false edge of ''):  %705 = icmp eq ptr %704, null
    -> Guard[1] (false edge of ''):  %69 = icmp eq i32 %68, 0
    -> Guard[2] (false edge of ''):  %51 = icmp eq ptr %50, null
    -> Guard[3] (false edge of ''):  %46 = icmp eq i32 %45, -2
    -> Guard[4] (false edge of ''):  %28 = or i1 %27, %26
    -> Guard[5] (true edge of ''):  %19 = icmp eq ptr %18, %0
    -> Guard[6] (false edge of ''):  %16 = icmp eq ptr %15, null
    -> Guard[7] (false edge of ''):  %12 = icmp eq ptr %11, null
    -> Guard[8] (false edge of ''):  %8 = icmp eq ptr %7, null
    -> Guard[9] (false edge of ''):  %4 = icmp eq ptr %0, null
    -> Collected 10 dominating context guard(s).
    -> SAT (WARNING: Potential Integer Overflow Bug Detected!) [Query Latency: 1.940943 ms]
  -> Found UB Trap. Starting Backward Slice...
    -> Guard[0] (false edge of ''):  %518 = extractvalue { i64, i1 } %517, 1, !nosanitize !33
    -> Guard[1] (false edge of ''):  %509 = extractvalue { i64, i1 } %508, 1, !nosanitize !33
    -> Guard[2] (false edge of ''):  %500 = icmp eq ptr %499, null
    -> Guard[3] (false edge of ''):  %69 = icmp eq i32 %68, 0
    -> Guard[4] (false edge of ''):  %51 = icmp eq ptr %50, null
    -> Guard[5] (false edge of ''):  %46 = icmp eq i32 %45, -2
    -> Guard[6] (false edge of ''):  %28 = or i1 %27, %26
    -> Guard[7] (true edge of ''):  %19 = icmp eq ptr %18, %0
    -> Guard[8] (false edge of ''):  %16 = icmp eq ptr %15, null
    -> Guard[9] (false edge of ''):  %12 = icmp eq ptr %11, null
    -> Guard[10] (false edge of ''):  %8 = icmp eq ptr %7, null
    -> Guard[11] (false edge of ''):  %4 = icmp eq ptr %0, null
    -> Collected 12 dominating context guard(s).
    -> UNKNOWN (Solver gave up) [Query Latency: 10.139509 ms]
  -> Found UB Trap. Starting Backward Slice...
    -> Guard[0] (true edge of ''):  %597 = icmp ugt i64 %595, %596
    -> Guard[1] (false edge of ''):  %592 = extractvalue { i64, i1 } %591, 1, !nosanitize !33
    -> Guard[2] (true edge of ''):  %589 = icmp eq i64 %588, 0
    -> Guard[3] (false edge of ''):  %547 = extractvalue { i64, i1 } %546, 1, !nosanitize !33
    -> Guard[4] (false edge of ''):  %526 = extractvalue { i64, i1 } %524, 1, !nosanitize !33
    -> Guard[5] (true edge of ''):  %522 = icmp ugt i64 %520, %521
    -> Guard[6] (false edge of ''):  %518 = extractvalue { i64, i1 } %517, 1, !nosanitize !33
    -> Guard[7] (false edge of ''):  %509 = extractvalue { i64, i1 } %508, 1, !nosanitize !33
    -> Guard[8] (false edge of ''):  %500 = icmp eq ptr %499, null
    -> Guard[9] (false edge of ''):  %69 = icmp eq i32 %68, 0
    -> Guard[10] (false edge of ''):  %51 = icmp eq ptr %50, null
    -> Guard[11] (false edge of ''):  %46 = icmp eq i32 %45, -2
    -> Guard[12] (false edge of ''):  %28 = or i1 %27, %26
    -> Guard[13] (true edge of ''):  %19 = icmp eq ptr %18, %0
    -> Guard[14] (false edge of ''):  %16 = icmp eq ptr %15, null
    -> Guard[15] (false edge of ''):  %12 = icmp eq ptr %11, null
    -> Guard[16] (false edge of ''):  %8 = icmp eq ptr %7, null
    -> Guard[17] (false edge of ''):  %4 = icmp eq ptr %0, null
    -> Collected 18 dominating context guard(s).
    -> SAT (WARNING: Potential Integer Overflow Bug Detected!) [Query Latency: 6.329585 ms]
  -> Found UB Trap. Starting Backward Slice...
    -> Guard[0] (false edge of ''):  %526 = extractvalue { i64, i1 } %524, 1, !nosanitize !33
    -> Guard[1] (true edge of ''):  %522 = icmp ugt i64 %520, %521
    -> Guard[2] (false edge of ''):  %518 = extractvalue { i64, i1 } %517, 1, !nosanitize !33
    -> Guard[3] (false edge of ''):  %509 = extractvalue { i64, i1 } %508, 1, !nosanitize !33
    -> Guard[4] (false edge of ''):  %500 = icmp eq ptr %499, null
    -> Guard[5] (false edge of ''):  %69 = icmp eq i32 %68, 0
    -> Guard[6] (false edge of ''):  %51 = icmp eq ptr %50, null
    -> Guard[7] (false edge of ''):  %46 = icmp eq i32 %45, -2
    -> Guard[8] (false edge of ''):  %28 = or i1 %27, %26
    -> Guard[9] (true edge of ''):  %19 = icmp eq ptr %18, %0
    -> Guard[10] (false edge of ''):  %16 = icmp eq ptr %15, null
    -> Guard[11] (false edge of ''):  %12 = icmp eq ptr %11, null
    -> Guard[12] (false edge of ''):  %8 = icmp eq ptr %7, null
    -> Guard[13] (false edge of ''):  %4 = icmp eq ptr %0, null
    -> Collected 14 dominating context guard(s).
    -> UNKNOWN (Solver gave up) [Query Latency: 10.261326 ms]
  -> Found UB Trap. Starting Backward Slice...
    -> Guard[0] (false edge of ''):  %509 = extractvalue { i64, i1 } %508, 1, !nosanitize !33
    -> Guard[1] (false edge of ''):  %500 = icmp eq ptr %499, null
    -> Guard[2] (false edge of ''):  %69 = icmp eq i32 %68, 0
    -> Guard[3] (false edge of ''):  %51 = icmp eq ptr %50, null
    -> Guard[4] (false edge of ''):  %46 = icmp eq i32 %45, -2
    -> Guard[5] (false edge of ''):  %28 = or i1 %27, %26
    -> Guard[6] (true edge of ''):  %19 = icmp eq ptr %18, %0
    -> Guard[7] (false edge of ''):  %16 = icmp eq ptr %15, null
    -> Guard[8] (false edge of ''):  %12 = icmp eq ptr %11, null
    -> Guard[9] (false edge of ''):  %8 = icmp eq ptr %7, null
    -> Guard[10] (false edge of ''):  %4 = icmp eq ptr %0, null
    -> Collected 11 dominating context guard(s).
    -> SAT (WARNING: Potential Integer Overflow Bug Detected!) [Query Latency: 7.550070 ms]
  -> Found UB Trap. Starting Backward Slice...
    -> Guard[0] (false edge of ''):  %458 = extractvalue { i64, i1 } %457, 1, !nosanitize !33
    -> Guard[1] (false edge of ''):  %454 = icmp eq ptr %453, null
    -> Guard[2] (false edge of ''):  %442 = extractvalue { i64, i1 } %441, 1, !nosanitize !33
    -> Guard[3] (false edge of ''):  %435 = extractvalue { i64, i1 } %434, 1, !nosanitize !33
    -> Guard[4] (false edge of ''):  %413 = extractvalue { i64, i1 } %412, 1, !nosanitize !33
    -> Guard[5] (false edge of ''):  %401 = extractvalue { i64, i1 } %400, 1, !nosanitize !33
    -> Guard[6] (false edge of ''):  %389 = extractvalue { i64, i1 } %388, 1, !nosanitize !33
    -> Guard[7] (false edge of ''):  %378 = extractvalue { i64, i1 } %377, 1, !nosanitize !33
    -> Guard[8] (false edge of ''):  %287 = extractvalue { i64, i1 } %286, 1
    -> Guard[9] (false edge of ''):  %284 = icmp eq ptr %283, null
    -> Guard[10] (false edge of ''):  %277 = extractvalue { i64, i1 } %276, 1, !nosanitize !33
    -> Guard[11] (false edge of ''):  %270 = extractvalue { i64, i1 } %269, 1, !nosanitize !33
    -> Guard[12] (false edge of ''):  %263 = extractvalue { i64, i1 } %262, 1, !nosanitize !33
    -> Guard[13] (true edge of ''):  %256 = icmp eq i32 %255, 57
    -> Guard[14] (false edge of ''):  %69 = icmp eq i32 %68, 0
    -> Guard[15] (false edge of ''):  %51 = icmp eq ptr %50, null
    -> Guard[16] (false edge of ''):  %46 = icmp eq i32 %45, -2
    -> Guard[17] (false edge of ''):  %28 = or i1 %27, %26
    -> Guard[18] (true edge of ''):  %19 = icmp eq ptr %18, %0
    -> Guard[19] (false edge of ''):  %16 = icmp eq ptr %15, null
    -> Guard[20] (false edge of ''):  %12 = icmp eq ptr %11, null
    -> Guard[21] (false edge of ''):  %8 = icmp eq ptr %7, null
    -> Guard[22] (false edge of ''):  %4 = icmp eq ptr %0, null
    -> Collected 23 dominating context guard(s).
    -> SAT (WARNING: Potential Integer Overflow Bug Detected!) [Query Latency: 8.260500 ms]
  -> Found UB Trap. Starting Backward Slice...
    -> Guard[0] (false edge of ''):  %454 = icmp eq ptr %453, null
    -> Guard[1] (false edge of ''):  %442 = extractvalue { i64, i1 } %441, 1, !nosanitize !33
    -> Guard[2] (false edge of ''):  %435 = extractvalue { i64, i1 } %434, 1, !nosanitize !33
    -> Guard[3] (false edge of ''):  %413 = extractvalue { i64, i1 } %412, 1, !nosanitize !33
    -> Guard[4] (false edge of ''):  %401 = extractvalue { i64, i1 } %400, 1, !nosanitize !33
    -> Guard[5] (false edge of ''):  %389 = extractvalue { i64, i1 } %388, 1, !nosanitize !33
    -> Guard[6] (false edge of ''):  %378 = extractvalue { i64, i1 } %377, 1, !nosanitize !33
    -> Guard[7] (false edge of ''):  %287 = extractvalue { i64, i1 } %286, 1
    -> Guard[8] (false edge of ''):  %284 = icmp eq ptr %283, null
    -> Guard[9] (false edge of ''):  %277 = extractvalue { i64, i1 } %276, 1, !nosanitize !33
    -> Guard[10] (false edge of ''):  %270 = extractvalue { i64, i1 } %269, 1, !nosanitize !33
    -> Guard[11] (false edge of ''):  %263 = extractvalue { i64, i1 } %262, 1, !nosanitize !33
    -> Guard[12] (true edge of ''):  %256 = icmp eq i32 %255, 57
    -> Guard[13] (false edge of ''):  %69 = icmp eq i32 %68, 0
    -> Guard[14] (false edge of ''):  %51 = icmp eq ptr %50, null
    -> Guard[15] (false edge of ''):  %46 = icmp eq i32 %45, -2
    -> Guard[16] (false edge of ''):  %28 = or i1 %27, %26
    -> Guard[17] (true edge of ''):  %19 = icmp eq ptr %18, %0
    -> Guard[18] (false edge of ''):  %16 = icmp eq ptr %15, null
    -> Guard[19] (false edge of ''):  %12 = icmp eq ptr %11, null
    -> Guard[20] (false edge of ''):  %8 = icmp eq ptr %7, null
    -> Guard[21] (false edge of ''):  %4 = icmp eq ptr %0, null
    -> Collected 22 dominating context guard(s).
    -> UNKNOWN (Solver gave up) [Query Latency: 10.133808 ms]
  -> Found UB Trap. Starting Backward Slice...
    -> Guard[0] (false edge of ''):  %435 = extractvalue { i64, i1 } %434, 1, !nosanitize !33
    -> Guard[1] (false edge of ''):  %413 = extractvalue { i64, i1 } %412, 1, !nosanitize !33
    -> Guard[2] (false edge of ''):  %401 = extractvalue { i64, i1 } %400, 1, !nosanitize !33
    -> Guard[3] (false edge of ''):  %389 = extractvalue { i64, i1 } %388, 1, !nosanitize !33
    -> Guard[4] (false edge of ''):  %378 = extractvalue { i64, i1 } %377, 1, !nosanitize !33
    -> Guard[5] (false edge of ''):  %287 = extractvalue { i64, i1 } %286, 1
    -> Guard[6] (false edge of ''):  %284 = icmp eq ptr %283, null
    -> Guard[7] (false edge of ''):  %277 = extractvalue { i64, i1 } %276, 1, !nosanitize !33
    -> Guard[8] (false edge of ''):  %270 = extractvalue { i64, i1 } %269, 1, !nosanitize !33
    -> Guard[9] (false edge of ''):  %263 = extractvalue { i64, i1 } %262, 1, !nosanitize !33
    -> Guard[10] (true edge of ''):  %256 = icmp eq i32 %255, 57
    -> Guard[11] (false edge of ''):  %69 = icmp eq i32 %68, 0
    -> Guard[12] (false edge of ''):  %51 = icmp eq ptr %50, null
    -> Guard[13] (false edge of ''):  %46 = icmp eq i32 %45, -2
    -> Guard[14] (false edge of ''):  %28 = or i1 %27, %26
    -> Guard[15] (true edge of ''):  %19 = icmp eq ptr %18, %0
    -> Guard[16] (false edge of ''):  %16 = icmp eq ptr %15, null
    -> Guard[17] (false edge of ''):  %12 = icmp eq ptr %11, null
    -> Guard[18] (false edge of ''):  %8 = icmp eq ptr %7, null
    -> Guard[19] (false edge of ''):  %4 = icmp eq ptr %0, null
    -> Collected 20 dominating context guard(s).
    -> UNKNOWN (Solver gave up) [Query Latency: 10.132013 ms]
  -> Found UB Trap. Starting Backward Slice...
    -> Guard[0] (false edge of ''):  %413 = extractvalue { i64, i1 } %412, 1, !nosanitize !33
    -> Guard[1] (false edge of ''):  %401 = extractvalue { i64, i1 } %400, 1, !nosanitize !33
    -> Guard[2] (false edge of ''):  %389 = extractvalue { i64, i1 } %388, 1, !nosanitize !33
    -> Guard[3] (false edge of ''):  %378 = extractvalue { i64, i1 } %377, 1, !nosanitize !33
    -> Guard[4] (false edge of ''):  %287 = extractvalue { i64, i1 } %286, 1
    -> Guard[5] (false edge of ''):  %284 = icmp eq ptr %283, null
    -> Guard[6] (false edge of ''):  %277 = extractvalue { i64, i1 } %276, 1, !nosanitize !33
    -> Guard[7] (false edge of ''):  %270 = extractvalue { i64, i1 } %269, 1, !nosanitize !33
    -> Guard[8] (false edge of ''):  %263 = extractvalue { i64, i1 } %262, 1, !nosanitize !33
    -> Guard[9] (true edge of ''):  %256 = icmp eq i32 %255, 57
    -> Guard[10] (false edge of ''):  %69 = icmp eq i32 %68, 0
    -> Guard[11] (false edge of ''):  %51 = icmp eq ptr %50, null
    -> Guard[12] (false edge of ''):  %46 = icmp eq i32 %45, -2
    -> Guard[13] (false edge of ''):  %28 = or i1 %27, %26
    -> Guard[14] (true edge of ''):  %19 = icmp eq ptr %18, %0
    -> Guard[15] (false edge of ''):  %16 = icmp eq ptr %15, null
    -> Guard[16] (false edge of ''):  %12 = icmp eq ptr %11, null
    -> Guard[17] (false edge of ''):  %8 = icmp eq ptr %7, null
    -> Guard[18] (false edge of ''):  %4 = icmp eq ptr %0, null
    -> Collected 19 dominating context guard(s).
    -> SAT (WARNING: Potential Integer Overflow Bug Detected!) [Query Latency: 8.199880 ms]
  -> Found UB Trap. Starting Backward Slice...
    -> Guard[0] (false edge of ''):  %401 = extractvalue { i64, i1 } %400, 1, !nosanitize !33
    -> Guard[1] (false edge of ''):  %389 = extractvalue { i64, i1 } %388, 1, !nosanitize !33
    -> Guard[2] (false edge of ''):  %378 = extractvalue { i64, i1 } %377, 1, !nosanitize !33
    -> Guard[3] (false edge of ''):  %287 = extractvalue { i64, i1 } %286, 1
    -> Guard[4] (false edge of ''):  %284 = icmp eq ptr %283, null
    -> Guard[5] (false edge of ''):  %277 = extractvalue { i64, i1 } %276, 1, !nosanitize !33
    -> Guard[6] (false edge of ''):  %270 = extractvalue { i64, i1 } %269, 1, !nosanitize !33
    -> Guard[7] (false edge of ''):  %263 = extractvalue { i64, i1 } %262, 1, !nosanitize !33
    -> Guard[8] (true edge of ''):  %256 = icmp eq i32 %255, 57
    -> Guard[9] (false edge of ''):  %69 = icmp eq i32 %68, 0
    -> Guard[10] (false edge of ''):  %51 = icmp eq ptr %50, null
    -> Guard[11] (false edge of ''):  %46 = icmp eq i32 %45, -2
    -> Guard[12] (false edge of ''):  %28 = or i1 %27, %26
    -> Guard[13] (true edge of ''):  %19 = icmp eq ptr %18, %0
    -> Guard[14] (false edge of ''):  %16 = icmp eq ptr %15, null
    -> Guard[15] (false edge of ''):  %12 = icmp eq ptr %11, null
    -> Guard[16] (false edge of ''):  %8 = icmp eq ptr %7, null
    -> Guard[17] (false edge of ''):  %4 = icmp eq ptr %0, null
    -> Collected 18 dominating context guard(s).
    -> SAT (WARNING: Potential Integer Overflow Bug Detected!) [Query Latency: 8.276329 ms]
  -> Found UB Trap. Starting Backward Slice...
    -> Guard[0] (false edge of ''):  %389 = extractvalue { i64, i1 } %388, 1, !nosanitize !33
    -> Guard[1] (false edge of ''):  %378 = extractvalue { i64, i1 } %377, 1, !nosanitize !33
    -> Guard[2] (false edge of ''):  %287 = extractvalue { i64, i1 } %286, 1
    -> Guard[3] (false edge of ''):  %284 = icmp eq ptr %283, null
    -> Guard[4] (false edge of ''):  %277 = extractvalue { i64, i1 } %276, 1, !nosanitize !33
    -> Guard[5] (false edge of ''):  %270 = extractvalue { i64, i1 } %269, 1, !nosanitize !33
    -> Guard[6] (false edge of ''):  %263 = extractvalue { i64, i1 } %262, 1, !nosanitize !33
    -> Guard[7] (true edge of ''):  %256 = icmp eq i32 %255, 57
    -> Guard[8] (false edge of ''):  %69 = icmp eq i32 %68, 0
    -> Guard[9] (false edge of ''):  %51 = icmp eq ptr %50, null
    -> Guard[10] (false edge of ''):  %46 = icmp eq i32 %45, -2
    -> Guard[11] (false edge of ''):  %28 = or i1 %27, %26
    -> Guard[12] (true edge of ''):  %19 = icmp eq ptr %18, %0
    -> Guard[13] (false edge of ''):  %16 = icmp eq ptr %15, null
    -> Guard[14] (false edge of ''):  %12 = icmp eq ptr %11, null
    -> Guard[15] (false edge of ''):  %8 = icmp eq ptr %7, null
    -> Guard[16] (false edge of ''):  %4 = icmp eq ptr %0, null
    -> Collected 17 dominating context guard(s).
    -> UNKNOWN (Solver gave up) [Query Latency: 10.162038 ms]
  -> Found UB Trap. Starting Backward Slice...
    -> Guard[0] (false edge of ''):  %378 = extractvalue { i64, i1 } %377, 1, !nosanitize !33
    -> Guard[1] (false edge of ''):  %287 = extractvalue { i64, i1 } %286, 1
    -> Guard[2] (false edge of ''):  %284 = icmp eq ptr %283, null
    -> Guard[3] (false edge of ''):  %277 = extractvalue { i64, i1 } %276, 1, !nosanitize !33
    -> Guard[4] (false edge of ''):  %270 = extractvalue { i64, i1 } %269, 1, !nosanitize !33
    -> Guard[5] (false edge of ''):  %263 = extractvalue { i64, i1 } %262, 1, !nosanitize !33
    -> Guard[6] (true edge of ''):  %256 = icmp eq i32 %255, 57
    -> Guard[7] (false edge of ''):  %69 = icmp eq i32 %68, 0
    -> Guard[8] (false edge of ''):  %51 = icmp eq ptr %50, null
    -> Guard[9] (false edge of ''):  %46 = icmp eq i32 %45, -2
    -> Guard[10] (false edge of ''):  %28 = or i1 %27, %26
    -> Guard[11] (true edge of ''):  %19 = icmp eq ptr %18, %0
    -> Guard[12] (false edge of ''):  %16 = icmp eq ptr %15, null
    -> Guard[13] (false edge of ''):  %12 = icmp eq ptr %11, null
    -> Guard[14] (false edge of ''):  %8 = icmp eq ptr %7, null
    -> Guard[15] (false edge of ''):  %4 = icmp eq ptr %0, null
    -> Collected 16 dominating context guard(s).
    -> SAT (WARNING: Potential Integer Overflow Bug Detected!) [Query Latency: 7.178511 ms]
  -> Found UB Trap. Starting Backward Slice...
    -> Guard[0] (false edge of ''):  %287 = extractvalue { i64, i1 } %286, 1
    -> Guard[1] (false edge of ''):  %284 = icmp eq ptr %283, null
    -> Guard[2] (false edge of ''):  %277 = extractvalue { i64, i1 } %276, 1, !nosanitize !33
    -> Guard[3] (false edge of ''):  %270 = extractvalue { i64, i1 } %269, 1, !nosanitize !33
    -> Guard[4] (false edge of ''):  %263 = extractvalue { i64, i1 } %262, 1, !nosanitize !33
    -> Guard[5] (true edge of ''):  %256 = icmp eq i32 %255, 57
    -> Guard[6] (false edge of ''):  %69 = icmp eq i32 %68, 0
    -> Guard[7] (false edge of ''):  %51 = icmp eq ptr %50, null
    -> Guard[8] (false edge of ''):  %46 = icmp eq i32 %45, -2
    -> Guard[9] (false edge of ''):  %28 = or i1 %27, %26
    -> Guard[10] (true edge of ''):  %19 = icmp eq ptr %18, %0
    -> Guard[11] (false edge of ''):  %16 = icmp eq ptr %15, null
    -> Guard[12] (false edge of ''):  %12 = icmp eq ptr %11, null
    -> Guard[13] (false edge of ''):  %8 = icmp eq ptr %7, null
    -> Guard[14] (false edge of ''):  %4 = icmp eq ptr %0, null
    -> Collected 15 dominating context guard(s).
    -> SAT (WARNING: Potential Integer Overflow Bug Detected!) [Query Latency: 4.686061 ms]
  -> Found UB Trap. Starting Backward Slice...
    -> Guard[0] (false edge of ''):  %284 = icmp eq ptr %283, null
    -> Guard[1] (false edge of ''):  %277 = extractvalue { i64, i1 } %276, 1, !nosanitize !33
    -> Guard[2] (false edge of ''):  %270 = extractvalue { i64, i1 } %269, 1, !nosanitize !33
    -> Guard[3] (false edge of ''):  %263 = extractvalue { i64, i1 } %262, 1, !nosanitize !33
    -> Guard[4] (true edge of ''):  %256 = icmp eq i32 %255, 57
    -> Guard[5] (false edge of ''):  %69 = icmp eq i32 %68, 0
    -> Guard[6] (false edge of ''):  %51 = icmp eq ptr %50, null
    -> Guard[7] (false edge of ''):  %46 = icmp eq i32 %45, -2
    -> Guard[8] (false edge of ''):  %28 = or i1 %27, %26
    -> Guard[9] (true edge of ''):  %19 = icmp eq ptr %18, %0
    -> Guard[10] (false edge of ''):  %16 = icmp eq ptr %15, null
    -> Guard[11] (false edge of ''):  %12 = icmp eq ptr %11, null
    -> Guard[12] (false edge of ''):  %8 = icmp eq ptr %7, null
    -> Guard[13] (false edge of ''):  %4 = icmp eq ptr %0, null
    -> Collected 14 dominating context guard(s).
    -> SAT (WARNING: Potential Integer Overflow Bug Detected!) [Query Latency: 6.039184 ms]
  -> Found UB Trap. Starting Backward Slice...
    -> Guard[0] (false edge of ''):  %333 = extractvalue { i64, i1 } %332, 1, !nosanitize !33
    -> Guard[1] (false edge of ''):  %316 = extractvalue { i64, i1 } %315, 1, !nosanitize !33
    -> Guard[2] (false edge of ''):  %309 = extractvalue { i64, i1 } %308, 1, !nosanitize !33
    -> Guard[3] (false edge of ''):  %302 = extractvalue { i64, i1 } %301, 1, !nosanitize !33
    -> Guard[4] (false edge of ''):  %295 = extractvalue { i64, i1 } %294, 1, !nosanitize !33
    -> Guard[5] (false edge of ''):  %287 = extractvalue { i64, i1 } %286, 1
    -> Guard[6] (true edge of ''):  %284 = icmp eq ptr %283, null
    -> Guard[7] (false edge of ''):  %277 = extractvalue { i64, i1 } %276, 1, !nosanitize !33
    -> Guard[8] (false edge of ''):  %270 = extractvalue { i64, i1 } %269, 1, !nosanitize !33
    -> Guard[9] (false edge of ''):  %263 = extractvalue { i64, i1 } %262, 1, !nosanitize !33
    -> Guard[10] (true edge of ''):  %256 = icmp eq i32 %255, 57
    -> Guard[11] (false edge of ''):  %69 = icmp eq i32 %68, 0
    -> Guard[12] (false edge of ''):  %51 = icmp eq ptr %50, null
    -> Guard[13] (false edge of ''):  %46 = icmp eq i32 %45, -2
    -> Guard[14] (false edge of ''):  %28 = or i1 %27, %26
    -> Guard[15] (true edge of ''):  %19 = icmp eq ptr %18, %0
    -> Guard[16] (false edge of ''):  %16 = icmp eq ptr %15, null
    -> Guard[17] (false edge of ''):  %12 = icmp eq ptr %11, null
    -> Guard[18] (false edge of ''):  %8 = icmp eq ptr %7, null
    -> Guard[19] (false edge of ''):  %4 = icmp eq ptr %0, null
    -> Collected 20 dominating context guard(s).
    -> SAT (WARNING: Potential Integer Overflow Bug Detected!) [Query Latency: 6.543195 ms]
  -> Found UB Trap. Starting Backward Slice...
    -> Guard[0] (false edge of ''):  %316 = extractvalue { i64, i1 } %315, 1, !nosanitize !33
    -> Guard[1] (false edge of ''):  %309 = extractvalue { i64, i1 } %308, 1, !nosanitize !33
    -> Guard[2] (false edge of ''):  %302 = extractvalue { i64, i1 } %301, 1, !nosanitize !33
    -> Guard[3] (false edge of ''):  %295 = extractvalue { i64, i1 } %294, 1, !nosanitize !33
    -> Guard[4] (false edge of ''):  %287 = extractvalue { i64, i1 } %286, 1
    -> Guard[5] (true edge of ''):  %284 = icmp eq ptr %283, null
    -> Guard[6] (false edge of ''):  %277 = extractvalue { i64, i1 } %276, 1, !nosanitize !33
    -> Guard[7] (false edge of ''):  %270 = extractvalue { i64, i1 } %269, 1, !nosanitize !33
    -> Guard[8] (false edge of ''):  %263 = extractvalue { i64, i1 } %262, 1, !nosanitize !33
    -> Guard[9] (true edge of ''):  %256 = icmp eq i32 %255, 57
    -> Guard[10] (false edge of ''):  %69 = icmp eq i32 %68, 0
    -> Guard[11] (false edge of ''):  %51 = icmp eq ptr %50, null
    -> Guard[12] (false edge of ''):  %46 = icmp eq i32 %45, -2
    -> Guard[13] (false edge of ''):  %28 = or i1 %27, %26
    -> Guard[14] (true edge of ''):  %19 = icmp eq ptr %18, %0
    -> Guard[15] (false edge of ''):  %16 = icmp eq ptr %15, null
    -> Guard[16] (false edge of ''):  %12 = icmp eq ptr %11, null
    -> Guard[17] (false edge of ''):  %8 = icmp eq ptr %7, null
    -> Guard[18] (false edge of ''):  %4 = icmp eq ptr %0, null
    -> Collected 19 dominating context guard(s).
    -> SAT (WARNING: Potential Integer Overflow Bug Detected!) [Query Latency: 7.406367 ms]
  -> Found UB Trap. Starting Backward Slice...
    -> Guard[0] (false edge of ''):  %309 = extractvalue { i64, i1 } %308, 1, !nosanitize !33
    -> Guard[1] (false edge of ''):  %302 = extractvalue { i64, i1 } %301, 1, !nosanitize !33
    -> Guard[2] (false edge of ''):  %295 = extractvalue { i64, i1 } %294, 1, !nosanitize !33
    -> Guard[3] (false edge of ''):  %287 = extractvalue { i64, i1 } %286, 1
    -> Guard[4] (true edge of ''):  %284 = icmp eq ptr %283, null
    -> Guard[5] (false edge of ''):  %277 = extractvalue { i64, i1 } %276, 1, !nosanitize !33
    -> Guard[6] (false edge of ''):  %270 = extractvalue { i64, i1 } %269, 1, !nosanitize !33
    -> Guard[7] (false edge of ''):  %263 = extractvalue { i64, i1 } %262, 1, !nosanitize !33
    -> Guard[8] (true edge of ''):  %256 = icmp eq i32 %255, 57
    -> Guard[9] (false edge of ''):  %69 = icmp eq i32 %68, 0
    -> Guard[10] (false edge of ''):  %51 = icmp eq ptr %50, null
    -> Guard[11] (false edge of ''):  %46 = icmp eq i32 %45, -2
    -> Guard[12] (false edge of ''):  %28 = or i1 %27, %26
    -> Guard[13] (true edge of ''):  %19 = icmp eq ptr %18, %0
    -> Guard[14] (false edge of ''):  %16 = icmp eq ptr %15, null
    -> Guard[15] (false edge of ''):  %12 = icmp eq ptr %11, null
    -> Guard[16] (false edge of ''):  %8 = icmp eq ptr %7, null
    -> Guard[17] (false edge of ''):  %4 = icmp eq ptr %0, null
    -> Collected 18 dominating context guard(s).
    -> SAT (WARNING: Potential Integer Overflow Bug Detected!) [Query Latency: 6.836829 ms]
  -> Found UB Trap. Starting Backward Slice...
    -> Guard[0] (false edge of ''):  %302 = extractvalue { i64, i1 } %301, 1, !nosanitize !33
    -> Guard[1] (false edge of ''):  %295 = extractvalue { i64, i1 } %294, 1, !nosanitize !33
    -> Guard[2] (false edge of ''):  %287 = extractvalue { i64, i1 } %286, 1
    -> Guard[3] (true edge of ''):  %284 = icmp eq ptr %283, null
    -> Guard[4] (false edge of ''):  %277 = extractvalue { i64, i1 } %276, 1, !nosanitize !33
    -> Guard[5] (false edge of ''):  %270 = extractvalue { i64, i1 } %269, 1, !nosanitize !33
    -> Guard[6] (false edge of ''):  %263 = extractvalue { i64, i1 } %262, 1, !nosanitize !33
    -> Guard[7] (true edge of ''):  %256 = icmp eq i32 %255, 57
    -> Guard[8] (false edge of ''):  %69 = icmp eq i32 %68, 0
    -> Guard[9] (false edge of ''):  %51 = icmp eq ptr %50, null
    -> Guard[10] (false edge of ''):  %46 = icmp eq i32 %45, -2
    -> Guard[11] (false edge of ''):  %28 = or i1 %27, %26
    -> Guard[12] (true edge of ''):  %19 = icmp eq ptr %18, %0
    -> Guard[13] (false edge of ''):  %16 = icmp eq ptr %15, null
    -> Guard[14] (false edge of ''):  %12 = icmp eq ptr %11, null
    -> Guard[15] (false edge of ''):  %8 = icmp eq ptr %7, null
    -> Guard[16] (false edge of ''):  %4 = icmp eq ptr %0, null
    -> Collected 17 dominating context guard(s).
    -> SAT (WARNING: Potential Integer Overflow Bug Detected!) [Query Latency: 4.727236 ms]
  -> Found UB Trap. Starting Backward Slice...
    -> Guard[0] (false edge of ''):  %295 = extractvalue { i64, i1 } %294, 1, !nosanitize !33
    -> Guard[1] (false edge of ''):  %287 = extractvalue { i64, i1 } %286, 1
    -> Guard[2] (true edge of ''):  %284 = icmp eq ptr %283, null
    -> Guard[3] (false edge of ''):  %277 = extractvalue { i64, i1 } %276, 1, !nosanitize !33
    -> Guard[4] (false edge of ''):  %270 = extractvalue { i64, i1 } %269, 1, !nosanitize !33
    -> Guard[5] (false edge of ''):  %263 = extractvalue { i64, i1 } %262, 1, !nosanitize !33
    -> Guard[6] (true edge of ''):  %256 = icmp eq i32 %255, 57
    -> Guard[7] (false edge of ''):  %69 = icmp eq i32 %68, 0
    -> Guard[8] (false edge of ''):  %51 = icmp eq ptr %50, null
    -> Guard[9] (false edge of ''):  %46 = icmp eq i32 %45, -2
    -> Guard[10] (false edge of ''):  %28 = or i1 %27, %26
    -> Guard[11] (true edge of ''):  %19 = icmp eq ptr %18, %0
    -> Guard[12] (false edge of ''):  %16 = icmp eq ptr %15, null
    -> Guard[13] (false edge of ''):  %12 = icmp eq ptr %11, null
    -> Guard[14] (false edge of ''):  %8 = icmp eq ptr %7, null
    -> Guard[15] (false edge of ''):  %4 = icmp eq ptr %0, null
    -> Collected 16 dominating context guard(s).
    -> SAT (WARNING: Potential Integer Overflow Bug Detected!) [Query Latency: 4.519142 ms]
  -> Found UB Trap. Starting Backward Slice...
    -> Guard[0] (false edge of ''):  %287 = extractvalue { i64, i1 } %286, 1
    -> Guard[1] (true edge of ''):  %284 = icmp eq ptr %283, null
    -> Guard[2] (false edge of ''):  %277 = extractvalue { i64, i1 } %276, 1, !nosanitize !33
    -> Guard[3] (false edge of ''):  %270 = extractvalue { i64, i1 } %269, 1, !nosanitize !33
    -> Guard[4] (false edge of ''):  %263 = extractvalue { i64, i1 } %262, 1, !nosanitize !33
    -> Guard[5] (true edge of ''):  %256 = icmp eq i32 %255, 57
    -> Guard[6] (false edge of ''):  %69 = icmp eq i32 %68, 0
    -> Guard[7] (false edge of ''):  %51 = icmp eq ptr %50, null
    -> Guard[8] (false edge of ''):  %46 = icmp eq i32 %45, -2
    -> Guard[9] (false edge of ''):  %28 = or i1 %27, %26
    -> Guard[10] (true edge of ''):  %19 = icmp eq ptr %18, %0
    -> Guard[11] (false edge of ''):  %16 = icmp eq ptr %15, null
    -> Guard[12] (false edge of ''):  %12 = icmp eq ptr %11, null
    -> Guard[13] (false edge of ''):  %8 = icmp eq ptr %7, null
    -> Guard[14] (false edge of ''):  %4 = icmp eq ptr %0, null
    -> Collected 15 dominating context guard(s).
    -> SAT (WARNING: Potential Integer Overflow Bug Detected!) [Query Latency: 4.346095 ms]
  -> Found UB Trap. Starting Backward Slice...
    -> Guard[0] (true edge of ''):  %284 = icmp eq ptr %283, null
    -> Guard[1] (false edge of ''):  %277 = extractvalue { i64, i1 } %276, 1, !nosanitize !33
    -> Guard[2] (false edge of ''):  %270 = extractvalue { i64, i1 } %269, 1, !nosanitize !33
    -> Guard[3] (false edge of ''):  %263 = extractvalue { i64, i1 } %262, 1, !nosanitize !33
    -> Guard[4] (true edge of ''):  %256 = icmp eq i32 %255, 57
    -> Guard[5] (false edge of ''):  %69 = icmp eq i32 %68, 0
    -> Guard[6] (false edge of ''):  %51 = icmp eq ptr %50, null
    -> Guard[7] (false edge of ''):  %46 = icmp eq i32 %45, -2
    -> Guard[8] (false edge of ''):  %28 = or i1 %27, %26
    -> Guard[9] (true edge of ''):  %19 = icmp eq ptr %18, %0
    -> Guard[10] (false edge of ''):  %16 = icmp eq ptr %15, null
    -> Guard[11] (false edge of ''):  %12 = icmp eq ptr %11, null
    -> Guard[12] (false edge of ''):  %8 = icmp eq ptr %7, null
    -> Guard[13] (false edge of ''):  %4 = icmp eq ptr %0, null
    -> Collected 14 dominating context guard(s).
    -> SAT (WARNING: Potential Integer Overflow Bug Detected!) [Query Latency: 5.928807 ms]
  -> Found UB Trap. Starting Backward Slice...
    -> Guard[0] (false edge of ''):  %270 = extractvalue { i64, i1 } %269, 1, !nosanitize !33
    -> Guard[1] (false edge of ''):  %263 = extractvalue { i64, i1 } %262, 1, !nosanitize !33
    -> Guard[2] (true edge of ''):  %256 = icmp eq i32 %255, 57
    -> Guard[3] (false edge of ''):  %69 = icmp eq i32 %68, 0
    -> Guard[4] (false edge of ''):  %51 = icmp eq ptr %50, null
    -> Guard[5] (false edge of ''):  %46 = icmp eq i32 %45, -2
    -> Guard[6] (false edge of ''):  %28 = or i1 %27, %26
    -> Guard[7] (true edge of ''):  %19 = icmp eq ptr %18, %0
    -> Guard[8] (false edge of ''):  %16 = icmp eq ptr %15, null
    -> Guard[9] (false edge of ''):  %12 = icmp eq ptr %11, null
    -> Guard[10] (false edge of ''):  %8 = icmp eq ptr %7, null
    -> Guard[11] (false edge of ''):  %4 = icmp eq ptr %0, null
    -> Collected 12 dominating context guard(s).
    -> SAT (WARNING: Potential Integer Overflow Bug Detected!) [Query Latency: 6.336180 ms]
  -> Found UB Trap. Starting Backward Slice...
    -> Guard[0] (false edge of ''):  %263 = extractvalue { i64, i1 } %262, 1, !nosanitize !33
    -> Guard[1] (true edge of ''):  %256 = icmp eq i32 %255, 57
    -> Guard[2] (false edge of ''):  %69 = icmp eq i32 %68, 0
    -> Guard[3] (false edge of ''):  %51 = icmp eq ptr %50, null
    -> Guard[4] (false edge of ''):  %46 = icmp eq i32 %45, -2
    -> Guard[5] (false edge of ''):  %28 = or i1 %27, %26
    -> Guard[6] (true edge of ''):  %19 = icmp eq ptr %18, %0
    -> Guard[7] (false edge of ''):  %16 = icmp eq ptr %15, null
    -> Guard[8] (false edge of ''):  %12 = icmp eq ptr %11, null
    -> Guard[9] (false edge of ''):  %8 = icmp eq ptr %7, null
    -> Guard[10] (false edge of ''):  %4 = icmp eq ptr %0, null
    -> Collected 11 dominating context guard(s).
    -> SAT (WARNING: Potential Integer Overflow Bug Detected!) [Query Latency: 5.250736 ms]
  -> Found UB Trap. Starting Backward Slice...
    -> Guard[0] (true edge of ''):  %256 = icmp eq i32 %255, 57
    -> Guard[1] (false edge of ''):  %69 = icmp eq i32 %68, 0
    -> Guard[2] (false edge of ''):  %51 = icmp eq ptr %50, null
    -> Guard[3] (false edge of ''):  %46 = icmp eq i32 %45, -2
    -> Guard[4] (false edge of ''):  %28 = or i1 %27, %26
    -> Guard[5] (true edge of ''):  %19 = icmp eq ptr %18, %0
    -> Guard[6] (false edge of ''):  %16 = icmp eq ptr %15, null
    -> Guard[7] (false edge of ''):  %12 = icmp eq ptr %11, null
    -> Guard[8] (false edge of ''):  %8 = icmp eq ptr %7, null
    -> Guard[9] (false edge of ''):  %4 = icmp eq ptr %0, null
    -> Collected 10 dominating context guard(s).
    -> SAT (WARNING: Potential Integer Overflow Bug Detected!) [Query Latency: 4.448379 ms]
  -> Found UB Trap. Starting Backward Slice...
    -> Guard[0] (false edge of ''):  %185 = extractvalue { i64, i1 } %184, 1, !nosanitize !33
    -> Guard[1] (false edge of ''):  %159 = extractvalue { i32, i1 } %158, 1, !nosanitize !33
    -> Guard[2] (false edge of ''):  %153 = icmp eq i32 %152, 0
    -> Guard[3] (false edge of ''):  %69 = icmp eq i32 %68, 0
    -> Guard[4] (false edge of ''):  %51 = icmp eq ptr %50, null
    -> Guard[5] (false edge of ''):  %46 = icmp eq i32 %45, -2
    -> Guard[6] (false edge of ''):  %28 = or i1 %27, %26
    -> Guard[7] (true edge of ''):  %19 = icmp eq ptr %18, %0
    -> Guard[8] (false edge of ''):  %16 = icmp eq ptr %15, null
    -> Guard[9] (false edge of ''):  %12 = icmp eq ptr %11, null
    -> Guard[10] (false edge of ''):  %8 = icmp eq ptr %7, null
    -> Guard[11] (false edge of ''):  %4 = icmp eq ptr %0, null
    -> Collected 12 dominating context guard(s).
    -> UNKNOWN (Solver gave up) [Query Latency: 10.171714 ms]
  -> Found UB Trap. Starting Backward Slice...
    -> Guard[0] (false edge of ''):  %159 = extractvalue { i32, i1 } %158, 1, !nosanitize !33
    -> Guard[1] (false edge of ''):  %153 = icmp eq i32 %152, 0
    -> Guard[2] (false edge of ''):  %69 = icmp eq i32 %68, 0
    -> Guard[3] (false edge of ''):  %51 = icmp eq ptr %50, null
    -> Guard[4] (false edge of ''):  %46 = icmp eq i32 %45, -2
    -> Guard[5] (false edge of ''):  %28 = or i1 %27, %26
    -> Guard[6] (true edge of ''):  %19 = icmp eq ptr %18, %0
    -> Guard[7] (false edge of ''):  %16 = icmp eq ptr %15, null
    -> Guard[8] (false edge of ''):  %12 = icmp eq ptr %11, null
    -> Guard[9] (false edge of ''):  %8 = icmp eq ptr %7, null
    -> Guard[10] (false edge of ''):  %4 = icmp eq ptr %0, null
    -> Collected 11 dominating context guard(s).
    -> SAT (WARNING: Potential Integer Overflow Bug Detected!) [Query Latency: 9.859582 ms]
  -> Found UB Trap. Starting Backward Slice...
    -> Guard[0] (false edge of ''):  %211 = extractvalue { i64, i1 } %210, 1, !nosanitize !33
    -> Guard[1] (false edge of ''):  %204 = icmp eq i32 %203, 0
    -> Guard[2] (false edge of ''):  %196 = extractvalue { i64, i1 } %195, 1, !nosanitize !33
    -> Guard[3] (false edge of ''):  %185 = extractvalue { i64, i1 } %184, 1, !nosanitize !33
    -> Guard[4] (false edge of ''):  %159 = extractvalue { i32, i1 } %158, 1, !nosanitize !33
    -> Guard[5] (false edge of ''):  %153 = icmp eq i32 %152, 0
    -> Guard[6] (false edge of ''):  %69 = icmp eq i32 %68, 0
    -> Guard[7] (false edge of ''):  %51 = icmp eq ptr %50, null
    -> Guard[8] (false edge of ''):  %46 = icmp eq i32 %45, -2
    -> Guard[9] (false edge of ''):  %28 = or i1 %27, %26
    -> Guard[10] (true edge of ''):  %19 = icmp eq ptr %18, %0
    -> Guard[11] (false edge of ''):  %16 = icmp eq ptr %15, null
    -> Guard[12] (false edge of ''):  %12 = icmp eq ptr %11, null
    -> Guard[13] (false edge of ''):  %8 = icmp eq ptr %7, null
    -> Guard[14] (false edge of ''):  %4 = icmp eq ptr %0, null
    -> Collected 15 dominating context guard(s).
    -> SAT (WARNING: Potential Integer Overflow Bug Detected!) [Query Latency: 9.921642 ms]
  -> Found UB Trap. Starting Backward Slice...
    -> Guard[0] (false edge of ''):  %204 = icmp eq i32 %203, 0
    -> Guard[1] (false edge of ''):  %196 = extractvalue { i64, i1 } %195, 1, !nosanitize !33
    -> Guard[2] (false edge of ''):  %185 = extractvalue { i64, i1 } %184, 1, !nosanitize !33
    -> Guard[3] (false edge of ''):  %159 = extractvalue { i32, i1 } %158, 1, !nosanitize !33
    -> Guard[4] (false edge of ''):  %153 = icmp eq i32 %152, 0
    -> Guard[5] (false edge of ''):  %69 = icmp eq i32 %68, 0
    -> Guard[6] (false edge of ''):  %51 = icmp eq ptr %50, null
    -> Guard[7] (false edge of ''):  %46 = icmp eq i32 %45, -2
    -> Guard[8] (false edge of ''):  %28 = or i1 %27, %26
    -> Guard[9] (true edge of ''):  %19 = icmp eq ptr %18, %0
    -> Guard[10] (false edge of ''):  %16 = icmp eq ptr %15, null
    -> Guard[11] (false edge of ''):  %12 = icmp eq ptr %11, null
    -> Guard[12] (false edge of ''):  %8 = icmp eq ptr %7, null
    -> Guard[13] (false edge of ''):  %4 = icmp eq ptr %0, null
    -> Collected 14 dominating context guard(s).
    -> SAT (WARNING: Potential Integer Overflow Bug Detected!) [Query Latency: 9.426116 ms]
  -> Found UB Trap. Starting Backward Slice...
    -> Guard[0] (false edge of ''):  %231 = extractvalue { i64, i1 } %230, 1, !nosanitize !33
    -> Guard[1] (false edge of ''):  %221 = extractvalue { i64, i1 } %220, 1, !nosanitize !33
    -> Guard[2] (false edge of ''):  %211 = extractvalue { i64, i1 } %210, 1, !nosanitize !33
    -> Guard[3] (false edge of ''):  %204 = icmp eq i32 %203, 0
    -> Guard[4] (false edge of ''):  %196 = extractvalue { i64, i1 } %195, 1, !nosanitize !33
    -> Guard[5] (false edge of ''):  %185 = extractvalue { i64, i1 } %184, 1, !nosanitize !33
    -> Guard[6] (false edge of ''):  %159 = extractvalue { i32, i1 } %158, 1, !nosanitize !33
    -> Guard[7] (false edge of ''):  %153 = icmp eq i32 %152, 0
    -> Guard[8] (false edge of ''):  %69 = icmp eq i32 %68, 0
    -> Guard[9] (false edge of ''):  %51 = icmp eq ptr %50, null
    -> Guard[10] (false edge of ''):  %46 = icmp eq i32 %45, -2
    -> Guard[11] (false edge of ''):  %28 = or i1 %27, %26
    -> Guard[12] (true edge of ''):  %19 = icmp eq ptr %18, %0
    -> Guard[13] (false edge of ''):  %16 = icmp eq ptr %15, null
    -> Guard[14] (false edge of ''):  %12 = icmp eq ptr %11, null
    -> Guard[15] (false edge of ''):  %8 = icmp eq ptr %7, null
    -> Guard[16] (false edge of ''):  %4 = icmp eq ptr %0, null
    -> Collected 17 dominating context guard(s).
    -> UNKNOWN (Solver gave up) [Query Latency: 10.140801 ms]
  -> Found UB Trap. Starting Backward Slice...
    -> Guard[0] (false edge of ''):  %221 = extractvalue { i64, i1 } %220, 1, !nosanitize !33
    -> Guard[1] (false edge of ''):  %211 = extractvalue { i64, i1 } %210, 1, !nosanitize !33
    -> Guard[2] (false edge of ''):  %204 = icmp eq i32 %203, 0
    -> Guard[3] (false edge of ''):  %196 = extractvalue { i64, i1 } %195, 1, !nosanitize !33
    -> Guard[4] (false edge of ''):  %185 = extractvalue { i64, i1 } %184, 1, !nosanitize !33
    -> Guard[5] (false edge of ''):  %159 = extractvalue { i32, i1 } %158, 1, !nosanitize !33
    -> Guard[6] (false edge of ''):  %153 = icmp eq i32 %152, 0
    -> Guard[7] (false edge of ''):  %69 = icmp eq i32 %68, 0
    -> Guard[8] (false edge of ''):  %51 = icmp eq ptr %50, null
    -> Guard[9] (false edge of ''):  %46 = icmp eq i32 %45, -2
    -> Guard[10] (false edge of ''):  %28 = or i1 %27, %26
    -> Guard[11] (true edge of ''):  %19 = icmp eq ptr %18, %0
    -> Guard[12] (false edge of ''):  %16 = icmp eq ptr %15, null
    -> Guard[13] (false edge of ''):  %12 = icmp eq ptr %11, null
    -> Guard[14] (false edge of ''):  %8 = icmp eq ptr %7, null
    -> Guard[15] (false edge of ''):  %4 = icmp eq ptr %0, null
    -> Collected 16 dominating context guard(s).
    -> UNKNOWN (Solver gave up) [Query Latency: 10.127827 ms]
  -> Found UB Trap. Starting Backward Slice...
    -> Guard[0] (false edge of ''):  %630 = icmp eq i32 %629, 0
    -> Guard[1] (false edge of ''):  %619 = extractvalue { i64, i1 } %618, 1, !nosanitize !33
    -> Guard[2] (true edge of ''):  %597 = icmp ugt i64 %595, %596
    -> Guard[3] (false edge of ''):  %592 = extractvalue { i64, i1 } %591, 1, !nosanitize !33
    -> Guard[4] (true edge of ''):  %589 = icmp eq i64 %588, 0
    -> Guard[5] (false edge of ''):  %547 = extractvalue { i64, i1 } %546, 1, !nosanitize !33
    -> Guard[6] (false edge of ''):  %526 = extractvalue { i64, i1 } %524, 1, !nosanitize !33
    -> Guard[7] (true edge of ''):  %522 = icmp ugt i64 %520, %521
    -> Guard[8] (false edge of ''):  %518 = extractvalue { i64, i1 } %517, 1, !nosanitize !33
    -> Guard[9] (false edge of ''):  %509 = extractvalue { i64, i1 } %508, 1, !nosanitize !33
    -> Guard[10] (false edge of ''):  %500 = icmp eq ptr %499, null
    -> Guard[11] (false edge of ''):  %69 = icmp eq i32 %68, 0
    -> Guard[12] (false edge of ''):  %51 = icmp eq ptr %50, null
    -> Guard[13] (false edge of ''):  %46 = icmp eq i32 %45, -2
    -> Guard[14] (false edge of ''):  %28 = or i1 %27, %26
    -> Guard[15] (true edge of ''):  %19 = icmp eq ptr %18, %0
    -> Guard[16] (false edge of ''):  %16 = icmp eq ptr %15, null
    -> Guard[17] (false edge of ''):  %12 = icmp eq ptr %11, null
    -> Guard[18] (false edge of ''):  %8 = icmp eq ptr %7, null
    -> Guard[19] (false edge of ''):  %4 = icmp eq ptr %0, null
    -> Collected 20 dominating context guard(s).
    -> SAT (WARNING: Potential Integer Overflow Bug Detected!) [Query Latency: 9.633837 ms]
  -> Found UB Trap. Starting Backward Slice...
    -> Guard[0] (false edge of ''):  %558 = icmp eq i32 %557, 0
    -> Guard[1] (false edge of ''):  %547 = extractvalue { i64, i1 } %546, 1, !nosanitize !33
    -> Guard[2] (false edge of ''):  %526 = extractvalue { i64, i1 } %524, 1, !nosanitize !33
    -> Guard[3] (true edge of ''):  %522 = icmp ugt i64 %520, %521
    -> Guard[4] (false edge of ''):  %518 = extractvalue { i64, i1 } %517, 1, !nosanitize !33
    -> Guard[5] (false edge of ''):  %509 = extractvalue { i64, i1 } %508, 1, !nosanitize !33
    -> Guard[6] (false edge of ''):  %500 = icmp eq ptr %499, null
    -> Guard[7] (false edge of ''):  %69 = icmp eq i32 %68, 0
    -> Guard[8] (false edge of ''):  %51 = icmp eq ptr %50, null
    -> Guard[9] (false edge of ''):  %46 = icmp eq i32 %45, -2
    -> Guard[10] (false edge of ''):  %28 = or i1 %27, %26
    -> Guard[11] (true edge of ''):  %19 = icmp eq ptr %18, %0
    -> Guard[12] (false edge of ''):  %16 = icmp eq ptr %15, null
    -> Guard[13] (false edge of ''):  %12 = icmp eq ptr %11, null
    -> Guard[14] (false edge of ''):  %8 = icmp eq ptr %7, null
    -> Guard[15] (false edge of ''):  %4 = icmp eq ptr %0, null
    -> Collected 16 dominating context guard(s).
    -> UNKNOWN (Solver gave up) [Query Latency: 10.177870 ms]
  -> Found UB Trap. Starting Backward Slice...
    -> Guard[0] (false edge of ''):  %648 = extractvalue { i32, i1 } %647, 1, !nosanitize !33
    -> Guard[1] (false edge of ''):  %642 = extractvalue { i64, i1 } %641, 1, !nosanitize !33
    -> Guard[2] (false edge of ''):  %630 = icmp eq i32 %629, 0
    -> Guard[3] (false edge of ''):  %619 = extractvalue { i64, i1 } %618, 1, !nosanitize !33
    -> Guard[4] (true edge of ''):  %597 = icmp ugt i64 %595, %596
    -> Guard[5] (false edge of ''):  %592 = extractvalue { i64, i1 } %591, 1, !nosanitize !33
    -> Guard[6] (true edge of ''):  %589 = icmp eq i64 %588, 0
    -> Guard[7] (false edge of ''):  %547 = extractvalue { i64, i1 } %546, 1, !nosanitize !33
    -> Guard[8] (false edge of ''):  %526 = extractvalue { i64, i1 } %524, 1, !nosanitize !33
    -> Guard[9] (true edge of ''):  %522 = icmp ugt i64 %520, %521
    -> Guard[10] (false edge of ''):  %518 = extractvalue { i64, i1 } %517, 1, !nosanitize !33
    -> Guard[11] (false edge of ''):  %509 = extractvalue { i64, i1 } %508, 1, !nosanitize !33
    -> Guard[12] (false edge of ''):  %500 = icmp eq ptr %499, null
    -> Guard[13] (false edge of ''):  %69 = icmp eq i32 %68, 0
    -> Guard[14] (false edge of ''):  %51 = icmp eq ptr %50, null
    -> Guard[15] (false edge of ''):  %46 = icmp eq i32 %45, -2
    -> Guard[16] (false edge of ''):  %28 = or i1 %27, %26
    -> Guard[17] (true edge of ''):  %19 = icmp eq ptr %18, %0
    -> Guard[18] (false edge of ''):  %16 = icmp eq ptr %15, null
    -> Guard[19] (false edge of ''):  %12 = icmp eq ptr %11, null
    -> Guard[20] (false edge of ''):  %8 = icmp eq ptr %7, null
    -> Guard[21] (false edge of ''):  %4 = icmp eq ptr %0, null
    -> Collected 22 dominating context guard(s).
    -> UNKNOWN (Solver gave up) [Query Latency: 10.245100 ms]
  -> Found UB Trap. Starting Backward Slice...
    -> Guard[0] (false edge of ''):  %642 = extractvalue { i64, i1 } %641, 1, !nosanitize !33
    -> Guard[1] (false edge of ''):  %630 = icmp eq i32 %629, 0
    -> Guard[2] (false edge of ''):  %619 = extractvalue { i64, i1 } %618, 1, !nosanitize !33
    -> Guard[3] (true edge of ''):  %597 = icmp ugt i64 %595, %596
    -> Guard[4] (false edge of ''):  %592 = extractvalue { i64, i1 } %591, 1, !nosanitize !33
    -> Guard[5] (true edge of ''):  %589 = icmp eq i64 %588, 0
    -> Guard[6] (false edge of ''):  %547 = extractvalue { i64, i1 } %546, 1, !nosanitize !33
    -> Guard[7] (false edge of ''):  %526 = extractvalue { i64, i1 } %524, 1, !nosanitize !33
    -> Guard[8] (true edge of ''):  %522 = icmp ugt i64 %520, %521
    -> Guard[9] (false edge of ''):  %518 = extractvalue { i64, i1 } %517, 1, !nosanitize !33
    -> Guard[10] (false edge of ''):  %509 = extractvalue { i64, i1 } %508, 1, !nosanitize !33
    -> Guard[11] (false edge of ''):  %500 = icmp eq ptr %499, null
    -> Guard[12] (false edge of ''):  %69 = icmp eq i32 %68, 0
    -> Guard[13] (false edge of ''):  %51 = icmp eq ptr %50, null
    -> Guard[14] (false edge of ''):  %46 = icmp eq i32 %45, -2
    -> Guard[15] (false edge of ''):  %28 = or i1 %27, %26
    -> Guard[16] (true edge of ''):  %19 = icmp eq ptr %18, %0
    -> Guard[17] (false edge of ''):  %16 = icmp eq ptr %15, null
    -> Guard[18] (false edge of ''):  %12 = icmp eq ptr %11, null
    -> Guard[19] (false edge of ''):  %8 = icmp eq ptr %7, null
    -> Guard[20] (false edge of ''):  %4 = icmp eq ptr %0, null
    -> Collected 21 dominating context guard(s).
    -> UNKNOWN (Solver gave up) [Query Latency: 10.147871 ms]
  -> Found UB Trap. Starting Backward Slice...
    -> Guard[0] (false edge of ''):  %575 = extractvalue { i32, i1 } %574, 1, !nosanitize !33
    -> Guard[1] (false edge of ''):  %570 = extractvalue { i64, i1 } %569, 1, !nosanitize !33
    -> Guard[2] (false edge of ''):  %558 = icmp eq i32 %557, 0
    -> Guard[3] (false edge of ''):  %547 = extractvalue { i64, i1 } %546, 1, !nosanitize !33
    -> Guard[4] (false edge of ''):  %526 = extractvalue { i64, i1 } %524, 1, !nosanitize !33
    -> Guard[5] (true edge of ''):  %522 = icmp ugt i64 %520, %521
    -> Guard[6] (false edge of ''):  %518 = extractvalue { i64, i1 } %517, 1, !nosanitize !33
    -> Guard[7] (false edge of ''):  %509 = extractvalue { i64, i1 } %508, 1, !nosanitize !33
    -> Guard[8] (false edge of ''):  %500 = icmp eq ptr %499, null
    -> Guard[9] (false edge of ''):  %69 = icmp eq i32 %68, 0
    -> Guard[10] (false edge of ''):  %51 = icmp eq ptr %50, null
    -> Guard[11] (false edge of ''):  %46 = icmp eq i32 %45, -2
    -> Guard[12] (false edge of ''):  %28 = or i1 %27, %26
    -> Guard[13] (true edge of ''):  %19 = icmp eq ptr %18, %0
    -> Guard[14] (false edge of ''):  %16 = icmp eq ptr %15, null
    -> Guard[15] (false edge of ''):  %12 = icmp eq ptr %11, null
    -> Guard[16] (false edge of ''):  %8 = icmp eq ptr %7, null
    -> Guard[17] (false edge of ''):  %4 = icmp eq ptr %0, null
    -> Collected 18 dominating context guard(s).
    -> SAT (WARNING: Potential Integer Overflow Bug Detected!) [Query Latency: 4.703705 ms]
  -> Found UB Trap. Starting Backward Slice...
    -> Guard[0] (false edge of ''):  %570 = extractvalue { i64, i1 } %569, 1, !nosanitize !33
    -> Guard[1] (false edge of ''):  %558 = icmp eq i32 %557, 0
    -> Guard[2] (false edge of ''):  %547 = extractvalue { i64, i1 } %546, 1, !nosanitize !33
    -> Guard[3] (false edge of ''):  %526 = extractvalue { i64, i1 } %524, 1, !nosanitize !33
    -> Guard[4] (true edge of ''):  %522 = icmp ugt i64 %520, %521
    -> Guard[5] (false edge of ''):  %518 = extractvalue { i64, i1 } %517, 1, !nosanitize !33
    -> Guard[6] (false edge of ''):  %509 = extractvalue { i64, i1 } %508, 1, !nosanitize !33
    -> Guard[7] (false edge of ''):  %500 = icmp eq ptr %499, null
    -> Guard[8] (false edge of ''):  %69 = icmp eq i32 %68, 0
    -> Guard[9] (false edge of ''):  %51 = icmp eq ptr %50, null
    -> Guard[10] (false edge of ''):  %46 = icmp eq i32 %45, -2
    -> Guard[11] (false edge of ''):  %28 = or i1 %27, %26
    -> Guard[12] (true edge of ''):  %19 = icmp eq ptr %18, %0
    -> Guard[13] (false edge of ''):  %16 = icmp eq ptr %15, null
    -> Guard[14] (false edge of ''):  %12 = icmp eq ptr %11, null
    -> Guard[15] (false edge of ''):  %8 = icmp eq ptr %7, null
    -> Guard[16] (false edge of ''):  %4 = icmp eq ptr %0, null
    -> Collected 17 dominating context guard(s).
    -> UNKNOWN (Solver gave up) [Query Latency: 10.160637 ms]
  -> Found UB Trap. Starting Backward Slice...
    -> Guard[0] (false edge of ''):  %740 = icmp eq i32 %739, 0
    -> Guard[1] (true edge of ''):  %717 = icmp eq i64 %715, %716
    -> Guard[2] (false edge of ''):  %705 = icmp eq ptr %704, null
    -> Guard[3] (false edge of ''):  %69 = icmp eq i32 %68, 0
    -> Guard[4] (false edge of ''):  %51 = icmp eq ptr %50, null
    -> Guard[5] (false edge of ''):  %46 = icmp eq i32 %45, -2
    -> Guard[6] (false edge of ''):  %28 = or i1 %27, %26
    -> Guard[7] (true edge of ''):  %19 = icmp eq ptr %18, %0
    -> Guard[8] (false edge of ''):  %16 = icmp eq ptr %15, null
    -> Guard[9] (false edge of ''):  %12 = icmp eq ptr %11, null
    -> Guard[10] (false edge of ''):  %8 = icmp eq ptr %7, null
    -> Guard[11] (false edge of ''):  %4 = icmp eq ptr %0, null
    -> Collected 12 dominating context guard(s).
    -> SAT (WARNING: Potential Integer Overflow Bug Detected!) [Query Latency: 3.515516 ms]
  -> Found UB Trap. Starting Backward Slice...
    -> Guard[0] (false edge of ''):  %758 = extractvalue { i32, i1 } %757, 1, !nosanitize !33
    -> Guard[1] (false edge of ''):  %752 = extractvalue { i64, i1 } %751, 1, !nosanitize !33
    -> Guard[2] (false edge of ''):  %740 = icmp eq i32 %739, 0
    -> Guard[3] (true edge of ''):  %717 = icmp eq i64 %715, %716
    -> Guard[4] (false edge of ''):  %705 = icmp eq ptr %704, null
    -> Guard[5] (false edge of ''):  %69 = icmp eq i32 %68, 0
    -> Guard[6] (false edge of ''):  %51 = icmp eq ptr %50, null
    -> Guard[7] (false edge of ''):  %46 = icmp eq i32 %45, -2
    -> Guard[8] (false edge of ''):  %28 = or i1 %27, %26
    -> Guard[9] (true edge of ''):  %19 = icmp eq ptr %18, %0
    -> Guard[10] (false edge of ''):  %16 = icmp eq ptr %15, null
    -> Guard[11] (false edge of ''):  %12 = icmp eq ptr %11, null
    -> Guard[12] (false edge of ''):  %8 = icmp eq ptr %7, null
    -> Guard[13] (false edge of ''):  %4 = icmp eq ptr %0, null
    -> Collected 14 dominating context guard(s).
    -> SAT (WARNING: Potential Integer Overflow Bug Detected!) [Query Latency: 2.813563 ms]
  -> Found UB Trap. Starting Backward Slice...
    -> Guard[0] (false edge of ''):  %752 = extractvalue { i64, i1 } %751, 1, !nosanitize !33
    -> Guard[1] (false edge of ''):  %740 = icmp eq i32 %739, 0
    -> Guard[2] (true edge of ''):  %717 = icmp eq i64 %715, %716
    -> Guard[3] (false edge of ''):  %705 = icmp eq ptr %704, null
    -> Guard[4] (false edge of ''):  %69 = icmp eq i32 %68, 0
    -> Guard[5] (false edge of ''):  %51 = icmp eq ptr %50, null
    -> Guard[6] (false edge of ''):  %46 = icmp eq i32 %45, -2
    -> Guard[7] (false edge of ''):  %28 = or i1 %27, %26
    -> Guard[8] (true edge of ''):  %19 = icmp eq ptr %18, %0
    -> Guard[9] (false edge of ''):  %16 = icmp eq ptr %15, null
    -> Guard[10] (false edge of ''):  %12 = icmp eq ptr %11, null
    -> Guard[11] (false edge of ''):  %8 = icmp eq ptr %7, null
    -> Guard[12] (false edge of ''):  %4 = icmp eq ptr %0, null
    -> Collected 13 dominating context guard(s).
    -> SAT (WARNING: Potential Integer Overflow Bug Detected!) [Query Latency: 2.025469 ms]
  -> Found UB Trap. Starting Backward Slice...
    -> Guard[0] (false edge of ''):  %851 = icmp eq i32 %850, 0
    -> Guard[1] (true edge of ''):  %828 = icmp eq i64 %826, %827
    -> Guard[2] (false edge of ''):  %816 = icmp eq ptr %815, null
    -> Guard[3] (false edge of ''):  %69 = icmp eq i32 %68, 0
    -> Guard[4] (false edge of ''):  %51 = icmp eq ptr %50, null
    -> Guard[5] (false edge of ''):  %46 = icmp eq i32 %45, -2
    -> Guard[6] (false edge of ''):  %28 = or i1 %27, %26
    -> Guard[7] (true edge of ''):  %19 = icmp eq ptr %18, %0
    -> Guard[8] (false edge of ''):  %16 = icmp eq ptr %15, null
    -> Guard[9] (false edge of ''):  %12 = icmp eq ptr %11, null
    -> Guard[10] (false edge of ''):  %8 = icmp eq ptr %7, null
    -> Guard[11] (false edge of ''):  %4 = icmp eq ptr %0, null
    -> Collected 12 dominating context guard(s).
    -> SAT (WARNING: Potential Integer Overflow Bug Detected!) [Query Latency: 2.858405 ms]
  -> Found UB Trap. Starting Backward Slice...
    -> Guard[0] (false edge of ''):  %869 = extractvalue { i32, i1 } %868, 1, !nosanitize !33
    -> Guard[1] (false edge of ''):  %863 = extractvalue { i64, i1 } %862, 1, !nosanitize !33
    -> Guard[2] (false edge of ''):  %851 = icmp eq i32 %850, 0
    -> Guard[3] (true edge of ''):  %828 = icmp eq i64 %826, %827
    -> Guard[4] (false edge of ''):  %816 = icmp eq ptr %815, null
    -> Guard[5] (false edge of ''):  %69 = icmp eq i32 %68, 0
    -> Guard[6] (false edge of ''):  %51 = icmp eq ptr %50, null
    -> Guard[7] (false edge of ''):  %46 = icmp eq i32 %45, -2
    -> Guard[8] (false edge of ''):  %28 = or i1 %27, %26
    -> Guard[9] (true edge of ''):  %19 = icmp eq ptr %18, %0
    -> Guard[10] (false edge of ''):  %16 = icmp eq ptr %15, null
    -> Guard[11] (false edge of ''):  %12 = icmp eq ptr %11, null
    -> Guard[12] (false edge of ''):  %8 = icmp eq ptr %7, null
    -> Guard[13] (false edge of ''):  %4 = icmp eq ptr %0, null
    -> Collected 14 dominating context guard(s).
    -> SAT (WARNING: Potential Integer Overflow Bug Detected!) [Query Latency: 2.234689 ms]
  -> Found UB Trap. Starting Backward Slice...
    -> Guard[0] (false edge of ''):  %863 = extractvalue { i64, i1 } %862, 1, !nosanitize !33
    -> Guard[1] (false edge of ''):  %851 = icmp eq i32 %850, 0
    -> Guard[2] (true edge of ''):  %828 = icmp eq i64 %826, %827
    -> Guard[3] (false edge of ''):  %816 = icmp eq ptr %815, null
    -> Guard[4] (false edge of ''):  %69 = icmp eq i32 %68, 0
    -> Guard[5] (false edge of ''):  %51 = icmp eq ptr %50, null
    -> Guard[6] (false edge of ''):  %46 = icmp eq i32 %45, -2
    -> Guard[7] (false edge of ''):  %28 = or i1 %27, %26
    -> Guard[8] (true edge of ''):  %19 = icmp eq ptr %18, %0
    -> Guard[9] (false edge of ''):  %16 = icmp eq ptr %15, null
    -> Guard[10] (false edge of ''):  %12 = icmp eq ptr %11, null
    -> Guard[11] (false edge of ''):  %8 = icmp eq ptr %7, null
    -> Guard[12] (false edge of ''):  %4 = icmp eq ptr %0, null
    -> Collected 13 dominating context guard(s).
    -> SAT (WARNING: Potential Integer Overflow Bug Detected!) [Query Latency: 2.210978 ms]
  -> Found UB Trap. Starting Backward Slice...
    -> Guard[0] (true edge of ''):  %1035 = icmp eq i32 %1032, 0
    -> Guard[1] (false edge of ''):  %1033 = icmp eq i32 %1032, %25
    -> Guard[2] (false edge of ''):  %28 = or i1 %27, %26
    -> Guard[3] (true edge of ''):  %19 = icmp eq ptr %18, %0
    -> Guard[4] (false edge of ''):  %16 = icmp eq ptr %15, null
    -> Guard[5] (false edge of ''):  %12 = icmp eq ptr %11, null
    -> Guard[6] (false edge of ''):  %8 = icmp eq ptr %7, null
    -> Guard[7] (false edge of ''):  %4 = icmp eq ptr %0, null
    -> Collected 8 dominating context guard(s).
    -> SAT (WARNING: Potential Integer Overflow Bug Detected!) [Query Latency: 0.875704 ms]
  -> Found UB Trap. Starting Backward Slice...
    -> Guard[0] (true edge of ''):  %1010 = icmp eq i32 %1009, 0
    -> Guard[1] (false edge of ''):  %51 = icmp eq ptr %50, null
    -> Guard[2] (false edge of ''):  %46 = icmp eq i32 %45, -2
    -> Guard[3] (false edge of ''):  %28 = or i1 %27, %26
    -> Guard[4] (true edge of ''):  %19 = icmp eq ptr %18, %0
    -> Guard[5] (false edge of ''):  %16 = icmp eq ptr %15, null
    -> Guard[6] (false edge of ''):  %12 = icmp eq ptr %11, null
    -> Guard[7] (false edge of ''):  %8 = icmp eq ptr %7, null
    -> Guard[8] (false edge of ''):  %4 = icmp eq ptr %0, null
    -> Collected 9 dominating context guard(s).
    -> SAT (WARNING: Potential Integer Overflow Bug Detected!) [Query Latency: 4.303350 ms]
  -> Found UB Trap. Starting Backward Slice...
    -> Guard[0] (false edge of ''):  %1018 = extractvalue { i64, i1 } %1017, 1, !nosanitize !33
    -> Guard[1] (true edge of ''):  %1010 = icmp eq i32 %1009, 0
    -> Guard[2] (false edge of ''):  %51 = icmp eq ptr %50, null
    -> Guard[3] (false edge of ''):  %46 = icmp eq i32 %45, -2
    -> Guard[4] (false edge of ''):  %28 = or i1 %27, %26
    -> Guard[5] (true edge of ''):  %19 = icmp eq ptr %18, %0
    -> Guard[6] (false edge of ''):  %16 = icmp eq ptr %15, null
    -> Guard[7] (false edge of ''):  %12 = icmp eq ptr %11, null
    -> Guard[8] (false edge of ''):  %8 = icmp eq ptr %7, null
    -> Guard[9] (false edge of ''):  %4 = icmp eq ptr %0, null
    -> Collected 10 dominating context guard(s).
    -> SAT (WARNING: Potential Integer Overflow Bug Detected!) [Query Latency: 8.001714 ms]
  => Total Traps Eliminated: 1
  => Total Trap Attempts: 60
  => Total SMT Queries Executed: 60
  => Total SMT Query Latency: 3.665327e+02 ms
  => Average SMT Query Latency: 6.108878e+00 ms
  => Total DFS & SMT Execution Time: 2.658422e+03 ms
--------------------------------------------------

[Z3 Oracle] Analyzing Function: deflate
  -> Found UB Trap. Starting Backward Slice...
    -> Guard[0] (false edge of ''):  %62 = icmp eq i32 %61, 0
    -> Guard[1] (false edge of ''):  %54 = icmp eq i64 %53, 0
    -> Guard[2] (false edge of ''):  %45 = icmp eq i32 %44, 0
    -> Guard[3] (false edge of ''):  %38 = and i1 %37, %36
    -> Guard[4] (false edge of ''):  %27 = icmp eq ptr %26, null
    -> Guard[5] (false edge of ''):  %23 = icmp ugt i32 %1, 5
    -> Guard[6] (true edge of ''):  %18 = icmp eq ptr %17, %0
    -> Guard[7] (false edge of ''):  %15 = icmp eq ptr %14, null
    -> Guard[8] (false edge of ''):  %11 = icmp eq ptr %10, null
    -> Guard[9] (false edge of ''):  %7 = icmp eq ptr %6, null
    -> Guard[10] (false edge of ''):  %3 = icmp eq ptr %0, null
    -> Collected 11 dominating context guard(s).
    -> SAT (WARNING: Potential Integer Overflow Bug Detected!) [Query Latency: 2.159731 ms]
  -> Found UB Trap. Starting Backward Slice...
    -> Guard[0] (false edge of ''):  %81 = extractvalue { i32, i1 } %80, 1, !nosanitize !29
    -> Guard[1] (false edge of ''):  %75 = extractvalue { i64, i1 } %74, 1, !nosanitize !29
    -> Guard[2] (false edge of ''):  %62 = icmp eq i32 %61, 0
    -> Guard[3] (false edge of ''):  %54 = icmp eq i64 %53, 0
    -> Guard[4] (false edge of ''):  %45 = icmp eq i32 %44, 0
    -> Guard[5] (false edge of ''):  %38 = and i1 %37, %36
    -> Guard[6] (false edge of ''):  %27 = icmp eq ptr %26, null
    -> Guard[7] (false edge of ''):  %23 = icmp ugt i32 %1, 5
    -> Guard[8] (true edge of ''):  %18 = icmp eq ptr %17, %0
    -> Guard[9] (false edge of ''):  %15 = icmp eq ptr %14, null
    -> Guard[10] (false edge of ''):  %11 = icmp eq ptr %10, null
    -> Guard[11] (false edge of ''):  %7 = icmp eq ptr %6, null
    -> Guard[12] (false edge of ''):  %3 = icmp eq ptr %0, null
    -> Collected 13 dominating context guard(s).
    -> SAT (WARNING: Potential Integer Overflow Bug Detected!) [Query Latency: 1.922104 ms]
  -> Found UB Trap. Starting Backward Slice...
    -> Guard[0] (false edge of ''):  %75 = extractvalue { i64, i1 } %74, 1, !nosanitize !29
    -> Guard[1] (false edge of ''):  %62 = icmp eq i32 %61, 0
    -> Guard[2] (false edge of ''):  %54 = icmp eq i64 %53, 0
    -> Guard[3] (false edge of ''):  %45 = icmp eq i32 %44, 0
    -> Guard[4] (false edge of ''):  %38 = and i1 %37, %36
    -> Guard[5] (false edge of ''):  %27 = icmp eq ptr %26, null
    -> Guard[6] (false edge of ''):  %23 = icmp ugt i32 %1, 5
    -> Guard[7] (true edge of ''):  %18 = icmp eq ptr %17, %0
    -> Guard[8] (false edge of ''):  %15 = icmp eq ptr %14, null
    -> Guard[9] (false edge of ''):  %11 = icmp eq ptr %10, null
    -> Guard[10] (false edge of ''):  %7 = icmp eq ptr %6, null
    -> Guard[11] (false edge of ''):  %3 = icmp eq ptr %0, null
    -> Collected 12 dominating context guard(s).
    -> SAT (WARNING: Potential Integer Overflow Bug Detected!) [Query Latency: 1.868935 ms]
  -> Found UB Trap. Starting Backward Slice...
    -> Guard[0] (true edge of ''):  %31 = icmp eq i32 %30, 0
    -> Guard[1] (true edge of ''):  %54 = icmp eq i64 %53, 0
    -> Guard[2] (false edge of ''):  %45 = icmp eq i32 %44, 0
    -> Guard[3] (false edge of ''):  %38 = and i1 %37, %36
    -> Guard[4] (false edge of ''):  %27 = icmp eq ptr %26, null
    -> Guard[5] (false edge of ''):  %23 = icmp ugt i32 %1, 5
    -> Guard[6] (true edge of ''):  %18 = icmp eq ptr %17, %0
    -> Guard[7] (false edge of ''):  %15 = icmp eq ptr %14, null
    -> Guard[8] (false edge of ''):  %11 = icmp eq ptr %10, null
    -> Guard[9] (false edge of ''):  %7 = icmp eq ptr %6, null
    -> Guard[10] (false edge of ''):  %3 = icmp eq ptr %0, null
    -> Collected 11 dominating context guard(s).
    -> SAT (WARNING: Potential Integer Overflow Bug Detected!) [Query Latency: 0.986416 ms]
  -> Found UB Trap. Starting Backward Slice...
    -> Guard[0] (true edge of ''):  %1000 = icmp eq i32 %1, 3
    -> Guard[1] (true edge of ''):  %996 = icmp eq i32 %984, 1
    -> Guard[2] (false edge of ''):  %990 = icmp eq i32 %989, 0
    -> Guard[3] (false edge of ''):  %45 = icmp eq i32 %44, 0
    -> Guard[4] (false edge of ''):  %38 = and i1 %37, %36
    -> Guard[5] (false edge of ''):  %27 = icmp eq ptr %26, null
    -> Guard[6] (false edge of ''):  %23 = icmp ugt i32 %1, 5
    -> Guard[7] (true edge of ''):  %18 = icmp eq ptr %17, %0
    -> Guard[8] (false edge of ''):  %15 = icmp eq ptr %14, null
    -> Guard[9] (false edge of ''):  %11 = icmp eq ptr %10, null
    -> Guard[10] (false edge of ''):  %7 = icmp eq ptr %6, null
    -> Guard[11] (false edge of ''):  %3 = icmp eq ptr %0, null
    -> Collected 12 dominating context guard(s).
    -> SAT (WARNING: Potential Integer Overflow Bug Detected!) [Query Latency: 3.137687 ms]
  -> Found UB Trap. Starting Backward Slice...
    -> Guard[0] (true edge of ''):  %652 = icmp eq i64 %651, 0
    -> Guard[1] (false edge of ''):  %608 = extractvalue { i64, i1 } %607, 1, !nosanitize !29
    -> Guard[2] (true edge of ''):  %586 = icmp ugt i64 %584, %585
    -> Guard[3] (false edge of ''):  %581 = extractvalue { i64, i1 } %580, 1, !nosanitize !29
    -> Guard[4] (true edge of ''):  %578 = icmp eq i64 %577, 0
    -> Guard[5] (false edge of ''):  %536 = extractvalue { i64, i1 } %535, 1, !nosanitize !29
    -> Guard[6] (false edge of ''):  %515 = extractvalue { i64, i1 } %513, 1, !nosanitize !29
    -> Guard[7] (true edge of ''):  %511 = icmp ugt i64 %509, %510
    -> Guard[8] (false edge of ''):  %507 = extractvalue { i64, i1 } %506, 1, !nosanitize !29
    -> Guard[9] (false edge of ''):  %498 = extractvalue { i64, i1 } %497, 1, !nosanitize !29
    -> Guard[10] (false edge of ''):  %489 = icmp eq ptr %488, null
    -> Guard[11] (false edge of ''):  %45 = icmp eq i32 %44, 0
    -> Guard[12] (false edge of ''):  %38 = and i1 %37, %36
    -> Guard[13] (false edge of ''):  %27 = icmp eq ptr %26, null
    -> Guard[14] (false edge of ''):  %23 = icmp ugt i32 %1, 5
    -> Guard[15] (true edge of ''):  %18 = icmp eq ptr %17, %0
    -> Guard[16] (false edge of ''):  %15 = icmp eq ptr %14, null
    -> Guard[17] (false edge of ''):  %11 = icmp eq ptr %10, null
    -> Guard[18] (false edge of ''):  %7 = icmp eq ptr %6, null
    -> Guard[19] (false edge of ''):  %3 = icmp eq ptr %0, null
    -> Collected 20 dominating context guard(s).
    -> UNKNOWN (Solver gave up) [Query Latency: 10.139794 ms]
  -> Found UB Trap. Starting Backward Slice...
    -> Guard[0] (true edge of ''):  %578 = icmp eq i64 %577, 0
    -> Guard[1] (false edge of ''):  %536 = extractvalue { i64, i1 } %535, 1, !nosanitize !29
    -> Guard[2] (false edge of ''):  %515 = extractvalue { i64, i1 } %513, 1, !nosanitize !29
    -> Guard[3] (true edge of ''):  %511 = icmp ugt i64 %509, %510
    -> Guard[4] (false edge of ''):  %507 = extractvalue { i64, i1 } %506, 1, !nosanitize !29
    -> Guard[5] (false edge of ''):  %498 = extractvalue { i64, i1 } %497, 1, !nosanitize !29
    -> Guard[6] (false edge of ''):  %489 = icmp eq ptr %488, null
    -> Guard[7] (false edge of ''):  %45 = icmp eq i32 %44, 0
    -> Guard[8] (false edge of ''):  %38 = and i1 %37, %36
    -> Guard[9] (false edge of ''):  %27 = icmp eq ptr %26, null
    -> Guard[10] (false edge of ''):  %23 = icmp ugt i32 %1, 5
    -> Guard[11] (true edge of ''):  %18 = icmp eq ptr %17, %0
    -> Guard[12] (false edge of ''):  %15 = icmp eq ptr %14, null
    -> Guard[13] (false edge of ''):  %11 = icmp eq ptr %10, null
    -> Guard[14] (false edge of ''):  %7 = icmp eq ptr %6, null
    -> Guard[15] (false edge of ''):  %3 = icmp eq ptr %0, null
    -> Collected 16 dominating context guard(s).
    -> UNKNOWN (Solver gave up) [Query Latency: 10.129474 ms]
  -> Found UB Trap. Starting Backward Slice...
    -> Guard[0] (true edge of ''):  %511 = icmp ugt i64 %509, %510
    -> Guard[1] (false edge of ''):  %507 = extractvalue { i64, i1 } %506, 1, !nosanitize !29
    -> Guard[2] (false edge of ''):  %498 = extractvalue { i64, i1 } %497, 1, !nosanitize !29
    -> Guard[3] (false edge of ''):  %489 = icmp eq ptr %488, null
    -> Guard[4] (false edge of ''):  %45 = icmp eq i32 %44, 0
    -> Guard[5] (false edge of ''):  %38 = and i1 %37, %36
    -> Guard[6] (false edge of ''):  %27 = icmp eq ptr %26, null
    -> Guard[7] (false edge of ''):  %23 = icmp ugt i32 %1, 5
    -> Guard[8] (true edge of ''):  %18 = icmp eq ptr %17, %0
    -> Guard[9] (false edge of ''):  %15 = icmp eq ptr %14, null
    -> Guard[10] (false edge of ''):  %11 = icmp eq ptr %10, null
    -> Guard[11] (false edge of ''):  %7 = icmp eq ptr %6, null
    -> Guard[12] (false edge of ''):  %3 = icmp eq ptr %0, null
    -> Collected 13 dominating context guard(s).
    -> SAT (WARNING: Potential Integer Overflow Bug Detected!) [Query Latency: 4.773569 ms]
  -> Found UB Trap. Starting Backward Slice...
    -> Guard[0] (false edge of ''):  %489 = icmp eq ptr %488, null
    -> Guard[1] (false edge of ''):  %45 = icmp eq i32 %44, 0
    -> Guard[2] (false edge of ''):  %38 = and i1 %37, %36
    -> Guard[3] (false edge of ''):  %27 = icmp eq ptr %26, null
    -> Guard[4] (false edge of ''):  %23 = icmp ugt i32 %1, 5
    -> Guard[5] (true edge of ''):  %18 = icmp eq ptr %17, %0
    -> Guard[6] (false edge of ''):  %15 = icmp eq ptr %14, null
    -> Guard[7] (false edge of ''):  %11 = icmp eq ptr %10, null
    -> Guard[8] (false edge of ''):  %7 = icmp eq ptr %6, null
    -> Guard[9] (false edge of ''):  %3 = icmp eq ptr %0, null
    -> Collected 10 dominating context guard(s).
    -> SAT (WARNING: Potential Integer Overflow Bug Detected!) [Query Latency: 1.323763 ms]
  -> Found UB Trap. Starting Backward Slice...
    -> Guard[0] (false edge of ''):  %136 = icmp eq i32 %135, 0
    -> Guard[1] (false edge of ''):  %45 = icmp eq i32 %44, 0
    -> Guard[2] (false edge of ''):  %38 = and i1 %37, %36
    -> Guard[3] (false edge of ''):  %27 = icmp eq ptr %26, null
    -> Guard[4] (false edge of ''):  %23 = icmp ugt i32 %1, 5
    -> Guard[5] (true edge of ''):  %18 = icmp eq ptr %17, %0
    -> Guard[6] (false edge of ''):  %15 = icmp eq ptr %14, null
    -> Guard[7] (false edge of ''):  %11 = icmp eq ptr %10, null
    -> Guard[8] (false edge of ''):  %7 = icmp eq ptr %6, null
    -> Guard[9] (false edge of ''):  %3 = icmp eq ptr %0, null
    -> Collected 10 dominating context guard(s).
    -> SAT (WARNING: Potential Integer Overflow Bug Detected!) [Query Latency: 1.031731 ms]
  -> Found UB Trap. Starting Backward Slice...
    -> Guard[0] (true edge of ''):  %109 = icmp sgt i32 %108, -1
    -> Guard[1] (true edge of ''):  %31 = icmp eq i32 %30, 0
    -> Guard[2] (true edge of ''):  %54 = icmp eq i64 %53, 0
    -> Guard[3] (false edge of ''):  %45 = icmp eq i32 %44, 0
    -> Guard[4] (false edge of ''):  %38 = and i1 %37, %36
    -> Guard[5] (false edge of ''):  %27 = icmp eq ptr %26, null
    -> Guard[6] (false edge of ''):  %23 = icmp ugt i32 %1, 5
    -> Guard[7] (true edge of ''):  %18 = icmp eq ptr %17, %0
    -> Guard[8] (false edge of ''):  %15 = icmp eq ptr %14, null
    -> Guard[9] (false edge of ''):  %11 = icmp eq ptr %10, null
    -> Guard[10] (false edge of ''):  %7 = icmp eq ptr %6, null
    -> Guard[11] (false edge of ''):  %3 = icmp eq ptr %0, null
    -> Collected 12 dominating context guard(s).
    -> UNSAT (Dead Code / Impossible Path) [Query Latency: 1.863139 ms]
  => SUCCESS: Trap mathematically neutralized!
  -> Found UB Trap. Starting Backward Slice...
    -> Guard[0] (false edge of ''):  %1096 = extractvalue { i64, i1 } %1095, 1, !nosanitize !29
    -> Guard[1] (false edge of ''):  %1086 = extractvalue { i64, i1 } %1085, 1, !nosanitize !29
    -> Guard[2] (false edge of ''):  %1077 = extractvalue { i64, i1 } %1076, 1, !nosanitize !29
    -> Guard[3] (false edge of ''):  %1066 = extractvalue { i64, i1 } %1065, 1, !nosanitize !29
    -> Guard[4] (false edge of ''):  %1056 = extractvalue { i64, i1 } %1055, 1, !nosanitize !29
    -> Guard[5] (false edge of ''):  %1046 = extractvalue { i64, i1 } %1045, 1, !nosanitize !29
    -> Guard[6] (false edge of ''):  %1037 = extractvalue { i64, i1 } %1036, 1, !nosanitize !29
    -> Guard[7] (true edge of ''):  %1031 = icmp eq i32 %1028, 2
    -> Guard[8] (false edge of ''):  %1029 = icmp slt i32 %1028, 1
    -> Guard[9] (false edge of ''):  %37 = icmp ne i32 %1, 4
    -> Guard[10] (false edge of ''):  %45 = icmp eq i32 %44, 0
    -> Guard[11] (false edge of ''):  %38 = and i1 %37, %36
    -> Guard[12] (false edge of ''):  %27 = icmp eq ptr %26, null
    -> Guard[13] (false edge of ''):  %23 = icmp ugt i32 %1, 5
    -> Guard[14] (true edge of ''):  %18 = icmp eq ptr %17, %0
    -> Guard[15] (false edge of ''):  %15 = icmp eq ptr %14, null
    -> Guard[16] (false edge of ''):  %11 = icmp eq ptr %10, null
    -> Guard[17] (false edge of ''):  %7 = icmp eq ptr %6, null
    -> Guard[18] (false edge of ''):  %3 = icmp eq ptr %0, null
    -> Collected 19 dominating context guard(s).
    -> SAT (WARNING: Potential Integer Overflow Bug Detected!) [Query Latency: 7.350139 ms]
  -> Found UB Trap. Starting Backward Slice...
    -> Guard[0] (false edge of ''):  %1086 = extractvalue { i64, i1 } %1085, 1, !nosanitize !29
    -> Guard[1] (false edge of ''):  %1077 = extractvalue { i64, i1 } %1076, 1, !nosanitize !29
    -> Guard[2] (false edge of ''):  %1066 = extractvalue { i64, i1 } %1065, 1, !nosanitize !29
    -> Guard[3] (false edge of ''):  %1056 = extractvalue { i64, i1 } %1055, 1, !nosanitize !29
    -> Guard[4] (false edge of ''):  %1046 = extractvalue { i64, i1 } %1045, 1, !nosanitize !29
    -> Guard[5] (false edge of ''):  %1037 = extractvalue { i64, i1 } %1036, 1, !nosanitize !29
    -> Guard[6] (true edge of ''):  %1031 = icmp eq i32 %1028, 2
    -> Guard[7] (false edge of ''):  %1029 = icmp slt i32 %1028, 1
    -> Guard[8] (false edge of ''):  %37 = icmp ne i32 %1, 4
    -> Guard[9] (false edge of ''):  %45 = icmp eq i32 %44, 0
    -> Guard[10] (false edge of ''):  %38 = and i1 %37, %36
    -> Guard[11] (false edge of ''):  %27 = icmp eq ptr %26, null
    -> Guard[12] (false edge of ''):  %23 = icmp ugt i32 %1, 5
    -> Guard[13] (true edge of ''):  %18 = icmp eq ptr %17, %0
    -> Guard[14] (false edge of ''):  %15 = icmp eq ptr %14, null
    -> Guard[15] (false edge of ''):  %11 = icmp eq ptr %10, null
    -> Guard[16] (false edge of ''):  %7 = icmp eq ptr %6, null
    -> Guard[17] (false edge of ''):  %3 = icmp eq ptr %0, null
    -> Collected 18 dominating context guard(s).
    -> SAT (WARNING: Potential Integer Overflow Bug Detected!) [Query Latency: 4.248820 ms]
  -> Found UB Trap. Starting Backward Slice...
    -> Guard[0] (false edge of ''):  %1077 = extractvalue { i64, i1 } %1076, 1, !nosanitize !29
    -> Guard[1] (false edge of ''):  %1066 = extractvalue { i64, i1 } %1065, 1, !nosanitize !29
    -> Guard[2] (false edge of ''):  %1056 = extractvalue { i64, i1 } %1055, 1, !nosanitize !29
    -> Guard[3] (false edge of ''):  %1046 = extractvalue { i64, i1 } %1045, 1, !nosanitize !29
    -> Guard[4] (false edge of ''):  %1037 = extractvalue { i64, i1 } %1036, 1, !nosanitize !29
    -> Guard[5] (true edge of ''):  %1031 = icmp eq i32 %1028, 2
    -> Guard[6] (false edge of ''):  %1029 = icmp slt i32 %1028, 1
    -> Guard[7] (false edge of ''):  %37 = icmp ne i32 %1, 4
    -> Guard[8] (false edge of ''):  %45 = icmp eq i32 %44, 0
    -> Guard[9] (false edge of ''):  %38 = and i1 %37, %36
    -> Guard[10] (false edge of ''):  %27 = icmp eq ptr %26, null
    -> Guard[11] (false edge of ''):  %23 = icmp ugt i32 %1, 5
    -> Guard[12] (true edge of ''):  %18 = icmp eq ptr %17, %0
    -> Guard[13] (false edge of ''):  %15 = icmp eq ptr %14, null
    -> Guard[14] (false edge of ''):  %11 = icmp eq ptr %10, null
    -> Guard[15] (false edge of ''):  %7 = icmp eq ptr %6, null
    -> Guard[16] (false edge of ''):  %3 = icmp eq ptr %0, null
    -> Collected 17 dominating context guard(s).
    -> SAT (WARNING: Potential Integer Overflow Bug Detected!) [Query Latency: 3.694421 ms]
  -> Found UB Trap. Starting Backward Slice...
    -> Guard[0] (false edge of ''):  %1066 = extractvalue { i64, i1 } %1065, 1, !nosanitize !29
    -> Guard[1] (false edge of ''):  %1056 = extractvalue { i64, i1 } %1055, 1, !nosanitize !29
    -> Guard[2] (false edge of ''):  %1046 = extractvalue { i64, i1 } %1045, 1, !nosanitize !29
    -> Guard[3] (false edge of ''):  %1037 = extractvalue { i64, i1 } %1036, 1, !nosanitize !29
    -> Guard[4] (true edge of ''):  %1031 = icmp eq i32 %1028, 2
    -> Guard[5] (false edge of ''):  %1029 = icmp slt i32 %1028, 1
    -> Guard[6] (false edge of ''):  %37 = icmp ne i32 %1, 4
    -> Guard[7] (false edge of ''):  %45 = icmp eq i32 %44, 0
    -> Guard[8] (false edge of ''):  %38 = and i1 %37, %36
    -> Guard[9] (false edge of ''):  %27 = icmp eq ptr %26, null
    -> Guard[10] (false edge of ''):  %23 = icmp ugt i32 %1, 5
    -> Guard[11] (true edge of ''):  %18 = icmp eq ptr %17, %0
    -> Guard[12] (false edge of ''):  %15 = icmp eq ptr %14, null
    -> Guard[13] (false edge of ''):  %11 = icmp eq ptr %10, null
    -> Guard[14] (false edge of ''):  %7 = icmp eq ptr %6, null
    -> Guard[15] (false edge of ''):  %3 = icmp eq ptr %0, null
    -> Collected 16 dominating context guard(s).
    -> SAT (WARNING: Potential Integer Overflow Bug Detected!) [Query Latency: 5.755205 ms]
  -> Found UB Trap. Starting Backward Slice...
    -> Guard[0] (false edge of ''):  %1056 = extractvalue { i64, i1 } %1055, 1, !nosanitize !29
    -> Guard[1] (false edge of ''):  %1046 = extractvalue { i64, i1 } %1045, 1, !nosanitize !29
    -> Guard[2] (false edge of ''):  %1037 = extractvalue { i64, i1 } %1036, 1, !nosanitize !29
    -> Guard[3] (true edge of ''):  %1031 = icmp eq i32 %1028, 2
    -> Guard[4] (false edge of ''):  %1029 = icmp slt i32 %1028, 1
    -> Guard[5] (false edge of ''):  %37 = icmp ne i32 %1, 4
    -> Guard[6] (false edge of ''):  %45 = icmp eq i32 %44, 0
    -> Guard[7] (false edge of ''):  %38 = and i1 %37, %36
    -> Guard[8] (false edge of ''):  %27 = icmp eq ptr %26, null
    -> Guard[9] (false edge of ''):  %23 = icmp ugt i32 %1, 5
    -> Guard[10] (true edge of ''):  %18 = icmp eq ptr %17, %0
    -> Guard[11] (false edge of ''):  %15 = icmp eq ptr %14, null
    -> Guard[12] (false edge of ''):  %11 = icmp eq ptr %10, null
    -> Guard[13] (false edge of ''):  %7 = icmp eq ptr %6, null
    -> Guard[14] (false edge of ''):  %3 = icmp eq ptr %0, null
    -> Collected 15 dominating context guard(s).
    -> SAT (WARNING: Potential Integer Overflow Bug Detected!) [Query Latency: 2.925184 ms]
  -> Found UB Trap. Starting Backward Slice...
    -> Guard[0] (false edge of ''):  %1046 = extractvalue { i64, i1 } %1045, 1, !nosanitize !29
    -> Guard[1] (false edge of ''):  %1037 = extractvalue { i64, i1 } %1036, 1, !nosanitize !29
    -> Guard[2] (true edge of ''):  %1031 = icmp eq i32 %1028, 2
    -> Guard[3] (false edge of ''):  %1029 = icmp slt i32 %1028, 1
    -> Guard[4] (false edge of ''):  %37 = icmp ne i32 %1, 4
    -> Guard[5] (false edge of ''):  %45 = icmp eq i32 %44, 0
    -> Guard[6] (false edge of ''):  %38 = and i1 %37, %36
    -> Guard[7] (false edge of ''):  %27 = icmp eq ptr %26, null
    -> Guard[8] (false edge of ''):  %23 = icmp ugt i32 %1, 5
    -> Guard[9] (true edge of ''):  %18 = icmp eq ptr %17, %0
    -> Guard[10] (false edge of ''):  %15 = icmp eq ptr %14, null
    -> Guard[11] (false edge of ''):  %11 = icmp eq ptr %10, null
    -> Guard[12] (false edge of ''):  %7 = icmp eq ptr %6, null
    -> Guard[13] (false edge of ''):  %3 = icmp eq ptr %0, null
    -> Collected 14 dominating context guard(s).
    -> SAT (WARNING: Potential Integer Overflow Bug Detected!) [Query Latency: 2.532111 ms]
  -> Found UB Trap. Starting Backward Slice...
    -> Guard[0] (false edge of ''):  %1037 = extractvalue { i64, i1 } %1036, 1, !nosanitize !29
    -> Guard[1] (true edge of ''):  %1031 = icmp eq i32 %1028, 2
    -> Guard[2] (false edge of ''):  %1029 = icmp slt i32 %1028, 1
    -> Guard[3] (false edge of ''):  %37 = icmp ne i32 %1, 4
    -> Guard[4] (false edge of ''):  %45 = icmp eq i32 %44, 0
    -> Guard[5] (false edge of ''):  %38 = and i1 %37, %36
    -> Guard[6] (false edge of ''):  %27 = icmp eq ptr %26, null
    -> Guard[7] (false edge of ''):  %23 = icmp ugt i32 %1, 5
    -> Guard[8] (true edge of ''):  %18 = icmp eq ptr %17, %0
    -> Guard[9] (false edge of ''):  %15 = icmp eq ptr %14, null
    -> Guard[10] (false edge of ''):  %11 = icmp eq ptr %10, null
    -> Guard[11] (false edge of ''):  %7 = icmp eq ptr %6, null
    -> Guard[12] (false edge of ''):  %3 = icmp eq ptr %0, null
    -> Collected 13 dominating context guard(s).
    -> SAT (WARNING: Potential Integer Overflow Bug Detected!) [Query Latency: 2.117836 ms]
  -> Found UB Trap. Starting Backward Slice...
    -> Guard[0] (true edge of ''):  %1031 = icmp eq i32 %1028, 2
    -> Guard[1] (false edge of ''):  %1029 = icmp slt i32 %1028, 1
    -> Guard[2] (false edge of ''):  %37 = icmp ne i32 %1, 4
    -> Guard[3] (false edge of ''):  %45 = icmp eq i32 %44, 0
    -> Guard[4] (false edge of ''):  %38 = and i1 %37, %36
    -> Guard[5] (false edge of ''):  %27 = icmp eq ptr %26, null
    -> Guard[6] (false edge of ''):  %23 = icmp ugt i32 %1, 5
    -> Guard[7] (true edge of ''):  %18 = icmp eq ptr %17, %0
    -> Guard[8] (false edge of ''):  %15 = icmp eq ptr %14, null
    -> Guard[9] (false edge of ''):  %11 = icmp eq ptr %10, null
    -> Guard[10] (false edge of ''):  %7 = icmp eq ptr %6, null
    -> Guard[11] (false edge of ''):  %3 = icmp eq ptr %0, null
    -> Collected 12 dominating context guard(s).
    -> SAT (WARNING: Potential Integer Overflow Bug Detected!) [Query Latency: 1.825626 ms]
  -> Found UB Trap. Starting Backward Slice...
    -> Guard[0] (false edge of ''):  %919 = extractvalue { i64, i1 } %918, 1, !nosanitize !29
    -> Guard[1] (false edge of ''):  %915 = icmp eq i32 %914, 0
    -> Guard[2] (false edge of ''):  %45 = icmp eq i32 %44, 0
    -> Guard[3] (false edge of ''):  %38 = and i1 %37, %36
    -> Guard[4] (false edge of ''):  %27 = icmp eq ptr %26, null
    -> Guard[5] (false edge of ''):  %23 = icmp ugt i32 %1, 5
    -> Guard[6] (true edge of ''):  %18 = icmp eq ptr %17, %0
    -> Guard[7] (false edge of ''):  %15 = icmp eq ptr %14, null
    -> Guard[8] (false edge of ''):  %11 = icmp eq ptr %10, null
    -> Guard[9] (false edge of ''):  %7 = icmp eq ptr %6, null
    -> Guard[10] (false edge of ''):  %3 = icmp eq ptr %0, null
    -> Collected 11 dominating context guard(s).
    -> SAT (WARNING: Potential Integer Overflow Bug Detected!) [Query Latency: 2.484928 ms]
  -> Found UB Trap. Starting Backward Slice...
    -> Guard[0] (false edge of ''):  %915 = icmp eq i32 %914, 0
    -> Guard[1] (false edge of ''):  %45 = icmp eq i32 %44, 0
    -> Guard[2] (false edge of ''):  %38 = and i1 %37, %36
    -> Guard[3] (false edge of ''):  %27 = icmp eq ptr %26, null
    -> Guard[4] (false edge of ''):  %23 = icmp ugt i32 %1, 5
    -> Guard[5] (true edge of ''):  %18 = icmp eq ptr %17, %0
    -> Guard[6] (false edge of ''):  %15 = icmp eq ptr %14, null
    -> Guard[7] (false edge of ''):  %11 = icmp eq ptr %10, null
    -> Guard[8] (false edge of ''):  %7 = icmp eq ptr %6, null
    -> Guard[9] (false edge of ''):  %3 = icmp eq ptr %0, null
    -> Collected 10 dominating context guard(s).
    -> SAT (WARNING: Potential Integer Overflow Bug Detected!) [Query Latency: 2.154699 ms]
  -> Found UB Trap. Starting Backward Slice...
    -> Guard[0] (false edge of ''):  %880 = extractvalue { i64, i1 } %879, 1, !nosanitize !29
    -> Guard[1] (false edge of ''):  %805 = icmp eq ptr %804, null
    -> Guard[2] (false edge of ''):  %45 = icmp eq i32 %44, 0
    -> Guard[3] (false edge of ''):  %38 = and i1 %37, %36
    -> Guard[4] (false edge of ''):  %27 = icmp eq ptr %26, null
    -> Guard[5] (false edge of ''):  %23 = icmp ugt i32 %1, 5
    -> Guard[6] (true edge of ''):  %18 = icmp eq ptr %17, %0
    -> Guard[7] (false edge of ''):  %15 = icmp eq ptr %14, null
    -> Guard[8] (false edge of ''):  %11 = icmp eq ptr %10, null
    -> Guard[9] (false edge of ''):  %7 = icmp eq ptr %6, null
    -> Guard[10] (false edge of ''):  %3 = icmp eq ptr %0, null
    -> Collected 11 dominating context guard(s).
    -> SAT (WARNING: Potential Integer Overflow Bug Detected!) [Query Latency: 6.167152 ms]
  -> Found UB Trap. Starting Backward Slice...
    -> Guard[0] (false edge of ''):  %805 = icmp eq ptr %804, null
    -> Guard[1] (false edge of ''):  %45 = icmp eq i32 %44, 0
    -> Guard[2] (false edge of ''):  %38 = and i1 %37, %36
    -> Guard[3] (false edge of ''):  %27 = icmp eq ptr %26, null
    -> Guard[4] (false edge of ''):  %23 = icmp ugt i32 %1, 5
    -> Guard[5] (true edge of ''):  %18 = icmp eq ptr %17, %0
    -> Guard[6] (false edge of ''):  %15 = icmp eq ptr %14, null
    -> Guard[7] (false edge of ''):  %11 = icmp eq ptr %10, null
    -> Guard[8] (false edge of ''):  %7 = icmp eq ptr %6, null
    -> Guard[9] (false edge of ''):  %3 = icmp eq ptr %0, null
    -> Collected 10 dominating context guard(s).
    -> SAT (WARNING: Potential Integer Overflow Bug Detected!) [Query Latency: 2.165207 ms]
  -> Found UB Trap. Starting Backward Slice...
    -> Guard[0] (false edge of ''):  %769 = extractvalue { i64, i1 } %768, 1, !nosanitize !29
    -> Guard[1] (false edge of ''):  %694 = icmp eq ptr %693, null
    -> Guard[2] (false edge of ''):  %45 = icmp eq i32 %44, 0
    -> Guard[3] (false edge of ''):  %38 = and i1 %37, %36
    -> Guard[4] (false edge of ''):  %27 = icmp eq ptr %26, null
    -> Guard[5] (false edge of ''):  %23 = icmp ugt i32 %1, 5
    -> Guard[6] (true edge of ''):  %18 = icmp eq ptr %17, %0
    -> Guard[7] (false edge of ''):  %15 = icmp eq ptr %14, null
    -> Guard[8] (false edge of ''):  %11 = icmp eq ptr %10, null
    -> Guard[9] (false edge of ''):  %7 = icmp eq ptr %6, null
    -> Guard[10] (false edge of ''):  %3 = icmp eq ptr %0, null
    -> Collected 11 dominating context guard(s).
    -> SAT (WARNING: Potential Integer Overflow Bug Detected!) [Query Latency: 5.866742 ms]
  -> Found UB Trap. Starting Backward Slice...
    -> Guard[0] (false edge of ''):  %694 = icmp eq ptr %693, null
    -> Guard[1] (false edge of ''):  %45 = icmp eq i32 %44, 0
    -> Guard[2] (false edge of ''):  %38 = and i1 %37, %36
    -> Guard[3] (false edge of ''):  %27 = icmp eq ptr %26, null
    -> Guard[4] (false edge of ''):  %23 = icmp ugt i32 %1, 5
    -> Guard[5] (true edge of ''):  %18 = icmp eq ptr %17, %0
    -> Guard[6] (false edge of ''):  %15 = icmp eq ptr %14, null
    -> Guard[7] (false edge of ''):  %11 = icmp eq ptr %10, null
    -> Guard[8] (false edge of ''):  %7 = icmp eq ptr %6, null
    -> Guard[9] (false edge of ''):  %3 = icmp eq ptr %0, null
    -> Collected 10 dominating context guard(s).
    -> SAT (WARNING: Potential Integer Overflow Bug Detected!) [Query Latency: 1.914864 ms]
  -> Found UB Trap. Starting Backward Slice...
    -> Guard[0] (false edge of ''):  %507 = extractvalue { i64, i1 } %506, 1, !nosanitize !29
    -> Guard[1] (false edge of ''):  %498 = extractvalue { i64, i1 } %497, 1, !nosanitize !29
    -> Guard[2] (false edge of ''):  %489 = icmp eq ptr %488, null
    -> Guard[3] (false edge of ''):  %45 = icmp eq i32 %44, 0
    -> Guard[4] (false edge of ''):  %38 = and i1 %37, %36
    -> Guard[5] (false edge of ''):  %27 = icmp eq ptr %26, null
    -> Guard[6] (false edge of ''):  %23 = icmp ugt i32 %1, 5
    -> Guard[7] (true edge of ''):  %18 = icmp eq ptr %17, %0
    -> Guard[8] (false edge of ''):  %15 = icmp eq ptr %14, null
    -> Guard[9] (false edge of ''):  %11 = icmp eq ptr %10, null
    -> Guard[10] (false edge of ''):  %7 = icmp eq ptr %6, null
    -> Guard[11] (false edge of ''):  %3 = icmp eq ptr %0, null
    -> Collected 12 dominating context guard(s).
    -> UNKNOWN (Solver gave up) [Query Latency: 10.120247 ms]
  -> Found UB Trap. Starting Backward Slice...
    -> Guard[0] (true edge of ''):  %586 = icmp ugt i64 %584, %585
    -> Guard[1] (false edge of ''):  %581 = extractvalue { i64, i1 } %580, 1, !nosanitize !29
    -> Guard[2] (true edge of ''):  %578 = icmp eq i64 %577, 0
    -> Guard[3] (false edge of ''):  %536 = extractvalue { i64, i1 } %535, 1, !nosanitize !29
    -> Guard[4] (false edge of ''):  %515 = extractvalue { i64, i1 } %513, 1, !nosanitize !29
    -> Guard[5] (true edge of ''):  %511 = icmp ugt i64 %509, %510
    -> Guard[6] (false edge of ''):  %507 = extractvalue { i64, i1 } %506, 1, !nosanitize !29
    -> Guard[7] (false edge of ''):  %498 = extractvalue { i64, i1 } %497, 1, !nosanitize !29
    -> Guard[8] (false edge of ''):  %489 = icmp eq ptr %488, null
    -> Guard[9] (false edge of ''):  %45 = icmp eq i32 %44, 0
    -> Guard[10] (false edge of ''):  %38 = and i1 %37, %36
    -> Guard[11] (false edge of ''):  %27 = icmp eq ptr %26, null
    -> Guard[12] (false edge of ''):  %23 = icmp ugt i32 %1, 5
    -> Guard[13] (true edge of ''):  %18 = icmp eq ptr %17, %0
    -> Guard[14] (false edge of ''):  %15 = icmp eq ptr %14, null
    -> Guard[15] (false edge of ''):  %11 = icmp eq ptr %10, null
    -> Guard[16] (false edge of ''):  %7 = icmp eq ptr %6, null
    -> Guard[17] (false edge of ''):  %3 = icmp eq ptr %0, null
    -> Collected 18 dominating context guard(s).
    -> UNKNOWN (Solver gave up) [Query Latency: 10.136005 ms]
  -> Found UB Trap. Starting Backward Slice...
    -> Guard[0] (false edge of ''):  %515 = extractvalue { i64, i1 } %513, 1, !nosanitize !29
    -> Guard[1] (true edge of ''):  %511 = icmp ugt i64 %509, %510
    -> Guard[2] (false edge of ''):  %507 = extractvalue { i64, i1 } %506, 1, !nosanitize !29
    -> Guard[3] (false edge of ''):  %498 = extractvalue { i64, i1 } %497, 1, !nosanitize !29
    -> Guard[4] (false edge of ''):  %489 = icmp eq ptr %488, null
    -> Guard[5] (false edge of ''):  %45 = icmp eq i32 %44, 0
    -> Guard[6] (false edge of ''):  %38 = and i1 %37, %36
    -> Guard[7] (false edge of ''):  %27 = icmp eq ptr %26, null
    -> Guard[8] (false edge of ''):  %23 = icmp ugt i32 %1, 5
    -> Guard[9] (true edge of ''):  %18 = icmp eq ptr %17, %0
    -> Guard[10] (false edge of ''):  %15 = icmp eq ptr %14, null
    -> Guard[11] (false edge of ''):  %11 = icmp eq ptr %10, null
    -> Guard[12] (false edge of ''):  %7 = icmp eq ptr %6, null
    -> Guard[13] (false edge of ''):  %3 = icmp eq ptr %0, null
    -> Collected 14 dominating context guard(s).
    -> UNKNOWN (Solver gave up) [Query Latency: 10.136089 ms]
  -> Found UB Trap. Starting Backward Slice...
    -> Guard[0] (false edge of ''):  %498 = extractvalue { i64, i1 } %497, 1, !nosanitize !29
    -> Guard[1] (false edge of ''):  %489 = icmp eq ptr %488, null
    -> Guard[2] (false edge of ''):  %45 = icmp eq i32 %44, 0
    -> Guard[3] (false edge of ''):  %38 = and i1 %37, %36
    -> Guard[4] (false edge of ''):  %27 = icmp eq ptr %26, null
    -> Guard[5] (false edge of ''):  %23 = icmp ugt i32 %1, 5
    -> Guard[6] (true edge of ''):  %18 = icmp eq ptr %17, %0
    -> Guard[7] (false edge of ''):  %15 = icmp eq ptr %14, null
    -> Guard[8] (false edge of ''):  %11 = icmp eq ptr %10, null
    -> Guard[9] (false edge of ''):  %7 = icmp eq ptr %6, null
    -> Guard[10] (false edge of ''):  %3 = icmp eq ptr %0, null
    -> Collected 11 dominating context guard(s).
    -> SAT (WARNING: Potential Integer Overflow Bug Detected!) [Query Latency: 7.557496 ms]
  -> Found UB Trap. Starting Backward Slice...
    -> Guard[0] (false edge of ''):  %447 = extractvalue { i64, i1 } %446, 1, !nosanitize !29
    -> Guard[1] (false edge of ''):  %443 = icmp eq ptr %442, null
    -> Guard[2] (false edge of ''):  %431 = extractvalue { i64, i1 } %430, 1, !nosanitize !29
    -> Guard[3] (false edge of ''):  %424 = extractvalue { i64, i1 } %423, 1, !nosanitize !29
    -> Guard[4] (false edge of ''):  %400 = extractvalue { i64, i1 } %399, 1, !nosanitize !29
    -> Guard[5] (false edge of ''):  %388 = extractvalue { i64, i1 } %387, 1, !nosanitize !29
    -> Guard[6] (false edge of ''):  %376 = extractvalue { i64, i1 } %375, 1, !nosanitize !29
    -> Guard[7] (false edge of ''):  %365 = extractvalue { i64, i1 } %364, 1, !nosanitize !29
    -> Guard[8] (false edge of ''):  %272 = extractvalue { i64, i1 } %271, 1
    -> Guard[9] (false edge of ''):  %269 = icmp eq ptr %268, null
    -> Guard[10] (false edge of ''):  %262 = extractvalue { i64, i1 } %261, 1, !nosanitize !29
    -> Guard[11] (false edge of ''):  %255 = extractvalue { i64, i1 } %254, 1, !nosanitize !29
    -> Guard[12] (false edge of ''):  %248 = extractvalue { i64, i1 } %247, 1, !nosanitize !29
    -> Guard[13] (true edge of ''):  %241 = icmp eq i32 %240, 57
    -> Guard[14] (false edge of ''):  %45 = icmp eq i32 %44, 0
    -> Guard[15] (false edge of ''):  %38 = and i1 %37, %36
    -> Guard[16] (false edge of ''):  %27 = icmp eq ptr %26, null
    -> Guard[17] (false edge of ''):  %23 = icmp ugt i32 %1, 5
    -> Guard[18] (true edge of ''):  %18 = icmp eq ptr %17, %0
    -> Guard[19] (false edge of ''):  %15 = icmp eq ptr %14, null
    -> Guard[20] (false edge of ''):  %11 = icmp eq ptr %10, null
    -> Guard[21] (false edge of ''):  %7 = icmp eq ptr %6, null
    -> Guard[22] (false edge of ''):  %3 = icmp eq ptr %0, null
    -> Collected 23 dominating context guard(s).
    -> UNKNOWN (Solver gave up) [Query Latency: 10.144864 ms]
  -> Found UB Trap. Starting Backward Slice...
    -> Guard[0] (false edge of ''):  %443 = icmp eq ptr %442, null
    -> Guard[1] (false edge of ''):  %431 = extractvalue { i64, i1 } %430, 1, !nosanitize !29
    -> Guard[2] (false edge of ''):  %424 = extractvalue { i64, i1 } %423, 1, !nosanitize !29
    -> Guard[3] (false edge of ''):  %400 = extractvalue { i64, i1 } %399, 1, !nosanitize !29
    -> Guard[4] (false edge of ''):  %388 = extractvalue { i64, i1 } %387, 1, !nosanitize !29
    -> Guard[5] (false edge of ''):  %376 = extractvalue { i64, i1 } %375, 1, !nosanitize !29
    -> Guard[6] (false edge of ''):  %365 = extractvalue { i64, i1 } %364, 1, !nosanitize !29
    -> Guard[7] (false edge of ''):  %272 = extractvalue { i64, i1 } %271, 1
    -> Guard[8] (false edge of ''):  %269 = icmp eq ptr %268, null
    -> Guard[9] (false edge of ''):  %262 = extractvalue { i64, i1 } %261, 1, !nosanitize !29
    -> Guard[10] (false edge of ''):  %255 = extractvalue { i64, i1 } %254, 1, !nosanitize !29
    -> Guard[11] (false edge of ''):  %248 = extractvalue { i64, i1 } %247, 1, !nosanitize !29
    -> Guard[12] (true edge of ''):  %241 = icmp eq i32 %240, 57
    -> Guard[13] (false edge of ''):  %45 = icmp eq i32 %44, 0
    -> Guard[14] (false edge of ''):  %38 = and i1 %37, %36
    -> Guard[15] (false edge of ''):  %27 = icmp eq ptr %26, null
    -> Guard[16] (false edge of ''):  %23 = icmp ugt i32 %1, 5
    -> Guard[17] (true edge of ''):  %18 = icmp eq ptr %17, %0
    -> Guard[18] (false edge of ''):  %15 = icmp eq ptr %14, null
    -> Guard[19] (false edge of ''):  %11 = icmp eq ptr %10, null
    -> Guard[20] (false edge of ''):  %7 = icmp eq ptr %6, null
    -> Guard[21] (false edge of ''):  %3 = icmp eq ptr %0, null
    -> Collected 22 dominating context guard(s).
    -> UNKNOWN (Solver gave up) [Query Latency: 10.160171 ms]
  -> Found UB Trap. Starting Backward Slice...
    -> Guard[0] (false edge of ''):  %424 = extractvalue { i64, i1 } %423, 1, !nosanitize !29
    -> Guard[1] (false edge of ''):  %400 = extractvalue { i64, i1 } %399, 1, !nosanitize !29
    -> Guard[2] (false edge of ''):  %388 = extractvalue { i64, i1 } %387, 1, !nosanitize !29
    -> Guard[3] (false edge of ''):  %376 = extractvalue { i64, i1 } %375, 1, !nosanitize !29
    -> Guard[4] (false edge of ''):  %365 = extractvalue { i64, i1 } %364, 1, !nosanitize !29
    -> Guard[5] (false edge of ''):  %272 = extractvalue { i64, i1 } %271, 1
    -> Guard[6] (false edge of ''):  %269 = icmp eq ptr %268, null
    -> Guard[7] (false edge of ''):  %262 = extractvalue { i64, i1 } %261, 1, !nosanitize !29
    -> Guard[8] (false edge of ''):  %255 = extractvalue { i64, i1 } %254, 1, !nosanitize !29
    -> Guard[9] (false edge of ''):  %248 = extractvalue { i64, i1 } %247, 1, !nosanitize !29
    -> Guard[10] (true edge of ''):  %241 = icmp eq i32 %240, 57
    -> Guard[11] (false edge of ''):  %45 = icmp eq i32 %44, 0
    -> Guard[12] (false edge of ''):  %38 = and i1 %37, %36
    -> Guard[13] (false edge of ''):  %27 = icmp eq ptr %26, null
    -> Guard[14] (false edge of ''):  %23 = icmp ugt i32 %1, 5
    -> Guard[15] (true edge of ''):  %18 = icmp eq ptr %17, %0
    -> Guard[16] (false edge of ''):  %15 = icmp eq ptr %14, null
    -> Guard[17] (false edge of ''):  %11 = icmp eq ptr %10, null
    -> Guard[18] (false edge of ''):  %7 = icmp eq ptr %6, null
    -> Guard[19] (false edge of ''):  %3 = icmp eq ptr %0, null
    -> Collected 20 dominating context guard(s).
    -> UNKNOWN (Solver gave up) [Query Latency: 10.223836 ms]
  -> Found UB Trap. Starting Backward Slice...
    -> Guard[0] (false edge of ''):  %400 = extractvalue { i64, i1 } %399, 1, !nosanitize !29
    -> Guard[1] (false edge of ''):  %388 = extractvalue { i64, i1 } %387, 1, !nosanitize !29
    -> Guard[2] (false edge of ''):  %376 = extractvalue { i64, i1 } %375, 1, !nosanitize !29
    -> Guard[3] (false edge of ''):  %365 = extractvalue { i64, i1 } %364, 1, !nosanitize !29
    -> Guard[4] (false edge of ''):  %272 = extractvalue { i64, i1 } %271, 1
    -> Guard[5] (false edge of ''):  %269 = icmp eq ptr %268, null
    -> Guard[6] (false edge of ''):  %262 = extractvalue { i64, i1 } %261, 1, !nosanitize !29
    -> Guard[7] (false edge of ''):  %255 = extractvalue { i64, i1 } %254, 1, !nosanitize !29
    -> Guard[8] (false edge of ''):  %248 = extractvalue { i64, i1 } %247, 1, !nosanitize !29
    -> Guard[9] (true edge of ''):  %241 = icmp eq i32 %240, 57
    -> Guard[10] (false edge of ''):  %45 = icmp eq i32 %44, 0
    -> Guard[11] (false edge of ''):  %38 = and i1 %37, %36
    -> Guard[12] (false edge of ''):  %27 = icmp eq ptr %26, null
    -> Guard[13] (false edge of ''):  %23 = icmp ugt i32 %1, 5
    -> Guard[14] (true edge of ''):  %18 = icmp eq ptr %17, %0
    -> Guard[15] (false edge of ''):  %15 = icmp eq ptr %14, null
    -> Guard[16] (false edge of ''):  %11 = icmp eq ptr %10, null
    -> Guard[17] (false edge of ''):  %7 = icmp eq ptr %6, null
    -> Guard[18] (false edge of ''):  %3 = icmp eq ptr %0, null
    -> Collected 19 dominating context guard(s).
    -> UNKNOWN (Solver gave up) [Query Latency: 10.122114 ms]
  -> Found UB Trap. Starting Backward Slice...
    -> Guard[0] (false edge of ''):  %388 = extractvalue { i64, i1 } %387, 1, !nosanitize !29
    -> Guard[1] (false edge of ''):  %376 = extractvalue { i64, i1 } %375, 1, !nosanitize !29
    -> Guard[2] (false edge of ''):  %365 = extractvalue { i64, i1 } %364, 1, !nosanitize !29
    -> Guard[3] (false edge of ''):  %272 = extractvalue { i64, i1 } %271, 1
    -> Guard[4] (false edge of ''):  %269 = icmp eq ptr %268, null
    -> Guard[5] (false edge of ''):  %262 = extractvalue { i64, i1 } %261, 1, !nosanitize !29
    -> Guard[6] (false edge of ''):  %255 = extractvalue { i64, i1 } %254, 1, !nosanitize !29
    -> Guard[7] (false edge of ''):  %248 = extractvalue { i64, i1 } %247, 1, !nosanitize !29
    -> Guard[8] (true edge of ''):  %241 = icmp eq i32 %240, 57
    -> Guard[9] (false edge of ''):  %45 = icmp eq i32 %44, 0
    -> Guard[10] (false edge of ''):  %38 = and i1 %37, %36
    -> Guard[11] (false edge of ''):  %27 = icmp eq ptr %26, null
    -> Guard[12] (false edge of ''):  %23 = icmp ugt i32 %1, 5
    -> Guard[13] (true edge of ''):  %18 = icmp eq ptr %17, %0
    -> Guard[14] (false edge of ''):  %15 = icmp eq ptr %14, null
    -> Guard[15] (false edge of ''):  %11 = icmp eq ptr %10, null
    -> Guard[16] (false edge of ''):  %7 = icmp eq ptr %6, null
    -> Guard[17] (false edge of ''):  %3 = icmp eq ptr %0, null
    -> Collected 18 dominating context guard(s).
    -> UNKNOWN (Solver gave up) [Query Latency: 10.148359 ms]
  -> Found UB Trap. Starting Backward Slice...
    -> Guard[0] (false edge of ''):  %376 = extractvalue { i64, i1 } %375, 1, !nosanitize !29
    -> Guard[1] (false edge of ''):  %365 = extractvalue { i64, i1 } %364, 1, !nosanitize !29
    -> Guard[2] (false edge of ''):  %272 = extractvalue { i64, i1 } %271, 1
    -> Guard[3] (false edge of ''):  %269 = icmp eq ptr %268, null
    -> Guard[4] (false edge of ''):  %262 = extractvalue { i64, i1 } %261, 1, !nosanitize !29
    -> Guard[5] (false edge of ''):  %255 = extractvalue { i64, i1 } %254, 1, !nosanitize !29
    -> Guard[6] (false edge of ''):  %248 = extractvalue { i64, i1 } %247, 1, !nosanitize !29
    -> Guard[7] (true edge of ''):  %241 = icmp eq i32 %240, 57
    -> Guard[8] (false edge of ''):  %45 = icmp eq i32 %44, 0
    -> Guard[9] (false edge of ''):  %38 = and i1 %37, %36
    -> Guard[10] (false edge of ''):  %27 = icmp eq ptr %26, null
    -> Guard[11] (false edge of ''):  %23 = icmp ugt i32 %1, 5
    -> Guard[12] (true edge of ''):  %18 = icmp eq ptr %17, %0
    -> Guard[13] (false edge of ''):  %15 = icmp eq ptr %14, null
    -> Guard[14] (false edge of ''):  %11 = icmp eq ptr %10, null
    -> Guard[15] (false edge of ''):  %7 = icmp eq ptr %6, null
    -> Guard[16] (false edge of ''):  %3 = icmp eq ptr %0, null
    -> Collected 17 dominating context guard(s).
    -> UNKNOWN (Solver gave up) [Query Latency: 10.144019 ms]
  -> Found UB Trap. Starting Backward Slice...
    -> Guard[0] (false edge of ''):  %365 = extractvalue { i64, i1 } %364, 1, !nosanitize !29
    -> Guard[1] (false edge of ''):  %272 = extractvalue { i64, i1 } %271, 1
    -> Guard[2] (false edge of ''):  %269 = icmp eq ptr %268, null
    -> Guard[3] (false edge of ''):  %262 = extractvalue { i64, i1 } %261, 1, !nosanitize !29
    -> Guard[4] (false edge of ''):  %255 = extractvalue { i64, i1 } %254, 1, !nosanitize !29
    -> Guard[5] (false edge of ''):  %248 = extractvalue { i64, i1 } %247, 1, !nosanitize !29
    -> Guard[6] (true edge of ''):  %241 = icmp eq i32 %240, 57
    -> Guard[7] (false edge of ''):  %45 = icmp eq i32 %44, 0
    -> Guard[8] (false edge of ''):  %38 = and i1 %37, %36
    -> Guard[9] (false edge of ''):  %27 = icmp eq ptr %26, null
    -> Guard[10] (false edge of ''):  %23 = icmp ugt i32 %1, 5
    -> Guard[11] (true edge of ''):  %18 = icmp eq ptr %17, %0
    -> Guard[12] (false edge of ''):  %15 = icmp eq ptr %14, null
    -> Guard[13] (false edge of ''):  %11 = icmp eq ptr %10, null
    -> Guard[14] (false edge of ''):  %7 = icmp eq ptr %6, null
    -> Guard[15] (false edge of ''):  %3 = icmp eq ptr %0, null
    -> Collected 16 dominating context guard(s).
    -> UNKNOWN (Solver gave up) [Query Latency: 10.158715 ms]
  -> Found UB Trap. Starting Backward Slice...
    -> Guard[0] (false edge of ''):  %272 = extractvalue { i64, i1 } %271, 1
    -> Guard[1] (false edge of ''):  %269 = icmp eq ptr %268, null
    -> Guard[2] (false edge of ''):  %262 = extractvalue { i64, i1 } %261, 1, !nosanitize !29
    -> Guard[3] (false edge of ''):  %255 = extractvalue { i64, i1 } %254, 1, !nosanitize !29
    -> Guard[4] (false edge of ''):  %248 = extractvalue { i64, i1 } %247, 1, !nosanitize !29
    -> Guard[5] (true edge of ''):  %241 = icmp eq i32 %240, 57
    -> Guard[6] (false edge of ''):  %45 = icmp eq i32 %44, 0
    -> Guard[7] (false edge of ''):  %38 = and i1 %37, %36
    -> Guard[8] (false edge of ''):  %27 = icmp eq ptr %26, null
    -> Guard[9] (false edge of ''):  %23 = icmp ugt i32 %1, 5
    -> Guard[10] (true edge of ''):  %18 = icmp eq ptr %17, %0
    -> Guard[11] (false edge of ''):  %15 = icmp eq ptr %14, null
    -> Guard[12] (false edge of ''):  %11 = icmp eq ptr %10, null
    -> Guard[13] (false edge of ''):  %7 = icmp eq ptr %6, null
    -> Guard[14] (false edge of ''):  %3 = icmp eq ptr %0, null
    -> Collected 15 dominating context guard(s).
    -> UNKNOWN (Solver gave up) [Query Latency: 10.126498 ms]
  -> Found UB Trap. Starting Backward Slice...
    -> Guard[0] (false edge of ''):  %269 = icmp eq ptr %268, null
    -> Guard[1] (false edge of ''):  %262 = extractvalue { i64, i1 } %261, 1, !nosanitize !29
    -> Guard[2] (false edge of ''):  %255 = extractvalue { i64, i1 } %254, 1, !nosanitize !29
    -> Guard[3] (false edge of ''):  %248 = extractvalue { i64, i1 } %247, 1, !nosanitize !29
    -> Guard[4] (true edge of ''):  %241 = icmp eq i32 %240, 57
    -> Guard[5] (false edge of ''):  %45 = icmp eq i32 %44, 0
    -> Guard[6] (false edge of ''):  %38 = and i1 %37, %36
    -> Guard[7] (false edge of ''):  %27 = icmp eq ptr %26, null
    -> Guard[8] (false edge of ''):  %23 = icmp ugt i32 %1, 5
    -> Guard[9] (true edge of ''):  %18 = icmp eq ptr %17, %0
    -> Guard[10] (false edge of ''):  %15 = icmp eq ptr %14, null
    -> Guard[11] (false edge of ''):  %11 = icmp eq ptr %10, null
    -> Guard[12] (false edge of ''):  %7 = icmp eq ptr %6, null
    -> Guard[13] (false edge of ''):  %3 = icmp eq ptr %0, null
    -> Collected 14 dominating context guard(s).
    -> UNKNOWN (Solver gave up) [Query Latency: 10.119056 ms]
  -> Found UB Trap. Starting Backward Slice...
    -> Guard[0] (false edge of ''):  %320 = extractvalue { i64, i1 } %319, 1, !nosanitize !29
    -> Guard[1] (false edge of ''):  %301 = extractvalue { i64, i1 } %300, 1, !nosanitize !29
    -> Guard[2] (false edge of ''):  %294 = extractvalue { i64, i1 } %293, 1, !nosanitize !29
    -> Guard[3] (false edge of ''):  %287 = extractvalue { i64, i1 } %286, 1, !nosanitize !29
    -> Guard[4] (false edge of ''):  %280 = extractvalue { i64, i1 } %279, 1, !nosanitize !29
    -> Guard[5] (false edge of ''):  %272 = extractvalue { i64, i1 } %271, 1
    -> Guard[6] (true edge of ''):  %269 = icmp eq ptr %268, null
    -> Guard[7] (false edge of ''):  %262 = extractvalue { i64, i1 } %261, 1, !nosanitize !29
    -> Guard[8] (false edge of ''):  %255 = extractvalue { i64, i1 } %254, 1, !nosanitize !29
    -> Guard[9] (false edge of ''):  %248 = extractvalue { i64, i1 } %247, 1, !nosanitize !29
    -> Guard[10] (true edge of ''):  %241 = icmp eq i32 %240, 57
    -> Guard[11] (false edge of ''):  %45 = icmp eq i32 %44, 0
    -> Guard[12] (false edge of ''):  %38 = and i1 %37, %36
    -> Guard[13] (false edge of ''):  %27 = icmp eq ptr %26, null
    -> Guard[14] (false edge of ''):  %23 = icmp ugt i32 %1, 5
    -> Guard[15] (true edge of ''):  %18 = icmp eq ptr %17, %0
    -> Guard[16] (false edge of ''):  %15 = icmp eq ptr %14, null
    -> Guard[17] (false edge of ''):  %11 = icmp eq ptr %10, null
    -> Guard[18] (false edge of ''):  %7 = icmp eq ptr %6, null
    -> Guard[19] (false edge of ''):  %3 = icmp eq ptr %0, null
    -> Collected 20 dominating context guard(s).
    -> UNKNOWN (Solver gave up) [Query Latency: 10.143391 ms]
  -> Found UB Trap. Starting Backward Slice...
    -> Guard[0] (false edge of ''):  %301 = extractvalue { i64, i1 } %300, 1, !nosanitize !29
    -> Guard[1] (false edge of ''):  %294 = extractvalue { i64, i1 } %293, 1, !nosanitize !29
    -> Guard[2] (false edge of ''):  %287 = extractvalue { i64, i1 } %286, 1, !nosanitize !29
    -> Guard[3] (false edge of ''):  %280 = extractvalue { i64, i1 } %279, 1, !nosanitize !29
    -> Guard[4] (false edge of ''):  %272 = extractvalue { i64, i1 } %271, 1
    -> Guard[5] (true edge of ''):  %269 = icmp eq ptr %268, null
    -> Guard[6] (false edge of ''):  %262 = extractvalue { i64, i1 } %261, 1, !nosanitize !29
    -> Guard[7] (false edge of ''):  %255 = extractvalue { i64, i1 } %254, 1, !nosanitize !29
    -> Guard[8] (false edge of ''):  %248 = extractvalue { i64, i1 } %247, 1, !nosanitize !29
    -> Guard[9] (true edge of ''):  %241 = icmp eq i32 %240, 57
    -> Guard[10] (false edge of ''):  %45 = icmp eq i32 %44, 0
    -> Guard[11] (false edge of ''):  %38 = and i1 %37, %36
    -> Guard[12] (false edge of ''):  %27 = icmp eq ptr %26, null
    -> Guard[13] (false edge of ''):  %23 = icmp ugt i32 %1, 5
    -> Guard[14] (true edge of ''):  %18 = icmp eq ptr %17, %0
    -> Guard[15] (false edge of ''):  %15 = icmp eq ptr %14, null
    -> Guard[16] (false edge of ''):  %11 = icmp eq ptr %10, null
    -> Guard[17] (false edge of ''):  %7 = icmp eq ptr %6, null
    -> Guard[18] (false edge of ''):  %3 = icmp eq ptr %0, null
    -> Collected 19 dominating context guard(s).
    -> UNKNOWN (Solver gave up) [Query Latency: 10.134750 ms]
  -> Found UB Trap. Starting Backward Slice...
    -> Guard[0] (false edge of ''):  %294 = extractvalue { i64, i1 } %293, 1, !nosanitize !29
    -> Guard[1] (false edge of ''):  %287 = extractvalue { i64, i1 } %286, 1, !nosanitize !29
    -> Guard[2] (false edge of ''):  %280 = extractvalue { i64, i1 } %279, 1, !nosanitize !29
    -> Guard[3] (false edge of ''):  %272 = extractvalue { i64, i1 } %271, 1
    -> Guard[4] (true edge of ''):  %269 = icmp eq ptr %268, null
    -> Guard[5] (false edge of ''):  %262 = extractvalue { i64, i1 } %261, 1, !nosanitize !29
    -> Guard[6] (false edge of ''):  %255 = extractvalue { i64, i1 } %254, 1, !nosanitize !29
    -> Guard[7] (false edge of ''):  %248 = extractvalue { i64, i1 } %247, 1, !nosanitize !29
    -> Guard[8] (true edge of ''):  %241 = icmp eq i32 %240, 57
    -> Guard[9] (false edge of ''):  %45 = icmp eq i32 %44, 0
    -> Guard[10] (false edge of ''):  %38 = and i1 %37, %36
    -> Guard[11] (false edge of ''):  %27 = icmp eq ptr %26, null
    -> Guard[12] (false edge of ''):  %23 = icmp ugt i32 %1, 5
    -> Guard[13] (true edge of ''):  %18 = icmp eq ptr %17, %0
    -> Guard[14] (false edge of ''):  %15 = icmp eq ptr %14, null
    -> Guard[15] (false edge of ''):  %11 = icmp eq ptr %10, null
    -> Guard[16] (false edge of ''):  %7 = icmp eq ptr %6, null
    -> Guard[17] (false edge of ''):  %3 = icmp eq ptr %0, null
    -> Collected 18 dominating context guard(s).
    -> UNKNOWN (Solver gave up) [Query Latency: 10.127351 ms]
  -> Found UB Trap. Starting Backward Slice...
    -> Guard[0] (false edge of ''):  %287 = extractvalue { i64, i1 } %286, 1, !nosanitize !29
    -> Guard[1] (false edge of ''):  %280 = extractvalue { i64, i1 } %279, 1, !nosanitize !29
    -> Guard[2] (false edge of ''):  %272 = extractvalue { i64, i1 } %271, 1
    -> Guard[3] (true edge of ''):  %269 = icmp eq ptr %268, null
    -> Guard[4] (false edge of ''):  %262 = extractvalue { i64, i1 } %261, 1, !nosanitize !29
    -> Guard[5] (false edge of ''):  %255 = extractvalue { i64, i1 } %254, 1, !nosanitize !29
    -> Guard[6] (false edge of ''):  %248 = extractvalue { i64, i1 } %247, 1, !nosanitize !29
    -> Guard[7] (true edge of ''):  %241 = icmp eq i32 %240, 57
    -> Guard[8] (false edge of ''):  %45 = icmp eq i32 %44, 0
    -> Guard[9] (false edge of ''):  %38 = and i1 %37, %36
    -> Guard[10] (false edge of ''):  %27 = icmp eq ptr %26, null
    -> Guard[11] (false edge of ''):  %23 = icmp ugt i32 %1, 5
    -> Guard[12] (true edge of ''):  %18 = icmp eq ptr %17, %0
    -> Guard[13] (false edge of ''):  %15 = icmp eq ptr %14, null
    -> Guard[14] (false edge of ''):  %11 = icmp eq ptr %10, null
    -> Guard[15] (false edge of ''):  %7 = icmp eq ptr %6, null
    -> Guard[16] (false edge of ''):  %3 = icmp eq ptr %0, null
    -> Collected 17 dominating context guard(s).
    -> UNKNOWN (Solver gave up) [Query Latency: 10.165495 ms]
  -> Found UB Trap. Starting Backward Slice...
    -> Guard[0] (false edge of ''):  %280 = extractvalue { i64, i1 } %279, 1, !nosanitize !29
    -> Guard[1] (false edge of ''):  %272 = extractvalue { i64, i1 } %271, 1
    -> Guard[2] (true edge of ''):  %269 = icmp eq ptr %268, null
    -> Guard[3] (false edge of ''):  %262 = extractvalue { i64, i1 } %261, 1, !nosanitize !29
    -> Guard[4] (false edge of ''):  %255 = extractvalue { i64, i1 } %254, 1, !nosanitize !29
    -> Guard[5] (false edge of ''):  %248 = extractvalue { i64, i1 } %247, 1, !nosanitize !29
    -> Guard[6] (true edge of ''):  %241 = icmp eq i32 %240, 57
    -> Guard[7] (false edge of ''):  %45 = icmp eq i32 %44, 0
    -> Guard[8] (false edge of ''):  %38 = and i1 %37, %36
    -> Guard[9] (false edge of ''):  %27 = icmp eq ptr %26, null
    -> Guard[10] (false edge of ''):  %23 = icmp ugt i32 %1, 5
    -> Guard[11] (true edge of ''):  %18 = icmp eq ptr %17, %0
    -> Guard[12] (false edge of ''):  %15 = icmp eq ptr %14, null
    -> Guard[13] (false edge of ''):  %11 = icmp eq ptr %10, null
    -> Guard[14] (false edge of ''):  %7 = icmp eq ptr %6, null
    -> Guard[15] (false edge of ''):  %3 = icmp eq ptr %0, null
    -> Collected 16 dominating context guard(s).
    -> UNKNOWN (Solver gave up) [Query Latency: 10.133147 ms]
  -> Found UB Trap. Starting Backward Slice...
    -> Guard[0] (false edge of ''):  %272 = extractvalue { i64, i1 } %271, 1
    -> Guard[1] (true edge of ''):  %269 = icmp eq ptr %268, null
    -> Guard[2] (false edge of ''):  %262 = extractvalue { i64, i1 } %261, 1, !nosanitize !29
    -> Guard[3] (false edge of ''):  %255 = extractvalue { i64, i1 } %254, 1, !nosanitize !29
    -> Guard[4] (false edge of ''):  %248 = extractvalue { i64, i1 } %247, 1, !nosanitize !29
    -> Guard[5] (true edge of ''):  %241 = icmp eq i32 %240, 57
    -> Guard[6] (false edge of ''):  %45 = icmp eq i32 %44, 0
    -> Guard[7] (false edge of ''):  %38 = and i1 %37, %36
    -> Guard[8] (false edge of ''):  %27 = icmp eq ptr %26, null
    -> Guard[9] (false edge of ''):  %23 = icmp ugt i32 %1, 5
    -> Guard[10] (true edge of ''):  %18 = icmp eq ptr %17, %0
    -> Guard[11] (false edge of ''):  %15 = icmp eq ptr %14, null
    -> Guard[12] (false edge of ''):  %11 = icmp eq ptr %10, null
    -> Guard[13] (false edge of ''):  %7 = icmp eq ptr %6, null
    -> Guard[14] (false edge of ''):  %3 = icmp eq ptr %0, null
    -> Collected 15 dominating context guard(s).
    -> UNKNOWN (Solver gave up) [Query Latency: 10.161594 ms]
  -> Found UB Trap. Starting Backward Slice...
    -> Guard[0] (true edge of ''):  %269 = icmp eq ptr %268, null
    -> Guard[1] (false edge of ''):  %262 = extractvalue { i64, i1 } %261, 1, !nosanitize !29
    -> Guard[2] (false edge of ''):  %255 = extractvalue { i64, i1 } %254, 1, !nosanitize !29
    -> Guard[3] (false edge of ''):  %248 = extractvalue { i64, i1 } %247, 1, !nosanitize !29
    -> Guard[4] (true edge of ''):  %241 = icmp eq i32 %240, 57
    -> Guard[5] (false edge of ''):  %45 = icmp eq i32 %44, 0
    -> Guard[6] (false edge of ''):  %38 = and i1 %37, %36
    -> Guard[7] (false edge of ''):  %27 = icmp eq ptr %26, null
    -> Guard[8] (false edge of ''):  %23 = icmp ugt i32 %1, 5
    -> Guard[9] (true edge of ''):  %18 = icmp eq ptr %17, %0
    -> Guard[10] (false edge of ''):  %15 = icmp eq ptr %14, null
    -> Guard[11] (false edge of ''):  %11 = icmp eq ptr %10, null
    -> Guard[12] (false edge of ''):  %7 = icmp eq ptr %6, null
    -> Guard[13] (false edge of ''):  %3 = icmp eq ptr %0, null
    -> Collected 14 dominating context guard(s).
    -> UNKNOWN (Solver gave up) [Query Latency: 10.162879 ms]
  -> Found UB Trap. Starting Backward Slice...
    -> Guard[0] (false edge of ''):  %255 = extractvalue { i64, i1 } %254, 1, !nosanitize !29
    -> Guard[1] (false edge of ''):  %248 = extractvalue { i64, i1 } %247, 1, !nosanitize !29
    -> Guard[2] (true edge of ''):  %241 = icmp eq i32 %240, 57
    -> Guard[3] (false edge of ''):  %45 = icmp eq i32 %44, 0
    -> Guard[4] (false edge of ''):  %38 = and i1 %37, %36
    -> Guard[5] (false edge of ''):  %27 = icmp eq ptr %26, null
    -> Guard[6] (false edge of ''):  %23 = icmp ugt i32 %1, 5
    -> Guard[7] (true edge of ''):  %18 = icmp eq ptr %17, %0
    -> Guard[8] (false edge of ''):  %15 = icmp eq ptr %14, null
    -> Guard[9] (false edge of ''):  %11 = icmp eq ptr %10, null
    -> Guard[10] (false edge of ''):  %7 = icmp eq ptr %6, null
    -> Guard[11] (false edge of ''):  %3 = icmp eq ptr %0, null
    -> Collected 12 dominating context guard(s).
    -> UNKNOWN (Solver gave up) [Query Latency: 10.131945 ms]
  -> Found UB Trap. Starting Backward Slice...
    -> Guard[0] (false edge of ''):  %248 = extractvalue { i64, i1 } %247, 1, !nosanitize !29
    -> Guard[1] (true edge of ''):  %241 = icmp eq i32 %240, 57
    -> Guard[2] (false edge of ''):  %45 = icmp eq i32 %44, 0
    -> Guard[3] (false edge of ''):  %38 = and i1 %37, %36
    -> Guard[4] (false edge of ''):  %27 = icmp eq ptr %26, null
    -> Guard[5] (false edge of ''):  %23 = icmp ugt i32 %1, 5
    -> Guard[6] (true edge of ''):  %18 = icmp eq ptr %17, %0
    -> Guard[7] (false edge of ''):  %15 = icmp eq ptr %14, null
    -> Guard[8] (false edge of ''):  %11 = icmp eq ptr %10, null
    -> Guard[9] (false edge of ''):  %7 = icmp eq ptr %6, null
    -> Guard[10] (false edge of ''):  %3 = icmp eq ptr %0, null
    -> Collected 11 dominating context guard(s).
    -> UNKNOWN (Solver gave up) [Query Latency: 10.143010 ms]
  -> Found UB Trap. Starting Backward Slice...
    -> Guard[0] (true edge of ''):  %241 = icmp eq i32 %240, 57
    -> Guard[1] (false edge of ''):  %45 = icmp eq i32 %44, 0
    -> Guard[2] (false edge of ''):  %38 = and i1 %37, %36
    -> Guard[3] (false edge of ''):  %27 = icmp eq ptr %26, null
    -> Guard[4] (false edge of ''):  %23 = icmp ugt i32 %1, 5
    -> Guard[5] (true edge of ''):  %18 = icmp eq ptr %17, %0
    -> Guard[6] (false edge of ''):  %15 = icmp eq ptr %14, null
    -> Guard[7] (false edge of ''):  %11 = icmp eq ptr %10, null
    -> Guard[8] (false edge of ''):  %7 = icmp eq ptr %6, null
    -> Guard[9] (false edge of ''):  %3 = icmp eq ptr %0, null
    -> Collected 10 dominating context guard(s).
    -> SAT (WARNING: Potential Integer Overflow Bug Detected!) [Query Latency: 5.602136 ms]
  -> Found UB Trap. Starting Backward Slice...
    -> Guard[0] (false edge of ''):  %170 = extractvalue { i64, i1 } %169, 1, !nosanitize !29
    -> Guard[1] (false edge of ''):  %142 = extractvalue { i32, i1 } %141, 1, !nosanitize !29
    -> Guard[2] (false edge of ''):  %136 = icmp eq i32 %135, 0
    -> Guard[3] (false edge of ''):  %45 = icmp eq i32 %44, 0
    -> Guard[4] (false edge of ''):  %38 = and i1 %37, %36
    -> Guard[5] (false edge of ''):  %27 = icmp eq ptr %26, null
    -> Guard[6] (false edge of ''):  %23 = icmp ugt i32 %1, 5
    -> Guard[7] (true edge of ''):  %18 = icmp eq ptr %17, %0
    -> Guard[8] (false edge of ''):  %15 = icmp eq ptr %14, null
    -> Guard[9] (false edge of ''):  %11 = icmp eq ptr %10, null
    -> Guard[10] (false edge of ''):  %7 = icmp eq ptr %6, null
    -> Guard[11] (false edge of ''):  %3 = icmp eq ptr %0, null
    -> Collected 12 dominating context guard(s).
    -> SAT (WARNING: Potential Integer Overflow Bug Detected!) [Query Latency: 4.818808 ms]
  -> Found UB Trap. Starting Backward Slice...
    -> Guard[0] (false edge of ''):  %142 = extractvalue { i32, i1 } %141, 1, !nosanitize !29
    -> Guard[1] (false edge of ''):  %136 = icmp eq i32 %135, 0
    -> Guard[2] (false edge of ''):  %45 = icmp eq i32 %44, 0
    -> Guard[3] (false edge of ''):  %38 = and i1 %37, %36
    -> Guard[4] (false edge of ''):  %27 = icmp eq ptr %26, null
    -> Guard[5] (false edge of ''):  %23 = icmp ugt i32 %1, 5
    -> Guard[6] (true edge of ''):  %18 = icmp eq ptr %17, %0
    -> Guard[7] (false edge of ''):  %15 = icmp eq ptr %14, null
    -> Guard[8] (false edge of ''):  %11 = icmp eq ptr %10, null
    -> Guard[9] (false edge of ''):  %7 = icmp eq ptr %6, null
    -> Guard[10] (false edge of ''):  %3 = icmp eq ptr %0, null
    -> Collected 11 dominating context guard(s).
    -> UNKNOWN (Solver gave up) [Query Latency: 10.140920 ms]
  -> Found UB Trap. Starting Backward Slice...
    -> Guard[0] (false edge of ''):  %196 = extractvalue { i64, i1 } %195, 1, !nosanitize !29
    -> Guard[1] (false edge of ''):  %189 = icmp eq i32 %188, 0
    -> Guard[2] (false edge of ''):  %181 = extractvalue { i64, i1 } %180, 1, !nosanitize !29
    -> Guard[3] (false edge of ''):  %170 = extractvalue { i64, i1 } %169, 1, !nosanitize !29
    -> Guard[4] (false edge of ''):  %142 = extractvalue { i32, i1 } %141, 1, !nosanitize !29
    -> Guard[5] (false edge of ''):  %136 = icmp eq i32 %135, 0
    -> Guard[6] (false edge of ''):  %45 = icmp eq i32 %44, 0
    -> Guard[7] (false edge of ''):  %38 = and i1 %37, %36
    -> Guard[8] (false edge of ''):  %27 = icmp eq ptr %26, null
    -> Guard[9] (false edge of ''):  %23 = icmp ugt i32 %1, 5
    -> Guard[10] (true edge of ''):  %18 = icmp eq ptr %17, %0
    -> Guard[11] (false edge of ''):  %15 = icmp eq ptr %14, null
    -> Guard[12] (false edge of ''):  %11 = icmp eq ptr %10, null
    -> Guard[13] (false edge of ''):  %7 = icmp eq ptr %6, null
    -> Guard[14] (false edge of ''):  %3 = icmp eq ptr %0, null
    -> Collected 15 dominating context guard(s).
    -> SAT (WARNING: Potential Integer Overflow Bug Detected!) [Query Latency: 6.326553 ms]
  -> Found UB Trap. Starting Backward Slice...
    -> Guard[0] (false edge of ''):  %189 = icmp eq i32 %188, 0
    -> Guard[1] (false edge of ''):  %181 = extractvalue { i64, i1 } %180, 1, !nosanitize !29
    -> Guard[2] (false edge of ''):  %170 = extractvalue { i64, i1 } %169, 1, !nosanitize !29
    -> Guard[3] (false edge of ''):  %142 = extractvalue { i32, i1 } %141, 1, !nosanitize !29
    -> Guard[4] (false edge of ''):  %136 = icmp eq i32 %135, 0
    -> Guard[5] (false edge of ''):  %45 = icmp eq i32 %44, 0
    -> Guard[6] (false edge of ''):  %38 = and i1 %37, %36
    -> Guard[7] (false edge of ''):  %27 = icmp eq ptr %26, null
    -> Guard[8] (false edge of ''):  %23 = icmp ugt i32 %1, 5
    -> Guard[9] (true edge of ''):  %18 = icmp eq ptr %17, %0
    -> Guard[10] (false edge of ''):  %15 = icmp eq ptr %14, null
    -> Guard[11] (false edge of ''):  %11 = icmp eq ptr %10, null
    -> Guard[12] (false edge of ''):  %7 = icmp eq ptr %6, null
    -> Guard[13] (false edge of ''):  %3 = icmp eq ptr %0, null
    -> Collected 14 dominating context guard(s).
    -> UNKNOWN (Solver gave up) [Query Latency: 10.232203 ms]
  -> Found UB Trap. Starting Backward Slice...
    -> Guard[0] (false edge of ''):  %216 = extractvalue { i64, i1 } %215, 1, !nosanitize !29
    -> Guard[1] (false edge of ''):  %206 = extractvalue { i64, i1 } %205, 1, !nosanitize !29
    -> Guard[2] (false edge of ''):  %196 = extractvalue { i64, i1 } %195, 1, !nosanitize !29
    -> Guard[3] (false edge of ''):  %189 = icmp eq i32 %188, 0
    -> Guard[4] (false edge of ''):  %181 = extractvalue { i64, i1 } %180, 1, !nosanitize !29
    -> Guard[5] (false edge of ''):  %170 = extractvalue { i64, i1 } %169, 1, !nosanitize !29
    -> Guard[6] (false edge of ''):  %142 = extractvalue { i32, i1 } %141, 1, !nosanitize !29
    -> Guard[7] (false edge of ''):  %136 = icmp eq i32 %135, 0
    -> Guard[8] (false edge of ''):  %45 = icmp eq i32 %44, 0
    -> Guard[9] (false edge of ''):  %38 = and i1 %37, %36
    -> Guard[10] (false edge of ''):  %27 = icmp eq ptr %26, null
    -> Guard[11] (false edge of ''):  %23 = icmp ugt i32 %1, 5
    -> Guard[12] (true edge of ''):  %18 = icmp eq ptr %17, %0
    -> Guard[13] (false edge of ''):  %15 = icmp eq ptr %14, null
    -> Guard[14] (false edge of ''):  %11 = icmp eq ptr %10, null
    -> Guard[15] (false edge of ''):  %7 = icmp eq ptr %6, null
    -> Guard[16] (false edge of ''):  %3 = icmp eq ptr %0, null
    -> Collected 17 dominating context guard(s).
    -> SAT (WARNING: Potential Integer Overflow Bug Detected!) [Query Latency: 8.703096 ms]
  -> Found UB Trap. Starting Backward Slice...
    -> Guard[0] (false edge of ''):  %206 = extractvalue { i64, i1 } %205, 1, !nosanitize !29
    -> Guard[1] (false edge of ''):  %196 = extractvalue { i64, i1 } %195, 1, !nosanitize !29
    -> Guard[2] (false edge of ''):  %189 = icmp eq i32 %188, 0
    -> Guard[3] (false edge of ''):  %181 = extractvalue { i64, i1 } %180, 1, !nosanitize !29
    -> Guard[4] (false edge of ''):  %170 = extractvalue { i64, i1 } %169, 1, !nosanitize !29
    -> Guard[5] (false edge of ''):  %142 = extractvalue { i32, i1 } %141, 1, !nosanitize !29
    -> Guard[6] (false edge of ''):  %136 = icmp eq i32 %135, 0
    -> Guard[7] (false edge of ''):  %45 = icmp eq i32 %44, 0
    -> Guard[8] (false edge of ''):  %38 = and i1 %37, %36
    -> Guard[9] (false edge of ''):  %27 = icmp eq ptr %26, null
    -> Guard[10] (false edge of ''):  %23 = icmp ugt i32 %1, 5
    -> Guard[11] (true edge of ''):  %18 = icmp eq ptr %17, %0
    -> Guard[12] (false edge of ''):  %15 = icmp eq ptr %14, null
    -> Guard[13] (false edge of ''):  %11 = icmp eq ptr %10, null
    -> Guard[14] (false edge of ''):  %7 = icmp eq ptr %6, null
    -> Guard[15] (false edge of ''):  %3 = icmp eq ptr %0, null
    -> Collected 16 dominating context guard(s).
    -> SAT (WARNING: Potential Integer Overflow Bug Detected!) [Query Latency: 8.688548 ms]
  -> Found UB Trap. Starting Backward Slice...
    -> Guard[0] (false edge of ''):  %619 = icmp eq i32 %618, 0
    -> Guard[1] (false edge of ''):  %608 = extractvalue { i64, i1 } %607, 1, !nosanitize !29
    -> Guard[2] (true edge of ''):  %586 = icmp ugt i64 %584, %585
    -> Guard[3] (false edge of ''):  %581 = extractvalue { i64, i1 } %580, 1, !nosanitize !29
    -> Guard[4] (true edge of ''):  %578 = icmp eq i64 %577, 0
    -> Guard[5] (false edge of ''):  %536 = extractvalue { i64, i1 } %535, 1, !nosanitize !29
    -> Guard[6] (false edge of ''):  %515 = extractvalue { i64, i1 } %513, 1, !nosanitize !29
    -> Guard[7] (true edge of ''):  %511 = icmp ugt i64 %509, %510
    -> Guard[8] (false edge of ''):  %507 = extractvalue { i64, i1 } %506, 1, !nosanitize !29
    -> Guard[9] (false edge of ''):  %498 = extractvalue { i64, i1 } %497, 1, !nosanitize !29
    -> Guard[10] (false edge of ''):  %489 = icmp eq ptr %488, null
    -> Guard[11] (false edge of ''):  %45 = icmp eq i32 %44, 0
    -> Guard[12] (false edge of ''):  %38 = and i1 %37, %36
    -> Guard[13] (false edge of ''):  %27 = icmp eq ptr %26, null
    -> Guard[14] (false edge of ''):  %23 = icmp ugt i32 %1, 5
    -> Guard[15] (true edge of ''):  %18 = icmp eq ptr %17, %0
    -> Guard[16] (false edge of ''):  %15 = icmp eq ptr %14, null
    -> Guard[17] (false edge of ''):  %11 = icmp eq ptr %10, null
    -> Guard[18] (false edge of ''):  %7 = icmp eq ptr %6, null
    -> Guard[19] (false edge of ''):  %3 = icmp eq ptr %0, null
    -> Collected 20 dominating context guard(s).
    -> UNKNOWN (Solver gave up) [Query Latency: 10.138700 ms]
  -> Found UB Trap. Starting Backward Slice...
    -> Guard[0] (false edge of ''):  %547 = icmp eq i32 %546, 0
    -> Guard[1] (false edge of ''):  %536 = extractvalue { i64, i1 } %535, 1, !nosanitize !29
    -> Guard[2] (false edge of ''):  %515 = extractvalue { i64, i1 } %513, 1, !nosanitize !29
    -> Guard[3] (true edge of ''):  %511 = icmp ugt i64 %509, %510
    -> Guard[4] (false edge of ''):  %507 = extractvalue { i64, i1 } %506, 1, !nosanitize !29
    -> Guard[5] (false edge of ''):  %498 = extractvalue { i64, i1 } %497, 1, !nosanitize !29
    -> Guard[6] (false edge of ''):  %489 = icmp eq ptr %488, null
    -> Guard[7] (false edge of ''):  %45 = icmp eq i32 %44, 0
    -> Guard[8] (false edge of ''):  %38 = and i1 %37, %36
    -> Guard[9] (false edge of ''):  %27 = icmp eq ptr %26, null
    -> Guard[10] (false edge of ''):  %23 = icmp ugt i32 %1, 5
    -> Guard[11] (true edge of ''):  %18 = icmp eq ptr %17, %0
    -> Guard[12] (false edge of ''):  %15 = icmp eq ptr %14, null
    -> Guard[13] (false edge of ''):  %11 = icmp eq ptr %10, null
    -> Guard[14] (false edge of ''):  %7 = icmp eq ptr %6, null
    -> Guard[15] (false edge of ''):  %3 = icmp eq ptr %0, null
    -> Collected 16 dominating context guard(s).
    -> SAT (WARNING: Potential Integer Overflow Bug Detected!) [Query Latency: 5.045681 ms]
  -> Found UB Trap. Starting Backward Slice...
    -> Guard[0] (false edge of ''):  %637 = extractvalue { i32, i1 } %636, 1, !nosanitize !29
    -> Guard[1] (false edge of ''):  %631 = extractvalue { i64, i1 } %630, 1, !nosanitize !29
    -> Guard[2] (false edge of ''):  %619 = icmp eq i32 %618, 0
    -> Guard[3] (false edge of ''):  %608 = extractvalue { i64, i1 } %607, 1, !nosanitize !29
    -> Guard[4] (true edge of ''):  %586 = icmp ugt i64 %584, %585
    -> Guard[5] (false edge of ''):  %581 = extractvalue { i64, i1 } %580, 1, !nosanitize !29
    -> Guard[6] (true edge of ''):  %578 = icmp eq i64 %577, 0
    -> Guard[7] (false edge of ''):  %536 = extractvalue { i64, i1 } %535, 1, !nosanitize !29
    -> Guard[8] (false edge of ''):  %515 = extractvalue { i64, i1 } %513, 1, !nosanitize !29
    -> Guard[9] (true edge of ''):  %511 = icmp ugt i64 %509, %510
    -> Guard[10] (false edge of ''):  %507 = extractvalue { i64, i1 } %506, 1, !nosanitize !29
    -> Guard[11] (false edge of ''):  %498 = extractvalue { i64, i1 } %497, 1, !nosanitize !29
    -> Guard[12] (false edge of ''):  %489 = icmp eq ptr %488, null
    -> Guard[13] (false edge of ''):  %45 = icmp eq i32 %44, 0
    -> Guard[14] (false edge of ''):  %38 = and i1 %37, %36
    -> Guard[15] (false edge of ''):  %27 = icmp eq ptr %26, null
    -> Guard[16] (false edge of ''):  %23 = icmp ugt i32 %1, 5
    -> Guard[17] (true edge of ''):  %18 = icmp eq ptr %17, %0
    -> Guard[18] (false edge of ''):  %15 = icmp eq ptr %14, null
    -> Guard[19] (false edge of ''):  %11 = icmp eq ptr %10, null
    -> Guard[20] (false edge of ''):  %7 = icmp eq ptr %6, null
    -> Guard[21] (false edge of ''):  %3 = icmp eq ptr %0, null
    -> Collected 22 dominating context guard(s).
    -> UNKNOWN (Solver gave up) [Query Latency: 10.111958 ms]
  -> Found UB Trap. Starting Backward Slice...
    -> Guard[0] (false edge of ''):  %631 = extractvalue { i64, i1 } %630, 1, !nosanitize !29
    -> Guard[1] (false edge of ''):  %619 = icmp eq i32 %618, 0
    -> Guard[2] (false edge of ''):  %608 = extractvalue { i64, i1 } %607, 1, !nosanitize !29
    -> Guard[3] (true edge of ''):  %586 = icmp ugt i64 %584, %585
    -> Guard[4] (false edge of ''):  %581 = extractvalue { i64, i1 } %580, 1, !nosanitize !29
    -> Guard[5] (true edge of ''):  %578 = icmp eq i64 %577, 0
    -> Guard[6] (false edge of ''):  %536 = extractvalue { i64, i1 } %535, 1, !nosanitize !29
    -> Guard[7] (false edge of ''):  %515 = extractvalue { i64, i1 } %513, 1, !nosanitize !29
    -> Guard[8] (true edge of ''):  %511 = icmp ugt i64 %509, %510
    -> Guard[9] (false edge of ''):  %507 = extractvalue { i64, i1 } %506, 1, !nosanitize !29
    -> Guard[10] (false edge of ''):  %498 = extractvalue { i64, i1 } %497, 1, !nosanitize !29
    -> Guard[11] (false edge of ''):  %489 = icmp eq ptr %488, null
    -> Guard[12] (false edge of ''):  %45 = icmp eq i32 %44, 0
    -> Guard[13] (false edge of ''):  %38 = and i1 %37, %36
    -> Guard[14] (false edge of ''):  %27 = icmp eq ptr %26, null
    -> Guard[15] (false edge of ''):  %23 = icmp ugt i32 %1, 5
    -> Guard[16] (true edge of ''):  %18 = icmp eq ptr %17, %0
    -> Guard[17] (false edge of ''):  %15 = icmp eq ptr %14, null
    -> Guard[18] (false edge of ''):  %11 = icmp eq ptr %10, null
    -> Guard[19] (false edge of ''):  %7 = icmp eq ptr %6, null
    -> Guard[20] (false edge of ''):  %3 = icmp eq ptr %0, null
    -> Collected 21 dominating context guard(s).
    -> UNKNOWN (Solver gave up) [Query Latency: 10.177771 ms]
  -> Found UB Trap. Starting Backward Slice...
    -> Guard[0] (false edge of ''):  %564 = extractvalue { i32, i1 } %563, 1, !nosanitize !29
    -> Guard[1] (false edge of ''):  %559 = extractvalue { i64, i1 } %558, 1, !nosanitize !29
    -> Guard[2] (false edge of ''):  %547 = icmp eq i32 %546, 0
    -> Guard[3] (false edge of ''):  %536 = extractvalue { i64, i1 } %535, 1, !nosanitize !29
    -> Guard[4] (false edge of ''):  %515 = extractvalue { i64, i1 } %513, 1, !nosanitize !29
    -> Guard[5] (true edge of ''):  %511 = icmp ugt i64 %509, %510
    -> Guard[6] (false edge of ''):  %507 = extractvalue { i64, i1 } %506, 1, !nosanitize !29
    -> Guard[7] (false edge of ''):  %498 = extractvalue { i64, i1 } %497, 1, !nosanitize !29
    -> Guard[8] (false edge of ''):  %489 = icmp eq ptr %488, null
    -> Guard[9] (false edge of ''):  %45 = icmp eq i32 %44, 0
    -> Guard[10] (false edge of ''):  %38 = and i1 %37, %36
    -> Guard[11] (false edge of ''):  %27 = icmp eq ptr %26, null
    -> Guard[12] (false edge of ''):  %23 = icmp ugt i32 %1, 5
    -> Guard[13] (true edge of ''):  %18 = icmp eq ptr %17, %0
    -> Guard[14] (false edge of ''):  %15 = icmp eq ptr %14, null
    -> Guard[15] (false edge of ''):  %11 = icmp eq ptr %10, null
    -> Guard[16] (false edge of ''):  %7 = icmp eq ptr %6, null
    -> Guard[17] (false edge of ''):  %3 = icmp eq ptr %0, null
    -> Collected 18 dominating context guard(s).
    -> SAT (WARNING: Potential Integer Overflow Bug Detected!) [Query Latency: 7.508503 ms]
  -> Found UB Trap. Starting Backward Slice...
    -> Guard[0] (false edge of ''):  %559 = extractvalue { i64, i1 } %558, 1, !nosanitize !29
    -> Guard[1] (false edge of ''):  %547 = icmp eq i32 %546, 0
    -> Guard[2] (false edge of ''):  %536 = extractvalue { i64, i1 } %535, 1, !nosanitize !29
    -> Guard[3] (false edge of ''):  %515 = extractvalue { i64, i1 } %513, 1, !nosanitize !29
    -> Guard[4] (true edge of ''):  %511 = icmp ugt i64 %509, %510
    -> Guard[5] (false edge of ''):  %507 = extractvalue { i64, i1 } %506, 1, !nosanitize !29
    -> Guard[6] (false edge of ''):  %498 = extractvalue { i64, i1 } %497, 1, !nosanitize !29
    -> Guard[7] (false edge of ''):  %489 = icmp eq ptr %488, null
    -> Guard[8] (false edge of ''):  %45 = icmp eq i32 %44, 0
    -> Guard[9] (false edge of ''):  %38 = and i1 %37, %36
    -> Guard[10] (false edge of ''):  %27 = icmp eq ptr %26, null
    -> Guard[11] (false edge of ''):  %23 = icmp ugt i32 %1, 5
    -> Guard[12] (true edge of ''):  %18 = icmp eq ptr %17, %0
    -> Guard[13] (false edge of ''):  %15 = icmp eq ptr %14, null
    -> Guard[14] (false edge of ''):  %11 = icmp eq ptr %10, null
    -> Guard[15] (false edge of ''):  %7 = icmp eq ptr %6, null
    -> Guard[16] (false edge of ''):  %3 = icmp eq ptr %0, null
    -> Collected 17 dominating context guard(s).
    -> SAT (WARNING: Potential Integer Overflow Bug Detected!) [Query Latency: 9.743648 ms]
  -> Found UB Trap. Starting Backward Slice...
    -> Guard[0] (false edge of ''):  %729 = icmp eq i32 %728, 0
    -> Guard[1] (true edge of ''):  %706 = icmp eq i64 %704, %705
    -> Guard[2] (false edge of ''):  %694 = icmp eq ptr %693, null
    -> Guard[3] (false edge of ''):  %45 = icmp eq i32 %44, 0
    -> Guard[4] (false edge of ''):  %38 = and i1 %37, %36
    -> Guard[5] (false edge of ''):  %27 = icmp eq ptr %26, null
    -> Guard[6] (false edge of ''):  %23 = icmp ugt i32 %1, 5
    -> Guard[7] (true edge of ''):  %18 = icmp eq ptr %17, %0
    -> Guard[8] (false edge of ''):  %15 = icmp eq ptr %14, null
    -> Guard[9] (false edge of ''):  %11 = icmp eq ptr %10, null
    -> Guard[10] (false edge of ''):  %7 = icmp eq ptr %6, null
    -> Guard[11] (false edge of ''):  %3 = icmp eq ptr %0, null
    -> Collected 12 dominating context guard(s).
    -> SAT (WARNING: Potential Integer Overflow Bug Detected!) [Query Latency: 2.745149 ms]
  -> Found UB Trap. Starting Backward Slice...
    -> Guard[0] (false edge of ''):  %747 = extractvalue { i32, i1 } %746, 1, !nosanitize !29
    -> Guard[1] (false edge of ''):  %741 = extractvalue { i64, i1 } %740, 1, !nosanitize !29
    -> Guard[2] (false edge of ''):  %729 = icmp eq i32 %728, 0
    -> Guard[3] (true edge of ''):  %706 = icmp eq i64 %704, %705
    -> Guard[4] (false edge of ''):  %694 = icmp eq ptr %693, null
    -> Guard[5] (false edge of ''):  %45 = icmp eq i32 %44, 0
    -> Guard[6] (false edge of ''):  %38 = and i1 %37, %36
    -> Guard[7] (false edge of ''):  %27 = icmp eq ptr %26, null
    -> Guard[8] (false edge of ''):  %23 = icmp ugt i32 %1, 5
    -> Guard[9] (true edge of ''):  %18 = icmp eq ptr %17, %0
    -> Guard[10] (false edge of ''):  %15 = icmp eq ptr %14, null
    -> Guard[11] (false edge of ''):  %11 = icmp eq ptr %10, null
    -> Guard[12] (false edge of ''):  %7 = icmp eq ptr %6, null
    -> Guard[13] (false edge of ''):  %3 = icmp eq ptr %0, null
    -> Collected 14 dominating context guard(s).
    -> SAT (WARNING: Potential Integer Overflow Bug Detected!) [Query Latency: 2.755091 ms]
  -> Found UB Trap. Starting Backward Slice...
    -> Guard[0] (false edge of ''):  %741 = extractvalue { i64, i1 } %740, 1, !nosanitize !29
    -> Guard[1] (false edge of ''):  %729 = icmp eq i32 %728, 0
    -> Guard[2] (true edge of ''):  %706 = icmp eq i64 %704, %705
    -> Guard[3] (false edge of ''):  %694 = icmp eq ptr %693, null
    -> Guard[4] (false edge of ''):  %45 = icmp eq i32 %44, 0
    -> Guard[5] (false edge of ''):  %38 = and i1 %37, %36
    -> Guard[6] (false edge of ''):  %27 = icmp eq ptr %26, null
    -> Guard[7] (false edge of ''):  %23 = icmp ugt i32 %1, 5
    -> Guard[8] (true edge of ''):  %18 = icmp eq ptr %17, %0
    -> Guard[9] (false edge of ''):  %15 = icmp eq ptr %14, null
    -> Guard[10] (false edge of ''):  %11 = icmp eq ptr %10, null
    -> Guard[11] (false edge of ''):  %7 = icmp eq ptr %6, null
    -> Guard[12] (false edge of ''):  %3 = icmp eq ptr %0, null
    -> Collected 13 dominating context guard(s).
    -> SAT (WARNING: Potential Integer Overflow Bug Detected!) [Query Latency: 2.493136 ms]
  -> Found UB Trap. Starting Backward Slice...
    -> Guard[0] (false edge of ''):  %840 = icmp eq i32 %839, 0
    -> Guard[1] (true edge of ''):  %817 = icmp eq i64 %815, %816
    -> Guard[2] (false edge of ''):  %805 = icmp eq ptr %804, null
    -> Guard[3] (false edge of ''):  %45 = icmp eq i32 %44, 0
    -> Guard[4] (false edge of ''):  %38 = and i1 %37, %36
    -> Guard[5] (false edge of ''):  %27 = icmp eq ptr %26, null
    -> Guard[6] (false edge of ''):  %23 = icmp ugt i32 %1, 5
    -> Guard[7] (true edge of ''):  %18 = icmp eq ptr %17, %0
    -> Guard[8] (false edge of ''):  %15 = icmp eq ptr %14, null
    -> Guard[9] (false edge of ''):  %11 = icmp eq ptr %10, null
    -> Guard[10] (false edge of ''):  %7 = icmp eq ptr %6, null
    -> Guard[11] (false edge of ''):  %3 = icmp eq ptr %0, null
    -> Collected 12 dominating context guard(s).
    -> SAT (WARNING: Potential Integer Overflow Bug Detected!) [Query Latency: 2.290906 ms]
  -> Found UB Trap. Starting Backward Slice...
    -> Guard[0] (false edge of ''):  %858 = extractvalue { i32, i1 } %857, 1, !nosanitize !29
    -> Guard[1] (false edge of ''):  %852 = extractvalue { i64, i1 } %851, 1, !nosanitize !29
    -> Guard[2] (false edge of ''):  %840 = icmp eq i32 %839, 0
    -> Guard[3] (true edge of ''):  %817 = icmp eq i64 %815, %816
    -> Guard[4] (false edge of ''):  %805 = icmp eq ptr %804, null
    -> Guard[5] (false edge of ''):  %45 = icmp eq i32 %44, 0
    -> Guard[6] (false edge of ''):  %38 = and i1 %37, %36
    -> Guard[7] (false edge of ''):  %27 = icmp eq ptr %26, null
    -> Guard[8] (false edge of ''):  %23 = icmp ugt i32 %1, 5
    -> Guard[9] (true edge of ''):  %18 = icmp eq ptr %17, %0
    -> Guard[10] (false edge of ''):  %15 = icmp eq ptr %14, null
    -> Guard[11] (false edge of ''):  %11 = icmp eq ptr %10, null
    -> Guard[12] (false edge of ''):  %7 = icmp eq ptr %6, null
    -> Guard[13] (false edge of ''):  %3 = icmp eq ptr %0, null
    -> Collected 14 dominating context guard(s).
    -> SAT (WARNING: Potential Integer Overflow Bug Detected!) [Query Latency: 2.173651 ms]
  -> Found UB Trap. Starting Backward Slice...
    -> Guard[0] (false edge of ''):  %852 = extractvalue { i64, i1 } %851, 1, !nosanitize !29
    -> Guard[1] (false edge of ''):  %840 = icmp eq i32 %839, 0
    -> Guard[2] (true edge of ''):  %817 = icmp eq i64 %815, %816
    -> Guard[3] (false edge of ''):  %805 = icmp eq ptr %804, null
    -> Guard[4] (false edge of ''):  %45 = icmp eq i32 %44, 0
    -> Guard[5] (false edge of ''):  %38 = and i1 %37, %36
    -> Guard[6] (false edge of ''):  %27 = icmp eq ptr %26, null
    -> Guard[7] (false edge of ''):  %23 = icmp ugt i32 %1, 5
    -> Guard[8] (true edge of ''):  %18 = icmp eq ptr %17, %0
    -> Guard[9] (false edge of ''):  %15 = icmp eq ptr %14, null
    -> Guard[10] (false edge of ''):  %11 = icmp eq ptr %10, null
    -> Guard[11] (false edge of ''):  %7 = icmp eq ptr %6, null
    -> Guard[12] (false edge of ''):  %3 = icmp eq ptr %0, null
    -> Collected 13 dominating context guard(s).
    -> SAT (WARNING: Potential Integer Overflow Bug Detected!) [Query Latency: 1.956791 ms]
  -> Found UB Trap. Starting Backward Slice...
    -> Guard[0] (false edge of ''):  %1119 = extractvalue { i64, i1 } %1118, 1, !nosanitize !29
    -> Guard[1] (false edge of ''):  %1031 = icmp eq i32 %1028, 2
    -> Guard[2] (false edge of ''):  %1029 = icmp slt i32 %1028, 1
    -> Guard[3] (false edge of ''):  %37 = icmp ne i32 %1, 4
    -> Guard[4] (false edge of ''):  %45 = icmp eq i32 %44, 0
    -> Guard[5] (false edge of ''):  %38 = and i1 %37, %36
    -> Guard[6] (false edge of ''):  %27 = icmp eq ptr %26, null
    -> Guard[7] (false edge of ''):  %23 = icmp ugt i32 %1, 5
    -> Guard[8] (true edge of ''):  %18 = icmp eq ptr %17, %0
    -> Guard[9] (false edge of ''):  %15 = icmp eq ptr %14, null
    -> Guard[10] (false edge of ''):  %11 = icmp eq ptr %10, null
    -> Guard[11] (false edge of ''):  %7 = icmp eq ptr %6, null
    -> Guard[12] (false edge of ''):  %3 = icmp eq ptr %0, null
    -> Collected 13 dominating context guard(s).
    -> SAT (WARNING: Potential Integer Overflow Bug Detected!) [Query Latency: 2.034137 ms]
  -> Found UB Trap. Starting Backward Slice...
    -> Guard[0] (false edge of ''):  %1031 = icmp eq i32 %1028, 2
    -> Guard[1] (false edge of ''):  %1029 = icmp slt i32 %1028, 1
    -> Guard[2] (false edge of ''):  %37 = icmp ne i32 %1, 4
    -> Guard[3] (false edge of ''):  %45 = icmp eq i32 %44, 0
    -> Guard[4] (false edge of ''):  %38 = and i1 %37, %36
    -> Guard[5] (false edge of ''):  %27 = icmp eq ptr %26, null
    -> Guard[6] (false edge of ''):  %23 = icmp ugt i32 %1, 5
    -> Guard[7] (true edge of ''):  %18 = icmp eq ptr %17, %0
    -> Guard[8] (false edge of ''):  %15 = icmp eq ptr %14, null
    -> Guard[9] (false edge of ''):  %11 = icmp eq ptr %10, null
    -> Guard[10] (false edge of ''):  %7 = icmp eq ptr %6, null
    -> Guard[11] (false edge of ''):  %3 = icmp eq ptr %0, null
    -> Collected 12 dominating context guard(s).
    -> SAT (WARNING: Potential Integer Overflow Bug Detected!) [Query Latency: 1.760821 ms]
  -> Found UB Trap. Starting Backward Slice...
    -> Guard[0] (false edge of ''):  %1140 = extractvalue { i64, i1 } %1139, 1, !nosanitize !29
    -> Guard[1] (false edge of ''):  %1130 = extractvalue { i64, i1 } %1129, 1, !nosanitize !29
    -> Guard[2] (false edge of ''):  %1119 = extractvalue { i64, i1 } %1118, 1, !nosanitize !29
    -> Guard[3] (false edge of ''):  %1031 = icmp eq i32 %1028, 2
    -> Guard[4] (false edge of ''):  %1029 = icmp slt i32 %1028, 1
    -> Guard[5] (false edge of ''):  %37 = icmp ne i32 %1, 4
    -> Guard[6] (false edge of ''):  %45 = icmp eq i32 %44, 0
    -> Guard[7] (false edge of ''):  %38 = and i1 %37, %36
    -> Guard[8] (false edge of ''):  %27 = icmp eq ptr %26, null
    -> Guard[9] (false edge of ''):  %23 = icmp ugt i32 %1, 5
    -> Guard[10] (true edge of ''):  %18 = icmp eq ptr %17, %0
    -> Guard[11] (false edge of ''):  %15 = icmp eq ptr %14, null
    -> Guard[12] (false edge of ''):  %11 = icmp eq ptr %10, null
    -> Guard[13] (false edge of ''):  %7 = icmp eq ptr %6, null
    -> Guard[14] (false edge of ''):  %3 = icmp eq ptr %0, null
    -> Collected 15 dominating context guard(s).
    -> SAT (WARNING: Potential Integer Overflow Bug Detected!) [Query Latency: 3.168385 ms]
  -> Found UB Trap. Starting Backward Slice...
    -> Guard[0] (false edge of ''):  %1130 = extractvalue { i64, i1 } %1129, 1, !nosanitize !29
    -> Guard[1] (false edge of ''):  %1119 = extractvalue { i64, i1 } %1118, 1, !nosanitize !29
    -> Guard[2] (false edge of ''):  %1031 = icmp eq i32 %1028, 2
    -> Guard[3] (false edge of ''):  %1029 = icmp slt i32 %1028, 1
    -> Guard[4] (false edge of ''):  %37 = icmp ne i32 %1, 4
    -> Guard[5] (false edge of ''):  %45 = icmp eq i32 %44, 0
    -> Guard[6] (false edge of ''):  %38 = and i1 %37, %36
    -> Guard[7] (false edge of ''):  %27 = icmp eq ptr %26, null
    -> Guard[8] (false edge of ''):  %23 = icmp ugt i32 %1, 5
    -> Guard[9] (true edge of ''):  %18 = icmp eq ptr %17, %0
    -> Guard[10] (false edge of ''):  %15 = icmp eq ptr %14, null
    -> Guard[11] (false edge of ''):  %11 = icmp eq ptr %10, null
    -> Guard[12] (false edge of ''):  %7 = icmp eq ptr %6, null
    -> Guard[13] (false edge of ''):  %3 = icmp eq ptr %0, null
    -> Collected 14 dominating context guard(s).
    -> SAT (WARNING: Potential Integer Overflow Bug Detected!) [Query Latency: 2.795798 ms]
  => Total Traps Eliminated: 1
  => Total Trap Attempts: 70
  => Total SMT Queries Executed: 70
  => Total SMT Query Latency: 4.425527e+02 ms
  => Average SMT Query Latency: 6.322181e+00 ms
  => Total DFS & SMT Execution Time: 3.124676e+03 ms
--------------------------------------------------

[Z3 Oracle] Analyzing Function: slide_hash
  -> Found UB Trap. Starting Backward Slice...
    -> Guard[0] (true edge of ''):  %23 = icmp eq i32 %22, 0
    -> Guard[1] (false edge of ''):  %19 = extractvalue { i32, i1 } %18, 1, !nosanitize !17
    -> Collected 2 dominating context guard(s).
    -> SAT (WARNING: Potential Integer Overflow Bug Detected!) [Query Latency: 0.207497 ms]
  -> Found UB Trap. Starting Backward Slice...
    -> Collected 0 dominating context guard(s).
    -> SAT (WARNING: Potential Integer Overflow Bug Detected!) [Query Latency: 0.273407 ms]
  => Total Traps Eliminated: 0
  => Total Trap Attempts: 2
  => Total SMT Queries Executed: 2
  => Total SMT Query Latency: 4.809040e-01 ms
  => Average SMT Query Latency: 2.404520e-01 ms
  => Total DFS & SMT Execution Time: 7.250089e+01 ms
--------------------------------------------------

[Z3 Oracle] Analyzing Function: deflateTune
  => Total Traps Eliminated: 0
  => Total Trap Attempts: 0
  => Total SMT Queries Executed: 0
  => Total SMT Query Latency: 0.000000e+00 ms
  => Average SMT Query Latency: 0.000000e+00 ms
  => Total DFS & SMT Execution Time: 1.122900e-02 ms
--------------------------------------------------

[Z3 Oracle] Analyzing Function: deflateBound_z
  -> Found UB Trap. Starting Backward Slice...
    -> Guard[0] (false edge of ''):  %182 = extractvalue { i64, i1 } %181, 1, !nosanitize !5
    -> Guard[1] (false edge of ''):  %178 = extractvalue { i64, i1 } %177, 1, !nosanitize !5
    -> Guard[2] (false edge of ''):  %173 = extractvalue { i64, i1 } %172, 1, !nosanitize !5
    -> Guard[3] (false edge of ''):  %168 = extractvalue { i64, i1 } %167, 1, !nosanitize !5
    -> Guard[4] (true edge of ''):  %152 = select i1 %148, i1 %151, i1 false
    -> Guard[5] (true edge of ''):  %61 = icmp eq ptr %60, %0
    -> Guard[6] (false edge of ''):  %58 = icmp eq ptr %57, null
    -> Guard[7] (false edge of ''):  %54 = icmp eq ptr %53, null
    -> Guard[8] (false edge of ''):  %50 = icmp eq ptr %49, null
    -> Guard[9] (false edge of ''):  %46 = icmp eq ptr %0, null
    -> Guard[10] (false edge of ''):  %41 = extractvalue { i64, i1 } %40, 1, !nosanitize !5
    -> Guard[11] (false edge of ''):  %37 = extractvalue { i64, i1 } %36, 1, !nosanitize !5
    -> Guard[12] (false edge of ''):  %32 = extractvalue { i64, i1 } %31, 1, !nosanitize !5
    -> Guard[13] (false edge of ''):  %27 = extractvalue { i64, i1 } %26, 1, !nosanitize !5
    -> Guard[14] (false edge of ''):  %20 = extractvalue { i64, i1 } %19, 1, !nosanitize !5
    -> Guard[15] (false edge of ''):  %16 = extractvalue { i64, i1 } %15, 1, !nosanitize !5
    -> Guard[16] (false edge of ''):  %11 = extractvalue { i64, i1 } %10, 1, !nosanitize !5
    -> Guard[17] (false edge of ''):  %5 = extractvalue { i64, i1 } %4, 1, !nosanitize !5
    -> Collected 18 dominating context guard(s).
    -> UNKNOWN (Solver gave up) [Query Latency: 10.171715 ms]
  -> Found UB Trap. Starting Backward Slice...
    -> Guard[0] (false edge of ''):  %178 = extractvalue { i64, i1 } %177, 1, !nosanitize !5
    -> Guard[1] (false edge of ''):  %173 = extractvalue { i64, i1 } %172, 1, !nosanitize !5
    -> Guard[2] (false edge of ''):  %168 = extractvalue { i64, i1 } %167, 1, !nosanitize !5
    -> Guard[3] (true edge of ''):  %152 = select i1 %148, i1 %151, i1 false
    -> Guard[4] (true edge of ''):  %61 = icmp eq ptr %60, %0
    -> Guard[5] (false edge of ''):  %58 = icmp eq ptr %57, null
    -> Guard[6] (false edge of ''):  %54 = icmp eq ptr %53, null
    -> Guard[7] (false edge of ''):  %50 = icmp eq ptr %49, null
    -> Guard[8] (false edge of ''):  %46 = icmp eq ptr %0, null
    -> Guard[9] (false edge of ''):  %41 = extractvalue { i64, i1 } %40, 1, !nosanitize !5
    -> Guard[10] (false edge of ''):  %37 = extractvalue { i64, i1 } %36, 1, !nosanitize !5
    -> Guard[11] (false edge of ''):  %32 = extractvalue { i64, i1 } %31, 1, !nosanitize !5
    -> Guard[12] (false edge of ''):  %27 = extractvalue { i64, i1 } %26, 1, !nosanitize !5
    -> Guard[13] (false edge of ''):  %20 = extractvalue { i64, i1 } %19, 1, !nosanitize !5
    -> Guard[14] (false edge of ''):  %16 = extractvalue { i64, i1 } %15, 1, !nosanitize !5
    -> Guard[15] (false edge of ''):  %11 = extractvalue { i64, i1 } %10, 1, !nosanitize !5
    -> Guard[16] (false edge of ''):  %5 = extractvalue { i64, i1 } %4, 1, !nosanitize !5
    -> Collected 17 dominating context guard(s).
    -> UNSAT (Dead Code / Impossible Path) [Query Latency: 3.332065 ms]
  => SUCCESS: Trap mathematically neutralized!
  -> Found UB Trap. Starting Backward Slice...
    -> Guard[0] (false edge of ''):  %173 = extractvalue { i64, i1 } %172, 1, !nosanitize !5
    -> Guard[1] (false edge of ''):  %168 = extractvalue { i64, i1 } %167, 1, !nosanitize !5
    -> Guard[2] (true edge of ''):  %152 = select i1 %148, i1 %151, i1 false
    -> Guard[3] (true edge of ''):  %61 = icmp eq ptr %60, %0
    -> Guard[4] (false edge of ''):  %58 = icmp eq ptr %57, null
    -> Guard[5] (false edge of ''):  %54 = icmp eq ptr %53, null
    -> Guard[6] (false edge of ''):  %50 = icmp eq ptr %49, null
    -> Guard[7] (false edge of ''):  %46 = icmp eq ptr %0, null
    -> Guard[8] (false edge of ''):  %41 = extractvalue { i64, i1 } %40, 1, !nosanitize !5
    -> Guard[9] (false edge of ''):  %37 = extractvalue { i64, i1 } %36, 1, !nosanitize !5
    -> Guard[10] (false edge of ''):  %32 = extractvalue { i64, i1 } %31, 1, !nosanitize !5
    -> Guard[11] (false edge of ''):  %27 = extractvalue { i64, i1 } %26, 1, !nosanitize !5
    -> Guard[12] (false edge of ''):  %20 = extractvalue { i64, i1 } %19, 1, !nosanitize !5
    -> Guard[13] (false edge of ''):  %16 = extractvalue { i64, i1 } %15, 1, !nosanitize !5
    -> Guard[14] (false edge of ''):  %11 = extractvalue { i64, i1 } %10, 1, !nosanitize !5
    -> Guard[15] (false edge of ''):  %5 = extractvalue { i64, i1 } %4, 1, !nosanitize !5
    -> Collected 16 dominating context guard(s).
    -> UNSAT (Dead Code / Impossible Path) [Query Latency: 2.400570 ms]
  => SUCCESS: Trap mathematically neutralized!
  -> Found UB Trap. Starting Backward Slice...
    -> Guard[0] (false edge of ''):  %168 = extractvalue { i64, i1 } %167, 1, !nosanitize !5
    -> Guard[1] (true edge of ''):  %152 = select i1 %148, i1 %151, i1 false
    -> Guard[2] (true edge of ''):  %61 = icmp eq ptr %60, %0
    -> Guard[3] (false edge of ''):  %58 = icmp eq ptr %57, null
    -> Guard[4] (false edge of ''):  %54 = icmp eq ptr %53, null
    -> Guard[5] (false edge of ''):  %50 = icmp eq ptr %49, null
    -> Guard[6] (false edge of ''):  %46 = icmp eq ptr %0, null
    -> Guard[7] (false edge of ''):  %41 = extractvalue { i64, i1 } %40, 1, !nosanitize !5
    -> Guard[8] (false edge of ''):  %37 = extractvalue { i64, i1 } %36, 1, !nosanitize !5
    -> Guard[9] (false edge of ''):  %32 = extractvalue { i64, i1 } %31, 1, !nosanitize !5
    -> Guard[10] (false edge of ''):  %27 = extractvalue { i64, i1 } %26, 1, !nosanitize !5
    -> Guard[11] (false edge of ''):  %20 = extractvalue { i64, i1 } %19, 1, !nosanitize !5
    -> Guard[12] (false edge of ''):  %16 = extractvalue { i64, i1 } %15, 1, !nosanitize !5
    -> Guard[13] (false edge of ''):  %11 = extractvalue { i64, i1 } %10, 1, !nosanitize !5
    -> Guard[14] (false edge of ''):  %5 = extractvalue { i64, i1 } %4, 1, !nosanitize !5
    -> Collected 15 dominating context guard(s).
    -> UNSAT (Dead Code / Impossible Path) [Query Latency: 1.153780 ms]
  => SUCCESS: Trap mathematically neutralized!
  -> Found UB Trap. Starting Backward Slice...
    -> Guard[0] (true edge of ''):  %152 = select i1 %148, i1 %151, i1 false
    -> Guard[1] (true edge of ''):  %61 = icmp eq ptr %60, %0
    -> Guard[2] (false edge of ''):  %58 = icmp eq ptr %57, null
    -> Guard[3] (false edge of ''):  %54 = icmp eq ptr %53, null
    -> Guard[4] (false edge of ''):  %50 = icmp eq ptr %49, null
    -> Guard[5] (false edge of ''):  %46 = icmp eq ptr %0, null
    -> Guard[6] (false edge of ''):  %41 = extractvalue { i64, i1 } %40, 1, !nosanitize !5
    -> Guard[7] (false edge of ''):  %37 = extractvalue { i64, i1 } %36, 1, !nosanitize !5
    -> Guard[8] (false edge of ''):  %32 = extractvalue { i64, i1 } %31, 1, !nosanitize !5
    -> Guard[9] (false edge of ''):  %27 = extractvalue { i64, i1 } %26, 1, !nosanitize !5
    -> Guard[10] (false edge of ''):  %20 = extractvalue { i64, i1 } %19, 1, !nosanitize !5
    -> Guard[11] (false edge of ''):  %16 = extractvalue { i64, i1 } %15, 1, !nosanitize !5
    -> Guard[12] (false edge of ''):  %11 = extractvalue { i64, i1 } %10, 1, !nosanitize !5
    -> Guard[13] (false edge of ''):  %5 = extractvalue { i64, i1 } %4, 1, !nosanitize !5
    -> Collected 14 dominating context guard(s).
    -> UNSAT (Dead Code / Impossible Path) [Query Latency: 0.820704 ms]
  => SUCCESS: Trap mathematically neutralized!
  -> Found UB Trap. Starting Backward Slice...
    -> Guard[0] (false edge of ''):  %152 = select i1 %148, i1 %151, i1 false
    -> Guard[1] (true edge of ''):  %61 = icmp eq ptr %60, %0
    -> Guard[2] (false edge of ''):  %58 = icmp eq ptr %57, null
    -> Guard[3] (false edge of ''):  %54 = icmp eq ptr %53, null
    -> Guard[4] (false edge of ''):  %50 = icmp eq ptr %49, null
    -> Guard[5] (false edge of ''):  %46 = icmp eq ptr %0, null
    -> Guard[6] (false edge of ''):  %41 = extractvalue { i64, i1 } %40, 1, !nosanitize !5
    -> Guard[7] (false edge of ''):  %37 = extractvalue { i64, i1 } %36, 1, !nosanitize !5
    -> Guard[8] (false edge of ''):  %32 = extractvalue { i64, i1 } %31, 1, !nosanitize !5
    -> Guard[9] (false edge of ''):  %27 = extractvalue { i64, i1 } %26, 1, !nosanitize !5
    -> Guard[10] (false edge of ''):  %20 = extractvalue { i64, i1 } %19, 1, !nosanitize !5
    -> Guard[11] (false edge of ''):  %16 = extractvalue { i64, i1 } %15, 1, !nosanitize !5
    -> Guard[12] (false edge of ''):  %11 = extractvalue { i64, i1 } %10, 1, !nosanitize !5
    -> Guard[13] (false edge of ''):  %5 = extractvalue { i64, i1 } %4, 1, !nosanitize !5
    -> Collected 14 dominating context guard(s).
    -> UNKNOWN (Solver gave up) [Query Latency: 10.121843 ms]
  -> Found UB Trap. Starting Backward Slice...
    -> Guard[0] (false edge of ''):  %137 = icmp eq i32 %136, 0
    -> Guard[1] (false edge of ''):  %89 = icmp eq ptr %88, null
    -> Guard[2] (true edge of ''):  %61 = icmp eq ptr %60, %0
    -> Guard[3] (false edge of ''):  %58 = icmp eq ptr %57, null
    -> Guard[4] (false edge of ''):  %54 = icmp eq ptr %53, null
    -> Guard[5] (false edge of ''):  %50 = icmp eq ptr %49, null
    -> Guard[6] (false edge of ''):  %46 = icmp eq ptr %0, null
    -> Guard[7] (false edge of ''):  %41 = extractvalue { i64, i1 } %40, 1, !nosanitize !5
    -> Guard[8] (false edge of ''):  %37 = extractvalue { i64, i1 } %36, 1, !nosanitize !5
    -> Guard[9] (false edge of ''):  %32 = extractvalue { i64, i1 } %31, 1, !nosanitize !5
    -> Guard[10] (false edge of ''):  %27 = extractvalue { i64, i1 } %26, 1, !nosanitize !5
    -> Guard[11] (false edge of ''):  %20 = extractvalue { i64, i1 } %19, 1, !nosanitize !5
    -> Guard[12] (false edge of ''):  %16 = extractvalue { i64, i1 } %15, 1, !nosanitize !5
    -> Guard[13] (false edge of ''):  %11 = extractvalue { i64, i1 } %10, 1, !nosanitize !5
    -> Guard[14] (false edge of ''):  %5 = extractvalue { i64, i1 } %4, 1, !nosanitize !5
    -> Collected 15 dominating context guard(s).
    -> UNKNOWN (Solver gave up) [Query Latency: 10.133640 ms]
  -> Found UB Trap. Starting Backward Slice...
    -> Guard[0] (false edge of ''):  %122 = icmp eq ptr %121, null
    -> Guard[1] (false edge of ''):  %89 = icmp eq ptr %88, null
    -> Guard[2] (true edge of ''):  %61 = icmp eq ptr %60, %0
    -> Guard[3] (false edge of ''):  %58 = icmp eq ptr %57, null
    -> Guard[4] (false edge of ''):  %54 = icmp eq ptr %53, null
    -> Guard[5] (false edge of ''):  %50 = icmp eq ptr %49, null
    -> Guard[6] (false edge of ''):  %46 = icmp eq ptr %0, null
    -> Guard[7] (false edge of ''):  %41 = extractvalue { i64, i1 } %40, 1, !nosanitize !5
    -> Guard[8] (false edge of ''):  %37 = extractvalue { i64, i1 } %36, 1, !nosanitize !5
    -> Guard[9] (false edge of ''):  %32 = extractvalue { i64, i1 } %31, 1, !nosanitize !5
    -> Guard[10] (false edge of ''):  %27 = extractvalue { i64, i1 } %26, 1, !nosanitize !5
    -> Guard[11] (false edge of ''):  %20 = extractvalue { i64, i1 } %19, 1, !nosanitize !5
    -> Guard[12] (false edge of ''):  %16 = extractvalue { i64, i1 } %15, 1, !nosanitize !5
    -> Guard[13] (false edge of ''):  %11 = extractvalue { i64, i1 } %10, 1, !nosanitize !5
    -> Guard[14] (false edge of ''):  %5 = extractvalue { i64, i1 } %4, 1, !nosanitize !5
    -> Collected 15 dominating context guard(s).
    -> UNKNOWN (Solver gave up) [Query Latency: 10.150474 ms]
  -> Found UB Trap. Starting Backward Slice...
    -> Guard[0] (false edge of ''):  %107 = icmp eq ptr %106, null
    -> Guard[1] (false edge of ''):  %89 = icmp eq ptr %88, null
    -> Guard[2] (true edge of ''):  %61 = icmp eq ptr %60, %0
    -> Guard[3] (false edge of ''):  %58 = icmp eq ptr %57, null
    -> Guard[4] (false edge of ''):  %54 = icmp eq ptr %53, null
    -> Guard[5] (false edge of ''):  %50 = icmp eq ptr %49, null
    -> Guard[6] (false edge of ''):  %46 = icmp eq ptr %0, null
    -> Guard[7] (false edge of ''):  %41 = extractvalue { i64, i1 } %40, 1, !nosanitize !5
    -> Guard[8] (false edge of ''):  %37 = extractvalue { i64, i1 } %36, 1, !nosanitize !5
    -> Guard[9] (false edge of ''):  %32 = extractvalue { i64, i1 } %31, 1, !nosanitize !5
    -> Guard[10] (false edge of ''):  %27 = extractvalue { i64, i1 } %26, 1, !nosanitize !5
    -> Guard[11] (false edge of ''):  %20 = extractvalue { i64, i1 } %19, 1, !nosanitize !5
    -> Guard[12] (false edge of ''):  %16 = extractvalue { i64, i1 } %15, 1, !nosanitize !5
    -> Guard[13] (false edge of ''):  %11 = extractvalue { i64, i1 } %10, 1, !nosanitize !5
    -> Guard[14] (false edge of ''):  %5 = extractvalue { i64, i1 } %4, 1, !nosanitize !5
    -> Collected 15 dominating context guard(s).
    -> UNKNOWN (Solver gave up) [Query Latency: 10.115146 ms]
  -> Found UB Trap. Starting Backward Slice...
    -> Guard[0] (false edge of ''):  %93 = icmp eq ptr %92, null
    -> Guard[1] (false edge of ''):  %89 = icmp eq ptr %88, null
    -> Guard[2] (true edge of ''):  %61 = icmp eq ptr %60, %0
    -> Guard[3] (false edge of ''):  %58 = icmp eq ptr %57, null
    -> Guard[4] (false edge of ''):  %54 = icmp eq ptr %53, null
    -> Guard[5] (false edge of ''):  %50 = icmp eq ptr %49, null
    -> Guard[6] (false edge of ''):  %46 = icmp eq ptr %0, null
    -> Guard[7] (false edge of ''):  %41 = extractvalue { i64, i1 } %40, 1, !nosanitize !5
    -> Guard[8] (false edge of ''):  %37 = extractvalue { i64, i1 } %36, 1, !nosanitize !5
    -> Guard[9] (false edge of ''):  %32 = extractvalue { i64, i1 } %31, 1, !nosanitize !5
    -> Guard[10] (false edge of ''):  %27 = extractvalue { i64, i1 } %26, 1, !nosanitize !5
    -> Guard[11] (false edge of ''):  %20 = extractvalue { i64, i1 } %19, 1, !nosanitize !5
    -> Guard[12] (false edge of ''):  %16 = extractvalue { i64, i1 } %15, 1, !nosanitize !5
    -> Guard[13] (false edge of ''):  %11 = extractvalue { i64, i1 } %10, 1, !nosanitize !5
    -> Guard[14] (false edge of ''):  %5 = extractvalue { i64, i1 } %4, 1, !nosanitize !5
    -> Collected 15 dominating context guard(s).
    -> SAT (WARNING: Potential Integer Overflow Bug Detected!) [Query Latency: 9.137885 ms]
  -> Found UB Trap. Starting Backward Slice...
    -> Guard[0] (false edge of ''):  %41 = extractvalue { i64, i1 } %40, 1, !nosanitize !5
    -> Guard[1] (false edge of ''):  %37 = extractvalue { i64, i1 } %36, 1, !nosanitize !5
    -> Guard[2] (false edge of ''):  %32 = extractvalue { i64, i1 } %31, 1, !nosanitize !5
    -> Guard[3] (false edge of ''):  %27 = extractvalue { i64, i1 } %26, 1, !nosanitize !5
    -> Guard[4] (false edge of ''):  %20 = extractvalue { i64, i1 } %19, 1, !nosanitize !5
    -> Guard[5] (false edge of ''):  %16 = extractvalue { i64, i1 } %15, 1, !nosanitize !5
    -> Guard[6] (false edge of ''):  %11 = extractvalue { i64, i1 } %10, 1, !nosanitize !5
    -> Guard[7] (false edge of ''):  %5 = extractvalue { i64, i1 } %4, 1, !nosanitize !5
    -> Collected 8 dominating context guard(s).
    -> UNKNOWN (Solver gave up) [Query Latency: 10.170503 ms]
  -> Found UB Trap. Starting Backward Slice...
    -> Guard[0] (false edge of ''):  %37 = extractvalue { i64, i1 } %36, 1, !nosanitize !5
    -> Guard[1] (false edge of ''):  %32 = extractvalue { i64, i1 } %31, 1, !nosanitize !5
    -> Guard[2] (false edge of ''):  %27 = extractvalue { i64, i1 } %26, 1, !nosanitize !5
    -> Guard[3] (false edge of ''):  %20 = extractvalue { i64, i1 } %19, 1, !nosanitize !5
    -> Guard[4] (false edge of ''):  %16 = extractvalue { i64, i1 } %15, 1, !nosanitize !5
    -> Guard[5] (false edge of ''):  %11 = extractvalue { i64, i1 } %10, 1, !nosanitize !5
    -> Guard[6] (false edge of ''):  %5 = extractvalue { i64, i1 } %4, 1, !nosanitize !5
    -> Collected 7 dominating context guard(s).
    -> UNSAT (Dead Code / Impossible Path) [Query Latency: 4.581752 ms]
  => SUCCESS: Trap mathematically neutralized!
  -> Found UB Trap. Starting Backward Slice...
    -> Guard[0] (false edge of ''):  %32 = extractvalue { i64, i1 } %31, 1, !nosanitize !5
    -> Guard[1] (false edge of ''):  %27 = extractvalue { i64, i1 } %26, 1, !nosanitize !5
    -> Guard[2] (false edge of ''):  %20 = extractvalue { i64, i1 } %19, 1, !nosanitize !5
    -> Guard[3] (false edge of ''):  %16 = extractvalue { i64, i1 } %15, 1, !nosanitize !5
    -> Guard[4] (false edge of ''):  %11 = extractvalue { i64, i1 } %10, 1, !nosanitize !5
    -> Guard[5] (false edge of ''):  %5 = extractvalue { i64, i1 } %4, 1, !nosanitize !5
    -> Collected 6 dominating context guard(s).
    -> UNSAT (Dead Code / Impossible Path) [Query Latency: 3.177890 ms]
  => SUCCESS: Trap mathematically neutralized!
  -> Found UB Trap. Starting Backward Slice...
    -> Guard[0] (false edge of ''):  %27 = extractvalue { i64, i1 } %26, 1, !nosanitize !5
    -> Guard[1] (false edge of ''):  %20 = extractvalue { i64, i1 } %19, 1, !nosanitize !5
    -> Guard[2] (false edge of ''):  %16 = extractvalue { i64, i1 } %15, 1, !nosanitize !5
    -> Guard[3] (false edge of ''):  %11 = extractvalue { i64, i1 } %10, 1, !nosanitize !5
    -> Guard[4] (false edge of ''):  %5 = extractvalue { i64, i1 } %4, 1, !nosanitize !5
    -> Collected 5 dominating context guard(s).
    -> UNSAT (Dead Code / Impossible Path) [Query Latency: 1.515694 ms]
  => SUCCESS: Trap mathematically neutralized!
  -> Found UB Trap. Starting Backward Slice...
    -> Guard[0] (false edge of ''):  %20 = extractvalue { i64, i1 } %19, 1, !nosanitize !5
    -> Guard[1] (false edge of ''):  %16 = extractvalue { i64, i1 } %15, 1, !nosanitize !5
    -> Guard[2] (false edge of ''):  %11 = extractvalue { i64, i1 } %10, 1, !nosanitize !5
    -> Guard[3] (false edge of ''):  %5 = extractvalue { i64, i1 } %4, 1, !nosanitize !5
    -> Collected 4 dominating context guard(s).
    -> UNSAT (Dead Code / Impossible Path) [Query Latency: 0.822213 ms]
  => SUCCESS: Trap mathematically neutralized!
  -> Found UB Trap. Starting Backward Slice...
    -> Guard[0] (false edge of ''):  %16 = extractvalue { i64, i1 } %15, 1, !nosanitize !5
    -> Guard[1] (false edge of ''):  %11 = extractvalue { i64, i1 } %10, 1, !nosanitize !5
    -> Guard[2] (false edge of ''):  %5 = extractvalue { i64, i1 } %4, 1, !nosanitize !5
    -> Collected 3 dominating context guard(s).
    -> UNKNOWN (Solver gave up) [Query Latency: 10.156038 ms]
  -> Found UB Trap. Starting Backward Slice...
    -> Guard[0] (false edge of ''):  %11 = extractvalue { i64, i1 } %10, 1, !nosanitize !5
    -> Guard[1] (false edge of ''):  %5 = extractvalue { i64, i1 } %4, 1, !nosanitize !5
    -> Collected 2 dominating context guard(s).
    -> SAT (WARNING: Potential Integer Overflow Bug Detected!) [Query Latency: 5.638598 ms]
  -> Found UB Trap. Starting Backward Slice...
    -> Guard[0] (false edge of ''):  %5 = extractvalue { i64, i1 } %4, 1, !nosanitize !5
    -> Collected 1 dominating context guard(s).
    -> SAT (WARNING: Potential Integer Overflow Bug Detected!) [Query Latency: 2.166963 ms]
  -> Found UB Trap. Starting Backward Slice...
    -> Collected 0 dominating context guard(s).
    -> SAT (WARNING: Potential Integer Overflow Bug Detected!) [Query Latency: 1.254808 ms]
  -> Found UB Trap. Starting Backward Slice...
    -> Guard[0] (true edge of ''):  %73 = icmp slt i32 %72, 0
    -> Guard[1] (true edge of ''):  %61 = icmp eq ptr %60, %0
    -> Guard[2] (false edge of ''):  %58 = icmp eq ptr %57, null
    -> Guard[3] (false edge of ''):  %54 = icmp eq ptr %53, null
    -> Guard[4] (false edge of ''):  %50 = icmp eq ptr %49, null
    -> Guard[5] (false edge of ''):  %46 = icmp eq ptr %0, null
    -> Guard[6] (false edge of ''):  %41 = extractvalue { i64, i1 } %40, 1, !nosanitize !5
    -> Guard[7] (false edge of ''):  %37 = extractvalue { i64, i1 } %36, 1, !nosanitize !5
    -> Guard[8] (false edge of ''):  %32 = extractvalue { i64, i1 } %31, 1, !nosanitize !5
    -> Guard[9] (false edge of ''):  %27 = extractvalue { i64, i1 } %26, 1, !nosanitize !5
    -> Guard[10] (false edge of ''):  %20 = extractvalue { i64, i1 } %19, 1, !nosanitize !5
    -> Guard[11] (false edge of ''):  %16 = extractvalue { i64, i1 } %15, 1, !nosanitize !5
    -> Guard[12] (false edge of ''):  %11 = extractvalue { i64, i1 } %10, 1, !nosanitize !5
    -> Guard[13] (false edge of ''):  %5 = extractvalue { i64, i1 } %4, 1, !nosanitize !5
    -> Collected 14 dominating context guard(s).
    -> UNKNOWN (Solver gave up) [Query Latency: 10.208651 ms]
  => Total Traps Eliminated: 8
  => Total Trap Attempts: 20
  => Total SMT Queries Executed: 20
  => Total SMT Query Latency: 1.172309e+02 ms
  => Average SMT Query Latency: 5.861547e+00 ms
  => Total DFS & SMT Execution Time: 8.894332e+02 ms
--------------------------------------------------

[Z3 Oracle] Analyzing Function: deflateBound
  -> Found UB Trap. Starting Backward Slice...
    -> Guard[0] (false edge of ''):  %182 = extractvalue { i64, i1 } %181, 1, !nosanitize !5
    -> Guard[1] (false edge of ''):  %178 = extractvalue { i64, i1 } %177, 1, !nosanitize !5
    -> Guard[2] (false edge of ''):  %173 = extractvalue { i64, i1 } %172, 1, !nosanitize !5
    -> Guard[3] (false edge of ''):  %168 = extractvalue { i64, i1 } %167, 1, !nosanitize !5
    -> Guard[4] (true edge of ''):  %152 = select i1 %148, i1 %151, i1 false
    -> Guard[5] (true edge of ''):  %61 = icmp eq ptr %60, %0
    -> Guard[6] (false edge of ''):  %58 = icmp eq ptr %57, null
    -> Guard[7] (false edge of ''):  %54 = icmp eq ptr %53, null
    -> Guard[8] (false edge of ''):  %50 = icmp eq ptr %49, null
    -> Guard[9] (false edge of ''):  %46 = icmp eq ptr %0, null
    -> Guard[10] (false edge of ''):  %41 = extractvalue { i64, i1 } %40, 1, !nosanitize !5
    -> Guard[11] (false edge of ''):  %37 = extractvalue { i64, i1 } %36, 1, !nosanitize !5
    -> Guard[12] (false edge of ''):  %32 = extractvalue { i64, i1 } %31, 1, !nosanitize !5
    -> Guard[13] (false edge of ''):  %27 = extractvalue { i64, i1 } %26, 1, !nosanitize !5
    -> Guard[14] (false edge of ''):  %20 = extractvalue { i64, i1 } %19, 1, !nosanitize !5
    -> Guard[15] (false edge of ''):  %16 = extractvalue { i64, i1 } %15, 1, !nosanitize !5
    -> Guard[16] (false edge of ''):  %11 = extractvalue { i64, i1 } %10, 1, !nosanitize !5
    -> Guard[17] (false edge of ''):  %5 = extractvalue { i64, i1 } %4, 1, !nosanitize !5
    -> Collected 18 dominating context guard(s).
    -> UNKNOWN (Solver gave up) [Query Latency: 10.147485 ms]
  -> Found UB Trap. Starting Backward Slice...
    -> Guard[0] (false edge of ''):  %178 = extractvalue { i64, i1 } %177, 1, !nosanitize !5
    -> Guard[1] (false edge of ''):  %173 = extractvalue { i64, i1 } %172, 1, !nosanitize !5
    -> Guard[2] (false edge of ''):  %168 = extractvalue { i64, i1 } %167, 1, !nosanitize !5
    -> Guard[3] (true edge of ''):  %152 = select i1 %148, i1 %151, i1 false
    -> Guard[4] (true edge of ''):  %61 = icmp eq ptr %60, %0
    -> Guard[5] (false edge of ''):  %58 = icmp eq ptr %57, null
    -> Guard[6] (false edge of ''):  %54 = icmp eq ptr %53, null
    -> Guard[7] (false edge of ''):  %50 = icmp eq ptr %49, null
    -> Guard[8] (false edge of ''):  %46 = icmp eq ptr %0, null
    -> Guard[9] (false edge of ''):  %41 = extractvalue { i64, i1 } %40, 1, !nosanitize !5
    -> Guard[10] (false edge of ''):  %37 = extractvalue { i64, i1 } %36, 1, !nosanitize !5
    -> Guard[11] (false edge of ''):  %32 = extractvalue { i64, i1 } %31, 1, !nosanitize !5
    -> Guard[12] (false edge of ''):  %27 = extractvalue { i64, i1 } %26, 1, !nosanitize !5
    -> Guard[13] (false edge of ''):  %20 = extractvalue { i64, i1 } %19, 1, !nosanitize !5
    -> Guard[14] (false edge of ''):  %16 = extractvalue { i64, i1 } %15, 1, !nosanitize !5
    -> Guard[15] (false edge of ''):  %11 = extractvalue { i64, i1 } %10, 1, !nosanitize !5
    -> Guard[16] (false edge of ''):  %5 = extractvalue { i64, i1 } %4, 1, !nosanitize !5
    -> Collected 17 dominating context guard(s).
    -> UNSAT (Dead Code / Impossible Path) [Query Latency: 3.812606 ms]
  => SUCCESS: Trap mathematically neutralized!
  -> Found UB Trap. Starting Backward Slice...
    -> Guard[0] (false edge of ''):  %173 = extractvalue { i64, i1 } %172, 1, !nosanitize !5
    -> Guard[1] (false edge of ''):  %168 = extractvalue { i64, i1 } %167, 1, !nosanitize !5
    -> Guard[2] (true edge of ''):  %152 = select i1 %148, i1 %151, i1 false
    -> Guard[3] (true edge of ''):  %61 = icmp eq ptr %60, %0
    -> Guard[4] (false edge of ''):  %58 = icmp eq ptr %57, null
    -> Guard[5] (false edge of ''):  %54 = icmp eq ptr %53, null
    -> Guard[6] (false edge of ''):  %50 = icmp eq ptr %49, null
    -> Guard[7] (false edge of ''):  %46 = icmp eq ptr %0, null
    -> Guard[8] (false edge of ''):  %41 = extractvalue { i64, i1 } %40, 1, !nosanitize !5
    -> Guard[9] (false edge of ''):  %37 = extractvalue { i64, i1 } %36, 1, !nosanitize !5
    -> Guard[10] (false edge of ''):  %32 = extractvalue { i64, i1 } %31, 1, !nosanitize !5
    -> Guard[11] (false edge of ''):  %27 = extractvalue { i64, i1 } %26, 1, !nosanitize !5
    -> Guard[12] (false edge of ''):  %20 = extractvalue { i64, i1 } %19, 1, !nosanitize !5
    -> Guard[13] (false edge of ''):  %16 = extractvalue { i64, i1 } %15, 1, !nosanitize !5
    -> Guard[14] (false edge of ''):  %11 = extractvalue { i64, i1 } %10, 1, !nosanitize !5
    -> Guard[15] (false edge of ''):  %5 = extractvalue { i64, i1 } %4, 1, !nosanitize !5
    -> Collected 16 dominating context guard(s).
    -> UNSAT (Dead Code / Impossible Path) [Query Latency: 2.579112 ms]
  => SUCCESS: Trap mathematically neutralized!
  -> Found UB Trap. Starting Backward Slice...
    -> Guard[0] (false edge of ''):  %168 = extractvalue { i64, i1 } %167, 1, !nosanitize !5
    -> Guard[1] (true edge of ''):  %152 = select i1 %148, i1 %151, i1 false
    -> Guard[2] (true edge of ''):  %61 = icmp eq ptr %60, %0
    -> Guard[3] (false edge of ''):  %58 = icmp eq ptr %57, null
    -> Guard[4] (false edge of ''):  %54 = icmp eq ptr %53, null
    -> Guard[5] (false edge of ''):  %50 = icmp eq ptr %49, null
    -> Guard[6] (false edge of ''):  %46 = icmp eq ptr %0, null
    -> Guard[7] (false edge of ''):  %41 = extractvalue { i64, i1 } %40, 1, !nosanitize !5
    -> Guard[8] (false edge of ''):  %37 = extractvalue { i64, i1 } %36, 1, !nosanitize !5
    -> Guard[9] (false edge of ''):  %32 = extractvalue { i64, i1 } %31, 1, !nosanitize !5
    -> Guard[10] (false edge of ''):  %27 = extractvalue { i64, i1 } %26, 1, !nosanitize !5
    -> Guard[11] (false edge of ''):  %20 = extractvalue { i64, i1 } %19, 1, !nosanitize !5
    -> Guard[12] (false edge of ''):  %16 = extractvalue { i64, i1 } %15, 1, !nosanitize !5
    -> Guard[13] (false edge of ''):  %11 = extractvalue { i64, i1 } %10, 1, !nosanitize !5
    -> Guard[14] (false edge of ''):  %5 = extractvalue { i64, i1 } %4, 1, !nosanitize !5
    -> Collected 15 dominating context guard(s).
    -> UNSAT (Dead Code / Impossible Path) [Query Latency: 1.131913 ms]
  => SUCCESS: Trap mathematically neutralized!
  -> Found UB Trap. Starting Backward Slice...
    -> Guard[0] (true edge of ''):  %152 = select i1 %148, i1 %151, i1 false
    -> Guard[1] (true edge of ''):  %61 = icmp eq ptr %60, %0
    -> Guard[2] (false edge of ''):  %58 = icmp eq ptr %57, null
    -> Guard[3] (false edge of ''):  %54 = icmp eq ptr %53, null
    -> Guard[4] (false edge of ''):  %50 = icmp eq ptr %49, null
    -> Guard[5] (false edge of ''):  %46 = icmp eq ptr %0, null
    -> Guard[6] (false edge of ''):  %41 = extractvalue { i64, i1 } %40, 1, !nosanitize !5
    -> Guard[7] (false edge of ''):  %37 = extractvalue { i64, i1 } %36, 1, !nosanitize !5
    -> Guard[8] (false edge of ''):  %32 = extractvalue { i64, i1 } %31, 1, !nosanitize !5
    -> Guard[9] (false edge of ''):  %27 = extractvalue { i64, i1 } %26, 1, !nosanitize !5
    -> Guard[10] (false edge of ''):  %20 = extractvalue { i64, i1 } %19, 1, !nosanitize !5
    -> Guard[11] (false edge of ''):  %16 = extractvalue { i64, i1 } %15, 1, !nosanitize !5
    -> Guard[12] (false edge of ''):  %11 = extractvalue { i64, i1 } %10, 1, !nosanitize !5
    -> Guard[13] (false edge of ''):  %5 = extractvalue { i64, i1 } %4, 1, !nosanitize !5
    -> Collected 14 dominating context guard(s).
    -> UNSAT (Dead Code / Impossible Path) [Query Latency: 0.758936 ms]
  => SUCCESS: Trap mathematically neutralized!
  -> Found UB Trap. Starting Backward Slice...
    -> Guard[0] (false edge of ''):  %152 = select i1 %148, i1 %151, i1 false
    -> Guard[1] (true edge of ''):  %61 = icmp eq ptr %60, %0
    -> Guard[2] (false edge of ''):  %58 = icmp eq ptr %57, null
    -> Guard[3] (false edge of ''):  %54 = icmp eq ptr %53, null
    -> Guard[4] (false edge of ''):  %50 = icmp eq ptr %49, null
    -> Guard[5] (false edge of ''):  %46 = icmp eq ptr %0, null
    -> Guard[6] (false edge of ''):  %41 = extractvalue { i64, i1 } %40, 1, !nosanitize !5
    -> Guard[7] (false edge of ''):  %37 = extractvalue { i64, i1 } %36, 1, !nosanitize !5
    -> Guard[8] (false edge of ''):  %32 = extractvalue { i64, i1 } %31, 1, !nosanitize !5
    -> Guard[9] (false edge of ''):  %27 = extractvalue { i64, i1 } %26, 1, !nosanitize !5
    -> Guard[10] (false edge of ''):  %20 = extractvalue { i64, i1 } %19, 1, !nosanitize !5
    -> Guard[11] (false edge of ''):  %16 = extractvalue { i64, i1 } %15, 1, !nosanitize !5
    -> Guard[12] (false edge of ''):  %11 = extractvalue { i64, i1 } %10, 1, !nosanitize !5
    -> Guard[13] (false edge of ''):  %5 = extractvalue { i64, i1 } %4, 1, !nosanitize !5
    -> Collected 14 dominating context guard(s).
    -> UNKNOWN (Solver gave up) [Query Latency: 10.124277 ms]
  -> Found UB Trap. Starting Backward Slice...
    -> Guard[0] (false edge of ''):  %137 = icmp eq i32 %136, 0
    -> Guard[1] (false edge of ''):  %89 = icmp eq ptr %88, null
    -> Guard[2] (true edge of ''):  %61 = icmp eq ptr %60, %0
    -> Guard[3] (false edge of ''):  %58 = icmp eq ptr %57, null
    -> Guard[4] (false edge of ''):  %54 = icmp eq ptr %53, null
    -> Guard[5] (false edge of ''):  %50 = icmp eq ptr %49, null
    -> Guard[6] (false edge of ''):  %46 = icmp eq ptr %0, null
    -> Guard[7] (false edge of ''):  %41 = extractvalue { i64, i1 } %40, 1, !nosanitize !5
    -> Guard[8] (false edge of ''):  %37 = extractvalue { i64, i1 } %36, 1, !nosanitize !5
    -> Guard[9] (false edge of ''):  %32 = extractvalue { i64, i1 } %31, 1, !nosanitize !5
    -> Guard[10] (false edge of ''):  %27 = extractvalue { i64, i1 } %26, 1, !nosanitize !5
    -> Guard[11] (false edge of ''):  %20 = extractvalue { i64, i1 } %19, 1, !nosanitize !5
    -> Guard[12] (false edge of ''):  %16 = extractvalue { i64, i1 } %15, 1, !nosanitize !5
    -> Guard[13] (false edge of ''):  %11 = extractvalue { i64, i1 } %10, 1, !nosanitize !5
    -> Guard[14] (false edge of ''):  %5 = extractvalue { i64, i1 } %4, 1, !nosanitize !5
    -> Collected 15 dominating context guard(s).
    -> UNKNOWN (Solver gave up) [Query Latency: 10.143160 ms]
  -> Found UB Trap. Starting Backward Slice...
    -> Guard[0] (false edge of ''):  %122 = icmp eq ptr %121, null
    -> Guard[1] (false edge of ''):  %89 = icmp eq ptr %88, null
    -> Guard[2] (true edge of ''):  %61 = icmp eq ptr %60, %0
    -> Guard[3] (false edge of ''):  %58 = icmp eq ptr %57, null
    -> Guard[4] (false edge of ''):  %54 = icmp eq ptr %53, null
    -> Guard[5] (false edge of ''):  %50 = icmp eq ptr %49, null
    -> Guard[6] (false edge of ''):  %46 = icmp eq ptr %0, null
    -> Guard[7] (false edge of ''):  %41 = extractvalue { i64, i1 } %40, 1, !nosanitize !5
    -> Guard[8] (false edge of ''):  %37 = extractvalue { i64, i1 } %36, 1, !nosanitize !5
    -> Guard[9] (false edge of ''):  %32 = extractvalue { i64, i1 } %31, 1, !nosanitize !5
    -> Guard[10] (false edge of ''):  %27 = extractvalue { i64, i1 } %26, 1, !nosanitize !5
    -> Guard[11] (false edge of ''):  %20 = extractvalue { i64, i1 } %19, 1, !nosanitize !5
    -> Guard[12] (false edge of ''):  %16 = extractvalue { i64, i1 } %15, 1, !nosanitize !5
    -> Guard[13] (false edge of ''):  %11 = extractvalue { i64, i1 } %10, 1, !nosanitize !5
    -> Guard[14] (false edge of ''):  %5 = extractvalue { i64, i1 } %4, 1, !nosanitize !5
    -> Collected 15 dominating context guard(s).
    -> UNKNOWN (Solver gave up) [Query Latency: 10.186054 ms]
  -> Found UB Trap. Starting Backward Slice...
    -> Guard[0] (false edge of ''):  %107 = icmp eq ptr %106, null
    -> Guard[1] (false edge of ''):  %89 = icmp eq ptr %88, null
    -> Guard[2] (true edge of ''):  %61 = icmp eq ptr %60, %0
    -> Guard[3] (false edge of ''):  %58 = icmp eq ptr %57, null
    -> Guard[4] (false edge of ''):  %54 = icmp eq ptr %53, null
    -> Guard[5] (false edge of ''):  %50 = icmp eq ptr %49, null
    -> Guard[6] (false edge of ''):  %46 = icmp eq ptr %0, null
    -> Guard[7] (false edge of ''):  %41 = extractvalue { i64, i1 } %40, 1, !nosanitize !5
    -> Guard[8] (false edge of ''):  %37 = extractvalue { i64, i1 } %36, 1, !nosanitize !5
    -> Guard[9] (false edge of ''):  %32 = extractvalue { i64, i1 } %31, 1, !nosanitize !5
    -> Guard[10] (false edge of ''):  %27 = extractvalue { i64, i1 } %26, 1, !nosanitize !5
    -> Guard[11] (false edge of ''):  %20 = extractvalue { i64, i1 } %19, 1, !nosanitize !5
    -> Guard[12] (false edge of ''):  %16 = extractvalue { i64, i1 } %15, 1, !nosanitize !5
    -> Guard[13] (false edge of ''):  %11 = extractvalue { i64, i1 } %10, 1, !nosanitize !5
    -> Guard[14] (false edge of ''):  %5 = extractvalue { i64, i1 } %4, 1, !nosanitize !5
    -> Collected 15 dominating context guard(s).
    -> UNKNOWN (Solver gave up) [Query Latency: 10.086986 ms]
  -> Found UB Trap. Starting Backward Slice...
    -> Guard[0] (false edge of ''):  %93 = icmp eq ptr %92, null
    -> Guard[1] (false edge of ''):  %89 = icmp eq ptr %88, null
    -> Guard[2] (true edge of ''):  %61 = icmp eq ptr %60, %0
    -> Guard[3] (false edge of ''):  %58 = icmp eq ptr %57, null
    -> Guard[4] (false edge of ''):  %54 = icmp eq ptr %53, null
    -> Guard[5] (false edge of ''):  %50 = icmp eq ptr %49, null
    -> Guard[6] (false edge of ''):  %46 = icmp eq ptr %0, null
    -> Guard[7] (false edge of ''):  %41 = extractvalue { i64, i1 } %40, 1, !nosanitize !5
    -> Guard[8] (false edge of ''):  %37 = extractvalue { i64, i1 } %36, 1, !nosanitize !5
    -> Guard[9] (false edge of ''):  %32 = extractvalue { i64, i1 } %31, 1, !nosanitize !5
    -> Guard[10] (false edge of ''):  %27 = extractvalue { i64, i1 } %26, 1, !nosanitize !5
    -> Guard[11] (false edge of ''):  %20 = extractvalue { i64, i1 } %19, 1, !nosanitize !5
    -> Guard[12] (false edge of ''):  %16 = extractvalue { i64, i1 } %15, 1, !nosanitize !5
    -> Guard[13] (false edge of ''):  %11 = extractvalue { i64, i1 } %10, 1, !nosanitize !5
    -> Guard[14] (false edge of ''):  %5 = extractvalue { i64, i1 } %4, 1, !nosanitize !5
    -> Collected 15 dominating context guard(s).
    -> SAT (WARNING: Potential Integer Overflow Bug Detected!) [Query Latency: 9.368518 ms]
  -> Found UB Trap. Starting Backward Slice...
    -> Guard[0] (false edge of ''):  %41 = extractvalue { i64, i1 } %40, 1, !nosanitize !5
    -> Guard[1] (false edge of ''):  %37 = extractvalue { i64, i1 } %36, 1, !nosanitize !5
    -> Guard[2] (false edge of ''):  %32 = extractvalue { i64, i1 } %31, 1, !nosanitize !5
    -> Guard[3] (false edge of ''):  %27 = extractvalue { i64, i1 } %26, 1, !nosanitize !5
    -> Guard[4] (false edge of ''):  %20 = extractvalue { i64, i1 } %19, 1, !nosanitize !5
    -> Guard[5] (false edge of ''):  %16 = extractvalue { i64, i1 } %15, 1, !nosanitize !5
    -> Guard[6] (false edge of ''):  %11 = extractvalue { i64, i1 } %10, 1, !nosanitize !5
    -> Guard[7] (false edge of ''):  %5 = extractvalue { i64, i1 } %4, 1, !nosanitize !5
    -> Collected 8 dominating context guard(s).
    -> SAT (WARNING: Potential Integer Overflow Bug Detected!) [Query Latency: 5.589886 ms]
  -> Found UB Trap. Starting Backward Slice...
    -> Guard[0] (false edge of ''):  %37 = extractvalue { i64, i1 } %36, 1, !nosanitize !5
    -> Guard[1] (false edge of ''):  %32 = extractvalue { i64, i1 } %31, 1, !nosanitize !5
    -> Guard[2] (false edge of ''):  %27 = extractvalue { i64, i1 } %26, 1, !nosanitize !5
    -> Guard[3] (false edge of ''):  %20 = extractvalue { i64, i1 } %19, 1, !nosanitize !5
    -> Guard[4] (false edge of ''):  %16 = extractvalue { i64, i1 } %15, 1, !nosanitize !5
    -> Guard[5] (false edge of ''):  %11 = extractvalue { i64, i1 } %10, 1, !nosanitize !5
    -> Guard[6] (false edge of ''):  %5 = extractvalue { i64, i1 } %4, 1, !nosanitize !5
    -> Collected 7 dominating context guard(s).
    -> UNSAT (Dead Code / Impossible Path) [Query Latency: 3.729010 ms]
  => SUCCESS: Trap mathematically neutralized!
  -> Found UB Trap. Starting Backward Slice...
    -> Guard[0] (false edge of ''):  %32 = extractvalue { i64, i1 } %31, 1, !nosanitize !5
    -> Guard[1] (false edge of ''):  %27 = extractvalue { i64, i1 } %26, 1, !nosanitize !5
    -> Guard[2] (false edge of ''):  %20 = extractvalue { i64, i1 } %19, 1, !nosanitize !5
    -> Guard[3] (false edge of ''):  %16 = extractvalue { i64, i1 } %15, 1, !nosanitize !5
    -> Guard[4] (false edge of ''):  %11 = extractvalue { i64, i1 } %10, 1, !nosanitize !5
    -> Guard[5] (false edge of ''):  %5 = extractvalue { i64, i1 } %4, 1, !nosanitize !5
    -> Collected 6 dominating context guard(s).
    -> UNSAT (Dead Code / Impossible Path) [Query Latency: 2.511747 ms]
  => SUCCESS: Trap mathematically neutralized!
  -> Found UB Trap. Starting Backward Slice...
    -> Guard[0] (false edge of ''):  %27 = extractvalue { i64, i1 } %26, 1, !nosanitize !5
    -> Guard[1] (false edge of ''):  %20 = extractvalue { i64, i1 } %19, 1, !nosanitize !5
    -> Guard[2] (false edge of ''):  %16 = extractvalue { i64, i1 } %15, 1, !nosanitize !5
    -> Guard[3] (false edge of ''):  %11 = extractvalue { i64, i1 } %10, 1, !nosanitize !5
    -> Guard[4] (false edge of ''):  %5 = extractvalue { i64, i1 } %4, 1, !nosanitize !5
    -> Collected 5 dominating context guard(s).
    -> UNSAT (Dead Code / Impossible Path) [Query Latency: 1.239664 ms]
  => SUCCESS: Trap mathematically neutralized!
  -> Found UB Trap. Starting Backward Slice...
    -> Guard[0] (false edge of ''):  %20 = extractvalue { i64, i1 } %19, 1, !nosanitize !5
    -> Guard[1] (false edge of ''):  %16 = extractvalue { i64, i1 } %15, 1, !nosanitize !5
    -> Guard[2] (false edge of ''):  %11 = extractvalue { i64, i1 } %10, 1, !nosanitize !5
    -> Guard[3] (false edge of ''):  %5 = extractvalue { i64, i1 } %4, 1, !nosanitize !5
    -> Collected 4 dominating context guard(s).
    -> UNSAT (Dead Code / Impossible Path) [Query Latency: 0.660164 ms]
  => SUCCESS: Trap mathematically neutralized!
  -> Found UB Trap. Starting Backward Slice...
    -> Guard[0] (false edge of ''):  %16 = extractvalue { i64, i1 } %15, 1, !nosanitize !5
    -> Guard[1] (false edge of ''):  %11 = extractvalue { i64, i1 } %10, 1, !nosanitize !5
    -> Guard[2] (false edge of ''):  %5 = extractvalue { i64, i1 } %4, 1, !nosanitize !5
    -> Collected 3 dominating context guard(s).
    -> SAT (WARNING: Potential Integer Overflow Bug Detected!) [Query Latency: 7.430194 ms]
  -> Found UB Trap. Starting Backward Slice...
    -> Guard[0] (false edge of ''):  %11 = extractvalue { i64, i1 } %10, 1, !nosanitize !5
    -> Guard[1] (false edge of ''):  %5 = extractvalue { i64, i1 } %4, 1, !nosanitize !5
    -> Collected 2 dominating context guard(s).
    -> SAT (WARNING: Potential Integer Overflow Bug Detected!) [Query Latency: 6.478302 ms]
  -> Found UB Trap. Starting Backward Slice...
    -> Guard[0] (false edge of ''):  %5 = extractvalue { i64, i1 } %4, 1, !nosanitize !5
    -> Collected 1 dominating context guard(s).
    -> SAT (WARNING: Potential Integer Overflow Bug Detected!) [Query Latency: 2.305840 ms]
  -> Found UB Trap. Starting Backward Slice...
    -> Collected 0 dominating context guard(s).
    -> SAT (WARNING: Potential Integer Overflow Bug Detected!) [Query Latency: 1.255349 ms]
  -> Found UB Trap. Starting Backward Slice...
    -> Guard[0] (true edge of ''):  %73 = icmp slt i32 %72, 0
    -> Guard[1] (true edge of ''):  %61 = icmp eq ptr %60, %0
    -> Guard[2] (false edge of ''):  %58 = icmp eq ptr %57, null
    -> Guard[3] (false edge of ''):  %54 = icmp eq ptr %53, null
    -> Guard[4] (false edge of ''):  %50 = icmp eq ptr %49, null
    -> Guard[5] (false edge of ''):  %46 = icmp eq ptr %0, null
    -> Guard[6] (false edge of ''):  %41 = extractvalue { i64, i1 } %40, 1, !nosanitize !5
    -> Guard[7] (false edge of ''):  %37 = extractvalue { i64, i1 } %36, 1, !nosanitize !5
    -> Guard[8] (false edge of ''):  %32 = extractvalue { i64, i1 } %31, 1, !nosanitize !5
    -> Guard[9] (false edge of ''):  %27 = extractvalue { i64, i1 } %26, 1, !nosanitize !5
    -> Guard[10] (false edge of ''):  %20 = extractvalue { i64, i1 } %19, 1, !nosanitize !5
    -> Guard[11] (false edge of ''):  %16 = extractvalue { i64, i1 } %15, 1, !nosanitize !5
    -> Guard[12] (false edge of ''):  %11 = extractvalue { i64, i1 } %10, 1, !nosanitize !5
    -> Guard[13] (false edge of ''):  %5 = extractvalue { i64, i1 } %4, 1, !nosanitize !5
    -> Collected 14 dominating context guard(s).
    -> UNKNOWN (Solver gave up) [Query Latency: 10.243589 ms]
  => Total Traps Eliminated: 8
  => Total Trap Attempts: 20
  => Total SMT Queries Executed: 20
  => Total SMT Query Latency: 1.097828e+02 ms
  => Average SMT Query Latency: 5.489140e+00 ms
  => Total DFS & SMT Execution Time: 9.351710e+02 ms
--------------------------------------------------

[Z3 Oracle] Analyzing Function: flush_pending
  -> Found UB Trap. Starting Backward Slice...
    -> Guard[0] (false edge of ''):  %12 = icmp eq i32 %11, 0
    -> Collected 1 dominating context guard(s).
    -> SAT (WARNING: Potential Integer Overflow Bug Detected!) [Query Latency: 1.352735 ms]
  -> Found UB Trap. Starting Backward Slice...
    -> Guard[0] (false edge of ''):  %32 = extractvalue { i32, i1 } %31, 1, !nosanitize !20
    -> Guard[1] (false edge of ''):  %26 = extractvalue { i64, i1 } %25, 1, !nosanitize !20
    -> Guard[2] (false edge of ''):  %12 = icmp eq i32 %11, 0
    -> Collected 3 dominating context guard(s).
    -> SAT (WARNING: Potential Integer Overflow Bug Detected!) [Query Latency: 1.186152 ms]
  -> Found UB Trap. Starting Backward Slice...
    -> Guard[0] (false edge of ''):  %26 = extractvalue { i64, i1 } %25, 1, !nosanitize !20
    -> Guard[1] (false edge of ''):  %12 = icmp eq i32 %11, 0
    -> Collected 2 dominating context guard(s).
    -> SAT (WARNING: Potential Integer Overflow Bug Detected!) [Query Latency: 1.010393 ms]
  => Total Traps Eliminated: 0
  => Total Trap Attempts: 3
  => Total SMT Queries Executed: 3
  => Total SMT Query Latency: 3.549280e+00 ms
  => Average SMT Query Latency: 1.183093e+00 ms
  => Total DFS & SMT Execution Time: 7.938770e+01 ms
--------------------------------------------------

[Z3 Oracle] Analyzing Function: deflate_stored
  -> Found UB Trap. Starting Backward Slice...
    -> Guard[0] (false edge of ''):  %483 = extractvalue { i64, i1 } %482, 1, !nosanitize !14
    -> Guard[1] (false edge of ''):  %476 = extractvalue { i32, i1 } %475, 1, !nosanitize !14
    -> Guard[2] (false edge of ''):  %371 = extractvalue { i64, i1 } %370, 1, !nosanitize !14
    -> Guard[3] (true edge of ''):  %266 = phi i1 [ false, %262 ], [ true, %32 ], [ true, %64 ], [ true, %71 ]
    -> Guard[4] (false edge of ''):  %271 = extractvalue { i32, i1 } %269, 1, !nosanitize !14
    -> Guard[5] (false edge of ''):  %30 = extractvalue { i32, i1 } %29, 1, !nosanitize !14
    -> Guard[6] (false edge of ''):  %6 = extractvalue { i64, i1 } %5, 1, !nosanitize !14
    -> Collected 7 dominating context guard(s).
    -> UNKNOWN (Solver gave up) [Query Latency: 10.127050 ms]
  -> Found UB Trap. Starting Backward Slice...
    -> Guard[0] (false edge of ''):  %476 = extractvalue { i32, i1 } %475, 1, !nosanitize !14
    -> Guard[1] (false edge of ''):  %371 = extractvalue { i64, i1 } %370, 1, !nosanitize !14
    -> Guard[2] (true edge of ''):  %266 = phi i1 [ false, %262 ], [ true, %32 ], [ true, %64 ], [ true, %71 ]
    -> Guard[3] (false edge of ''):  %271 = extractvalue { i32, i1 } %269, 1, !nosanitize !14
    -> Guard[4] (false edge of ''):  %30 = extractvalue { i32, i1 } %29, 1, !nosanitize !14
    -> Guard[5] (false edge of ''):  %6 = extractvalue { i64, i1 } %5, 1, !nosanitize !14
    -> Collected 6 dominating context guard(s).
    -> UNKNOWN (Solver gave up) [Query Latency: 10.117620 ms]
  -> Found UB Trap. Starting Backward Slice...
    -> Guard[0] (false edge of ''):  %452 = extractvalue { i32, i1 } %451, 1, !nosanitize !14
    -> Guard[1] (false edge of ''):  %446 = extractvalue { i64, i1 } %445, 1, !nosanitize !14
    -> Guard[2] (false edge of ''):  %422 = extractvalue { i32, i1 } %421, 1, !nosanitize !14
    -> Guard[3] (false edge of ''):  %416 = icmp eq i32 %415, 0
    -> Guard[4] (false edge of ''):  %371 = extractvalue { i64, i1 } %370, 1, !nosanitize !14
    -> Guard[5] (true edge of ''):  %266 = phi i1 [ false, %262 ], [ true, %32 ], [ true, %64 ], [ true, %71 ]
    -> Guard[6] (false edge of ''):  %271 = extractvalue { i32, i1 } %269, 1, !nosanitize !14
    -> Guard[7] (false edge of ''):  %30 = extractvalue { i32, i1 } %29, 1, !nosanitize !14
    -> Guard[8] (false edge of ''):  %6 = extractvalue { i64, i1 } %5, 1, !nosanitize !14
    -> Collected 9 dominating context guard(s).
    -> UNKNOWN (Solver gave up) [Query Latency: 10.386744 ms]
  -> Found UB Trap. Starting Backward Slice...
    -> Guard[0] (false edge of ''):  %383 = icmp slt i64 %380, %382
    -> Guard[1] (true edge of ''):  %378 = icmp ugt i32 %377, %374
    -> Guard[2] (false edge of ''):  %371 = extractvalue { i64, i1 } %370, 1, !nosanitize !14
    -> Guard[3] (true edge of ''):  %266 = phi i1 [ false, %262 ], [ true, %32 ], [ true, %64 ], [ true, %71 ]
    -> Guard[4] (false edge of ''):  %271 = extractvalue { i32, i1 } %269, 1, !nosanitize !14
    -> Guard[5] (false edge of ''):  %30 = extractvalue { i32, i1 } %29, 1, !nosanitize !14
    -> Guard[6] (false edge of ''):  %6 = extractvalue { i64, i1 } %5, 1, !nosanitize !14
    -> Collected 7 dominating context guard(s).
    -> UNKNOWN (Solver gave up) [Query Latency: 10.181832 ms]
  -> Found UB Trap. Starting Backward Slice...
    -> Guard[0] (true edge of ''):  %266 = phi i1 [ false, %262 ], [ true, %32 ], [ true, %64 ], [ true, %71 ]
    -> Guard[1] (false edge of ''):  %271 = extractvalue { i32, i1 } %269, 1, !nosanitize !14
    -> Guard[2] (false edge of ''):  %30 = extractvalue { i32, i1 } %29, 1, !nosanitize !14
    -> Guard[3] (false edge of ''):  %6 = extractvalue { i64, i1 } %5, 1, !nosanitize !14
    -> Collected 4 dominating context guard(s).
    -> UNKNOWN (Solver gave up) [Query Latency: 10.132304 ms]
  -> Found UB Trap. Starting Backward Slice...
    -> Guard[0] (false edge of ''):  %331 = extractvalue { i32, i1 } %330, 1, !nosanitize !14
    -> Guard[1] (false edge of ''):  %295 = extractvalue { i64, i1 } %294, 1, !nosanitize !14
    -> Guard[2] (true edge of ''):  %279 = icmp ult i32 %270, %278
    -> Guard[3] (false edge of ''):  %273 = icmp eq i32 %270, 0
    -> Guard[4] (false edge of ''):  %271 = extractvalue { i32, i1 } %269, 1, !nosanitize !14
    -> Guard[5] (false edge of ''):  %30 = extractvalue { i32, i1 } %29, 1, !nosanitize !14
    -> Guard[6] (false edge of ''):  %6 = extractvalue { i64, i1 } %5, 1, !nosanitize !14
    -> Collected 7 dominating context guard(s).
    -> SAT (WARNING: Potential Integer Overflow Bug Detected!) [Query Latency: 6.256340 ms]
  -> Found UB Trap. Starting Backward Slice...
    -> Guard[0] (false edge of ''):  %299 = icmp ugt i64 %297, %298
    -> Guard[1] (false edge of ''):  %295 = extractvalue { i64, i1 } %294, 1, !nosanitize !14
    -> Guard[2] (true edge of ''):  %279 = icmp ult i32 %270, %278
    -> Guard[3] (false edge of ''):  %273 = icmp eq i32 %270, 0
    -> Guard[4] (false edge of ''):  %271 = extractvalue { i32, i1 } %269, 1, !nosanitize !14
    -> Guard[5] (false edge of ''):  %30 = extractvalue { i32, i1 } %29, 1, !nosanitize !14
    -> Guard[6] (false edge of ''):  %6 = extractvalue { i64, i1 } %5, 1, !nosanitize !14
    -> Collected 7 dominating context guard(s).
    -> SAT (WARNING: Potential Integer Overflow Bug Detected!) [Query Latency: 9.894485 ms]
  -> Found UB Trap. Starting Backward Slice...
    -> Guard[0] (true edge of ''):  %279 = icmp ult i32 %270, %278
    -> Guard[1] (false edge of ''):  %273 = icmp eq i32 %270, 0
    -> Guard[2] (false edge of ''):  %271 = extractvalue { i32, i1 } %269, 1, !nosanitize !14
    -> Guard[3] (false edge of ''):  %30 = extractvalue { i32, i1 } %29, 1, !nosanitize !14
    -> Guard[4] (false edge of ''):  %6 = extractvalue { i64, i1 } %5, 1, !nosanitize !14
    -> Collected 5 dominating context guard(s).
    -> SAT (WARNING: Potential Integer Overflow Bug Detected!) [Query Latency: 3.093557 ms]
  -> Found UB Trap. Starting Backward Slice...
    -> Guard[0] (false edge of ''):  %30 = extractvalue { i32, i1 } %29, 1, !nosanitize !14
    -> Guard[1] (false edge of ''):  %6 = extractvalue { i64, i1 } %5, 1, !nosanitize !14
    -> Collected 2 dominating context guard(s).
    -> SAT (WARNING: Potential Integer Overflow Bug Detected!) [Query Latency: 0.679481 ms]
  -> Found UB Trap. Starting Backward Slice...
    -> Guard[0] (false edge of ''):  %201 = icmp eq i32 %200, 0
    -> Guard[1] (false edge of ''):  %112 = extractvalue { i64, i1 } %111, 1, !nosanitize !14
    -> Guard[2] (false edge of ''):  %103 = extractvalue { i64, i1 } %102, 1, !nosanitize !14
    -> Guard[3] (false edge of ''):  %94 = extractvalue { i64, i1 } %93, 1, !nosanitize !14
    -> Guard[4] (false edge of ''):  %86 = extractvalue { i64, i1 } %85, 1, !nosanitize !14
    -> Guard[5] (false edge of ''):  %45 = extractvalue { i64, i1 } %44, 1, !nosanitize !14
    -> Guard[6] (false edge of ''):  %38 = icmp ult i32 %37, %34
    -> Guard[7] (false edge of ''):  %30 = extractvalue { i32, i1 } %29, 1, !nosanitize !14
    -> Guard[8] (false edge of ''):  %6 = extractvalue { i64, i1 } %5, 1, !nosanitize !14
    -> Collected 9 dominating context guard(s).
    -> UNKNOWN (Solver gave up) [Query Latency: 10.332085 ms]
  -> Found UB Trap. Starting Backward Slice...
    -> Guard[0] (false edge of ''):  %192 = extractvalue { i64, i1 } %191, 1, !nosanitize !14
    -> Guard[1] (false edge of ''):  %187 = extractvalue { i64, i1 } %186, 1, !nosanitize !14
    -> Guard[2] (false edge of ''):  %181 = extractvalue { i32, i1 } %180, 1, !nosanitize !14
    -> Guard[3] (false edge of ''):  %164 = icmp eq i32 %48, 0
    -> Guard[4] (false edge of ''):  %112 = extractvalue { i64, i1 } %111, 1, !nosanitize !14
    -> Guard[5] (false edge of ''):  %103 = extractvalue { i64, i1 } %102, 1, !nosanitize !14
    -> Guard[6] (false edge of ''):  %94 = extractvalue { i64, i1 } %93, 1, !nosanitize !14
    -> Guard[7] (false edge of ''):  %86 = extractvalue { i64, i1 } %85, 1, !nosanitize !14
    -> Guard[8] (false edge of ''):  %45 = extractvalue { i64, i1 } %44, 1, !nosanitize !14
    -> Guard[9] (false edge of ''):  %38 = icmp ult i32 %37, %34
    -> Guard[10] (false edge of ''):  %30 = extractvalue { i32, i1 } %29, 1, !nosanitize !14
    -> Guard[11] (false edge of ''):  %6 = extractvalue { i64, i1 } %5, 1, !nosanitize !14
    -> Collected 12 dominating context guard(s).
    -> UNKNOWN (Solver gave up) [Query Latency: 10.140427 ms]
  -> Found UB Trap. Starting Backward Slice...
    -> Guard[0] (false edge of ''):  %164 = icmp eq i32 %48, 0
    -> Guard[1] (false edge of ''):  %112 = extractvalue { i64, i1 } %111, 1, !nosanitize !14
    -> Guard[2] (false edge of ''):  %103 = extractvalue { i64, i1 } %102, 1, !nosanitize !14
    -> Guard[3] (false edge of ''):  %94 = extractvalue { i64, i1 } %93, 1, !nosanitize !14
    -> Guard[4] (false edge of ''):  %86 = extractvalue { i64, i1 } %85, 1, !nosanitize !14
    -> Guard[5] (false edge of ''):  %45 = extractvalue { i64, i1 } %44, 1, !nosanitize !14
    -> Guard[6] (false edge of ''):  %38 = icmp ult i32 %37, %34
    -> Guard[7] (false edge of ''):  %30 = extractvalue { i32, i1 } %29, 1, !nosanitize !14
    -> Guard[8] (false edge of ''):  %6 = extractvalue { i64, i1 } %5, 1, !nosanitize !14
    -> Collected 9 dominating context guard(s).
    -> SAT (WARNING: Potential Integer Overflow Bug Detected!) [Query Latency: 7.232595 ms]
  -> Found UB Trap. Starting Backward Slice...
    -> Guard[0] (false edge of ''):  %103 = extractvalue { i64, i1 } %102, 1, !nosanitize !14
    -> Guard[1] (false edge of ''):  %94 = extractvalue { i64, i1 } %93, 1, !nosanitize !14
    -> Guard[2] (false edge of ''):  %86 = extractvalue { i64, i1 } %85, 1, !nosanitize !14
    -> Guard[3] (false edge of ''):  %45 = extractvalue { i64, i1 } %44, 1, !nosanitize !14
    -> Guard[4] (false edge of ''):  %38 = icmp ult i32 %37, %34
    -> Guard[5] (false edge of ''):  %30 = extractvalue { i32, i1 } %29, 1, !nosanitize !14
    -> Guard[6] (false edge of ''):  %6 = extractvalue { i64, i1 } %5, 1, !nosanitize !14
    -> Collected 7 dominating context guard(s).
    -> SAT (WARNING: Potential Integer Overflow Bug Detected!) [Query Latency: 2.735581 ms]
  -> Found UB Trap. Starting Backward Slice...
    -> Guard[0] (false edge of ''):  %94 = extractvalue { i64, i1 } %93, 1, !nosanitize !14
    -> Guard[1] (false edge of ''):  %86 = extractvalue { i64, i1 } %85, 1, !nosanitize !14
    -> Guard[2] (false edge of ''):  %45 = extractvalue { i64, i1 } %44, 1, !nosanitize !14
    -> Guard[3] (false edge of ''):  %38 = icmp ult i32 %37, %34
    -> Guard[4] (false edge of ''):  %30 = extractvalue { i32, i1 } %29, 1, !nosanitize !14
    -> Guard[5] (false edge of ''):  %6 = extractvalue { i64, i1 } %5, 1, !nosanitize !14
    -> Collected 6 dominating context guard(s).
    -> SAT (WARNING: Potential Integer Overflow Bug Detected!) [Query Latency: 2.526761 ms]
  -> Found UB Trap. Starting Backward Slice...
    -> Guard[0] (false edge of ''):  %86 = extractvalue { i64, i1 } %85, 1, !nosanitize !14
    -> Guard[1] (false edge of ''):  %45 = extractvalue { i64, i1 } %44, 1, !nosanitize !14
    -> Guard[2] (false edge of ''):  %38 = icmp ult i32 %37, %34
    -> Guard[3] (false edge of ''):  %30 = extractvalue { i32, i1 } %29, 1, !nosanitize !14
    -> Guard[4] (false edge of ''):  %6 = extractvalue { i64, i1 } %5, 1, !nosanitize !14
    -> Collected 5 dominating context guard(s).
    -> SAT (WARNING: Potential Integer Overflow Bug Detected!) [Query Latency: 1.706366 ms]
  -> Found UB Trap. Starting Backward Slice...
    -> Guard[0] (false edge of ''):  %45 = extractvalue { i64, i1 } %44, 1, !nosanitize !14
    -> Guard[1] (false edge of ''):  %38 = icmp ult i32 %37, %34
    -> Guard[2] (false edge of ''):  %30 = extractvalue { i32, i1 } %29, 1, !nosanitize !14
    -> Guard[3] (false edge of ''):  %6 = extractvalue { i64, i1 } %5, 1, !nosanitize !14
    -> Collected 4 dominating context guard(s).
    -> SAT (WARNING: Potential Integer Overflow Bug Detected!) [Query Latency: 2.580972 ms]
  -> Found UB Trap. Starting Backward Slice...
    -> Guard[0] (false edge of ''):  %38 = icmp ult i32 %37, %34
    -> Guard[1] (false edge of ''):  %30 = extractvalue { i32, i1 } %29, 1, !nosanitize !14
    -> Guard[2] (false edge of ''):  %6 = extractvalue { i64, i1 } %5, 1, !nosanitize !14
    -> Collected 3 dominating context guard(s).
    -> SAT (WARNING: Potential Integer Overflow Bug Detected!) [Query Latency: 3.139474 ms]
  -> Found UB Trap. Starting Backward Slice...
    -> Collected 0 dominating context guard(s).
    -> SAT (WARNING: Potential Integer Overflow Bug Detected!) [Query Latency: 0.528617 ms]
  -> Found UB Trap. Starting Backward Slice...
    -> Guard[0] (false edge of ''):  %490 = extractvalue { i64, i1 } %489, 1, !nosanitize !14
    -> Guard[1] (false edge of ''):  %483 = extractvalue { i64, i1 } %482, 1, !nosanitize !14
    -> Guard[2] (false edge of ''):  %476 = extractvalue { i32, i1 } %475, 1, !nosanitize !14
    -> Guard[3] (false edge of ''):  %371 = extractvalue { i64, i1 } %370, 1, !nosanitize !14
    -> Guard[4] (true edge of ''):  %266 = phi i1 [ false, %262 ], [ true, %32 ], [ true, %64 ], [ true, %71 ]
    -> Guard[5] (false edge of ''):  %271 = extractvalue { i32, i1 } %269, 1, !nosanitize !14
    -> Guard[6] (false edge of ''):  %30 = extractvalue { i32, i1 } %29, 1, !nosanitize !14
    -> Guard[7] (false edge of ''):  %6 = extractvalue { i64, i1 } %5, 1, !nosanitize !14
    -> Collected 8 dominating context guard(s).
    -> UNKNOWN (Solver gave up) [Query Latency: 10.127049 ms]
  -> Found UB Trap. Starting Backward Slice...
    -> Guard[0] (false edge of ''):  %371 = extractvalue { i64, i1 } %370, 1, !nosanitize !14
    -> Guard[1] (true edge of ''):  %266 = phi i1 [ false, %262 ], [ true, %32 ], [ true, %64 ], [ true, %71 ]
    -> Guard[2] (false edge of ''):  %271 = extractvalue { i32, i1 } %269, 1, !nosanitize !14
    -> Guard[3] (false edge of ''):  %30 = extractvalue { i32, i1 } %29, 1, !nosanitize !14
    -> Guard[4] (false edge of ''):  %6 = extractvalue { i64, i1 } %5, 1, !nosanitize !14
    -> Collected 5 dominating context guard(s).
    -> UNKNOWN (Solver gave up) [Query Latency: 10.124641 ms]
  -> Found UB Trap. Starting Backward Slice...
    -> Guard[0] (false edge of ''):  %459 = extractvalue { i32, i1 } %458, 1, !nosanitize !14
    -> Guard[1] (false edge of ''):  %452 = extractvalue { i32, i1 } %451, 1, !nosanitize !14
    -> Guard[2] (false edge of ''):  %446 = extractvalue { i64, i1 } %445, 1, !nosanitize !14
    -> Guard[3] (false edge of ''):  %422 = extractvalue { i32, i1 } %421, 1, !nosanitize !14
    -> Guard[4] (false edge of ''):  %416 = icmp eq i32 %415, 0
    -> Guard[5] (false edge of ''):  %371 = extractvalue { i64, i1 } %370, 1, !nosanitize !14
    -> Guard[6] (true edge of ''):  %266 = phi i1 [ false, %262 ], [ true, %32 ], [ true, %64 ], [ true, %71 ]
    -> Guard[7] (false edge of ''):  %271 = extractvalue { i32, i1 } %269, 1, !nosanitize !14
    -> Guard[8] (false edge of ''):  %30 = extractvalue { i32, i1 } %29, 1, !nosanitize !14
    -> Guard[9] (false edge of ''):  %6 = extractvalue { i64, i1 } %5, 1, !nosanitize !14
    -> Collected 10 dominating context guard(s).
    -> UNKNOWN (Solver gave up) [Query Latency: 10.149781 ms]
  -> Found UB Trap. Starting Backward Slice...
    -> Guard[0] (false edge of ''):  %446 = extractvalue { i64, i1 } %445, 1, !nosanitize !14
    -> Guard[1] (false edge of ''):  %422 = extractvalue { i32, i1 } %421, 1, !nosanitize !14
    -> Guard[2] (false edge of ''):  %416 = icmp eq i32 %415, 0
    -> Guard[3] (false edge of ''):  %371 = extractvalue { i64, i1 } %370, 1, !nosanitize !14
    -> Guard[4] (true edge of ''):  %266 = phi i1 [ false, %262 ], [ true, %32 ], [ true, %64 ], [ true, %71 ]
    -> Guard[5] (false edge of ''):  %271 = extractvalue { i32, i1 } %269, 1, !nosanitize !14
    -> Guard[6] (false edge of ''):  %30 = extractvalue { i32, i1 } %29, 1, !nosanitize !14
    -> Guard[7] (false edge of ''):  %6 = extractvalue { i64, i1 } %5, 1, !nosanitize !14
    -> Collected 8 dominating context guard(s).
    -> UNKNOWN (Solver gave up) [Query Latency: 10.135760 ms]
  -> Found UB Trap. Starting Backward Slice...
    -> Guard[0] (false edge of ''):  %387 = extractvalue { i32, i1 } %386, 1, !nosanitize !14
    -> Guard[1] (false edge of ''):  %383 = icmp slt i64 %380, %382
    -> Guard[2] (true edge of ''):  %378 = icmp ugt i32 %377, %374
    -> Guard[3] (false edge of ''):  %371 = extractvalue { i64, i1 } %370, 1, !nosanitize !14
    -> Guard[4] (true edge of ''):  %266 = phi i1 [ false, %262 ], [ true, %32 ], [ true, %64 ], [ true, %71 ]
    -> Guard[5] (false edge of ''):  %271 = extractvalue { i32, i1 } %269, 1, !nosanitize !14
    -> Guard[6] (false edge of ''):  %30 = extractvalue { i32, i1 } %29, 1, !nosanitize !14
    -> Guard[7] (false edge of ''):  %6 = extractvalue { i64, i1 } %5, 1, !nosanitize !14
    -> Collected 8 dominating context guard(s).
    -> UNKNOWN (Solver gave up) [Query Latency: 10.180260 ms]
  -> Found UB Trap. Starting Backward Slice...
    -> Guard[0] (false edge of ''):  %338 = extractvalue { i32, i1 } %337, 1, !nosanitize !14
    -> Guard[1] (false edge of ''):  %331 = extractvalue { i32, i1 } %330, 1, !nosanitize !14
    -> Guard[2] (false edge of ''):  %295 = extractvalue { i64, i1 } %294, 1, !nosanitize !14
    -> Guard[3] (true edge of ''):  %279 = icmp ult i32 %270, %278
    -> Guard[4] (false edge of ''):  %273 = icmp eq i32 %270, 0
    -> Guard[5] (false edge of ''):  %271 = extractvalue { i32, i1 } %269, 1, !nosanitize !14
    -> Guard[6] (false edge of ''):  %30 = extractvalue { i32, i1 } %29, 1, !nosanitize !14
    -> Guard[7] (false edge of ''):  %6 = extractvalue { i64, i1 } %5, 1, !nosanitize !14
    -> Collected 8 dominating context guard(s).
    -> SAT (WARNING: Potential Integer Overflow Bug Detected!) [Query Latency: 2.676522 ms]
  -> Found UB Trap. Starting Backward Slice...
    -> Guard[0] (false edge of ''):  %295 = extractvalue { i64, i1 } %294, 1, !nosanitize !14
    -> Guard[1] (true edge of ''):  %279 = icmp ult i32 %270, %278
    -> Guard[2] (false edge of ''):  %273 = icmp eq i32 %270, 0
    -> Guard[3] (false edge of ''):  %271 = extractvalue { i32, i1 } %269, 1, !nosanitize !14
    -> Guard[4] (false edge of ''):  %30 = extractvalue { i32, i1 } %29, 1, !nosanitize !14
    -> Guard[5] (false edge of ''):  %6 = extractvalue { i64, i1 } %5, 1, !nosanitize !14
    -> Collected 6 dominating context guard(s).
    -> SAT (WARNING: Potential Integer Overflow Bug Detected!) [Query Latency: 6.693658 ms]
  -> Found UB Trap. Starting Backward Slice...
    -> Guard[0] (false edge of ''):  %252 = extractvalue { i32, i1 } %251, 1, !nosanitize !14
    -> Guard[1] (false edge of ''):  %201 = icmp eq i32 %200, 0
    -> Guard[2] (false edge of ''):  %112 = extractvalue { i64, i1 } %111, 1, !nosanitize !14
    -> Guard[3] (false edge of ''):  %103 = extractvalue { i64, i1 } %102, 1, !nosanitize !14
    -> Guard[4] (false edge of ''):  %94 = extractvalue { i64, i1 } %93, 1, !nosanitize !14
    -> Guard[5] (false edge of ''):  %86 = extractvalue { i64, i1 } %85, 1, !nosanitize !14
    -> Guard[6] (false edge of ''):  %45 = extractvalue { i64, i1 } %44, 1, !nosanitize !14
    -> Guard[7] (false edge of ''):  %38 = icmp ult i32 %37, %34
    -> Guard[8] (false edge of ''):  %30 = extractvalue { i32, i1 } %29, 1, !nosanitize !14
    -> Guard[9] (false edge of ''):  %6 = extractvalue { i64, i1 } %5, 1, !nosanitize !14
    -> Collected 10 dominating context guard(s).
    -> UNKNOWN (Solver gave up) [Query Latency: 10.116373 ms]
  -> Found UB Trap. Starting Backward Slice...
    -> Guard[0] (false edge of ''):  %187 = extractvalue { i64, i1 } %186, 1, !nosanitize !14
    -> Guard[1] (false edge of ''):  %181 = extractvalue { i32, i1 } %180, 1, !nosanitize !14
    -> Guard[2] (false edge of ''):  %164 = icmp eq i32 %48, 0
    -> Guard[3] (false edge of ''):  %112 = extractvalue { i64, i1 } %111, 1, !nosanitize !14
    -> Guard[4] (false edge of ''):  %103 = extractvalue { i64, i1 } %102, 1, !nosanitize !14
    -> Guard[5] (false edge of ''):  %94 = extractvalue { i64, i1 } %93, 1, !nosanitize !14
    -> Guard[6] (false edge of ''):  %86 = extractvalue { i64, i1 } %85, 1, !nosanitize !14
    -> Guard[7] (false edge of ''):  %45 = extractvalue { i64, i1 } %44, 1, !nosanitize !14
    -> Guard[8] (false edge of ''):  %38 = icmp ult i32 %37, %34
    -> Guard[9] (false edge of ''):  %30 = extractvalue { i32, i1 } %29, 1, !nosanitize !14
    -> Guard[10] (false edge of ''):  %6 = extractvalue { i64, i1 } %5, 1, !nosanitize !14
    -> Collected 11 dominating context guard(s).
    -> UNKNOWN (Solver gave up) [Query Latency: 10.259697 ms]
  -> Found UB Trap. Starting Backward Slice...
    -> Guard[0] (false edge of ''):  %181 = extractvalue { i32, i1 } %180, 1, !nosanitize !14
    -> Guard[1] (false edge of ''):  %164 = icmp eq i32 %48, 0
    -> Guard[2] (false edge of ''):  %112 = extractvalue { i64, i1 } %111, 1, !nosanitize !14
    -> Guard[3] (false edge of ''):  %103 = extractvalue { i64, i1 } %102, 1, !nosanitize !14
    -> Guard[4] (false edge of ''):  %94 = extractvalue { i64, i1 } %93, 1, !nosanitize !14
    -> Guard[5] (false edge of ''):  %86 = extractvalue { i64, i1 } %85, 1, !nosanitize !14
    -> Guard[6] (false edge of ''):  %45 = extractvalue { i64, i1 } %44, 1, !nosanitize !14
    -> Guard[7] (false edge of ''):  %38 = icmp ult i32 %37, %34
    -> Guard[8] (false edge of ''):  %30 = extractvalue { i32, i1 } %29, 1, !nosanitize !14
    -> Guard[9] (false edge of ''):  %6 = extractvalue { i64, i1 } %5, 1, !nosanitize !14
    -> Collected 10 dominating context guard(s).
    -> SAT (WARNING: Potential Integer Overflow Bug Detected!) [Query Latency: 4.403162 ms]
  -> Found UB Trap. Starting Backward Slice...
    -> Guard[0] (true edge of ''):  %23 = icmp eq i32 %1, 4
    -> Guard[1] (false edge of ''):  %45 = extractvalue { i64, i1 } %44, 1, !nosanitize !14
    -> Guard[2] (false edge of ''):  %38 = icmp ult i32 %37, %34
    -> Guard[3] (false edge of ''):  %30 = extractvalue { i32, i1 } %29, 1, !nosanitize !14
    -> Guard[4] (false edge of ''):  %6 = extractvalue { i64, i1 } %5, 1, !nosanitize !14
    -> Collected 5 dominating context guard(s).
    -> SAT (WARNING: Potential Integer Overflow Bug Detected!) [Query Latency: 6.898246 ms]
  -> Found UB Trap. Starting Backward Slice...
    -> Guard[0] (false edge of ''):  %67 = or i1 %22, %66
    -> Guard[1] (true edge of ''):  %63 = icmp ult i32 %62, %14
    -> Guard[2] (false edge of ''):  %45 = extractvalue { i64, i1 } %44, 1, !nosanitize !14
    -> Guard[3] (false edge of ''):  %38 = icmp ult i32 %37, %34
    -> Guard[4] (false edge of ''):  %30 = extractvalue { i32, i1 } %29, 1, !nosanitize !14
    -> Guard[5] (false edge of ''):  %6 = extractvalue { i64, i1 } %5, 1, !nosanitize !14
    -> Collected 6 dominating context guard(s).
    -> SAT (WARNING: Potential Integer Overflow Bug Detected!) [Query Latency: 7.415479 ms]
  -> Found UB Trap. Starting Backward Slice...
    -> Guard[0] (true edge of ''):  %54 = icmp ult i64 %53, 65535
    -> Guard[1] (false edge of ''):  %45 = extractvalue { i64, i1 } %44, 1, !nosanitize !14
    -> Guard[2] (false edge of ''):  %38 = icmp ult i32 %37, %34
    -> Guard[3] (false edge of ''):  %30 = extractvalue { i32, i1 } %29, 1, !nosanitize !14
    -> Guard[4] (false edge of ''):  %6 = extractvalue { i64, i1 } %5, 1, !nosanitize !14
    -> Collected 5 dominating context guard(s).
    -> UNSAT (Dead Code / Impossible Path) [Query Latency: 0.300308 ms]
  => SUCCESS: Trap mathematically neutralized!
  -> Found UB Trap. Starting Backward Slice...
    -> Guard[0] (false edge of ''):  %6 = extractvalue { i64, i1 } %5, 1, !nosanitize !14
    -> Collected 1 dominating context guard(s).
    -> SAT (WARNING: Potential Integer Overflow Bug Detected!) [Query Latency: 0.633471 ms]
  -> Found UB Trap. Starting Backward Slice...
    -> Guard[0] (false edge of ''):  %130 = icmp eq i32 %129, 0
    -> Guard[1] (false edge of ''):  %112 = extractvalue { i64, i1 } %111, 1, !nosanitize !14
    -> Guard[2] (false edge of ''):  %103 = extractvalue { i64, i1 } %102, 1, !nosanitize !14
    -> Guard[3] (false edge of ''):  %94 = extractvalue { i64, i1 } %93, 1, !nosanitize !14
    -> Guard[4] (false edge of ''):  %86 = extractvalue { i64, i1 } %85, 1, !nosanitize !14
    -> Guard[5] (false edge of ''):  %45 = extractvalue { i64, i1 } %44, 1, !nosanitize !14
    -> Guard[6] (false edge of ''):  %38 = icmp ult i32 %37, %34
    -> Guard[7] (false edge of ''):  %30 = extractvalue { i32, i1 } %29, 1, !nosanitize !14
    -> Guard[8] (false edge of ''):  %6 = extractvalue { i64, i1 } %5, 1, !nosanitize !14
    -> Collected 9 dominating context guard(s).
    -> SAT (WARNING: Potential Integer Overflow Bug Detected!) [Query Latency: 2.661824 ms]
  -> Found UB Trap. Starting Backward Slice...
    -> Guard[0] (false edge of ''):  %150 = extractvalue { i32, i1 } %149, 1, !nosanitize !14
    -> Guard[1] (false edge of ''):  %144 = extractvalue { i64, i1 } %143, 1, !nosanitize !14
    -> Guard[2] (false edge of ''):  %130 = icmp eq i32 %129, 0
    -> Guard[3] (false edge of ''):  %112 = extractvalue { i64, i1 } %111, 1, !nosanitize !14
    -> Guard[4] (false edge of ''):  %103 = extractvalue { i64, i1 } %102, 1, !nosanitize !14
    -> Guard[5] (false edge of ''):  %94 = extractvalue { i64, i1 } %93, 1, !nosanitize !14
    -> Guard[6] (false edge of ''):  %86 = extractvalue { i64, i1 } %85, 1, !nosanitize !14
    -> Guard[7] (false edge of ''):  %45 = extractvalue { i64, i1 } %44, 1, !nosanitize !14
    -> Guard[8] (false edge of ''):  %38 = icmp ult i32 %37, %34
    -> Guard[9] (false edge of ''):  %30 = extractvalue { i32, i1 } %29, 1, !nosanitize !14
    -> Guard[10] (false edge of ''):  %6 = extractvalue { i64, i1 } %5, 1, !nosanitize !14
    -> Collected 11 dominating context guard(s).
    -> SAT (WARNING: Potential Integer Overflow Bug Detected!) [Query Latency: 2.469007 ms]
  -> Found UB Trap. Starting Backward Slice...
    -> Guard[0] (false edge of ''):  %144 = extractvalue { i64, i1 } %143, 1, !nosanitize !14
    -> Guard[1] (false edge of ''):  %130 = icmp eq i32 %129, 0
    -> Guard[2] (false edge of ''):  %112 = extractvalue { i64, i1 } %111, 1, !nosanitize !14
    -> Guard[3] (false edge of ''):  %103 = extractvalue { i64, i1 } %102, 1, !nosanitize !14
    -> Guard[4] (false edge of ''):  %94 = extractvalue { i64, i1 } %93, 1, !nosanitize !14
    -> Guard[5] (false edge of ''):  %86 = extractvalue { i64, i1 } %85, 1, !nosanitize !14
    -> Guard[6] (false edge of ''):  %45 = extractvalue { i64, i1 } %44, 1, !nosanitize !14
    -> Guard[7] (false edge of ''):  %38 = icmp ult i32 %37, %34
    -> Guard[8] (false edge of ''):  %30 = extractvalue { i32, i1 } %29, 1, !nosanitize !14
    -> Guard[9] (false edge of ''):  %6 = extractvalue { i64, i1 } %5, 1, !nosanitize !14
    -> Collected 10 dominating context guard(s).
    -> SAT (WARNING: Potential Integer Overflow Bug Detected!) [Query Latency: 2.502616 ms]
  -> Found UB Trap. Starting Backward Slice...
    -> Guard[0] (false edge of ''):  %209 = icmp eq i32 %207, 0
    -> Guard[1] (false edge of ''):  %201 = icmp eq i32 %200, 0
    -> Guard[2] (false edge of ''):  %112 = extractvalue { i64, i1 } %111, 1, !nosanitize !14
    -> Guard[3] (false edge of ''):  %103 = extractvalue { i64, i1 } %102, 1, !nosanitize !14
    -> Guard[4] (false edge of ''):  %94 = extractvalue { i64, i1 } %93, 1, !nosanitize !14
    -> Guard[5] (false edge of ''):  %86 = extractvalue { i64, i1 } %85, 1, !nosanitize !14
    -> Guard[6] (false edge of ''):  %45 = extractvalue { i64, i1 } %44, 1, !nosanitize !14
    -> Guard[7] (false edge of ''):  %38 = icmp ult i32 %37, %34
    -> Guard[8] (false edge of ''):  %30 = extractvalue { i32, i1 } %29, 1, !nosanitize !14
    -> Guard[9] (false edge of ''):  %6 = extractvalue { i64, i1 } %5, 1, !nosanitize !14
    -> Collected 10 dominating context guard(s).
    -> UNSAT (Dead Code / Impossible Path) [Query Latency: 3.684744 ms]
  => SUCCESS: Trap mathematically neutralized!
  -> Found UB Trap. Starting Backward Slice...
    -> Guard[0] (false edge of ''):  %212 = extractvalue { i32, i1 } %211, 1, !nosanitize !14
    -> Guard[1] (false edge of ''):  %209 = icmp eq i32 %207, 0
    -> Guard[2] (false edge of ''):  %201 = icmp eq i32 %200, 0
    -> Guard[3] (false edge of ''):  %112 = extractvalue { i64, i1 } %111, 1, !nosanitize !14
    -> Guard[4] (false edge of ''):  %103 = extractvalue { i64, i1 } %102, 1, !nosanitize !14
    -> Guard[5] (false edge of ''):  %94 = extractvalue { i64, i1 } %93, 1, !nosanitize !14
    -> Guard[6] (false edge of ''):  %86 = extractvalue { i64, i1 } %85, 1, !nosanitize !14
    -> Guard[7] (false edge of ''):  %45 = extractvalue { i64, i1 } %44, 1, !nosanitize !14
    -> Guard[8] (false edge of ''):  %38 = icmp ult i32 %37, %34
    -> Guard[9] (false edge of ''):  %30 = extractvalue { i32, i1 } %29, 1, !nosanitize !14
    -> Guard[10] (false edge of ''):  %6 = extractvalue { i64, i1 } %5, 1, !nosanitize !14
    -> Collected 11 dominating context guard(s).
    -> UNKNOWN (Solver gave up) [Query Latency: 10.126824 ms]
  -> Found UB Trap. Starting Backward Slice...
    -> Guard[0] (false edge of ''):  %416 = icmp eq i32 %415, 0
    -> Guard[1] (false edge of ''):  %371 = extractvalue { i64, i1 } %370, 1, !nosanitize !14
    -> Guard[2] (true edge of ''):  %266 = phi i1 [ false, %262 ], [ true, %32 ], [ true, %64 ], [ true, %71 ]
    -> Guard[3] (false edge of ''):  %271 = extractvalue { i32, i1 } %269, 1, !nosanitize !14
    -> Guard[4] (false edge of ''):  %30 = extractvalue { i32, i1 } %29, 1, !nosanitize !14
    -> Guard[5] (false edge of ''):  %6 = extractvalue { i64, i1 } %5, 1, !nosanitize !14
    -> Collected 6 dominating context guard(s).
    -> UNSAT (Dead Code / Impossible Path) [Query Latency: 2.598495 ms]
  => SUCCESS: Trap mathematically neutralized!
  -> Found UB Trap. Starting Backward Slice...
    -> Guard[0] (false edge of ''):  %422 = extractvalue { i32, i1 } %421, 1, !nosanitize !14
    -> Guard[1] (false edge of ''):  %416 = icmp eq i32 %415, 0
    -> Guard[2] (false edge of ''):  %371 = extractvalue { i64, i1 } %370, 1, !nosanitize !14
    -> Guard[3] (true edge of ''):  %266 = phi i1 [ false, %262 ], [ true, %32 ], [ true, %64 ], [ true, %71 ]
    -> Guard[4] (false edge of ''):  %271 = extractvalue { i32, i1 } %269, 1, !nosanitize !14
    -> Guard[5] (false edge of ''):  %30 = extractvalue { i32, i1 } %29, 1, !nosanitize !14
    -> Guard[6] (false edge of ''):  %6 = extractvalue { i64, i1 } %5, 1, !nosanitize !14
    -> Collected 7 dominating context guard(s).
    -> UNKNOWN (Solver gave up) [Query Latency: 10.136346 ms]
  -> Found UB Trap. Starting Backward Slice...
    -> Guard[0] (false edge of ''):  %537 = icmp eq i32 %536, 0
    -> Guard[1] (false edge of ''):  %523 = extractvalue { i64, i1 } %522, 1, !nosanitize !14
    -> Guard[2] (false edge of ''):  %490 = extractvalue { i64, i1 } %489, 1, !nosanitize !14
    -> Guard[3] (false edge of ''):  %483 = extractvalue { i64, i1 } %482, 1, !nosanitize !14
    -> Guard[4] (false edge of ''):  %476 = extractvalue { i32, i1 } %475, 1, !nosanitize !14
    -> Guard[5] (false edge of ''):  %371 = extractvalue { i64, i1 } %370, 1, !nosanitize !14
    -> Guard[6] (true edge of ''):  %266 = phi i1 [ false, %262 ], [ true, %32 ], [ true, %64 ], [ true, %71 ]
    -> Guard[7] (false edge of ''):  %271 = extractvalue { i32, i1 } %269, 1, !nosanitize !14
    -> Guard[8] (false edge of ''):  %30 = extractvalue { i32, i1 } %29, 1, !nosanitize !14
    -> Guard[9] (false edge of ''):  %6 = extractvalue { i64, i1 } %5, 1, !nosanitize !14
    -> Collected 10 dominating context guard(s).
    -> UNKNOWN (Solver gave up) [Query Latency: 10.157347 ms]
  -> Found UB Trap. Starting Backward Slice...
    -> Guard[0] (false edge of ''):  %557 = extractvalue { i32, i1 } %556, 1, !nosanitize !14
    -> Guard[1] (false edge of ''):  %551 = extractvalue { i64, i1 } %550, 1, !nosanitize !14
    -> Guard[2] (false edge of ''):  %537 = icmp eq i32 %536, 0
    -> Guard[3] (false edge of ''):  %523 = extractvalue { i64, i1 } %522, 1, !nosanitize !14
    -> Guard[4] (false edge of ''):  %490 = extractvalue { i64, i1 } %489, 1, !nosanitize !14
    -> Guard[5] (false edge of ''):  %483 = extractvalue { i64, i1 } %482, 1, !nosanitize !14
    -> Guard[6] (false edge of ''):  %476 = extractvalue { i32, i1 } %475, 1, !nosanitize !14
    -> Guard[7] (false edge of ''):  %371 = extractvalue { i64, i1 } %370, 1, !nosanitize !14
    -> Guard[8] (true edge of ''):  %266 = phi i1 [ false, %262 ], [ true, %32 ], [ true, %64 ], [ true, %71 ]
    -> Guard[9] (false edge of ''):  %271 = extractvalue { i32, i1 } %269, 1, !nosanitize !14
    -> Guard[10] (false edge of ''):  %30 = extractvalue { i32, i1 } %29, 1, !nosanitize !14
    -> Guard[11] (false edge of ''):  %6 = extractvalue { i64, i1 } %5, 1, !nosanitize !14
    -> Collected 12 dominating context guard(s).
    -> UNKNOWN (Solver gave up) [Query Latency: 10.151077 ms]
  -> Found UB Trap. Starting Backward Slice...
    -> Guard[0] (false edge of ''):  %551 = extractvalue { i64, i1 } %550, 1, !nosanitize !14
    -> Guard[1] (false edge of ''):  %537 = icmp eq i32 %536, 0
    -> Guard[2] (false edge of ''):  %523 = extractvalue { i64, i1 } %522, 1, !nosanitize !14
    -> Guard[3] (false edge of ''):  %490 = extractvalue { i64, i1 } %489, 1, !nosanitize !14
    -> Guard[4] (false edge of ''):  %483 = extractvalue { i64, i1 } %482, 1, !nosanitize !14
    -> Guard[5] (false edge of ''):  %476 = extractvalue { i32, i1 } %475, 1, !nosanitize !14
    -> Guard[6] (false edge of ''):  %371 = extractvalue { i64, i1 } %370, 1, !nosanitize !14
    -> Guard[7] (true edge of ''):  %266 = phi i1 [ false, %262 ], [ true, %32 ], [ true, %64 ], [ true, %71 ]
    -> Guard[8] (false edge of ''):  %271 = extractvalue { i32, i1 } %269, 1, !nosanitize !14
    -> Guard[9] (false edge of ''):  %30 = extractvalue { i32, i1 } %29, 1, !nosanitize !14
    -> Guard[10] (false edge of ''):  %6 = extractvalue { i64, i1 } %5, 1, !nosanitize !14
    -> Collected 11 dominating context guard(s).
    -> UNKNOWN (Solver gave up) [Query Latency: 10.139110 ms]
  => Total Traps Eliminated: 3
  => Total Trap Attempts: 42
  => Total SMT Queries Executed: 42
  => Total SMT Query Latency: 2.765341e+02 ms
  => Average SMT Query Latency: 6.584145e+00 ms
  => Total DFS & SMT Execution Time: 2.134018e+03 ms
--------------------------------------------------

[Z3 Oracle] Analyzing Function: deflate_huff
  -> Found UB Trap. Starting Backward Slice...
    -> Guard[0] (true edge of ''):  %273 = icmp ult i64 %253, %272
    -> Guard[1] (false edge of ''):  %261 = icmp ult i64 %253, %260
    -> Guard[2] (true edge of ''):  %255 = icmp ult i64 %253, %254
    -> Guard[3] (false edge of ''):  %52 = extractvalue { i32, i1 } %51, 1, !nosanitize !16
    -> Guard[4] (false edge of ''):  %48 = extractvalue { i32, i1 } %47, 1, !nosanitize !16
    -> Guard[5] (false edge of ''):  %42 = extractvalue { i64, i1 } %41, 1, !nosanitize !16
    -> Guard[6] (false edge of ''):  %35 = extractvalue { i64, i1 } %34, 1, !nosanitize !16
    -> Guard[7] (true edge of ''):  %26 = icmp eq i32 %25, 0
    -> Collected 8 dominating context guard(s).
    -> UNKNOWN (Solver gave up) [Query Latency: 10.133897 ms]
  -> Found UB Trap. Starting Backward Slice...
    -> Guard[0] (true edge of ''):  %261 = icmp ult i64 %253, %260
    -> Guard[1] (true edge of ''):  %255 = icmp ult i64 %253, %254
    -> Guard[2] (false edge of ''):  %52 = extractvalue { i32, i1 } %51, 1, !nosanitize !16
    -> Guard[3] (false edge of ''):  %48 = extractvalue { i32, i1 } %47, 1, !nosanitize !16
    -> Guard[4] (false edge of ''):  %42 = extractvalue { i64, i1 } %41, 1, !nosanitize !16
    -> Guard[5] (false edge of ''):  %35 = extractvalue { i64, i1 } %34, 1, !nosanitize !16
    -> Guard[6] (true edge of ''):  %26 = icmp eq i32 %25, 0
    -> Collected 7 dominating context guard(s).
    -> UNKNOWN (Solver gave up) [Query Latency: 10.174316 ms]
  -> Found UB Trap. Starting Backward Slice...
    -> Guard[0] (true edge of ''):  %184 = icmp ugt i32 %183, 2
    -> Guard[1] (false edge of ''):  %181 = extractvalue { i32, i1 } %180, 1, !nosanitize !16
    -> Guard[2] (false edge of ''):  %176 = extractvalue { i32, i1 } %175, 1, !nosanitize !16
    -> Guard[3] (false edge of ''):  %133 = icmp eq i32 %132, 0
    -> Guard[4] (false edge of ''):  %52 = extractvalue { i32, i1 } %51, 1, !nosanitize !16
    -> Guard[5] (false edge of ''):  %48 = extractvalue { i32, i1 } %47, 1, !nosanitize !16
    -> Guard[6] (false edge of ''):  %42 = extractvalue { i64, i1 } %41, 1, !nosanitize !16
    -> Guard[7] (false edge of ''):  %35 = extractvalue { i64, i1 } %34, 1, !nosanitize !16
    -> Guard[8] (true edge of ''):  %26 = icmp eq i32 %25, 0
    -> Collected 9 dominating context guard(s).
    -> UNKNOWN (Solver gave up) [Query Latency: 10.106357 ms]
  -> Found UB Trap. Starting Backward Slice...
    -> Guard[0] (false edge of ''):  %72 = extractvalue { i32, i1 } %71, 1, !nosanitize !16
    -> Guard[1] (false edge of ''):  %67 = extractvalue { i32, i1 } %66, 1, !nosanitize !16
    -> Guard[2] (false edge of ''):  %59 = extractvalue { i32, i1 } %58, 1, !nosanitize !16
    -> Guard[3] (false edge of ''):  %56 = icmp ult i32 %39, %55
    -> Guard[4] (false edge of ''):  %52 = extractvalue { i32, i1 } %51, 1, !nosanitize !16
    -> Guard[5] (false edge of ''):  %48 = extractvalue { i32, i1 } %47, 1, !nosanitize !16
    -> Guard[6] (false edge of ''):  %42 = extractvalue { i64, i1 } %41, 1, !nosanitize !16
    -> Guard[7] (false edge of ''):  %35 = extractvalue { i64, i1 } %34, 1, !nosanitize !16
    -> Guard[8] (true edge of ''):  %26 = icmp eq i32 %25, 0
    -> Collected 9 dominating context guard(s).
    -> SAT (WARNING: Potential Integer Overflow Bug Detected!) [Query Latency: 6.946183 ms]
  -> Found UB Trap. Starting Backward Slice...
    -> Guard[0] (false edge of ''):  %67 = extractvalue { i32, i1 } %66, 1, !nosanitize !16
    -> Guard[1] (false edge of ''):  %59 = extractvalue { i32, i1 } %58, 1, !nosanitize !16
    -> Guard[2] (false edge of ''):  %56 = icmp ult i32 %39, %55
    -> Guard[3] (false edge of ''):  %52 = extractvalue { i32, i1 } %51, 1, !nosanitize !16
    -> Guard[4] (false edge of ''):  %48 = extractvalue { i32, i1 } %47, 1, !nosanitize !16
    -> Guard[5] (false edge of ''):  %42 = extractvalue { i64, i1 } %41, 1, !nosanitize !16
    -> Guard[6] (false edge of ''):  %35 = extractvalue { i64, i1 } %34, 1, !nosanitize !16
    -> Guard[7] (true edge of ''):  %26 = icmp eq i32 %25, 0
    -> Collected 8 dominating context guard(s).
    -> SAT (WARNING: Potential Integer Overflow Bug Detected!) [Query Latency: 8.476942 ms]
  -> Found UB Trap. Starting Backward Slice...
    -> Guard[0] (false edge of ''):  %59 = extractvalue { i32, i1 } %58, 1, !nosanitize !16
    -> Guard[1] (false edge of ''):  %56 = icmp ult i32 %39, %55
    -> Guard[2] (false edge of ''):  %52 = extractvalue { i32, i1 } %51, 1, !nosanitize !16
    -> Guard[3] (false edge of ''):  %48 = extractvalue { i32, i1 } %47, 1, !nosanitize !16
    -> Guard[4] (false edge of ''):  %42 = extractvalue { i64, i1 } %41, 1, !nosanitize !16
    -> Guard[5] (false edge of ''):  %35 = extractvalue { i64, i1 } %34, 1, !nosanitize !16
    -> Guard[6] (true edge of ''):  %26 = icmp eq i32 %25, 0
    -> Collected 7 dominating context guard(s).
    -> UNKNOWN (Solver gave up) [Query Latency: 10.182934 ms]
  -> Found UB Trap. Starting Backward Slice...
    -> Guard[0] (false edge of ''):  %56 = icmp ult i32 %39, %55
    -> Guard[1] (false edge of ''):  %52 = extractvalue { i32, i1 } %51, 1, !nosanitize !16
    -> Guard[2] (false edge of ''):  %48 = extractvalue { i32, i1 } %47, 1, !nosanitize !16
    -> Guard[3] (false edge of ''):  %42 = extractvalue { i64, i1 } %41, 1, !nosanitize !16
    -> Guard[4] (false edge of ''):  %35 = extractvalue { i64, i1 } %34, 1, !nosanitize !16
    -> Guard[5] (true edge of ''):  %26 = icmp eq i32 %25, 0
    -> Collected 6 dominating context guard(s).
    -> SAT (WARNING: Potential Integer Overflow Bug Detected!) [Query Latency: 5.436709 ms]
  -> Found UB Trap. Starting Backward Slice...
    -> Guard[0] (false edge of ''):  %42 = extractvalue { i64, i1 } %41, 1, !nosanitize !16
    -> Guard[1] (false edge of ''):  %35 = extractvalue { i64, i1 } %34, 1, !nosanitize !16
    -> Guard[2] (true edge of ''):  %26 = icmp eq i32 %25, 0
    -> Collected 3 dominating context guard(s).
    -> SAT (WARNING: Potential Integer Overflow Bug Detected!) [Query Latency: 0.888681 ms]
  -> Found UB Trap. Starting Backward Slice...
    -> Guard[0] (false edge of ''):  %35 = extractvalue { i64, i1 } %34, 1, !nosanitize !16
    -> Guard[1] (true edge of ''):  %26 = icmp eq i32 %25, 0
    -> Collected 2 dominating context guard(s).
    -> SAT (WARNING: Potential Integer Overflow Bug Detected!) [Query Latency: 1.699186 ms]
  -> Found UB Trap. Starting Backward Slice...
    -> Guard[0] (true edge of ''):  %26 = icmp eq i32 %25, 0
    -> Collected 1 dominating context guard(s).
    -> SAT (WARNING: Potential Integer Overflow Bug Detected!) [Query Latency: 0.750835 ms]
  -> Found UB Trap. Starting Backward Slice...
    -> Guard[0] (false edge of ''):  %276 = extractvalue { i64, i1 } %275, 1, !nosanitize !16
    -> Guard[1] (true edge of ''):  %273 = icmp ult i64 %253, %272
    -> Guard[2] (false edge of ''):  %261 = icmp ult i64 %253, %260
    -> Guard[3] (true edge of ''):  %255 = icmp ult i64 %253, %254
    -> Guard[4] (false edge of ''):  %52 = extractvalue { i32, i1 } %51, 1, !nosanitize !16
    -> Guard[5] (false edge of ''):  %48 = extractvalue { i32, i1 } %47, 1, !nosanitize !16
    -> Guard[6] (false edge of ''):  %42 = extractvalue { i64, i1 } %41, 1, !nosanitize !16
    -> Guard[7] (false edge of ''):  %35 = extractvalue { i64, i1 } %34, 1, !nosanitize !16
    -> Guard[8] (true edge of ''):  %26 = icmp eq i32 %25, 0
    -> Collected 9 dominating context guard(s).
    -> UNKNOWN (Solver gave up) [Query Latency: 10.118259 ms]
  -> Found UB Trap. Starting Backward Slice...
    -> Guard[0] (false edge of ''):  %216 = extractvalue { i32, i1 } %215, 1, !nosanitize !16
    -> Guard[1] (false edge of ''):  %213 = icmp eq i32 %211, 0
    -> Guard[2] (false edge of ''):  %197 = extractvalue { i32, i1 } %196, 1, !nosanitize !16
    -> Guard[3] (false edge of ''):  %189 = extractvalue { i32, i1 } %187, 1, !nosanitize !16
    -> Guard[4] (true edge of ''):  %184 = icmp ugt i32 %183, 2
    -> Guard[5] (false edge of ''):  %181 = extractvalue { i32, i1 } %180, 1, !nosanitize !16
    -> Guard[6] (false edge of ''):  %176 = extractvalue { i32, i1 } %175, 1, !nosanitize !16
    -> Guard[7] (false edge of ''):  %133 = icmp eq i32 %132, 0
    -> Guard[8] (false edge of ''):  %52 = extractvalue { i32, i1 } %51, 1, !nosanitize !16
    -> Guard[9] (false edge of ''):  %48 = extractvalue { i32, i1 } %47, 1, !nosanitize !16
    -> Guard[10] (false edge of ''):  %42 = extractvalue { i64, i1 } %41, 1, !nosanitize !16
    -> Guard[11] (false edge of ''):  %35 = extractvalue { i64, i1 } %34, 1, !nosanitize !16
    -> Guard[12] (true edge of ''):  %26 = icmp eq i32 %25, 0
    -> Collected 13 dominating context guard(s).
    -> UNKNOWN (Solver gave up) [Query Latency: 10.117502 ms]
  -> Found UB Trap. Starting Backward Slice...
    -> Guard[0] (false edge of ''):  %213 = icmp eq i32 %211, 0
    -> Guard[1] (false edge of ''):  %197 = extractvalue { i32, i1 } %196, 1, !nosanitize !16
    -> Guard[2] (false edge of ''):  %189 = extractvalue { i32, i1 } %187, 1, !nosanitize !16
    -> Guard[3] (true edge of ''):  %184 = icmp ugt i32 %183, 2
    -> Guard[4] (false edge of ''):  %181 = extractvalue { i32, i1 } %180, 1, !nosanitize !16
    -> Guard[5] (false edge of ''):  %176 = extractvalue { i32, i1 } %175, 1, !nosanitize !16
    -> Guard[6] (false edge of ''):  %133 = icmp eq i32 %132, 0
    -> Guard[7] (false edge of ''):  %52 = extractvalue { i32, i1 } %51, 1, !nosanitize !16
    -> Guard[8] (false edge of ''):  %48 = extractvalue { i32, i1 } %47, 1, !nosanitize !16
    -> Guard[9] (false edge of ''):  %42 = extractvalue { i64, i1 } %41, 1, !nosanitize !16
    -> Guard[10] (false edge of ''):  %35 = extractvalue { i64, i1 } %34, 1, !nosanitize !16
    -> Guard[11] (true edge of ''):  %26 = icmp eq i32 %25, 0
    -> Collected 12 dominating context guard(s).
    -> UNKNOWN (Solver gave up) [Query Latency: 10.134575 ms]
  -> Found UB Trap. Starting Backward Slice...
    -> Guard[0] (false edge of ''):  %189 = extractvalue { i32, i1 } %187, 1, !nosanitize !16
    -> Guard[1] (true edge of ''):  %184 = icmp ugt i32 %183, 2
    -> Guard[2] (false edge of ''):  %181 = extractvalue { i32, i1 } %180, 1, !nosanitize !16
    -> Guard[3] (false edge of ''):  %176 = extractvalue { i32, i1 } %175, 1, !nosanitize !16
    -> Guard[4] (false edge of ''):  %133 = icmp eq i32 %132, 0
    -> Guard[5] (false edge of ''):  %52 = extractvalue { i32, i1 } %51, 1, !nosanitize !16
    -> Guard[6] (false edge of ''):  %48 = extractvalue { i32, i1 } %47, 1, !nosanitize !16
    -> Guard[7] (false edge of ''):  %42 = extractvalue { i64, i1 } %41, 1, !nosanitize !16
    -> Guard[8] (false edge of ''):  %35 = extractvalue { i64, i1 } %34, 1, !nosanitize !16
    -> Guard[9] (true edge of ''):  %26 = icmp eq i32 %25, 0
    -> Collected 10 dominating context guard(s).
    -> UNKNOWN (Solver gave up) [Query Latency: 10.138005 ms]
  -> Found UB Trap. Starting Backward Slice...
    -> Guard[0] (false edge of ''):  %176 = extractvalue { i32, i1 } %175, 1, !nosanitize !16
    -> Guard[1] (false edge of ''):  %133 = icmp eq i32 %132, 0
    -> Guard[2] (false edge of ''):  %52 = extractvalue { i32, i1 } %51, 1, !nosanitize !16
    -> Guard[3] (false edge of ''):  %48 = extractvalue { i32, i1 } %47, 1, !nosanitize !16
    -> Guard[4] (false edge of ''):  %42 = extractvalue { i64, i1 } %41, 1, !nosanitize !16
    -> Guard[5] (false edge of ''):  %35 = extractvalue { i64, i1 } %34, 1, !nosanitize !16
    -> Guard[6] (true edge of ''):  %26 = icmp eq i32 %25, 0
    -> Collected 7 dominating context guard(s).
    -> UNKNOWN (Solver gave up) [Query Latency: 10.157952 ms]
  -> Found UB Trap. Starting Backward Slice...
    -> Guard[0] (false edge of ''):  %133 = icmp eq i32 %132, 0
    -> Guard[1] (false edge of ''):  %52 = extractvalue { i32, i1 } %51, 1, !nosanitize !16
    -> Guard[2] (false edge of ''):  %48 = extractvalue { i32, i1 } %47, 1, !nosanitize !16
    -> Guard[3] (false edge of ''):  %42 = extractvalue { i64, i1 } %41, 1, !nosanitize !16
    -> Guard[4] (false edge of ''):  %35 = extractvalue { i64, i1 } %34, 1, !nosanitize !16
    -> Guard[5] (true edge of ''):  %26 = icmp eq i32 %25, 0
    -> Collected 6 dominating context guard(s).
    -> UNKNOWN (Solver gave up) [Query Latency: 10.159909 ms]
  -> Found UB Trap. Starting Backward Slice...
    -> Guard[0] (true edge of ''):  %119 = icmp eq i32 %118, 0
    -> Guard[1] (false edge of ''):  %116 = extractvalue { i32, i1 } %115, 1, !nosanitize !16
    -> Guard[2] (true edge of ''):  %102 = icmp eq i32 %101, 0
    -> Guard[3] (false edge of ''):  %98 = extractvalue { i32, i1 } %97, 1, !nosanitize !16
    -> Guard[4] (false edge of ''):  %77 = extractvalue { i64, i1 } %76, 1, !nosanitize !16
    -> Guard[5] (false edge of ''):  %72 = extractvalue { i32, i1 } %71, 1, !nosanitize !16
    -> Guard[6] (false edge of ''):  %67 = extractvalue { i32, i1 } %66, 1, !nosanitize !16
    -> Guard[7] (false edge of ''):  %59 = extractvalue { i32, i1 } %58, 1, !nosanitize !16
    -> Guard[8] (false edge of ''):  %56 = icmp ult i32 %39, %55
    -> Guard[9] (false edge of ''):  %52 = extractvalue { i32, i1 } %51, 1, !nosanitize !16
    -> Guard[10] (false edge of ''):  %48 = extractvalue { i32, i1 } %47, 1, !nosanitize !16
    -> Guard[11] (false edge of ''):  %42 = extractvalue { i64, i1 } %41, 1, !nosanitize !16
    -> Guard[12] (false edge of ''):  %35 = extractvalue { i64, i1 } %34, 1, !nosanitize !16
    -> Guard[13] (true edge of ''):  %26 = icmp eq i32 %25, 0
    -> Collected 14 dominating context guard(s).
    -> SAT (WARNING: Potential Integer Overflow Bug Detected!) [Query Latency: 8.614553 ms]
  -> Found UB Trap. Starting Backward Slice...
    -> Guard[0] (false edge of ''):  %48 = extractvalue { i32, i1 } %47, 1, !nosanitize !16
    -> Guard[1] (false edge of ''):  %42 = extractvalue { i64, i1 } %41, 1, !nosanitize !16
    -> Guard[2] (false edge of ''):  %35 = extractvalue { i64, i1 } %34, 1, !nosanitize !16
    -> Guard[3] (true edge of ''):  %26 = icmp eq i32 %25, 0
    -> Collected 4 dominating context guard(s).
    -> SAT (WARNING: Potential Integer Overflow Bug Detected!) [Query Latency: 2.336519 ms]
  -> Found UB Trap. Starting Backward Slice...
    -> Guard[0] (true edge of ''):  %102 = icmp eq i32 %101, 0
    -> Guard[1] (false edge of ''):  %98 = extractvalue { i32, i1 } %97, 1, !nosanitize !16
    -> Guard[2] (false edge of ''):  %77 = extractvalue { i64, i1 } %76, 1, !nosanitize !16
    -> Guard[3] (false edge of ''):  %72 = extractvalue { i32, i1 } %71, 1, !nosanitize !16
    -> Guard[4] (false edge of ''):  %67 = extractvalue { i32, i1 } %66, 1, !nosanitize !16
    -> Guard[5] (false edge of ''):  %59 = extractvalue { i32, i1 } %58, 1, !nosanitize !16
    -> Guard[6] (false edge of ''):  %56 = icmp ult i32 %39, %55
    -> Guard[7] (false edge of ''):  %52 = extractvalue { i32, i1 } %51, 1, !nosanitize !16
    -> Guard[8] (false edge of ''):  %48 = extractvalue { i32, i1 } %47, 1, !nosanitize !16
    -> Guard[9] (false edge of ''):  %42 = extractvalue { i64, i1 } %41, 1, !nosanitize !16
    -> Guard[10] (false edge of ''):  %35 = extractvalue { i64, i1 } %34, 1, !nosanitize !16
    -> Guard[11] (true edge of ''):  %26 = icmp eq i32 %25, 0
    -> Collected 12 dominating context guard(s).
    -> UNKNOWN (Solver gave up) [Query Latency: 10.121840 ms]
  -> Found UB Trap. Starting Backward Slice...
    -> Guard[0] (false edge of ''):  %77 = extractvalue { i64, i1 } %76, 1, !nosanitize !16
    -> Guard[1] (false edge of ''):  %72 = extractvalue { i32, i1 } %71, 1, !nosanitize !16
    -> Guard[2] (false edge of ''):  %67 = extractvalue { i32, i1 } %66, 1, !nosanitize !16
    -> Guard[3] (false edge of ''):  %59 = extractvalue { i32, i1 } %58, 1, !nosanitize !16
    -> Guard[4] (false edge of ''):  %56 = icmp ult i32 %39, %55
    -> Guard[5] (false edge of ''):  %52 = extractvalue { i32, i1 } %51, 1, !nosanitize !16
    -> Guard[6] (false edge of ''):  %48 = extractvalue { i32, i1 } %47, 1, !nosanitize !16
    -> Guard[7] (false edge of ''):  %42 = extractvalue { i64, i1 } %41, 1, !nosanitize !16
    -> Guard[8] (false edge of ''):  %35 = extractvalue { i64, i1 } %34, 1, !nosanitize !16
    -> Guard[9] (true edge of ''):  %26 = icmp eq i32 %25, 0
    -> Collected 10 dominating context guard(s).
    -> SAT (WARNING: Potential Integer Overflow Bug Detected!) [Query Latency: 9.700492 ms]
  -> Found UB Trap. Starting Backward Slice...
    -> Guard[0] (false edge of ''):  %141 = icmp eq i32 %129, 0
    -> Guard[1] (false edge of ''):  %133 = icmp eq i32 %132, 0
    -> Guard[2] (false edge of ''):  %52 = extractvalue { i32, i1 } %51, 1, !nosanitize !16
    -> Guard[3] (false edge of ''):  %48 = extractvalue { i32, i1 } %47, 1, !nosanitize !16
    -> Guard[4] (false edge of ''):  %42 = extractvalue { i64, i1 } %41, 1, !nosanitize !16
    -> Guard[5] (false edge of ''):  %35 = extractvalue { i64, i1 } %34, 1, !nosanitize !16
    -> Guard[6] (true edge of ''):  %26 = icmp eq i32 %25, 0
    -> Collected 7 dominating context guard(s).
    -> UNSAT (Dead Code / Impossible Path) [Query Latency: 5.244316 ms]
  => SUCCESS: Trap mathematically neutralized!
  -> Found UB Trap. Starting Backward Slice...
    -> Guard[0] (false edge of ''):  %144 = extractvalue { i32, i1 } %143, 1, !nosanitize !16
    -> Guard[1] (false edge of ''):  %141 = icmp eq i32 %129, 0
    -> Guard[2] (false edge of ''):  %133 = icmp eq i32 %132, 0
    -> Guard[3] (false edge of ''):  %52 = extractvalue { i32, i1 } %51, 1, !nosanitize !16
    -> Guard[4] (false edge of ''):  %48 = extractvalue { i32, i1 } %47, 1, !nosanitize !16
    -> Guard[5] (false edge of ''):  %42 = extractvalue { i64, i1 } %41, 1, !nosanitize !16
    -> Guard[6] (false edge of ''):  %35 = extractvalue { i64, i1 } %34, 1, !nosanitize !16
    -> Guard[7] (true edge of ''):  %26 = icmp eq i32 %25, 0
    -> Collected 8 dominating context guard(s).
    -> SAT (WARNING: Potential Integer Overflow Bug Detected!) [Query Latency: 4.026649 ms]
  -> Found UB Trap. Starting Backward Slice...
    -> Guard[0] (false edge of ''):  %337 = extractvalue { i32, i1 } %336, 1, !nosanitize !16
    -> Guard[1] (false edge of ''):  %322 = extractvalue { i32, i1 } %321, 1, !nosanitize !16
    -> Guard[2] (false edge of ''):  %314 = extractvalue { i32, i1 } %313, 1, !nosanitize !16
    -> Guard[3] (false edge of ''):  %305 = extractvalue { i32, i1 } %304, 1, !nosanitize !16
    -> Collected 4 dominating context guard(s).
    -> SAT (WARNING: Potential Integer Overflow Bug Detected!) [Query Latency: 0.992413 ms]
  -> Found UB Trap. Starting Backward Slice...
    -> Guard[0] (false edge of ''):  %314 = extractvalue { i32, i1 } %313, 1, !nosanitize !16
    -> Guard[1] (false edge of ''):  %305 = extractvalue { i32, i1 } %304, 1, !nosanitize !16
    -> Collected 2 dominating context guard(s).
    -> SAT (WARNING: Potential Integer Overflow Bug Detected!) [Query Latency: 0.759841 ms]
  -> Found UB Trap. Starting Backward Slice...
    -> Guard[0] (false edge of ''):  %305 = extractvalue { i32, i1 } %304, 1, !nosanitize !16
    -> Collected 1 dominating context guard(s).
    -> SAT (WARNING: Potential Integer Overflow Bug Detected!) [Query Latency: 0.643381 ms]
  -> Found UB Trap. Starting Backward Slice...
    -> Collected 0 dominating context guard(s).
    -> SAT (WARNING: Potential Integer Overflow Bug Detected!) [Query Latency: 0.548449 ms]
  -> Found UB Trap. Starting Backward Slice...
    -> Guard[0] (false edge of ''):  %483 = icmp eq i32 %482, 0
    -> Guard[1] (false edge of ''):  %413 = icmp eq i32 %1, 4
    -> Guard[2] (false edge of ''):  %296 = icmp eq i32 %1, 0
    -> Guard[3] (true edge of ''):  %294 = icmp eq i32 %293, 0
    -> Guard[4] (false edge of ''):  %52 = extractvalue { i32, i1 } %51, 1, !nosanitize !16
    -> Guard[5] (false edge of ''):  %48 = extractvalue { i32, i1 } %47, 1, !nosanitize !16
    -> Guard[6] (false edge of ''):  %42 = extractvalue { i64, i1 } %41, 1, !nosanitize !16
    -> Guard[7] (false edge of ''):  %35 = extractvalue { i64, i1 } %34, 1, !nosanitize !16
    -> Guard[8] (true edge of ''):  %26 = icmp eq i32 %25, 0
    -> Collected 9 dominating context guard(s).
    -> UNKNOWN (Solver gave up) [Query Latency: 10.115688 ms]
  -> Found UB Trap. Starting Backward Slice...
    -> Guard[0] (true edge of ''):  %413 = icmp eq i32 %1, 4
    -> Guard[1] (false edge of ''):  %296 = icmp eq i32 %1, 0
    -> Guard[2] (true edge of ''):  %294 = icmp eq i32 %293, 0
    -> Guard[3] (false edge of ''):  %52 = extractvalue { i32, i1 } %51, 1, !nosanitize !16
    -> Guard[4] (false edge of ''):  %48 = extractvalue { i32, i1 } %47, 1, !nosanitize !16
    -> Guard[5] (false edge of ''):  %42 = extractvalue { i64, i1 } %41, 1, !nosanitize !16
    -> Guard[6] (false edge of ''):  %35 = extractvalue { i64, i1 } %34, 1, !nosanitize !16
    -> Guard[7] (true edge of ''):  %26 = icmp eq i32 %25, 0
    -> Collected 8 dominating context guard(s).
    -> UNKNOWN (Solver gave up) [Query Latency: 10.152532 ms]
  -> Found UB Trap. Starting Backward Slice...
    -> Guard[0] (true edge of ''):  %334 = icmp eq i32 %332, %333
    -> Guard[1] (false edge of ''):  %343 = extractvalue { i32, i1 } %342, 1, !nosanitize !16
    -> Guard[2] (false edge of ''):  %337 = extractvalue { i32, i1 } %336, 1, !nosanitize !16
    -> Guard[3] (false edge of ''):  %322 = extractvalue { i32, i1 } %321, 1, !nosanitize !16
    -> Guard[4] (false edge of ''):  %314 = extractvalue { i32, i1 } %313, 1, !nosanitize !16
    -> Guard[5] (false edge of ''):  %305 = extractvalue { i32, i1 } %304, 1, !nosanitize !16
    -> Collected 6 dominating context guard(s).
    -> SAT (WARNING: Potential Integer Overflow Bug Detected!) [Query Latency: 3.510895 ms]
  -> Found UB Trap. Starting Backward Slice...
    -> Guard[0] (false edge of ''):  %322 = extractvalue { i32, i1 } %321, 1, !nosanitize !16
    -> Guard[1] (false edge of ''):  %314 = extractvalue { i32, i1 } %313, 1, !nosanitize !16
    -> Guard[2] (false edge of ''):  %305 = extractvalue { i32, i1 } %304, 1, !nosanitize !16
    -> Collected 3 dominating context guard(s).
    -> SAT (WARNING: Potential Integer Overflow Bug Detected!) [Query Latency: 0.584694 ms]
  -> Found UB Trap. Starting Backward Slice...
    -> Guard[0] (false edge of ''):  %373 = icmp eq i32 %372, 0
    -> Guard[1] (false edge of ''):  %357 = extractvalue { i64, i1 } %356, 1, !nosanitize !16
    -> Guard[2] (true edge of ''):  %334 = icmp eq i32 %332, %333
    -> Guard[3] (false edge of ''):  %343 = extractvalue { i32, i1 } %342, 1, !nosanitize !16
    -> Guard[4] (false edge of ''):  %337 = extractvalue { i32, i1 } %336, 1, !nosanitize !16
    -> Guard[5] (false edge of ''):  %322 = extractvalue { i32, i1 } %321, 1, !nosanitize !16
    -> Guard[6] (false edge of ''):  %314 = extractvalue { i32, i1 } %313, 1, !nosanitize !16
    -> Guard[7] (false edge of ''):  %305 = extractvalue { i32, i1 } %304, 1, !nosanitize !16
    -> Collected 8 dominating context guard(s).
    -> SAT (WARNING: Potential Integer Overflow Bug Detected!) [Query Latency: 2.982429 ms]
  -> Found UB Trap. Starting Backward Slice...
    -> Guard[0] (false edge of ''):  %393 = extractvalue { i32, i1 } %392, 1, !nosanitize !16
    -> Guard[1] (false edge of ''):  %387 = extractvalue { i64, i1 } %386, 1, !nosanitize !16
    -> Guard[2] (false edge of ''):  %373 = icmp eq i32 %372, 0
    -> Guard[3] (false edge of ''):  %357 = extractvalue { i64, i1 } %356, 1, !nosanitize !16
    -> Guard[4] (true edge of ''):  %334 = icmp eq i32 %332, %333
    -> Guard[5] (false edge of ''):  %343 = extractvalue { i32, i1 } %342, 1, !nosanitize !16
    -> Guard[6] (false edge of ''):  %337 = extractvalue { i32, i1 } %336, 1, !nosanitize !16
    -> Guard[7] (false edge of ''):  %322 = extractvalue { i32, i1 } %321, 1, !nosanitize !16
    -> Guard[8] (false edge of ''):  %314 = extractvalue { i32, i1 } %313, 1, !nosanitize !16
    -> Guard[9] (false edge of ''):  %305 = extractvalue { i32, i1 } %304, 1, !nosanitize !16
    -> Collected 10 dominating context guard(s).
    -> SAT (WARNING: Potential Integer Overflow Bug Detected!) [Query Latency: 2.283975 ms]
  -> Found UB Trap. Starting Backward Slice...
    -> Guard[0] (false edge of ''):  %387 = extractvalue { i64, i1 } %386, 1, !nosanitize !16
    -> Guard[1] (false edge of ''):  %373 = icmp eq i32 %372, 0
    -> Guard[2] (false edge of ''):  %357 = extractvalue { i64, i1 } %356, 1, !nosanitize !16
    -> Guard[3] (true edge of ''):  %334 = icmp eq i32 %332, %333
    -> Guard[4] (false edge of ''):  %343 = extractvalue { i32, i1 } %342, 1, !nosanitize !16
    -> Guard[5] (false edge of ''):  %337 = extractvalue { i32, i1 } %336, 1, !nosanitize !16
    -> Guard[6] (false edge of ''):  %322 = extractvalue { i32, i1 } %321, 1, !nosanitize !16
    -> Guard[7] (false edge of ''):  %314 = extractvalue { i32, i1 } %313, 1, !nosanitize !16
    -> Guard[8] (false edge of ''):  %305 = extractvalue { i32, i1 } %304, 1, !nosanitize !16
    -> Collected 9 dominating context guard(s).
    -> SAT (WARNING: Potential Integer Overflow Bug Detected!) [Query Latency: 2.066009 ms]
  -> Found UB Trap. Starting Backward Slice...
    -> Guard[0] (false edge of ''):  %442 = icmp eq i32 %441, 0
    -> Guard[1] (false edge of ''):  %426 = extractvalue { i64, i1 } %425, 1, !nosanitize !16
    -> Guard[2] (true edge of ''):  %413 = icmp eq i32 %1, 4
    -> Guard[3] (false edge of ''):  %296 = icmp eq i32 %1, 0
    -> Guard[4] (true edge of ''):  %294 = icmp eq i32 %293, 0
    -> Guard[5] (false edge of ''):  %52 = extractvalue { i32, i1 } %51, 1, !nosanitize !16
    -> Guard[6] (false edge of ''):  %48 = extractvalue { i32, i1 } %47, 1, !nosanitize !16
    -> Guard[7] (false edge of ''):  %42 = extractvalue { i64, i1 } %41, 1, !nosanitize !16
    -> Guard[8] (false edge of ''):  %35 = extractvalue { i64, i1 } %34, 1, !nosanitize !16
    -> Guard[9] (true edge of ''):  %26 = icmp eq i32 %25, 0
    -> Collected 10 dominating context guard(s).
    -> UNKNOWN (Solver gave up) [Query Latency: 10.127075 ms]
  -> Found UB Trap. Starting Backward Slice...
    -> Guard[0] (false edge of ''):  %462 = extractvalue { i32, i1 } %461, 1, !nosanitize !16
    -> Guard[1] (false edge of ''):  %456 = extractvalue { i64, i1 } %455, 1, !nosanitize !16
    -> Guard[2] (false edge of ''):  %442 = icmp eq i32 %441, 0
    -> Guard[3] (false edge of ''):  %426 = extractvalue { i64, i1 } %425, 1, !nosanitize !16
    -> Guard[4] (true edge of ''):  %413 = icmp eq i32 %1, 4
    -> Guard[5] (false edge of ''):  %296 = icmp eq i32 %1, 0
    -> Guard[6] (true edge of ''):  %294 = icmp eq i32 %293, 0
    -> Guard[7] (false edge of ''):  %52 = extractvalue { i32, i1 } %51, 1, !nosanitize !16
    -> Guard[8] (false edge of ''):  %48 = extractvalue { i32, i1 } %47, 1, !nosanitize !16
    -> Guard[9] (false edge of ''):  %42 = extractvalue { i64, i1 } %41, 1, !nosanitize !16
    -> Guard[10] (false edge of ''):  %35 = extractvalue { i64, i1 } %34, 1, !nosanitize !16
    -> Guard[11] (true edge of ''):  %26 = icmp eq i32 %25, 0
    -> Collected 12 dominating context guard(s).
    -> UNKNOWN (Solver gave up) [Query Latency: 10.141283 ms]
  -> Found UB Trap. Starting Backward Slice...
    -> Guard[0] (false edge of ''):  %456 = extractvalue { i64, i1 } %455, 1, !nosanitize !16
    -> Guard[1] (false edge of ''):  %442 = icmp eq i32 %441, 0
    -> Guard[2] (false edge of ''):  %426 = extractvalue { i64, i1 } %425, 1, !nosanitize !16
    -> Guard[3] (true edge of ''):  %413 = icmp eq i32 %1, 4
    -> Guard[4] (false edge of ''):  %296 = icmp eq i32 %1, 0
    -> Guard[5] (true edge of ''):  %294 = icmp eq i32 %293, 0
    -> Guard[6] (false edge of ''):  %52 = extractvalue { i32, i1 } %51, 1, !nosanitize !16
    -> Guard[7] (false edge of ''):  %48 = extractvalue { i32, i1 } %47, 1, !nosanitize !16
    -> Guard[8] (false edge of ''):  %42 = extractvalue { i64, i1 } %41, 1, !nosanitize !16
    -> Guard[9] (false edge of ''):  %35 = extractvalue { i64, i1 } %34, 1, !nosanitize !16
    -> Guard[10] (true edge of ''):  %26 = icmp eq i32 %25, 0
    -> Collected 11 dominating context guard(s).
    -> UNKNOWN (Solver gave up) [Query Latency: 10.130068 ms]
  -> Found UB Trap. Starting Backward Slice...
    -> Guard[0] (false edge of ''):  %512 = icmp eq i32 %511, 0
    -> Guard[1] (false edge of ''):  %496 = extractvalue { i64, i1 } %495, 1, !nosanitize !16
    -> Guard[2] (false edge of ''):  %483 = icmp eq i32 %482, 0
    -> Guard[3] (false edge of ''):  %413 = icmp eq i32 %1, 4
    -> Guard[4] (false edge of ''):  %296 = icmp eq i32 %1, 0
    -> Guard[5] (true edge of ''):  %294 = icmp eq i32 %293, 0
    -> Guard[6] (false edge of ''):  %52 = extractvalue { i32, i1 } %51, 1, !nosanitize !16
    -> Guard[7] (false edge of ''):  %48 = extractvalue { i32, i1 } %47, 1, !nosanitize !16
    -> Guard[8] (false edge of ''):  %42 = extractvalue { i64, i1 } %41, 1, !nosanitize !16
    -> Guard[9] (false edge of ''):  %35 = extractvalue { i64, i1 } %34, 1, !nosanitize !16
    -> Guard[10] (true edge of ''):  %26 = icmp eq i32 %25, 0
    -> Collected 11 dominating context guard(s).
    -> UNKNOWN (Solver gave up) [Query Latency: 10.172479 ms]
  -> Found UB Trap. Starting Backward Slice...
    -> Guard[0] (false edge of ''):  %532 = extractvalue { i32, i1 } %531, 1, !nosanitize !16
    -> Guard[1] (false edge of ''):  %526 = extractvalue { i64, i1 } %525, 1, !nosanitize !16
    -> Guard[2] (false edge of ''):  %512 = icmp eq i32 %511, 0
    -> Guard[3] (false edge of ''):  %496 = extractvalue { i64, i1 } %495, 1, !nosanitize !16
    -> Guard[4] (false edge of ''):  %483 = icmp eq i32 %482, 0
    -> Guard[5] (false edge of ''):  %413 = icmp eq i32 %1, 4
    -> Guard[6] (false edge of ''):  %296 = icmp eq i32 %1, 0
    -> Guard[7] (true edge of ''):  %294 = icmp eq i32 %293, 0
    -> Guard[8] (false edge of ''):  %52 = extractvalue { i32, i1 } %51, 1, !nosanitize !16
    -> Guard[9] (false edge of ''):  %48 = extractvalue { i32, i1 } %47, 1, !nosanitize !16
    -> Guard[10] (false edge of ''):  %42 = extractvalue { i64, i1 } %41, 1, !nosanitize !16
    -> Guard[11] (false edge of ''):  %35 = extractvalue { i64, i1 } %34, 1, !nosanitize !16
    -> Guard[12] (true edge of ''):  %26 = icmp eq i32 %25, 0
    -> Collected 13 dominating context guard(s).
    -> UNKNOWN (Solver gave up) [Query Latency: 10.133786 ms]
  -> Found UB Trap. Starting Backward Slice...
    -> Guard[0] (false edge of ''):  %526 = extractvalue { i64, i1 } %525, 1, !nosanitize !16
    -> Guard[1] (false edge of ''):  %512 = icmp eq i32 %511, 0
    -> Guard[2] (false edge of ''):  %496 = extractvalue { i64, i1 } %495, 1, !nosanitize !16
    -> Guard[3] (false edge of ''):  %483 = icmp eq i32 %482, 0
    -> Guard[4] (false edge of ''):  %413 = icmp eq i32 %1, 4
    -> Guard[5] (false edge of ''):  %296 = icmp eq i32 %1, 0
    -> Guard[6] (true edge of ''):  %294 = icmp eq i32 %293, 0
    -> Guard[7] (false edge of ''):  %52 = extractvalue { i32, i1 } %51, 1, !nosanitize !16
    -> Guard[8] (false edge of ''):  %48 = extractvalue { i32, i1 } %47, 1, !nosanitize !16
    -> Guard[9] (false edge of ''):  %42 = extractvalue { i64, i1 } %41, 1, !nosanitize !16
    -> Guard[10] (false edge of ''):  %35 = extractvalue { i64, i1 } %34, 1, !nosanitize !16
    -> Guard[11] (true edge of ''):  %26 = icmp eq i32 %25, 0
    -> Collected 12 dominating context guard(s).
    -> UNKNOWN (Solver gave up) [Query Latency: 10.208637 ms]
  => Total Traps Eliminated: 1
  => Total Trap Attempts: 39
  => Total SMT Queries Executed: 39
  => Total SMT Query Latency: 2.612202e+02 ms
  => Average SMT Query Latency: 6.697955e+00 ms
  => Total DFS & SMT Execution Time: 1.854168e+03 ms
--------------------------------------------------

[Z3 Oracle] Analyzing Function: deflate_rle
  -> Found UB Trap. Starting Backward Slice...
    -> Guard[0] (true edge of ''):  %276 = icmp ult i64 %256, %275
    -> Guard[1] (false edge of ''):  %264 = icmp ult i64 %256, %263
    -> Guard[2] (true edge of ''):  %258 = icmp ult i64 %256, %257
    -> Guard[3] (false edge of ''):  %55 = extractvalue { i32, i1 } %54, 1, !nosanitize !18
    -> Guard[4] (false edge of ''):  %51 = extractvalue { i32, i1 } %50, 1, !nosanitize !18
    -> Guard[5] (false edge of ''):  %45 = extractvalue { i64, i1 } %44, 1, !nosanitize !18
    -> Guard[6] (false edge of ''):  %38 = extractvalue { i64, i1 } %37, 1, !nosanitize !18
    -> Guard[7] (true edge of ''):  %27 = icmp ult i32 %26, 259
    -> Collected 8 dominating context guard(s).
    -> UNKNOWN (Solver gave up) [Query Latency: 10.131892 ms]
  -> Found UB Trap. Starting Backward Slice...
    -> Guard[0] (true edge of ''):  %264 = icmp ult i64 %256, %263
    -> Guard[1] (true edge of ''):  %258 = icmp ult i64 %256, %257
    -> Guard[2] (false edge of ''):  %55 = extractvalue { i32, i1 } %54, 1, !nosanitize !18
    -> Guard[3] (false edge of ''):  %51 = extractvalue { i32, i1 } %50, 1, !nosanitize !18
    -> Guard[4] (false edge of ''):  %45 = extractvalue { i64, i1 } %44, 1, !nosanitize !18
    -> Guard[5] (false edge of ''):  %38 = extractvalue { i64, i1 } %37, 1, !nosanitize !18
    -> Guard[6] (true edge of ''):  %27 = icmp ult i32 %26, 259
    -> Collected 7 dominating context guard(s).
    -> UNKNOWN (Solver gave up) [Query Latency: 10.174675 ms]
  -> Found UB Trap. Starting Backward Slice...
    -> Guard[0] (true edge of ''):  %187 = icmp ugt i32 %186, 2
    -> Guard[1] (false edge of ''):  %184 = extractvalue { i32, i1 } %183, 1, !nosanitize !18
    -> Guard[2] (false edge of ''):  %179 = extractvalue { i32, i1 } %178, 1, !nosanitize !18
    -> Guard[3] (false edge of ''):  %136 = icmp eq i32 %135, 0
    -> Guard[4] (false edge of ''):  %55 = extractvalue { i32, i1 } %54, 1, !nosanitize !18
    -> Guard[5] (false edge of ''):  %51 = extractvalue { i32, i1 } %50, 1, !nosanitize !18
    -> Guard[6] (false edge of ''):  %45 = extractvalue { i64, i1 } %44, 1, !nosanitize !18
    -> Guard[7] (false edge of ''):  %38 = extractvalue { i64, i1 } %37, 1, !nosanitize !18
    -> Guard[8] (true edge of ''):  %27 = icmp ult i32 %26, 259
    -> Collected 9 dominating context guard(s).
    -> UNKNOWN (Solver gave up) [Query Latency: 10.191015 ms]
  -> Found UB Trap. Starting Backward Slice...
    -> Guard[0] (false edge of ''):  %75 = extractvalue { i32, i1 } %74, 1, !nosanitize !18
    -> Guard[1] (false edge of ''):  %70 = extractvalue { i32, i1 } %69, 1, !nosanitize !18
    -> Guard[2] (false edge of ''):  %62 = extractvalue { i32, i1 } %61, 1, !nosanitize !18
    -> Guard[3] (false edge of ''):  %59 = icmp ult i32 %42, %58
    -> Guard[4] (false edge of ''):  %55 = extractvalue { i32, i1 } %54, 1, !nosanitize !18
    -> Guard[5] (false edge of ''):  %51 = extractvalue { i32, i1 } %50, 1, !nosanitize !18
    -> Guard[6] (false edge of ''):  %45 = extractvalue { i64, i1 } %44, 1, !nosanitize !18
    -> Guard[7] (false edge of ''):  %38 = extractvalue { i64, i1 } %37, 1, !nosanitize !18
    -> Guard[8] (true edge of ''):  %27 = icmp ult i32 %26, 259
    -> Collected 9 dominating context guard(s).
    -> SAT (WARNING: Potential Integer Overflow Bug Detected!) [Query Latency: 7.406587 ms]
  -> Found UB Trap. Starting Backward Slice...
    -> Guard[0] (false edge of ''):  %70 = extractvalue { i32, i1 } %69, 1, !nosanitize !18
    -> Guard[1] (false edge of ''):  %62 = extractvalue { i32, i1 } %61, 1, !nosanitize !18
    -> Guard[2] (false edge of ''):  %59 = icmp ult i32 %42, %58
    -> Guard[3] (false edge of ''):  %55 = extractvalue { i32, i1 } %54, 1, !nosanitize !18
    -> Guard[4] (false edge of ''):  %51 = extractvalue { i32, i1 } %50, 1, !nosanitize !18
    -> Guard[5] (false edge of ''):  %45 = extractvalue { i64, i1 } %44, 1, !nosanitize !18
    -> Guard[6] (false edge of ''):  %38 = extractvalue { i64, i1 } %37, 1, !nosanitize !18
    -> Guard[7] (true edge of ''):  %27 = icmp ult i32 %26, 259
    -> Collected 8 dominating context guard(s).
    -> UNKNOWN (Solver gave up) [Query Latency: 10.155927 ms]
  -> Found UB Trap. Starting Backward Slice...
    -> Guard[0] (false edge of ''):  %62 = extractvalue { i32, i1 } %61, 1, !nosanitize !18
    -> Guard[1] (false edge of ''):  %59 = icmp ult i32 %42, %58
    -> Guard[2] (false edge of ''):  %55 = extractvalue { i32, i1 } %54, 1, !nosanitize !18
    -> Guard[3] (false edge of ''):  %51 = extractvalue { i32, i1 } %50, 1, !nosanitize !18
    -> Guard[4] (false edge of ''):  %45 = extractvalue { i64, i1 } %44, 1, !nosanitize !18
    -> Guard[5] (false edge of ''):  %38 = extractvalue { i64, i1 } %37, 1, !nosanitize !18
    -> Guard[6] (true edge of ''):  %27 = icmp ult i32 %26, 259
    -> Collected 7 dominating context guard(s).
    -> SAT (WARNING: Potential Integer Overflow Bug Detected!) [Query Latency: 5.209784 ms]
  -> Found UB Trap. Starting Backward Slice...
    -> Guard[0] (false edge of ''):  %59 = icmp ult i32 %42, %58
    -> Guard[1] (false edge of ''):  %55 = extractvalue { i32, i1 } %54, 1, !nosanitize !18
    -> Guard[2] (false edge of ''):  %51 = extractvalue { i32, i1 } %50, 1, !nosanitize !18
    -> Guard[3] (false edge of ''):  %45 = extractvalue { i64, i1 } %44, 1, !nosanitize !18
    -> Guard[4] (false edge of ''):  %38 = extractvalue { i64, i1 } %37, 1, !nosanitize !18
    -> Guard[5] (true edge of ''):  %27 = icmp ult i32 %26, 259
    -> Collected 6 dominating context guard(s).
    -> SAT (WARNING: Potential Integer Overflow Bug Detected!) [Query Latency: 3.932178 ms]
  -> Found UB Trap. Starting Backward Slice...
    -> Guard[0] (false edge of ''):  %45 = extractvalue { i64, i1 } %44, 1, !nosanitize !18
    -> Guard[1] (false edge of ''):  %38 = extractvalue { i64, i1 } %37, 1, !nosanitize !18
    -> Guard[2] (true edge of ''):  %27 = icmp ult i32 %26, 259
    -> Collected 3 dominating context guard(s).
    -> SAT (WARNING: Potential Integer Overflow Bug Detected!) [Query Latency: 0.868008 ms]
  -> Found UB Trap. Starting Backward Slice...
    -> Guard[0] (false edge of ''):  %38 = extractvalue { i64, i1 } %37, 1, !nosanitize !18
    -> Guard[1] (true edge of ''):  %27 = icmp ult i32 %26, 259
    -> Collected 2 dominating context guard(s).
    -> SAT (WARNING: Potential Integer Overflow Bug Detected!) [Query Latency: 1.815476 ms]
  -> Found UB Trap. Starting Backward Slice...
    -> Guard[0] (true edge of ''):  %27 = icmp ult i32 %26, 259
    -> Collected 1 dominating context guard(s).
    -> SAT (WARNING: Potential Integer Overflow Bug Detected!) [Query Latency: 0.739721 ms]
  -> Found UB Trap. Starting Backward Slice...
    -> Guard[0] (false edge of ''):  %279 = extractvalue { i64, i1 } %278, 1, !nosanitize !18
    -> Guard[1] (true edge of ''):  %276 = icmp ult i64 %256, %275
    -> Guard[2] (false edge of ''):  %264 = icmp ult i64 %256, %263
    -> Guard[3] (true edge of ''):  %258 = icmp ult i64 %256, %257
    -> Guard[4] (false edge of ''):  %55 = extractvalue { i32, i1 } %54, 1, !nosanitize !18
    -> Guard[5] (false edge of ''):  %51 = extractvalue { i32, i1 } %50, 1, !nosanitize !18
    -> Guard[6] (false edge of ''):  %45 = extractvalue { i64, i1 } %44, 1, !nosanitize !18
    -> Guard[7] (false edge of ''):  %38 = extractvalue { i64, i1 } %37, 1, !nosanitize !18
    -> Guard[8] (true edge of ''):  %27 = icmp ult i32 %26, 259
    -> Collected 9 dominating context guard(s).
    -> UNKNOWN (Solver gave up) [Query Latency: 10.124994 ms]
  -> Found UB Trap. Starting Backward Slice...
    -> Guard[0] (false edge of ''):  %219 = extractvalue { i32, i1 } %218, 1, !nosanitize !18
    -> Guard[1] (false edge of ''):  %216 = icmp eq i32 %214, 0
    -> Guard[2] (false edge of ''):  %200 = extractvalue { i32, i1 } %199, 1, !nosanitize !18
    -> Guard[3] (false edge of ''):  %192 = extractvalue { i32, i1 } %190, 1, !nosanitize !18
    -> Guard[4] (true edge of ''):  %187 = icmp ugt i32 %186, 2
    -> Guard[5] (false edge of ''):  %184 = extractvalue { i32, i1 } %183, 1, !nosanitize !18
    -> Guard[6] (false edge of ''):  %179 = extractvalue { i32, i1 } %178, 1, !nosanitize !18
    -> Guard[7] (false edge of ''):  %136 = icmp eq i32 %135, 0
    -> Guard[8] (false edge of ''):  %55 = extractvalue { i32, i1 } %54, 1, !nosanitize !18
    -> Guard[9] (false edge of ''):  %51 = extractvalue { i32, i1 } %50, 1, !nosanitize !18
    -> Guard[10] (false edge of ''):  %45 = extractvalue { i64, i1 } %44, 1, !nosanitize !18
    -> Guard[11] (false edge of ''):  %38 = extractvalue { i64, i1 } %37, 1, !nosanitize !18
    -> Guard[12] (true edge of ''):  %27 = icmp ult i32 %26, 259
    -> Collected 13 dominating context guard(s).
    -> UNKNOWN (Solver gave up) [Query Latency: 10.117534 ms]
  -> Found UB Trap. Starting Backward Slice...
    -> Guard[0] (false edge of ''):  %216 = icmp eq i32 %214, 0
    -> Guard[1] (false edge of ''):  %200 = extractvalue { i32, i1 } %199, 1, !nosanitize !18
    -> Guard[2] (false edge of ''):  %192 = extractvalue { i32, i1 } %190, 1, !nosanitize !18
    -> Guard[3] (true edge of ''):  %187 = icmp ugt i32 %186, 2
    -> Guard[4] (false edge of ''):  %184 = extractvalue { i32, i1 } %183, 1, !nosanitize !18
    -> Guard[5] (false edge of ''):  %179 = extractvalue { i32, i1 } %178, 1, !nosanitize !18
    -> Guard[6] (false edge of ''):  %136 = icmp eq i32 %135, 0
    -> Guard[7] (false edge of ''):  %55 = extractvalue { i32, i1 } %54, 1, !nosanitize !18
    -> Guard[8] (false edge of ''):  %51 = extractvalue { i32, i1 } %50, 1, !nosanitize !18
    -> Guard[9] (false edge of ''):  %45 = extractvalue { i64, i1 } %44, 1, !nosanitize !18
    -> Guard[10] (false edge of ''):  %38 = extractvalue { i64, i1 } %37, 1, !nosanitize !18
    -> Guard[11] (true edge of ''):  %27 = icmp ult i32 %26, 259
    -> Collected 12 dominating context guard(s).
    -> UNKNOWN (Solver gave up) [Query Latency: 10.112542 ms]
  -> Found UB Trap. Starting Backward Slice...
    -> Guard[0] (false edge of ''):  %192 = extractvalue { i32, i1 } %190, 1, !nosanitize !18
    -> Guard[1] (true edge of ''):  %187 = icmp ugt i32 %186, 2
    -> Guard[2] (false edge of ''):  %184 = extractvalue { i32, i1 } %183, 1, !nosanitize !18
    -> Guard[3] (false edge of ''):  %179 = extractvalue { i32, i1 } %178, 1, !nosanitize !18
    -> Guard[4] (false edge of ''):  %136 = icmp eq i32 %135, 0
    -> Guard[5] (false edge of ''):  %55 = extractvalue { i32, i1 } %54, 1, !nosanitize !18
    -> Guard[6] (false edge of ''):  %51 = extractvalue { i32, i1 } %50, 1, !nosanitize !18
    -> Guard[7] (false edge of ''):  %45 = extractvalue { i64, i1 } %44, 1, !nosanitize !18
    -> Guard[8] (false edge of ''):  %38 = extractvalue { i64, i1 } %37, 1, !nosanitize !18
    -> Guard[9] (true edge of ''):  %27 = icmp ult i32 %26, 259
    -> Collected 10 dominating context guard(s).
    -> UNKNOWN (Solver gave up) [Query Latency: 10.122704 ms]
  -> Found UB Trap. Starting Backward Slice...
    -> Guard[0] (false edge of ''):  %179 = extractvalue { i32, i1 } %178, 1, !nosanitize !18
    -> Guard[1] (false edge of ''):  %136 = icmp eq i32 %135, 0
    -> Guard[2] (false edge of ''):  %55 = extractvalue { i32, i1 } %54, 1, !nosanitize !18
    -> Guard[3] (false edge of ''):  %51 = extractvalue { i32, i1 } %50, 1, !nosanitize !18
    -> Guard[4] (false edge of ''):  %45 = extractvalue { i64, i1 } %44, 1, !nosanitize !18
    -> Guard[5] (false edge of ''):  %38 = extractvalue { i64, i1 } %37, 1, !nosanitize !18
    -> Guard[6] (true edge of ''):  %27 = icmp ult i32 %26, 259
    -> Collected 7 dominating context guard(s).
    -> UNKNOWN (Solver gave up) [Query Latency: 10.133415 ms]
  -> Found UB Trap. Starting Backward Slice...
    -> Guard[0] (false edge of ''):  %136 = icmp eq i32 %135, 0
    -> Guard[1] (false edge of ''):  %55 = extractvalue { i32, i1 } %54, 1, !nosanitize !18
    -> Guard[2] (false edge of ''):  %51 = extractvalue { i32, i1 } %50, 1, !nosanitize !18
    -> Guard[3] (false edge of ''):  %45 = extractvalue { i64, i1 } %44, 1, !nosanitize !18
    -> Guard[4] (false edge of ''):  %38 = extractvalue { i64, i1 } %37, 1, !nosanitize !18
    -> Guard[5] (true edge of ''):  %27 = icmp ult i32 %26, 259
    -> Collected 6 dominating context guard(s).
    -> UNKNOWN (Solver gave up) [Query Latency: 10.160432 ms]
  -> Found UB Trap. Starting Backward Slice...
    -> Guard[0] (true edge of ''):  %122 = icmp eq i32 %121, 0
    -> Guard[1] (false edge of ''):  %119 = extractvalue { i32, i1 } %118, 1, !nosanitize !18
    -> Guard[2] (true edge of ''):  %105 = icmp eq i32 %104, 0
    -> Guard[3] (false edge of ''):  %101 = extractvalue { i32, i1 } %100, 1, !nosanitize !18
    -> Guard[4] (false edge of ''):  %80 = extractvalue { i64, i1 } %79, 1, !nosanitize !18
    -> Guard[5] (false edge of ''):  %75 = extractvalue { i32, i1 } %74, 1, !nosanitize !18
    -> Guard[6] (false edge of ''):  %70 = extractvalue { i32, i1 } %69, 1, !nosanitize !18
    -> Guard[7] (false edge of ''):  %62 = extractvalue { i32, i1 } %61, 1, !nosanitize !18
    -> Guard[8] (false edge of ''):  %59 = icmp ult i32 %42, %58
    -> Guard[9] (false edge of ''):  %55 = extractvalue { i32, i1 } %54, 1, !nosanitize !18
    -> Guard[10] (false edge of ''):  %51 = extractvalue { i32, i1 } %50, 1, !nosanitize !18
    -> Guard[11] (false edge of ''):  %45 = extractvalue { i64, i1 } %44, 1, !nosanitize !18
    -> Guard[12] (false edge of ''):  %38 = extractvalue { i64, i1 } %37, 1, !nosanitize !18
    -> Guard[13] (true edge of ''):  %27 = icmp ult i32 %26, 259
    -> Collected 14 dominating context guard(s).
    -> UNKNOWN (Solver gave up) [Query Latency: 10.197456 ms]
  -> Found UB Trap. Starting Backward Slice...
    -> Guard[0] (false edge of ''):  %51 = extractvalue { i32, i1 } %50, 1, !nosanitize !18
    -> Guard[1] (false edge of ''):  %45 = extractvalue { i64, i1 } %44, 1, !nosanitize !18
    -> Guard[2] (false edge of ''):  %38 = extractvalue { i64, i1 } %37, 1, !nosanitize !18
    -> Guard[3] (true edge of ''):  %27 = icmp ult i32 %26, 259
    -> Collected 4 dominating context guard(s).
    -> SAT (WARNING: Potential Integer Overflow Bug Detected!) [Query Latency: 2.271764 ms]
  -> Found UB Trap. Starting Backward Slice...
    -> Guard[0] (true edge of ''):  %105 = icmp eq i32 %104, 0
    -> Guard[1] (false edge of ''):  %101 = extractvalue { i32, i1 } %100, 1, !nosanitize !18
    -> Guard[2] (false edge of ''):  %80 = extractvalue { i64, i1 } %79, 1, !nosanitize !18
    -> Guard[3] (false edge of ''):  %75 = extractvalue { i32, i1 } %74, 1, !nosanitize !18
    -> Guard[4] (false edge of ''):  %70 = extractvalue { i32, i1 } %69, 1, !nosanitize !18
    -> Guard[5] (false edge of ''):  %62 = extractvalue { i32, i1 } %61, 1, !nosanitize !18
    -> Guard[6] (false edge of ''):  %59 = icmp ult i32 %42, %58
    -> Guard[7] (false edge of ''):  %55 = extractvalue { i32, i1 } %54, 1, !nosanitize !18
    -> Guard[8] (false edge of ''):  %51 = extractvalue { i32, i1 } %50, 1, !nosanitize !18
    -> Guard[9] (false edge of ''):  %45 = extractvalue { i64, i1 } %44, 1, !nosanitize !18
    -> Guard[10] (false edge of ''):  %38 = extractvalue { i64, i1 } %37, 1, !nosanitize !18
    -> Guard[11] (true edge of ''):  %27 = icmp ult i32 %26, 259
    -> Collected 12 dominating context guard(s).
    -> SAT (WARNING: Potential Integer Overflow Bug Detected!) [Query Latency: 9.082863 ms]
  -> Found UB Trap. Starting Backward Slice...
    -> Guard[0] (false edge of ''):  %80 = extractvalue { i64, i1 } %79, 1, !nosanitize !18
    -> Guard[1] (false edge of ''):  %75 = extractvalue { i32, i1 } %74, 1, !nosanitize !18
    -> Guard[2] (false edge of ''):  %70 = extractvalue { i32, i1 } %69, 1, !nosanitize !18
    -> Guard[3] (false edge of ''):  %62 = extractvalue { i32, i1 } %61, 1, !nosanitize !18
    -> Guard[4] (false edge of ''):  %59 = icmp ult i32 %42, %58
    -> Guard[5] (false edge of ''):  %55 = extractvalue { i32, i1 } %54, 1, !nosanitize !18
    -> Guard[6] (false edge of ''):  %51 = extractvalue { i32, i1 } %50, 1, !nosanitize !18
    -> Guard[7] (false edge of ''):  %45 = extractvalue { i64, i1 } %44, 1, !nosanitize !18
    -> Guard[8] (false edge of ''):  %38 = extractvalue { i64, i1 } %37, 1, !nosanitize !18
    -> Guard[9] (true edge of ''):  %27 = icmp ult i32 %26, 259
    -> Collected 10 dominating context guard(s).
    -> UNKNOWN (Solver gave up) [Query Latency: 10.162466 ms]
  -> Found UB Trap. Starting Backward Slice...
    -> Guard[0] (false edge of ''):  %144 = icmp eq i32 %132, 0
    -> Guard[1] (false edge of ''):  %136 = icmp eq i32 %135, 0
    -> Guard[2] (false edge of ''):  %55 = extractvalue { i32, i1 } %54, 1, !nosanitize !18
    -> Guard[3] (false edge of ''):  %51 = extractvalue { i32, i1 } %50, 1, !nosanitize !18
    -> Guard[4] (false edge of ''):  %45 = extractvalue { i64, i1 } %44, 1, !nosanitize !18
    -> Guard[5] (false edge of ''):  %38 = extractvalue { i64, i1 } %37, 1, !nosanitize !18
    -> Guard[6] (true edge of ''):  %27 = icmp ult i32 %26, 259
    -> Collected 7 dominating context guard(s).
    -> UNSAT (Dead Code / Impossible Path) [Query Latency: 4.074664 ms]
  => SUCCESS: Trap mathematically neutralized!
  -> Found UB Trap. Starting Backward Slice...
    -> Guard[0] (false edge of ''):  %147 = extractvalue { i32, i1 } %146, 1, !nosanitize !18
    -> Guard[1] (false edge of ''):  %144 = icmp eq i32 %132, 0
    -> Guard[2] (false edge of ''):  %136 = icmp eq i32 %135, 0
    -> Guard[3] (false edge of ''):  %55 = extractvalue { i32, i1 } %54, 1, !nosanitize !18
    -> Guard[4] (false edge of ''):  %51 = extractvalue { i32, i1 } %50, 1, !nosanitize !18
    -> Guard[5] (false edge of ''):  %45 = extractvalue { i64, i1 } %44, 1, !nosanitize !18
    -> Guard[6] (false edge of ''):  %38 = extractvalue { i64, i1 } %37, 1, !nosanitize !18
    -> Guard[7] (true edge of ''):  %27 = icmp ult i32 %26, 259
    -> Collected 8 dominating context guard(s).
    -> SAT (WARNING: Potential Integer Overflow Bug Detected!) [Query Latency: 2.878359 ms]
  -> Found UB Trap. Starting Backward Slice...
    -> Guard[0] (false edge of ''):  %635 = icmp eq i32 %634, 0
    -> Guard[1] (false edge of ''):  %565 = icmp eq i32 %1, 4
    -> Guard[2] (true edge of ''):  %300 = icmp eq i32 %296, 0
    -> Guard[3] (false edge of ''):  %298 = and i1 %21, %297
    -> Guard[4] (false edge of ''):  %55 = extractvalue { i32, i1 } %54, 1, !nosanitize !18
    -> Guard[5] (false edge of ''):  %51 = extractvalue { i32, i1 } %50, 1, !nosanitize !18
    -> Guard[6] (false edge of ''):  %45 = extractvalue { i64, i1 } %44, 1, !nosanitize !18
    -> Guard[7] (false edge of ''):  %38 = extractvalue { i64, i1 } %37, 1, !nosanitize !18
    -> Guard[8] (true edge of ''):  %27 = icmp ult i32 %26, 259
    -> Collected 9 dominating context guard(s).
    -> UNKNOWN (Solver gave up) [Query Latency: 10.136771 ms]
  -> Found UB Trap. Starting Backward Slice...
    -> Guard[0] (true edge of ''):  %565 = icmp eq i32 %1, 4
    -> Guard[1] (true edge of ''):  %300 = icmp eq i32 %296, 0
    -> Guard[2] (false edge of ''):  %298 = and i1 %21, %297
    -> Guard[3] (false edge of ''):  %55 = extractvalue { i32, i1 } %54, 1, !nosanitize !18
    -> Guard[4] (false edge of ''):  %51 = extractvalue { i32, i1 } %50, 1, !nosanitize !18
    -> Guard[5] (false edge of ''):  %45 = extractvalue { i64, i1 } %44, 1, !nosanitize !18
    -> Guard[6] (false edge of ''):  %38 = extractvalue { i64, i1 } %37, 1, !nosanitize !18
    -> Guard[7] (true edge of ''):  %27 = icmp ult i32 %26, 259
    -> Collected 8 dominating context guard(s).
    -> UNKNOWN (Solver gave up) [Query Latency: 10.150658 ms]
  -> Found UB Trap. Starting Backward Slice...
    -> Collected 0 dominating context guard(s).
    -> UNKNOWN (Solver gave up) [Query Latency: 20.422077 ms]
  -> Found UB Trap. Starting Backward Slice...
    -> Guard[0] (false edge of ''):  %475 = extractvalue { i32, i1 } %474, 1, !nosanitize !18
    -> Guard[1] (false edge of ''):  %467 = extractvalue { i32, i1 } %466, 1, !nosanitize !18
    -> Guard[2] (false edge of ''):  %459 = extractvalue { i32, i1 } %458, 1, !nosanitize !18
    -> Collected 3 dominating context guard(s).
    -> UNKNOWN (Solver gave up) [Query Latency: 10.162429 ms]
  -> Found UB Trap. Starting Backward Slice...
    -> Guard[0] (false edge of ''):  %414 = extractvalue { i32, i1 } %413, 1, !nosanitize !18
    -> Guard[1] (false edge of ''):  %406 = extractvalue { i32, i1 } %405, 1, !nosanitize !18
    -> Guard[2] (false edge of ''):  %397 = extractvalue { i32, i1 } %396, 1, !nosanitize !18
    -> Guard[3] (true edge of ''):  %391 = icmp ugt i32 %390, 2
    -> Guard[4] (false edge of ''):  %386 = extractvalue { i32, i1 } %385, 1, !nosanitize !18
    -> Guard[5] (true edge of ''):  %323 = icmp eq i8 %313, %322
    -> Guard[6] (true edge of ''):  %319 = icmp eq i8 %313, %318
    -> Guard[7] (true edge of ''):  %315 = icmp eq i8 %313, %314
    -> Guard[8] (false edge of ''):  %307 = icmp eq i32 %305, 0
    -> Collected 9 dominating context guard(s).
    -> UNKNOWN (Solver gave up) [Query Latency: 10.146794 ms]
  -> Found UB Trap. Starting Backward Slice...
    -> Guard[0] (true edge of ''):  %323 = icmp eq i8 %313, %322
    -> Guard[1] (true edge of ''):  %319 = icmp eq i8 %313, %318
    -> Guard[2] (true edge of ''):  %315 = icmp eq i8 %313, %314
    -> Guard[3] (false edge of ''):  %307 = icmp eq i32 %305, 0
    -> Collected 4 dominating context guard(s).
    -> UNKNOWN (Solver gave up) [Query Latency: 10.139276 ms]
  -> Found UB Trap. Starting Backward Slice...
    -> Guard[0] (false edge of ''):  %490 = extractvalue { i32, i1 } %489, 1, !nosanitize !18
    -> Guard[1] (false edge of ''):  %475 = extractvalue { i32, i1 } %474, 1, !nosanitize !18
    -> Guard[2] (false edge of ''):  %467 = extractvalue { i32, i1 } %466, 1, !nosanitize !18
    -> Guard[3] (false edge of ''):  %459 = extractvalue { i32, i1 } %458, 1, !nosanitize !18
    -> Collected 4 dominating context guard(s).
    -> UNKNOWN (Solver gave up) [Query Latency: 10.153253 ms]
  -> Found UB Trap. Starting Backward Slice...
    -> Guard[0] (false edge of ''):  %467 = extractvalue { i32, i1 } %466, 1, !nosanitize !18
    -> Guard[1] (false edge of ''):  %459 = extractvalue { i32, i1 } %458, 1, !nosanitize !18
    -> Collected 2 dominating context guard(s).
    -> UNKNOWN (Solver gave up) [Query Latency: 10.145209 ms]
  -> Found UB Trap. Starting Backward Slice...
    -> Guard[0] (false edge of ''):  %459 = extractvalue { i32, i1 } %458, 1, !nosanitize !18
    -> Collected 1 dominating context guard(s).
    -> UNKNOWN (Solver gave up) [Query Latency: 10.132898 ms]
  -> Found UB Trap. Starting Backward Slice...
    -> Collected 0 dominating context guard(s).
    -> UNKNOWN (Solver gave up) [Query Latency: 21.407612 ms]
  -> Found UB Trap. Starting Backward Slice...
    -> Guard[0] (false edge of ''):  %439 = extractvalue { i32, i1 } %438, 1, !nosanitize !18
    -> Guard[1] (false edge of ''):  %414 = extractvalue { i32, i1 } %413, 1, !nosanitize !18
    -> Guard[2] (false edge of ''):  %406 = extractvalue { i32, i1 } %405, 1, !nosanitize !18
    -> Guard[3] (false edge of ''):  %397 = extractvalue { i32, i1 } %396, 1, !nosanitize !18
    -> Guard[4] (true edge of ''):  %391 = icmp ugt i32 %390, 2
    -> Guard[5] (false edge of ''):  %386 = extractvalue { i32, i1 } %385, 1, !nosanitize !18
    -> Guard[6] (true edge of ''):  %323 = icmp eq i8 %313, %322
    -> Guard[7] (true edge of ''):  %319 = icmp eq i8 %313, %318
    -> Guard[8] (true edge of ''):  %315 = icmp eq i8 %313, %314
    -> Guard[9] (false edge of ''):  %307 = icmp eq i32 %305, 0
    -> Collected 10 dominating context guard(s).
    -> UNKNOWN (Solver gave up) [Query Latency: 10.192674 ms]
  -> Found UB Trap. Starting Backward Slice...
    -> Guard[0] (false edge of ''):  %406 = extractvalue { i32, i1 } %405, 1, !nosanitize !18
    -> Guard[1] (false edge of ''):  %397 = extractvalue { i32, i1 } %396, 1, !nosanitize !18
    -> Guard[2] (true edge of ''):  %391 = icmp ugt i32 %390, 2
    -> Guard[3] (false edge of ''):  %386 = extractvalue { i32, i1 } %385, 1, !nosanitize !18
    -> Guard[4] (true edge of ''):  %323 = icmp eq i8 %313, %322
    -> Guard[5] (true edge of ''):  %319 = icmp eq i8 %313, %318
    -> Guard[6] (true edge of ''):  %315 = icmp eq i8 %313, %314
    -> Guard[7] (false edge of ''):  %307 = icmp eq i32 %305, 0
    -> Collected 8 dominating context guard(s).
    -> UNKNOWN (Solver gave up) [Query Latency: 10.235906 ms]
  -> Found UB Trap. Starting Backward Slice...
    -> Guard[0] (false edge of ''):  %397 = extractvalue { i32, i1 } %396, 1, !nosanitize !18
    -> Guard[1] (true edge of ''):  %391 = icmp ugt i32 %390, 2
    -> Guard[2] (false edge of ''):  %386 = extractvalue { i32, i1 } %385, 1, !nosanitize !18
    -> Guard[3] (true edge of ''):  %323 = icmp eq i8 %313, %322
    -> Guard[4] (true edge of ''):  %319 = icmp eq i8 %313, %318
    -> Guard[5] (true edge of ''):  %315 = icmp eq i8 %313, %314
    -> Guard[6] (false edge of ''):  %307 = icmp eq i32 %305, 0
    -> Collected 7 dominating context guard(s).
    -> UNKNOWN (Solver gave up) [Query Latency: 10.145058 ms]
  -> Found UB Trap. Starting Backward Slice...
    -> Guard[0] (true edge of ''):  %391 = icmp ugt i32 %390, 2
    -> Guard[1] (false edge of ''):  %386 = extractvalue { i32, i1 } %385, 1, !nosanitize !18
    -> Guard[2] (true edge of ''):  %323 = icmp eq i8 %313, %322
    -> Guard[3] (true edge of ''):  %319 = icmp eq i8 %313, %318
    -> Guard[4] (true edge of ''):  %315 = icmp eq i8 %313, %314
    -> Guard[5] (false edge of ''):  %307 = icmp eq i32 %305, 0
    -> Collected 6 dominating context guard(s).
    -> UNKNOWN (Solver gave up) [Query Latency: 10.126700 ms]
  -> Found UB Trap. Starting Backward Slice...
    -> Guard[0] (false edge of ''):  %526 = icmp eq i32 %525, 0
    -> Guard[1] (false edge of ''):  %510 = extractvalue { i64, i1 } %509, 1, !nosanitize !18
    -> Collected 2 dominating context guard(s).
    -> UNKNOWN (Solver gave up) [Query Latency: 10.137779 ms]
  -> Found UB Trap. Starting Backward Slice...
    -> Guard[0] (false edge of ''):  %546 = extractvalue { i32, i1 } %545, 1, !nosanitize !18
    -> Guard[1] (false edge of ''):  %540 = extractvalue { i64, i1 } %539, 1, !nosanitize !18
    -> Guard[2] (false edge of ''):  %526 = icmp eq i32 %525, 0
    -> Guard[3] (false edge of ''):  %510 = extractvalue { i64, i1 } %509, 1, !nosanitize !18
    -> Collected 4 dominating context guard(s).
    -> UNKNOWN (Solver gave up) [Query Latency: 10.126069 ms]
  -> Found UB Trap. Starting Backward Slice...
    -> Guard[0] (false edge of ''):  %540 = extractvalue { i64, i1 } %539, 1, !nosanitize !18
    -> Guard[1] (false edge of ''):  %526 = icmp eq i32 %525, 0
    -> Guard[2] (false edge of ''):  %510 = extractvalue { i64, i1 } %509, 1, !nosanitize !18
    -> Collected 3 dominating context guard(s).
    -> UNKNOWN (Solver gave up) [Query Latency: 10.176329 ms]
  -> Found UB Trap. Starting Backward Slice...
    -> Guard[0] (false edge of ''):  %594 = icmp eq i32 %593, 0
    -> Guard[1] (false edge of ''):  %578 = extractvalue { i64, i1 } %577, 1, !nosanitize !18
    -> Guard[2] (true edge of ''):  %565 = icmp eq i32 %1, 4
    -> Guard[3] (true edge of ''):  %300 = icmp eq i32 %296, 0
    -> Guard[4] (false edge of ''):  %298 = and i1 %21, %297
    -> Guard[5] (false edge of ''):  %55 = extractvalue { i32, i1 } %54, 1, !nosanitize !18
    -> Guard[6] (false edge of ''):  %51 = extractvalue { i32, i1 } %50, 1, !nosanitize !18
    -> Guard[7] (false edge of ''):  %45 = extractvalue { i64, i1 } %44, 1, !nosanitize !18
    -> Guard[8] (false edge of ''):  %38 = extractvalue { i64, i1 } %37, 1, !nosanitize !18
    -> Guard[9] (true edge of ''):  %27 = icmp ult i32 %26, 259
    -> Collected 10 dominating context guard(s).
    -> UNKNOWN (Solver gave up) [Query Latency: 10.118493 ms]
  -> Found UB Trap. Starting Backward Slice...
    -> Guard[0] (false edge of ''):  %614 = extractvalue { i32, i1 } %613, 1, !nosanitize !18
    -> Guard[1] (false edge of ''):  %608 = extractvalue { i64, i1 } %607, 1, !nosanitize !18
    -> Guard[2] (false edge of ''):  %594 = icmp eq i32 %593, 0
    -> Guard[3] (false edge of ''):  %578 = extractvalue { i64, i1 } %577, 1, !nosanitize !18
    -> Guard[4] (true edge of ''):  %565 = icmp eq i32 %1, 4
    -> Guard[5] (true edge of ''):  %300 = icmp eq i32 %296, 0
    -> Guard[6] (false edge of ''):  %298 = and i1 %21, %297
    -> Guard[7] (false edge of ''):  %55 = extractvalue { i32, i1 } %54, 1, !nosanitize !18
    -> Guard[8] (false edge of ''):  %51 = extractvalue { i32, i1 } %50, 1, !nosanitize !18
    -> Guard[9] (false edge of ''):  %45 = extractvalue { i64, i1 } %44, 1, !nosanitize !18
    -> Guard[10] (false edge of ''):  %38 = extractvalue { i64, i1 } %37, 1, !nosanitize !18
    -> Guard[11] (true edge of ''):  %27 = icmp ult i32 %26, 259
    -> Collected 12 dominating context guard(s).
    -> UNKNOWN (Solver gave up) [Query Latency: 10.141980 ms]
  -> Found UB Trap. Starting Backward Slice...
    -> Guard[0] (false edge of ''):  %608 = extractvalue { i64, i1 } %607, 1, !nosanitize !18
    -> Guard[1] (false edge of ''):  %594 = icmp eq i32 %593, 0
    -> Guard[2] (false edge of ''):  %578 = extractvalue { i64, i1 } %577, 1, !nosanitize !18
    -> Guard[3] (true edge of ''):  %565 = icmp eq i32 %1, 4
    -> Guard[4] (true edge of ''):  %300 = icmp eq i32 %296, 0
    -> Guard[5] (false edge of ''):  %298 = and i1 %21, %297
    -> Guard[6] (false edge of ''):  %55 = extractvalue { i32, i1 } %54, 1, !nosanitize !18
    -> Guard[7] (false edge of ''):  %51 = extractvalue { i32, i1 } %50, 1, !nosanitize !18
    -> Guard[8] (false edge of ''):  %45 = extractvalue { i64, i1 } %44, 1, !nosanitize !18
    -> Guard[9] (false edge of ''):  %38 = extractvalue { i64, i1 } %37, 1, !nosanitize !18
    -> Guard[10] (true edge of ''):  %27 = icmp ult i32 %26, 259
    -> Collected 11 dominating context guard(s).
    -> UNKNOWN (Solver gave up) [Query Latency: 10.153519 ms]
  -> Found UB Trap. Starting Backward Slice...
    -> Guard[0] (false edge of ''):  %664 = icmp eq i32 %663, 0
    -> Guard[1] (false edge of ''):  %648 = extractvalue { i64, i1 } %647, 1, !nosanitize !18
    -> Guard[2] (false edge of ''):  %635 = icmp eq i32 %634, 0
    -> Guard[3] (false edge of ''):  %565 = icmp eq i32 %1, 4
    -> Guard[4] (true edge of ''):  %300 = icmp eq i32 %296, 0
    -> Guard[5] (false edge of ''):  %298 = and i1 %21, %297
    -> Guard[6] (false edge of ''):  %55 = extractvalue { i32, i1 } %54, 1, !nosanitize !18
    -> Guard[7] (false edge of ''):  %51 = extractvalue { i32, i1 } %50, 1, !nosanitize !18
    -> Guard[8] (false edge of ''):  %45 = extractvalue { i64, i1 } %44, 1, !nosanitize !18
    -> Guard[9] (false edge of ''):  %38 = extractvalue { i64, i1 } %37, 1, !nosanitize !18
    -> Guard[10] (true edge of ''):  %27 = icmp ult i32 %26, 259
    -> Collected 11 dominating context guard(s).
    -> UNKNOWN (Solver gave up) [Query Latency: 10.158664 ms]
  -> Found UB Trap. Starting Backward Slice...
    -> Guard[0] (false edge of ''):  %684 = extractvalue { i32, i1 } %683, 1, !nosanitize !18
    -> Guard[1] (false edge of ''):  %678 = extractvalue { i64, i1 } %677, 1, !nosanitize !18
    -> Guard[2] (false edge of ''):  %664 = icmp eq i32 %663, 0
    -> Guard[3] (false edge of ''):  %648 = extractvalue { i64, i1 } %647, 1, !nosanitize !18
    -> Guard[4] (false edge of ''):  %635 = icmp eq i32 %634, 0
    -> Guard[5] (false edge of ''):  %565 = icmp eq i32 %1, 4
    -> Guard[6] (true edge of ''):  %300 = icmp eq i32 %296, 0
    -> Guard[7] (false edge of ''):  %298 = and i1 %21, %297
    -> Guard[8] (false edge of ''):  %55 = extractvalue { i32, i1 } %54, 1, !nosanitize !18
    -> Guard[9] (false edge of ''):  %51 = extractvalue { i32, i1 } %50, 1, !nosanitize !18
    -> Guard[10] (false edge of ''):  %45 = extractvalue { i64, i1 } %44, 1, !nosanitize !18
    -> Guard[11] (false edge of ''):  %38 = extractvalue { i64, i1 } %37, 1, !nosanitize !18
    -> Guard[12] (true edge of ''):  %27 = icmp ult i32 %26, 259
    -> Collected 13 dominating context guard(s).
    -> UNKNOWN (Solver gave up) [Query Latency: 10.163779 ms]
  -> Found UB Trap. Starting Backward Slice...
    -> Guard[0] (false edge of ''):  %678 = extractvalue { i64, i1 } %677, 1, !nosanitize !18
    -> Guard[1] (false edge of ''):  %664 = icmp eq i32 %663, 0
    -> Guard[2] (false edge of ''):  %648 = extractvalue { i64, i1 } %647, 1, !nosanitize !18
    -> Guard[3] (false edge of ''):  %635 = icmp eq i32 %634, 0
    -> Guard[4] (false edge of ''):  %565 = icmp eq i32 %1, 4
    -> Guard[5] (true edge of ''):  %300 = icmp eq i32 %296, 0
    -> Guard[6] (false edge of ''):  %298 = and i1 %21, %297
    -> Guard[7] (false edge of ''):  %55 = extractvalue { i32, i1 } %54, 1, !nosanitize !18
    -> Guard[8] (false edge of ''):  %51 = extractvalue { i32, i1 } %50, 1, !nosanitize !18
    -> Guard[9] (false edge of ''):  %45 = extractvalue { i64, i1 } %44, 1, !nosanitize !18
    -> Guard[10] (false edge of ''):  %38 = extractvalue { i64, i1 } %37, 1, !nosanitize !18
    -> Guard[11] (true edge of ''):  %27 = icmp ult i32 %26, 259
    -> Collected 12 dominating context guard(s).
    -> UNKNOWN (Solver gave up) [Query Latency: 10.146998 ms]
  => Total Traps Eliminated: 1
  => Total Trap Attempts: 45
  => Total SMT Queries Executed: 45
  => Total SMT Query Latency: 4.150854e+02 ms
  => Average SMT Query Latency: 9.224120e+00 ms
  => Total DFS & SMT Execution Time: 3.187601e+03 ms
--------------------------------------------------

[Z3 Oracle] Analyzing Function: deflateCopy
  -> Found UB Trap. Starting Backward Slice...
    -> Guard[0] (true edge of ''):  %134 = icmp eq i32 %133, 0
    -> Guard[1] (false edge of ''):  %65 = select i1 %63, i1 true, i1 %64
    -> Guard[2] (false edge of ''):  %60 = icmp eq ptr %59, null
    -> Guard[3] (false edge of ''):  %57 = icmp eq ptr %56, null
    -> Guard[4] (false edge of ''):  %30 = icmp eq ptr %29, null
    -> Guard[5] (false edge of ''):  %23 = icmp eq ptr %0, null
    -> Guard[6] (true edge of ''):  %18 = icmp eq ptr %17, %1
    -> Guard[7] (false edge of ''):  %15 = icmp eq ptr %14, null
    -> Guard[8] (false edge of ''):  %11 = icmp eq ptr %10, null
    -> Guard[9] (false edge of ''):  %7 = icmp eq ptr %6, null
    -> Guard[10] (false edge of ''):  %3 = icmp eq ptr %1, null
    -> Collected 11 dominating context guard(s).
    -> SAT (WARNING: Potential Integer Overflow Bug Detected!) [Query Latency: 1.927304 ms]
  => Total Traps Eliminated: 0
  => Total Trap Attempts: 1
  => Total SMT Queries Executed: 1
  => Total SMT Query Latency: 1.927304e+00 ms
  => Average SMT Query Latency: 1.927304e+00 ms
  => Total DFS & SMT Execution Time: 2.522942e+01 ms
--------------------------------------------------

[Z3 Oracle] Analyzing Function: deflate_fast
  -> Found UB Trap. Starting Backward Slice...
    -> Guard[0] (true edge of ''):  %279 = icmp ult i64 %259, %278
    -> Guard[1] (false edge of ''):  %267 = icmp ult i64 %259, %266
    -> Guard[2] (true edge of ''):  %261 = icmp ult i64 %259, %260
    -> Guard[3] (false edge of ''):  %58 = extractvalue { i32, i1 } %57, 1, !nosanitize !16
    -> Guard[4] (false edge of ''):  %54 = extractvalue { i32, i1 } %53, 1, !nosanitize !16
    -> Guard[5] (false edge of ''):  %48 = extractvalue { i64, i1 } %47, 1, !nosanitize !16
    -> Guard[6] (false edge of ''):  %41 = extractvalue { i64, i1 } %40, 1, !nosanitize !16
    -> Guard[7] (true edge of ''):  %32 = icmp ult i32 %31, 262
    -> Collected 8 dominating context guard(s).
    -> UNKNOWN (Solver gave up) [Query Latency: 10.151888 ms]
  -> Found UB Trap. Starting Backward Slice...
    -> Guard[0] (true edge of ''):  %267 = icmp ult i64 %259, %266
    -> Guard[1] (true edge of ''):  %261 = icmp ult i64 %259, %260
    -> Guard[2] (false edge of ''):  %58 = extractvalue { i32, i1 } %57, 1, !nosanitize !16
    -> Guard[3] (false edge of ''):  %54 = extractvalue { i32, i1 } %53, 1, !nosanitize !16
    -> Guard[4] (false edge of ''):  %48 = extractvalue { i64, i1 } %47, 1, !nosanitize !16
    -> Guard[5] (false edge of ''):  %41 = extractvalue { i64, i1 } %40, 1, !nosanitize !16
    -> Guard[6] (true edge of ''):  %32 = icmp ult i32 %31, 262
    -> Collected 7 dominating context guard(s).
    -> UNKNOWN (Solver gave up) [Query Latency: 10.122144 ms]
  -> Found UB Trap. Starting Backward Slice...
    -> Guard[0] (true edge of ''):  %190 = icmp ugt i32 %189, 2
    -> Guard[1] (false edge of ''):  %187 = extractvalue { i32, i1 } %186, 1, !nosanitize !16
    -> Guard[2] (false edge of ''):  %182 = extractvalue { i32, i1 } %181, 1, !nosanitize !16
    -> Guard[3] (false edge of ''):  %139 = icmp eq i32 %138, 0
    -> Guard[4] (false edge of ''):  %58 = extractvalue { i32, i1 } %57, 1, !nosanitize !16
    -> Guard[5] (false edge of ''):  %54 = extractvalue { i32, i1 } %53, 1, !nosanitize !16
    -> Guard[6] (false edge of ''):  %48 = extractvalue { i64, i1 } %47, 1, !nosanitize !16
    -> Guard[7] (false edge of ''):  %41 = extractvalue { i64, i1 } %40, 1, !nosanitize !16
    -> Guard[8] (true edge of ''):  %32 = icmp ult i32 %31, 262
    -> Collected 9 dominating context guard(s).
    -> UNKNOWN (Solver gave up) [Query Latency: 10.142259 ms]
  -> Found UB Trap. Starting Backward Slice...
    -> Guard[0] (false edge of ''):  %78 = extractvalue { i32, i1 } %77, 1, !nosanitize !16
    -> Guard[1] (false edge of ''):  %73 = extractvalue { i32, i1 } %72, 1, !nosanitize !16
    -> Guard[2] (false edge of ''):  %65 = extractvalue { i32, i1 } %64, 1, !nosanitize !16
    -> Guard[3] (false edge of ''):  %62 = icmp ult i32 %45, %61
    -> Guard[4] (false edge of ''):  %58 = extractvalue { i32, i1 } %57, 1, !nosanitize !16
    -> Guard[5] (false edge of ''):  %54 = extractvalue { i32, i1 } %53, 1, !nosanitize !16
    -> Guard[6] (false edge of ''):  %48 = extractvalue { i64, i1 } %47, 1, !nosanitize !16
    -> Guard[7] (false edge of ''):  %41 = extractvalue { i64, i1 } %40, 1, !nosanitize !16
    -> Guard[8] (true edge of ''):  %32 = icmp ult i32 %31, 262
    -> Collected 9 dominating context guard(s).
    -> SAT (WARNING: Potential Integer Overflow Bug Detected!) [Query Latency: 5.903389 ms]
  -> Found UB Trap. Starting Backward Slice...
    -> Guard[0] (false edge of ''):  %73 = extractvalue { i32, i1 } %72, 1, !nosanitize !16
    -> Guard[1] (false edge of ''):  %65 = extractvalue { i32, i1 } %64, 1, !nosanitize !16
    -> Guard[2] (false edge of ''):  %62 = icmp ult i32 %45, %61
    -> Guard[3] (false edge of ''):  %58 = extractvalue { i32, i1 } %57, 1, !nosanitize !16
    -> Guard[4] (false edge of ''):  %54 = extractvalue { i32, i1 } %53, 1, !nosanitize !16
    -> Guard[5] (false edge of ''):  %48 = extractvalue { i64, i1 } %47, 1, !nosanitize !16
    -> Guard[6] (false edge of ''):  %41 = extractvalue { i64, i1 } %40, 1, !nosanitize !16
    -> Guard[7] (true edge of ''):  %32 = icmp ult i32 %31, 262
    -> Collected 8 dominating context guard(s).
    -> UNKNOWN (Solver gave up) [Query Latency: 10.153373 ms]
  -> Found UB Trap. Starting Backward Slice...
    -> Guard[0] (false edge of ''):  %65 = extractvalue { i32, i1 } %64, 1, !nosanitize !16
    -> Guard[1] (false edge of ''):  %62 = icmp ult i32 %45, %61
    -> Guard[2] (false edge of ''):  %58 = extractvalue { i32, i1 } %57, 1, !nosanitize !16
    -> Guard[3] (false edge of ''):  %54 = extractvalue { i32, i1 } %53, 1, !nosanitize !16
    -> Guard[4] (false edge of ''):  %48 = extractvalue { i64, i1 } %47, 1, !nosanitize !16
    -> Guard[5] (false edge of ''):  %41 = extractvalue { i64, i1 } %40, 1, !nosanitize !16
    -> Guard[6] (true edge of ''):  %32 = icmp ult i32 %31, 262
    -> Collected 7 dominating context guard(s).
    -> SAT (WARNING: Potential Integer Overflow Bug Detected!) [Query Latency: 6.003822 ms]
  -> Found UB Trap. Starting Backward Slice...
    -> Guard[0] (false edge of ''):  %62 = icmp ult i32 %45, %61
    -> Guard[1] (false edge of ''):  %58 = extractvalue { i32, i1 } %57, 1, !nosanitize !16
    -> Guard[2] (false edge of ''):  %54 = extractvalue { i32, i1 } %53, 1, !nosanitize !16
    -> Guard[3] (false edge of ''):  %48 = extractvalue { i64, i1 } %47, 1, !nosanitize !16
    -> Guard[4] (false edge of ''):  %41 = extractvalue { i64, i1 } %40, 1, !nosanitize !16
    -> Guard[5] (true edge of ''):  %32 = icmp ult i32 %31, 262
    -> Collected 6 dominating context guard(s).
    -> SAT (WARNING: Potential Integer Overflow Bug Detected!) [Query Latency: 4.624301 ms]
  -> Found UB Trap. Starting Backward Slice...
    -> Guard[0] (false edge of ''):  %48 = extractvalue { i64, i1 } %47, 1, !nosanitize !16
    -> Guard[1] (false edge of ''):  %41 = extractvalue { i64, i1 } %40, 1, !nosanitize !16
    -> Guard[2] (true edge of ''):  %32 = icmp ult i32 %31, 262
    -> Collected 3 dominating context guard(s).
    -> SAT (WARNING: Potential Integer Overflow Bug Detected!) [Query Latency: 0.949935 ms]
  -> Found UB Trap. Starting Backward Slice...
    -> Guard[0] (false edge of ''):  %41 = extractvalue { i64, i1 } %40, 1, !nosanitize !16
    -> Guard[1] (true edge of ''):  %32 = icmp ult i32 %31, 262
    -> Collected 2 dominating context guard(s).
    -> SAT (WARNING: Potential Integer Overflow Bug Detected!) [Query Latency: 2.044929 ms]
  -> Found UB Trap. Starting Backward Slice...
    -> Guard[0] (true edge of ''):  %32 = icmp ult i32 %31, 262
    -> Collected 1 dominating context guard(s).
    -> SAT (WARNING: Potential Integer Overflow Bug Detected!) [Query Latency: 0.806364 ms]
  -> Found UB Trap. Starting Backward Slice...
    -> Guard[0] (false edge of ''):  %282 = extractvalue { i64, i1 } %281, 1, !nosanitize !16
    -> Guard[1] (true edge of ''):  %279 = icmp ult i64 %259, %278
    -> Guard[2] (false edge of ''):  %267 = icmp ult i64 %259, %266
    -> Guard[3] (true edge of ''):  %261 = icmp ult i64 %259, %260
    -> Guard[4] (false edge of ''):  %58 = extractvalue { i32, i1 } %57, 1, !nosanitize !16
    -> Guard[5] (false edge of ''):  %54 = extractvalue { i32, i1 } %53, 1, !nosanitize !16
    -> Guard[6] (false edge of ''):  %48 = extractvalue { i64, i1 } %47, 1, !nosanitize !16
    -> Guard[7] (false edge of ''):  %41 = extractvalue { i64, i1 } %40, 1, !nosanitize !16
    -> Guard[8] (true edge of ''):  %32 = icmp ult i32 %31, 262
    -> Collected 9 dominating context guard(s).
    -> UNKNOWN (Solver gave up) [Query Latency: 10.124565 ms]
  -> Found UB Trap. Starting Backward Slice...
    -> Guard[0] (false edge of ''):  %222 = extractvalue { i32, i1 } %221, 1, !nosanitize !16
    -> Guard[1] (false edge of ''):  %219 = icmp eq i32 %217, 0
    -> Guard[2] (false edge of ''):  %203 = extractvalue { i32, i1 } %202, 1, !nosanitize !16
    -> Guard[3] (false edge of ''):  %195 = extractvalue { i32, i1 } %193, 1, !nosanitize !16
    -> Guard[4] (true edge of ''):  %190 = icmp ugt i32 %189, 2
    -> Guard[5] (false edge of ''):  %187 = extractvalue { i32, i1 } %186, 1, !nosanitize !16
    -> Guard[6] (false edge of ''):  %182 = extractvalue { i32, i1 } %181, 1, !nosanitize !16
    -> Guard[7] (false edge of ''):  %139 = icmp eq i32 %138, 0
    -> Guard[8] (false edge of ''):  %58 = extractvalue { i32, i1 } %57, 1, !nosanitize !16
    -> Guard[9] (false edge of ''):  %54 = extractvalue { i32, i1 } %53, 1, !nosanitize !16
    -> Guard[10] (false edge of ''):  %48 = extractvalue { i64, i1 } %47, 1, !nosanitize !16
    -> Guard[11] (false edge of ''):  %41 = extractvalue { i64, i1 } %40, 1, !nosanitize !16
    -> Guard[12] (true edge of ''):  %32 = icmp ult i32 %31, 262
    -> Collected 13 dominating context guard(s).
    -> UNKNOWN (Solver gave up) [Query Latency: 10.122376 ms]
  -> Found UB Trap. Starting Backward Slice...
    -> Guard[0] (false edge of ''):  %219 = icmp eq i32 %217, 0
    -> Guard[1] (false edge of ''):  %203 = extractvalue { i32, i1 } %202, 1, !nosanitize !16
    -> Guard[2] (false edge of ''):  %195 = extractvalue { i32, i1 } %193, 1, !nosanitize !16
    -> Guard[3] (true edge of ''):  %190 = icmp ugt i32 %189, 2
    -> Guard[4] (false edge of ''):  %187 = extractvalue { i32, i1 } %186, 1, !nosanitize !16
    -> Guard[5] (false edge of ''):  %182 = extractvalue { i32, i1 } %181, 1, !nosanitize !16
    -> Guard[6] (false edge of ''):  %139 = icmp eq i32 %138, 0
    -> Guard[7] (false edge of ''):  %58 = extractvalue { i32, i1 } %57, 1, !nosanitize !16
    -> Guard[8] (false edge of ''):  %54 = extractvalue { i32, i1 } %53, 1, !nosanitize !16
    -> Guard[9] (false edge of ''):  %48 = extractvalue { i64, i1 } %47, 1, !nosanitize !16
    -> Guard[10] (false edge of ''):  %41 = extractvalue { i64, i1 } %40, 1, !nosanitize !16
    -> Guard[11] (true edge of ''):  %32 = icmp ult i32 %31, 262
    -> Collected 12 dominating context guard(s).
    -> UNKNOWN (Solver gave up) [Query Latency: 10.121993 ms]
  -> Found UB Trap. Starting Backward Slice...
    -> Guard[0] (false edge of ''):  %195 = extractvalue { i32, i1 } %193, 1, !nosanitize !16
    -> Guard[1] (true edge of ''):  %190 = icmp ugt i32 %189, 2
    -> Guard[2] (false edge of ''):  %187 = extractvalue { i32, i1 } %186, 1, !nosanitize !16
    -> Guard[3] (false edge of ''):  %182 = extractvalue { i32, i1 } %181, 1, !nosanitize !16
    -> Guard[4] (false edge of ''):  %139 = icmp eq i32 %138, 0
    -> Guard[5] (false edge of ''):  %58 = extractvalue { i32, i1 } %57, 1, !nosanitize !16
    -> Guard[6] (false edge of ''):  %54 = extractvalue { i32, i1 } %53, 1, !nosanitize !16
    -> Guard[7] (false edge of ''):  %48 = extractvalue { i64, i1 } %47, 1, !nosanitize !16
    -> Guard[8] (false edge of ''):  %41 = extractvalue { i64, i1 } %40, 1, !nosanitize !16
    -> Guard[9] (true edge of ''):  %32 = icmp ult i32 %31, 262
    -> Collected 10 dominating context guard(s).
    -> UNKNOWN (Solver gave up) [Query Latency: 10.148337 ms]
  -> Found UB Trap. Starting Backward Slice...
    -> Guard[0] (false edge of ''):  %182 = extractvalue { i32, i1 } %181, 1, !nosanitize !16
    -> Guard[1] (false edge of ''):  %139 = icmp eq i32 %138, 0
    -> Guard[2] (false edge of ''):  %58 = extractvalue { i32, i1 } %57, 1, !nosanitize !16
    -> Guard[3] (false edge of ''):  %54 = extractvalue { i32, i1 } %53, 1, !nosanitize !16
    -> Guard[4] (false edge of ''):  %48 = extractvalue { i64, i1 } %47, 1, !nosanitize !16
    -> Guard[5] (false edge of ''):  %41 = extractvalue { i64, i1 } %40, 1, !nosanitize !16
    -> Guard[6] (true edge of ''):  %32 = icmp ult i32 %31, 262
    -> Collected 7 dominating context guard(s).
    -> UNKNOWN (Solver gave up) [Query Latency: 10.135255 ms]
  -> Found UB Trap. Starting Backward Slice...
    -> Guard[0] (false edge of ''):  %139 = icmp eq i32 %138, 0
    -> Guard[1] (false edge of ''):  %58 = extractvalue { i32, i1 } %57, 1, !nosanitize !16
    -> Guard[2] (false edge of ''):  %54 = extractvalue { i32, i1 } %53, 1, !nosanitize !16
    -> Guard[3] (false edge of ''):  %48 = extractvalue { i64, i1 } %47, 1, !nosanitize !16
    -> Guard[4] (false edge of ''):  %41 = extractvalue { i64, i1 } %40, 1, !nosanitize !16
    -> Guard[5] (true edge of ''):  %32 = icmp ult i32 %31, 262
    -> Collected 6 dominating context guard(s).
    -> UNKNOWN (Solver gave up) [Query Latency: 10.127840 ms]
  -> Found UB Trap. Starting Backward Slice...
    -> Guard[0] (true edge of ''):  %125 = icmp eq i32 %124, 0
    -> Guard[1] (false edge of ''):  %122 = extractvalue { i32, i1 } %121, 1, !nosanitize !16
    -> Guard[2] (true edge of ''):  %108 = icmp eq i32 %107, 0
    -> Guard[3] (false edge of ''):  %104 = extractvalue { i32, i1 } %103, 1, !nosanitize !16
    -> Guard[4] (false edge of ''):  %83 = extractvalue { i64, i1 } %82, 1, !nosanitize !16
    -> Guard[5] (false edge of ''):  %78 = extractvalue { i32, i1 } %77, 1, !nosanitize !16
    -> Guard[6] (false edge of ''):  %73 = extractvalue { i32, i1 } %72, 1, !nosanitize !16
    -> Guard[7] (false edge of ''):  %65 = extractvalue { i32, i1 } %64, 1, !nosanitize !16
    -> Guard[8] (false edge of ''):  %62 = icmp ult i32 %45, %61
    -> Guard[9] (false edge of ''):  %58 = extractvalue { i32, i1 } %57, 1, !nosanitize !16
    -> Guard[10] (false edge of ''):  %54 = extractvalue { i32, i1 } %53, 1, !nosanitize !16
    -> Guard[11] (false edge of ''):  %48 = extractvalue { i64, i1 } %47, 1, !nosanitize !16
    -> Guard[12] (false edge of ''):  %41 = extractvalue { i64, i1 } %40, 1, !nosanitize !16
    -> Guard[13] (true edge of ''):  %32 = icmp ult i32 %31, 262
    -> Collected 14 dominating context guard(s).
    -> SAT (WARNING: Potential Integer Overflow Bug Detected!) [Query Latency: 9.144236 ms]
  -> Found UB Trap. Starting Backward Slice...
    -> Guard[0] (false edge of ''):  %54 = extractvalue { i32, i1 } %53, 1, !nosanitize !16
    -> Guard[1] (false edge of ''):  %48 = extractvalue { i64, i1 } %47, 1, !nosanitize !16
    -> Guard[2] (false edge of ''):  %41 = extractvalue { i64, i1 } %40, 1, !nosanitize !16
    -> Guard[3] (true edge of ''):  %32 = icmp ult i32 %31, 262
    -> Collected 4 dominating context guard(s).
    -> SAT (WARNING: Potential Integer Overflow Bug Detected!) [Query Latency: 2.009037 ms]
  -> Found UB Trap. Starting Backward Slice...
    -> Guard[0] (true edge of ''):  %108 = icmp eq i32 %107, 0
    -> Guard[1] (false edge of ''):  %104 = extractvalue { i32, i1 } %103, 1, !nosanitize !16
    -> Guard[2] (false edge of ''):  %83 = extractvalue { i64, i1 } %82, 1, !nosanitize !16
    -> Guard[3] (false edge of ''):  %78 = extractvalue { i32, i1 } %77, 1, !nosanitize !16
    -> Guard[4] (false edge of ''):  %73 = extractvalue { i32, i1 } %72, 1, !nosanitize !16
    -> Guard[5] (false edge of ''):  %65 = extractvalue { i32, i1 } %64, 1, !nosanitize !16
    -> Guard[6] (false edge of ''):  %62 = icmp ult i32 %45, %61
    -> Guard[7] (false edge of ''):  %58 = extractvalue { i32, i1 } %57, 1, !nosanitize !16
    -> Guard[8] (false edge of ''):  %54 = extractvalue { i32, i1 } %53, 1, !nosanitize !16
    -> Guard[9] (false edge of ''):  %48 = extractvalue { i64, i1 } %47, 1, !nosanitize !16
    -> Guard[10] (false edge of ''):  %41 = extractvalue { i64, i1 } %40, 1, !nosanitize !16
    -> Guard[11] (true edge of ''):  %32 = icmp ult i32 %31, 262
    -> Collected 12 dominating context guard(s).
    -> SAT (WARNING: Potential Integer Overflow Bug Detected!) [Query Latency: 7.005397 ms]
  -> Found UB Trap. Starting Backward Slice...
    -> Guard[0] (false edge of ''):  %83 = extractvalue { i64, i1 } %82, 1, !nosanitize !16
    -> Guard[1] (false edge of ''):  %78 = extractvalue { i32, i1 } %77, 1, !nosanitize !16
    -> Guard[2] (false edge of ''):  %73 = extractvalue { i32, i1 } %72, 1, !nosanitize !16
    -> Guard[3] (false edge of ''):  %65 = extractvalue { i32, i1 } %64, 1, !nosanitize !16
    -> Guard[4] (false edge of ''):  %62 = icmp ult i32 %45, %61
    -> Guard[5] (false edge of ''):  %58 = extractvalue { i32, i1 } %57, 1, !nosanitize !16
    -> Guard[6] (false edge of ''):  %54 = extractvalue { i32, i1 } %53, 1, !nosanitize !16
    -> Guard[7] (false edge of ''):  %48 = extractvalue { i64, i1 } %47, 1, !nosanitize !16
    -> Guard[8] (false edge of ''):  %41 = extractvalue { i64, i1 } %40, 1, !nosanitize !16
    -> Guard[9] (true edge of ''):  %32 = icmp ult i32 %31, 262
    -> Collected 10 dominating context guard(s).
    -> UNKNOWN (Solver gave up) [Query Latency: 10.151301 ms]
  -> Found UB Trap. Starting Backward Slice...
    -> Guard[0] (false edge of ''):  %147 = icmp eq i32 %135, 0
    -> Guard[1] (false edge of ''):  %139 = icmp eq i32 %138, 0
    -> Guard[2] (false edge of ''):  %58 = extractvalue { i32, i1 } %57, 1, !nosanitize !16
    -> Guard[3] (false edge of ''):  %54 = extractvalue { i32, i1 } %53, 1, !nosanitize !16
    -> Guard[4] (false edge of ''):  %48 = extractvalue { i64, i1 } %47, 1, !nosanitize !16
    -> Guard[5] (false edge of ''):  %41 = extractvalue { i64, i1 } %40, 1, !nosanitize !16
    -> Guard[6] (true edge of ''):  %32 = icmp ult i32 %31, 262
    -> Collected 7 dominating context guard(s).
    -> UNSAT (Dead Code / Impossible Path) [Query Latency: 4.480966 ms]
  => SUCCESS: Trap mathematically neutralized!
  -> Found UB Trap. Starting Backward Slice...
    -> Guard[0] (false edge of ''):  %150 = extractvalue { i32, i1 } %149, 1, !nosanitize !16
    -> Guard[1] (false edge of ''):  %147 = icmp eq i32 %135, 0
    -> Guard[2] (false edge of ''):  %139 = icmp eq i32 %138, 0
    -> Guard[3] (false edge of ''):  %58 = extractvalue { i32, i1 } %57, 1, !nosanitize !16
    -> Guard[4] (false edge of ''):  %54 = extractvalue { i32, i1 } %53, 1, !nosanitize !16
    -> Guard[5] (false edge of ''):  %48 = extractvalue { i64, i1 } %47, 1, !nosanitize !16
    -> Guard[6] (false edge of ''):  %41 = extractvalue { i64, i1 } %40, 1, !nosanitize !16
    -> Guard[7] (true edge of ''):  %32 = icmp ult i32 %31, 262
    -> Collected 8 dominating context guard(s).
    -> SAT (WARNING: Potential Integer Overflow Bug Detected!) [Query Latency: 4.142559 ms]
  -> Found UB Trap. Starting Backward Slice...
    -> Guard[0] (false edge of ''):  %699 = extractvalue { i32, i1 } %698, 1, !nosanitize !16
    -> Guard[1] (false edge of ''):  %684 = extractvalue { i32, i1 } %683, 1, !nosanitize !16
    -> Guard[2] (false edge of ''):  %676 = extractvalue { i32, i1 } %675, 1, !nosanitize !16
    -> Guard[3] (false edge of ''):  %668 = extractvalue { i32, i1 } %667, 1, !nosanitize !16
    -> Guard[4] (false edge of ''):  %519 = icmp ugt i32 %518, 2
    -> Collected 5 dominating context guard(s).
    -> UNKNOWN (Solver gave up) [Query Latency: 10.128109 ms]
  -> Found UB Trap. Starting Backward Slice...
    -> Guard[0] (false edge of ''):  %676 = extractvalue { i32, i1 } %675, 1, !nosanitize !16
    -> Guard[1] (false edge of ''):  %668 = extractvalue { i32, i1 } %667, 1, !nosanitize !16
    -> Guard[2] (false edge of ''):  %519 = icmp ugt i32 %518, 2
    -> Collected 3 dominating context guard(s).
    -> UNKNOWN (Solver gave up) [Query Latency: 10.165945 ms]
  -> Found UB Trap. Starting Backward Slice...
    -> Guard[0] (false edge of ''):  %668 = extractvalue { i32, i1 } %667, 1, !nosanitize !16
    -> Guard[1] (false edge of ''):  %519 = icmp ugt i32 %518, 2
    -> Collected 2 dominating context guard(s).
    -> UNKNOWN (Solver gave up) [Query Latency: 10.147313 ms]
  -> Found UB Trap. Starting Backward Slice...
    -> Guard[0] (false edge of ''):  %519 = icmp ugt i32 %518, 2
    -> Collected 1 dominating context guard(s).
    -> UNKNOWN (Solver gave up) [Query Latency: 10.148045 ms]
  -> Found UB Trap. Starting Backward Slice...
    -> Guard[0] (false edge of ''):  %638 = extractvalue { i32, i1 } %637, 1, !nosanitize !16
    -> Guard[1] (false edge of ''):  %589 = select i1 %587, i1 %588, i1 false
    -> Guard[2] (false edge of ''):  %583 = extractvalue { i32, i1 } %582, 1, !nosanitize !16
    -> Guard[3] (false edge of ''):  %551 = extractvalue { i32, i1 } %550, 1, !nosanitize !16
    -> Guard[4] (false edge of ''):  %541 = extractvalue { i32, i1 } %540, 1, !nosanitize !16
    -> Guard[5] (false edge of ''):  %532 = extractvalue { i32, i1 } %531, 1, !nosanitize !16
    -> Guard[6] (false edge of ''):  %526 = extractvalue { i32, i1 } %525, 1, !nosanitize !16
    -> Guard[7] (true edge of ''):  %519 = icmp ugt i32 %518, 2
    -> Collected 8 dominating context guard(s).
    -> UNKNOWN (Solver gave up) [Query Latency: 10.778546 ms]
  -> Found UB Trap. Starting Backward Slice...
    -> Guard[0] (false edge of ''):  %589 = select i1 %587, i1 %588, i1 false
    -> Guard[1] (false edge of ''):  %583 = extractvalue { i32, i1 } %582, 1, !nosanitize !16
    -> Guard[2] (false edge of ''):  %551 = extractvalue { i32, i1 } %550, 1, !nosanitize !16
    -> Guard[3] (false edge of ''):  %541 = extractvalue { i32, i1 } %540, 1, !nosanitize !16
    -> Guard[4] (false edge of ''):  %532 = extractvalue { i32, i1 } %531, 1, !nosanitize !16
    -> Guard[5] (false edge of ''):  %526 = extractvalue { i32, i1 } %525, 1, !nosanitize !16
    -> Guard[6] (true edge of ''):  %519 = icmp ugt i32 %518, 2
    -> Collected 7 dominating context guard(s).
    -> UNKNOWN (Solver gave up) [Query Latency: 10.203990 ms]
  -> Found UB Trap. Starting Backward Slice...
    -> Guard[0] (false edge of ''):  %600 = extractvalue { i32, i1 } %599, 1, !nosanitize !16
    -> Guard[1] (false edge of ''):  %592 = extractvalue { i32, i1 } %591, 1, !nosanitize !16
    -> Guard[2] (true edge of ''):  %589 = select i1 %587, i1 %588, i1 false
    -> Guard[3] (false edge of ''):  %583 = extractvalue { i32, i1 } %582, 1, !nosanitize !16
    -> Guard[4] (false edge of ''):  %551 = extractvalue { i32, i1 } %550, 1, !nosanitize !16
    -> Guard[5] (false edge of ''):  %541 = extractvalue { i32, i1 } %540, 1, !nosanitize !16
    -> Guard[6] (false edge of ''):  %532 = extractvalue { i32, i1 } %531, 1, !nosanitize !16
    -> Guard[7] (false edge of ''):  %526 = extractvalue { i32, i1 } %525, 1, !nosanitize !16
    -> Guard[8] (true edge of ''):  %519 = icmp ugt i32 %518, 2
    -> Collected 9 dominating context guard(s).
    -> UNKNOWN (Solver gave up) [Query Latency: 10.120880 ms]
  -> Found UB Trap. Starting Backward Slice...
    -> Guard[0] (false edge of ''):  %592 = extractvalue { i32, i1 } %591, 1, !nosanitize !16
    -> Guard[1] (true edge of ''):  %589 = select i1 %587, i1 %588, i1 false
    -> Guard[2] (false edge of ''):  %583 = extractvalue { i32, i1 } %582, 1, !nosanitize !16
    -> Guard[3] (false edge of ''):  %551 = extractvalue { i32, i1 } %550, 1, !nosanitize !16
    -> Guard[4] (false edge of ''):  %541 = extractvalue { i32, i1 } %540, 1, !nosanitize !16
    -> Guard[5] (false edge of ''):  %532 = extractvalue { i32, i1 } %531, 1, !nosanitize !16
    -> Guard[6] (false edge of ''):  %526 = extractvalue { i32, i1 } %525, 1, !nosanitize !16
    -> Guard[7] (true edge of ''):  %519 = icmp ugt i32 %518, 2
    -> Collected 8 dominating context guard(s).
    -> UNKNOWN (Solver gave up) [Query Latency: 10.137996 ms]
  -> Found UB Trap. Starting Backward Slice...
    -> Guard[0] (false edge of ''):  %541 = extractvalue { i32, i1 } %540, 1, !nosanitize !16
    -> Guard[1] (false edge of ''):  %532 = extractvalue { i32, i1 } %531, 1, !nosanitize !16
    -> Guard[2] (false edge of ''):  %526 = extractvalue { i32, i1 } %525, 1, !nosanitize !16
    -> Guard[3] (true edge of ''):  %519 = icmp ugt i32 %518, 2
    -> Collected 4 dominating context guard(s).
    -> UNKNOWN (Solver gave up) [Query Latency: 10.114397 ms]
  -> Found UB Trap. Starting Backward Slice...
    -> Guard[0] (false edge of ''):  %532 = extractvalue { i32, i1 } %531, 1, !nosanitize !16
    -> Guard[1] (false edge of ''):  %526 = extractvalue { i32, i1 } %525, 1, !nosanitize !16
    -> Guard[2] (true edge of ''):  %519 = icmp ugt i32 %518, 2
    -> Collected 3 dominating context guard(s).
    -> UNKNOWN (Solver gave up) [Query Latency: 10.139728 ms]
  -> Found UB Trap. Starting Backward Slice...
    -> Guard[0] (false edge of ''):  %526 = extractvalue { i32, i1 } %525, 1, !nosanitize !16
    -> Guard[1] (true edge of ''):  %519 = icmp ugt i32 %518, 2
    -> Collected 2 dominating context guard(s).
    -> UNKNOWN (Solver gave up) [Query Latency: 10.126511 ms]
  -> Found UB Trap. Starting Backward Slice...
    -> Collected 0 dominating context guard(s).
    -> SAT (WARNING: Potential Integer Overflow Bug Detected!) [Query Latency: 0.656682 ms]
  -> Found UB Trap. Starting Backward Slice...
    -> Guard[0] (false edge of ''):  %845 = icmp eq i32 %844, 0
    -> Guard[1] (false edge of ''):  %776 = icmp eq i32 %1, 4
    -> Guard[2] (true edge of ''):  %303 = icmp eq i32 %299, 0
    -> Guard[3] (false edge of ''):  %301 = and i1 %20, %300
    -> Guard[4] (false edge of ''):  %58 = extractvalue { i32, i1 } %57, 1, !nosanitize !16
    -> Guard[5] (false edge of ''):  %54 = extractvalue { i32, i1 } %53, 1, !nosanitize !16
    -> Guard[6] (false edge of ''):  %48 = extractvalue { i64, i1 } %47, 1, !nosanitize !16
    -> Guard[7] (false edge of ''):  %41 = extractvalue { i64, i1 } %40, 1, !nosanitize !16
    -> Guard[8] (true edge of ''):  %32 = icmp ult i32 %31, 262
    -> Collected 9 dominating context guard(s).
    -> UNKNOWN (Solver gave up) [Query Latency: 10.131622 ms]
  -> Found UB Trap. Starting Backward Slice...
    -> Guard[0] (true edge of ''):  %776 = icmp eq i32 %1, 4
    -> Guard[1] (true edge of ''):  %303 = icmp eq i32 %299, 0
    -> Guard[2] (false edge of ''):  %301 = and i1 %20, %300
    -> Guard[3] (false edge of ''):  %58 = extractvalue { i32, i1 } %57, 1, !nosanitize !16
    -> Guard[4] (false edge of ''):  %54 = extractvalue { i32, i1 } %53, 1, !nosanitize !16
    -> Guard[5] (false edge of ''):  %48 = extractvalue { i64, i1 } %47, 1, !nosanitize !16
    -> Guard[6] (false edge of ''):  %41 = extractvalue { i64, i1 } %40, 1, !nosanitize !16
    -> Guard[7] (true edge of ''):  %32 = icmp ult i32 %31, 262
    -> Collected 8 dominating context guard(s).
    -> UNKNOWN (Solver gave up) [Query Latency: 10.140106 ms]
  -> Found UB Trap. Starting Backward Slice...
    -> Collected 0 dominating context guard(s).
    -> UNKNOWN (Solver gave up) [Query Latency: 32.301134 ms]
  -> Found UB Trap. Starting Backward Slice...
    -> Guard[0] (false edge of ''):  %684 = extractvalue { i32, i1 } %683, 1, !nosanitize !16
    -> Guard[1] (false edge of ''):  %676 = extractvalue { i32, i1 } %675, 1, !nosanitize !16
    -> Guard[2] (false edge of ''):  %668 = extractvalue { i32, i1 } %667, 1, !nosanitize !16
    -> Guard[3] (false edge of ''):  %519 = icmp ugt i32 %518, 2
    -> Collected 4 dominating context guard(s).
    -> UNKNOWN (Solver gave up) [Query Latency: 10.170340 ms]
  -> Found UB Trap. Starting Backward Slice...
    -> Guard[0] (false edge of ''):  %604 = extractvalue { i32, i1 } %603, 1, !nosanitize !16
    -> Guard[1] (false edge of ''):  %600 = extractvalue { i32, i1 } %599, 1, !nosanitize !16
    -> Guard[2] (false edge of ''):  %592 = extractvalue { i32, i1 } %591, 1, !nosanitize !16
    -> Guard[3] (true edge of ''):  %589 = select i1 %587, i1 %588, i1 false
    -> Guard[4] (false edge of ''):  %583 = extractvalue { i32, i1 } %582, 1, !nosanitize !16
    -> Guard[5] (false edge of ''):  %551 = extractvalue { i32, i1 } %550, 1, !nosanitize !16
    -> Guard[6] (false edge of ''):  %541 = extractvalue { i32, i1 } %540, 1, !nosanitize !16
    -> Guard[7] (false edge of ''):  %532 = extractvalue { i32, i1 } %531, 1, !nosanitize !16
    -> Guard[8] (false edge of ''):  %526 = extractvalue { i32, i1 } %525, 1, !nosanitize !16
    -> Guard[9] (true edge of ''):  %519 = icmp ugt i32 %518, 2
    -> Collected 10 dominating context guard(s).
    -> UNKNOWN (Solver gave up) [Query Latency: 10.087107 ms]
  -> Found UB Trap. Starting Backward Slice...
    -> Guard[0] (true edge of ''):  %589 = select i1 %587, i1 %588, i1 false
    -> Guard[1] (false edge of ''):  %583 = extractvalue { i32, i1 } %582, 1, !nosanitize !16
    -> Guard[2] (false edge of ''):  %551 = extractvalue { i32, i1 } %550, 1, !nosanitize !16
    -> Guard[3] (false edge of ''):  %541 = extractvalue { i32, i1 } %540, 1, !nosanitize !16
    -> Guard[4] (false edge of ''):  %532 = extractvalue { i32, i1 } %531, 1, !nosanitize !16
    -> Guard[5] (false edge of ''):  %526 = extractvalue { i32, i1 } %525, 1, !nosanitize !16
    -> Guard[6] (true edge of ''):  %519 = icmp ugt i32 %518, 2
    -> Collected 7 dominating context guard(s).
    -> UNKNOWN (Solver gave up) [Query Latency: 10.138539 ms]
  -> Found UB Trap. Starting Backward Slice...
    -> Guard[0] (false edge of ''):  %551 = extractvalue { i32, i1 } %550, 1, !nosanitize !16
    -> Guard[1] (false edge of ''):  %541 = extractvalue { i32, i1 } %540, 1, !nosanitize !16
    -> Guard[2] (false edge of ''):  %532 = extractvalue { i32, i1 } %531, 1, !nosanitize !16
    -> Guard[3] (false edge of ''):  %526 = extractvalue { i32, i1 } %525, 1, !nosanitize !16
    -> Guard[4] (true edge of ''):  %519 = icmp ugt i32 %518, 2
    -> Collected 5 dominating context guard(s).
    -> UNKNOWN (Solver gave up) [Query Latency: 10.124073 ms]
  -> Found UB Trap. Starting Backward Slice...
    -> Guard[0] (true edge of ''):  %519 = icmp ugt i32 %518, 2
    -> Collected 1 dominating context guard(s).
    -> UNKNOWN (Solver gave up) [Query Latency: 10.115438 ms]
  -> Found UB Trap. Starting Backward Slice...
    -> Guard[0] (false edge of ''):  %340 = extractvalue { i32, i1 } %338, 1, !nosanitize !16
    -> Guard[1] (false edge of ''):  %336 = icmp eq i16 %328, 0
    -> Guard[2] (false edge of ''):  %310 = extractvalue { i32, i1 } %309, 1, !nosanitize !16
    -> Collected 3 dominating context guard(s).
    -> SAT (WARNING: Potential Integer Overflow Bug Detected!) [Query Latency: 0.365381 ms]
  -> Found UB Trap. Starting Backward Slice...
    -> Guard[0] (false edge of ''):  %336 = icmp eq i16 %328, 0
    -> Guard[1] (false edge of ''):  %310 = extractvalue { i32, i1 } %309, 1, !nosanitize !16
    -> Collected 2 dominating context guard(s).
    -> SAT (WARNING: Potential Integer Overflow Bug Detected!) [Query Latency: 19.996246 ms]
  -> Found UB Trap. Starting Backward Slice...
    -> Guard[0] (true edge of ''):  %505 = icmp ult i32 %354, %504
    -> Guard[1] (false edge of ''):  %356 = extractvalue { i32, i1 } %355, 1, !nosanitize !16
    -> Guard[2] (false edge of ''):  %348 = icmp ugt i32 %339, %347
    -> Guard[3] (false edge of ''):  %345 = extractvalue { i32, i1 } %344, 1, !nosanitize !16
    -> Guard[4] (false edge of ''):  %340 = extractvalue { i32, i1 } %338, 1, !nosanitize !16
    -> Guard[5] (false edge of ''):  %336 = icmp eq i16 %328, 0
    -> Guard[6] (false edge of ''):  %310 = extractvalue { i32, i1 } %309, 1, !nosanitize !16
    -> Collected 7 dominating context guard(s).
    -> SAT (WARNING: Potential Integer Overflow Bug Detected!) [Query Latency: 4.777756 ms]
  -> Found UB Trap. Starting Backward Slice...
    -> Guard[0] (true edge of ''):  %405 = icmp eq i8 %403, %404
    -> Guard[1] (true edge of ''):  %400 = icmp eq i8 %398, %399
    -> Guard[2] (true edge of ''):  %396 = icmp eq i8 %395, %380
    -> Guard[3] (false edge of ''):  %390 = extractvalue { i32, i1 } %389, 1, !nosanitize !16
    -> Guard[4] (true edge of ''):  %387 = icmp eq i8 %386, %381
    -> Guard[5] (false edge of ''):  %356 = extractvalue { i32, i1 } %355, 1, !nosanitize !16
    -> Guard[6] (false edge of ''):  %348 = icmp ugt i32 %339, %347
    -> Guard[7] (false edge of ''):  %345 = extractvalue { i32, i1 } %344, 1, !nosanitize !16
    -> Guard[8] (false edge of ''):  %340 = extractvalue { i32, i1 } %338, 1, !nosanitize !16
    -> Guard[9] (false edge of ''):  %336 = icmp eq i16 %328, 0
    -> Guard[10] (false edge of ''):  %310 = extractvalue { i32, i1 } %309, 1, !nosanitize !16
    -> Collected 11 dominating context guard(s).
    -> SAT (WARNING: Potential Integer Overflow Bug Detected!) [Query Latency: 5.518704 ms]
  -> Found UB Trap. Starting Backward Slice...
    -> Guard[0] (true edge of ''):  %387 = icmp eq i8 %386, %381
    -> Guard[1] (false edge of ''):  %356 = extractvalue { i32, i1 } %355, 1, !nosanitize !16
    -> Guard[2] (false edge of ''):  %348 = icmp ugt i32 %339, %347
    -> Guard[3] (false edge of ''):  %345 = extractvalue { i32, i1 } %344, 1, !nosanitize !16
    -> Guard[4] (false edge of ''):  %340 = extractvalue { i32, i1 } %338, 1, !nosanitize !16
    -> Guard[5] (false edge of ''):  %336 = icmp eq i16 %328, 0
    -> Guard[6] (false edge of ''):  %310 = extractvalue { i32, i1 } %309, 1, !nosanitize !16
    -> Collected 7 dominating context guard(s).
    -> SAT (WARNING: Potential Integer Overflow Bug Detected!) [Query Latency: 1.712959 ms]
  -> Found UB Trap. Starting Backward Slice...
    -> Guard[0] (false edge of ''):  %348 = icmp ugt i32 %339, %347
    -> Guard[1] (false edge of ''):  %345 = extractvalue { i32, i1 } %344, 1, !nosanitize !16
    -> Guard[2] (false edge of ''):  %340 = extractvalue { i32, i1 } %338, 1, !nosanitize !16
    -> Guard[3] (false edge of ''):  %336 = icmp eq i16 %328, 0
    -> Guard[4] (false edge of ''):  %310 = extractvalue { i32, i1 } %309, 1, !nosanitize !16
    -> Collected 5 dominating context guard(s).
    -> SAT (WARNING: Potential Integer Overflow Bug Detected!) [Query Latency: 1.515219 ms]
  -> Found UB Trap. Starting Backward Slice...
    -> Guard[0] (false edge of ''):  %735 = icmp eq i32 %734, 0
    -> Guard[1] (false edge of ''):  %719 = extractvalue { i64, i1 } %718, 1, !nosanitize !16
    -> Collected 2 dominating context guard(s).
    -> UNKNOWN (Solver gave up) [Query Latency: 10.174574 ms]
  -> Found UB Trap. Starting Backward Slice...
    -> Guard[0] (false edge of ''):  %755 = extractvalue { i32, i1 } %754, 1, !nosanitize !16
    -> Guard[1] (false edge of ''):  %749 = extractvalue { i64, i1 } %748, 1, !nosanitize !16
    -> Guard[2] (false edge of ''):  %735 = icmp eq i32 %734, 0
    -> Guard[3] (false edge of ''):  %719 = extractvalue { i64, i1 } %718, 1, !nosanitize !16
    -> Collected 4 dominating context guard(s).
    -> UNKNOWN (Solver gave up) [Query Latency: 10.150591 ms]
  -> Found UB Trap. Starting Backward Slice...
    -> Guard[0] (false edge of ''):  %749 = extractvalue { i64, i1 } %748, 1, !nosanitize !16
    -> Guard[1] (false edge of ''):  %735 = icmp eq i32 %734, 0
    -> Guard[2] (false edge of ''):  %719 = extractvalue { i64, i1 } %718, 1, !nosanitize !16
    -> Collected 3 dominating context guard(s).
    -> UNKNOWN (Solver gave up) [Query Latency: 10.196555 ms]
  -> Found UB Trap. Starting Backward Slice...
    -> Guard[0] (false edge of ''):  %804 = icmp eq i32 %803, 0
    -> Guard[1] (false edge of ''):  %788 = extractvalue { i64, i1 } %787, 1, !nosanitize !16
    -> Guard[2] (true edge of ''):  %776 = icmp eq i32 %1, 4
    -> Guard[3] (true edge of ''):  %303 = icmp eq i32 %299, 0
    -> Guard[4] (false edge of ''):  %301 = and i1 %20, %300
    -> Guard[5] (false edge of ''):  %58 = extractvalue { i32, i1 } %57, 1, !nosanitize !16
    -> Guard[6] (false edge of ''):  %54 = extractvalue { i32, i1 } %53, 1, !nosanitize !16
    -> Guard[7] (false edge of ''):  %48 = extractvalue { i64, i1 } %47, 1, !nosanitize !16
    -> Guard[8] (false edge of ''):  %41 = extractvalue { i64, i1 } %40, 1, !nosanitize !16
    -> Guard[9] (true edge of ''):  %32 = icmp ult i32 %31, 262
    -> Collected 10 dominating context guard(s).
    -> UNKNOWN (Solver gave up) [Query Latency: 10.188539 ms]
  -> Found UB Trap. Starting Backward Slice...
    -> Guard[0] (false edge of ''):  %824 = extractvalue { i32, i1 } %823, 1, !nosanitize !16
    -> Guard[1] (false edge of ''):  %818 = extractvalue { i64, i1 } %817, 1, !nosanitize !16
    -> Guard[2] (false edge of ''):  %804 = icmp eq i32 %803, 0
    -> Guard[3] (false edge of ''):  %788 = extractvalue { i64, i1 } %787, 1, !nosanitize !16
    -> Guard[4] (true edge of ''):  %776 = icmp eq i32 %1, 4
    -> Guard[5] (true edge of ''):  %303 = icmp eq i32 %299, 0
    -> Guard[6] (false edge of ''):  %301 = and i1 %20, %300
    -> Guard[7] (false edge of ''):  %58 = extractvalue { i32, i1 } %57, 1, !nosanitize !16
    -> Guard[8] (false edge of ''):  %54 = extractvalue { i32, i1 } %53, 1, !nosanitize !16
    -> Guard[9] (false edge of ''):  %48 = extractvalue { i64, i1 } %47, 1, !nosanitize !16
    -> Guard[10] (false edge of ''):  %41 = extractvalue { i64, i1 } %40, 1, !nosanitize !16
    -> Guard[11] (true edge of ''):  %32 = icmp ult i32 %31, 262
    -> Collected 12 dominating context guard(s).
    -> UNKNOWN (Solver gave up) [Query Latency: 10.172412 ms]
  -> Found UB Trap. Starting Backward Slice...
    -> Guard[0] (false edge of ''):  %818 = extractvalue { i64, i1 } %817, 1, !nosanitize !16
    -> Guard[1] (false edge of ''):  %804 = icmp eq i32 %803, 0
    -> Guard[2] (false edge of ''):  %788 = extractvalue { i64, i1 } %787, 1, !nosanitize !16
    -> Guard[3] (true edge of ''):  %776 = icmp eq i32 %1, 4
    -> Guard[4] (true edge of ''):  %303 = icmp eq i32 %299, 0
    -> Guard[5] (false edge of ''):  %301 = and i1 %20, %300
    -> Guard[6] (false edge of ''):  %58 = extractvalue { i32, i1 } %57, 1, !nosanitize !16
    -> Guard[7] (false edge of ''):  %54 = extractvalue { i32, i1 } %53, 1, !nosanitize !16
    -> Guard[8] (false edge of ''):  %48 = extractvalue { i64, i1 } %47, 1, !nosanitize !16
    -> Guard[9] (false edge of ''):  %41 = extractvalue { i64, i1 } %40, 1, !nosanitize !16
    -> Guard[10] (true edge of ''):  %32 = icmp ult i32 %31, 262
    -> Collected 11 dominating context guard(s).
    -> UNKNOWN (Solver gave up) [Query Latency: 10.168896 ms]
  -> Found UB Trap. Starting Backward Slice...
    -> Guard[0] (false edge of ''):  %873 = icmp eq i32 %872, 0
    -> Guard[1] (false edge of ''):  %857 = extractvalue { i64, i1 } %856, 1, !nosanitize !16
    -> Guard[2] (false edge of ''):  %845 = icmp eq i32 %844, 0
    -> Guard[3] (false edge of ''):  %776 = icmp eq i32 %1, 4
    -> Guard[4] (true edge of ''):  %303 = icmp eq i32 %299, 0
    -> Guard[5] (false edge of ''):  %301 = and i1 %20, %300
    -> Guard[6] (false edge of ''):  %58 = extractvalue { i32, i1 } %57, 1, !nosanitize !16
    -> Guard[7] (false edge of ''):  %54 = extractvalue { i32, i1 } %53, 1, !nosanitize !16
    -> Guard[8] (false edge of ''):  %48 = extractvalue { i64, i1 } %47, 1, !nosanitize !16
    -> Guard[9] (false edge of ''):  %41 = extractvalue { i64, i1 } %40, 1, !nosanitize !16
    -> Guard[10] (true edge of ''):  %32 = icmp ult i32 %31, 262
    -> Collected 11 dominating context guard(s).
    -> UNKNOWN (Solver gave up) [Query Latency: 10.170531 ms]
  -> Found UB Trap. Starting Backward Slice...
    -> Guard[0] (false edge of ''):  %893 = extractvalue { i32, i1 } %892, 1, !nosanitize !16
    -> Guard[1] (false edge of ''):  %887 = extractvalue { i64, i1 } %886, 1, !nosanitize !16
    -> Guard[2] (false edge of ''):  %873 = icmp eq i32 %872, 0
    -> Guard[3] (false edge of ''):  %857 = extractvalue { i64, i1 } %856, 1, !nosanitize !16
    -> Guard[4] (false edge of ''):  %845 = icmp eq i32 %844, 0
    -> Guard[5] (false edge of ''):  %776 = icmp eq i32 %1, 4
    -> Guard[6] (true edge of ''):  %303 = icmp eq i32 %299, 0
    -> Guard[7] (false edge of ''):  %301 = and i1 %20, %300
    -> Guard[8] (false edge of ''):  %58 = extractvalue { i32, i1 } %57, 1, !nosanitize !16
    -> Guard[9] (false edge of ''):  %54 = extractvalue { i32, i1 } %53, 1, !nosanitize !16
    -> Guard[10] (false edge of ''):  %48 = extractvalue { i64, i1 } %47, 1, !nosanitize !16
    -> Guard[11] (false edge of ''):  %41 = extractvalue { i64, i1 } %40, 1, !nosanitize !16
    -> Guard[12] (true edge of ''):  %32 = icmp ult i32 %31, 262
    -> Collected 13 dominating context guard(s).
    -> UNKNOWN (Solver gave up) [Query Latency: 10.118715 ms]
  -> Found UB Trap. Starting Backward Slice...
    -> Guard[0] (false edge of ''):  %887 = extractvalue { i64, i1 } %886, 1, !nosanitize !16
    -> Guard[1] (false edge of ''):  %873 = icmp eq i32 %872, 0
    -> Guard[2] (false edge of ''):  %857 = extractvalue { i64, i1 } %856, 1, !nosanitize !16
    -> Guard[3] (false edge of ''):  %845 = icmp eq i32 %844, 0
    -> Guard[4] (false edge of ''):  %776 = icmp eq i32 %1, 4
    -> Guard[5] (true edge of ''):  %303 = icmp eq i32 %299, 0
    -> Guard[6] (false edge of ''):  %301 = and i1 %20, %300
    -> Guard[7] (false edge of ''):  %58 = extractvalue { i32, i1 } %57, 1, !nosanitize !16
    -> Guard[8] (false edge of ''):  %54 = extractvalue { i32, i1 } %53, 1, !nosanitize !16
    -> Guard[9] (false edge of ''):  %48 = extractvalue { i64, i1 } %47, 1, !nosanitize !16
    -> Guard[10] (false edge of ''):  %41 = extractvalue { i64, i1 } %40, 1, !nosanitize !16
    -> Guard[11] (true edge of ''):  %32 = icmp ult i32 %31, 262
    -> Collected 12 dominating context guard(s).
    -> UNKNOWN (Solver gave up) [Query Latency: 10.159333 ms]
  => Total Traps Eliminated: 1
  => Total Trap Attempts: 57
  => Total SMT Queries Executed: 57
  => Total SMT Query Latency: 5.000792e+02 ms
  => Average SMT Query Latency: 8.773319e+00 ms
  => Total DFS & SMT Execution Time: 4.989543e+03 ms
--------------------------------------------------

[Z3 Oracle] Analyzing Function: deflate_slow
  -> Found UB Trap. Starting Backward Slice...
    -> Guard[0] (true edge of ''):  %282 = icmp ult i64 %262, %281
    -> Guard[1] (false edge of ''):  %270 = icmp ult i64 %262, %269
    -> Guard[2] (true edge of ''):  %264 = icmp ult i64 %262, %263
    -> Guard[3] (false edge of ''):  %61 = extractvalue { i32, i1 } %60, 1, !nosanitize !16
    -> Guard[4] (false edge of ''):  %57 = extractvalue { i32, i1 } %56, 1, !nosanitize !16
    -> Guard[5] (false edge of ''):  %51 = extractvalue { i64, i1 } %50, 1, !nosanitize !16
    -> Guard[6] (false edge of ''):  %44 = extractvalue { i64, i1 } %43, 1, !nosanitize !16
    -> Guard[7] (true edge of ''):  %35 = icmp ult i32 %34, 262
    -> Collected 8 dominating context guard(s).
    -> UNKNOWN (Solver gave up) [Query Latency: 10.240354 ms]
  -> Found UB Trap. Starting Backward Slice...
    -> Guard[0] (true edge of ''):  %270 = icmp ult i64 %262, %269
    -> Guard[1] (true edge of ''):  %264 = icmp ult i64 %262, %263
    -> Guard[2] (false edge of ''):  %61 = extractvalue { i32, i1 } %60, 1, !nosanitize !16
    -> Guard[3] (false edge of ''):  %57 = extractvalue { i32, i1 } %56, 1, !nosanitize !16
    -> Guard[4] (false edge of ''):  %51 = extractvalue { i64, i1 } %50, 1, !nosanitize !16
    -> Guard[5] (false edge of ''):  %44 = extractvalue { i64, i1 } %43, 1, !nosanitize !16
    -> Guard[6] (true edge of ''):  %35 = icmp ult i32 %34, 262
    -> Collected 7 dominating context guard(s).
    -> UNKNOWN (Solver gave up) [Query Latency: 10.239813 ms]
  -> Found UB Trap. Starting Backward Slice...
    -> Guard[0] (true edge of ''):  %193 = icmp ugt i32 %192, 2
    -> Guard[1] (false edge of ''):  %190 = extractvalue { i32, i1 } %189, 1, !nosanitize !16
    -> Guard[2] (false edge of ''):  %185 = extractvalue { i32, i1 } %184, 1, !nosanitize !16
    -> Guard[3] (false edge of ''):  %142 = icmp eq i32 %141, 0
    -> Guard[4] (false edge of ''):  %61 = extractvalue { i32, i1 } %60, 1, !nosanitize !16
    -> Guard[5] (false edge of ''):  %57 = extractvalue { i32, i1 } %56, 1, !nosanitize !16
    -> Guard[6] (false edge of ''):  %51 = extractvalue { i64, i1 } %50, 1, !nosanitize !16
    -> Guard[7] (false edge of ''):  %44 = extractvalue { i64, i1 } %43, 1, !nosanitize !16
    -> Guard[8] (true edge of ''):  %35 = icmp ult i32 %34, 262
    -> Collected 9 dominating context guard(s).
    -> UNKNOWN (Solver gave up) [Query Latency: 10.167174 ms]
  -> Found UB Trap. Starting Backward Slice...
    -> Guard[0] (false edge of ''):  %81 = extractvalue { i32, i1 } %80, 1, !nosanitize !16
    -> Guard[1] (false edge of ''):  %76 = extractvalue { i32, i1 } %75, 1, !nosanitize !16
    -> Guard[2] (false edge of ''):  %68 = extractvalue { i32, i1 } %67, 1, !nosanitize !16
    -> Guard[3] (false edge of ''):  %65 = icmp ult i32 %48, %64
    -> Guard[4] (false edge of ''):  %61 = extractvalue { i32, i1 } %60, 1, !nosanitize !16
    -> Guard[5] (false edge of ''):  %57 = extractvalue { i32, i1 } %56, 1, !nosanitize !16
    -> Guard[6] (false edge of ''):  %51 = extractvalue { i64, i1 } %50, 1, !nosanitize !16
    -> Guard[7] (false edge of ''):  %44 = extractvalue { i64, i1 } %43, 1, !nosanitize !16
    -> Guard[8] (true edge of ''):  %35 = icmp ult i32 %34, 262
    -> Collected 9 dominating context guard(s).
    -> SAT (WARNING: Potential Integer Overflow Bug Detected!) [Query Latency: 5.953040 ms]
  -> Found UB Trap. Starting Backward Slice...
    -> Guard[0] (false edge of ''):  %76 = extractvalue { i32, i1 } %75, 1, !nosanitize !16
    -> Guard[1] (false edge of ''):  %68 = extractvalue { i32, i1 } %67, 1, !nosanitize !16
    -> Guard[2] (false edge of ''):  %65 = icmp ult i32 %48, %64
    -> Guard[3] (false edge of ''):  %61 = extractvalue { i32, i1 } %60, 1, !nosanitize !16
    -> Guard[4] (false edge of ''):  %57 = extractvalue { i32, i1 } %56, 1, !nosanitize !16
    -> Guard[5] (false edge of ''):  %51 = extractvalue { i64, i1 } %50, 1, !nosanitize !16
    -> Guard[6] (false edge of ''):  %44 = extractvalue { i64, i1 } %43, 1, !nosanitize !16
    -> Guard[7] (true edge of ''):  %35 = icmp ult i32 %34, 262
    -> Collected 8 dominating context guard(s).
    -> UNKNOWN (Solver gave up) [Query Latency: 10.142107 ms]
  -> Found UB Trap. Starting Backward Slice...
    -> Guard[0] (false edge of ''):  %68 = extractvalue { i32, i1 } %67, 1, !nosanitize !16
    -> Guard[1] (false edge of ''):  %65 = icmp ult i32 %48, %64
    -> Guard[2] (false edge of ''):  %61 = extractvalue { i32, i1 } %60, 1, !nosanitize !16
    -> Guard[3] (false edge of ''):  %57 = extractvalue { i32, i1 } %56, 1, !nosanitize !16
    -> Guard[4] (false edge of ''):  %51 = extractvalue { i64, i1 } %50, 1, !nosanitize !16
    -> Guard[5] (false edge of ''):  %44 = extractvalue { i64, i1 } %43, 1, !nosanitize !16
    -> Guard[6] (true edge of ''):  %35 = icmp ult i32 %34, 262
    -> Collected 7 dominating context guard(s).
    -> SAT (WARNING: Potential Integer Overflow Bug Detected!) [Query Latency: 5.246194 ms]
  -> Found UB Trap. Starting Backward Slice...
    -> Guard[0] (false edge of ''):  %65 = icmp ult i32 %48, %64
    -> Guard[1] (false edge of ''):  %61 = extractvalue { i32, i1 } %60, 1, !nosanitize !16
    -> Guard[2] (false edge of ''):  %57 = extractvalue { i32, i1 } %56, 1, !nosanitize !16
    -> Guard[3] (false edge of ''):  %51 = extractvalue { i64, i1 } %50, 1, !nosanitize !16
    -> Guard[4] (false edge of ''):  %44 = extractvalue { i64, i1 } %43, 1, !nosanitize !16
    -> Guard[5] (true edge of ''):  %35 = icmp ult i32 %34, 262
    -> Collected 6 dominating context guard(s).
    -> SAT (WARNING: Potential Integer Overflow Bug Detected!) [Query Latency: 3.985637 ms]
  -> Found UB Trap. Starting Backward Slice...
    -> Guard[0] (false edge of ''):  %51 = extractvalue { i64, i1 } %50, 1, !nosanitize !16
    -> Guard[1] (false edge of ''):  %44 = extractvalue { i64, i1 } %43, 1, !nosanitize !16
    -> Guard[2] (true edge of ''):  %35 = icmp ult i32 %34, 262
    -> Collected 3 dominating context guard(s).
    -> SAT (WARNING: Potential Integer Overflow Bug Detected!) [Query Latency: 0.800544 ms]
  -> Found UB Trap. Starting Backward Slice...
    -> Guard[0] (false edge of ''):  %44 = extractvalue { i64, i1 } %43, 1, !nosanitize !16
    -> Guard[1] (true edge of ''):  %35 = icmp ult i32 %34, 262
    -> Collected 2 dominating context guard(s).
    -> SAT (WARNING: Potential Integer Overflow Bug Detected!) [Query Latency: 1.778366 ms]
  -> Found UB Trap. Starting Backward Slice...
    -> Guard[0] (true edge of ''):  %35 = icmp ult i32 %34, 262
    -> Collected 1 dominating context guard(s).
    -> SAT (WARNING: Potential Integer Overflow Bug Detected!) [Query Latency: 0.731632 ms]
  -> Found UB Trap. Starting Backward Slice...
    -> Guard[0] (false edge of ''):  %285 = extractvalue { i64, i1 } %284, 1, !nosanitize !16
    -> Guard[1] (true edge of ''):  %282 = icmp ult i64 %262, %281
    -> Guard[2] (false edge of ''):  %270 = icmp ult i64 %262, %269
    -> Guard[3] (true edge of ''):  %264 = icmp ult i64 %262, %263
    -> Guard[4] (false edge of ''):  %61 = extractvalue { i32, i1 } %60, 1, !nosanitize !16
    -> Guard[5] (false edge of ''):  %57 = extractvalue { i32, i1 } %56, 1, !nosanitize !16
    -> Guard[6] (false edge of ''):  %51 = extractvalue { i64, i1 } %50, 1, !nosanitize !16
    -> Guard[7] (false edge of ''):  %44 = extractvalue { i64, i1 } %43, 1, !nosanitize !16
    -> Guard[8] (true edge of ''):  %35 = icmp ult i32 %34, 262
    -> Collected 9 dominating context guard(s).
    -> UNKNOWN (Solver gave up) [Query Latency: 10.140446 ms]
  -> Found UB Trap. Starting Backward Slice...
    -> Guard[0] (false edge of ''):  %225 = extractvalue { i32, i1 } %224, 1, !nosanitize !16
    -> Guard[1] (false edge of ''):  %222 = icmp eq i32 %220, 0
    -> Guard[2] (false edge of ''):  %206 = extractvalue { i32, i1 } %205, 1, !nosanitize !16
    -> Guard[3] (false edge of ''):  %198 = extractvalue { i32, i1 } %196, 1, !nosanitize !16
    -> Guard[4] (true edge of ''):  %193 = icmp ugt i32 %192, 2
    -> Guard[5] (false edge of ''):  %190 = extractvalue { i32, i1 } %189, 1, !nosanitize !16
    -> Guard[6] (false edge of ''):  %185 = extractvalue { i32, i1 } %184, 1, !nosanitize !16
    -> Guard[7] (false edge of ''):  %142 = icmp eq i32 %141, 0
    -> Guard[8] (false edge of ''):  %61 = extractvalue { i32, i1 } %60, 1, !nosanitize !16
    -> Guard[9] (false edge of ''):  %57 = extractvalue { i32, i1 } %56, 1, !nosanitize !16
    -> Guard[10] (false edge of ''):  %51 = extractvalue { i64, i1 } %50, 1, !nosanitize !16
    -> Guard[11] (false edge of ''):  %44 = extractvalue { i64, i1 } %43, 1, !nosanitize !16
    -> Guard[12] (true edge of ''):  %35 = icmp ult i32 %34, 262
    -> Collected 13 dominating context guard(s).
    -> UNKNOWN (Solver gave up) [Query Latency: 10.131551 ms]
  -> Found UB Trap. Starting Backward Slice...
    -> Guard[0] (false edge of ''):  %222 = icmp eq i32 %220, 0
    -> Guard[1] (false edge of ''):  %206 = extractvalue { i32, i1 } %205, 1, !nosanitize !16
    -> Guard[2] (false edge of ''):  %198 = extractvalue { i32, i1 } %196, 1, !nosanitize !16
    -> Guard[3] (true edge of ''):  %193 = icmp ugt i32 %192, 2
    -> Guard[4] (false edge of ''):  %190 = extractvalue { i32, i1 } %189, 1, !nosanitize !16
    -> Guard[5] (false edge of ''):  %185 = extractvalue { i32, i1 } %184, 1, !nosanitize !16
    -> Guard[6] (false edge of ''):  %142 = icmp eq i32 %141, 0
    -> Guard[7] (false edge of ''):  %61 = extractvalue { i32, i1 } %60, 1, !nosanitize !16
    -> Guard[8] (false edge of ''):  %57 = extractvalue { i32, i1 } %56, 1, !nosanitize !16
    -> Guard[9] (false edge of ''):  %51 = extractvalue { i64, i1 } %50, 1, !nosanitize !16
    -> Guard[10] (false edge of ''):  %44 = extractvalue { i64, i1 } %43, 1, !nosanitize !16
    -> Guard[11] (true edge of ''):  %35 = icmp ult i32 %34, 262
    -> Collected 12 dominating context guard(s).
    -> UNKNOWN (Solver gave up) [Query Latency: 10.108735 ms]
  -> Found UB Trap. Starting Backward Slice...
    -> Guard[0] (false edge of ''):  %198 = extractvalue { i32, i1 } %196, 1, !nosanitize !16
    -> Guard[1] (true edge of ''):  %193 = icmp ugt i32 %192, 2
    -> Guard[2] (false edge of ''):  %190 = extractvalue { i32, i1 } %189, 1, !nosanitize !16
    -> Guard[3] (false edge of ''):  %185 = extractvalue { i32, i1 } %184, 1, !nosanitize !16
    -> Guard[4] (false edge of ''):  %142 = icmp eq i32 %141, 0
    -> Guard[5] (false edge of ''):  %61 = extractvalue { i32, i1 } %60, 1, !nosanitize !16
    -> Guard[6] (false edge of ''):  %57 = extractvalue { i32, i1 } %56, 1, !nosanitize !16
    -> Guard[7] (false edge of ''):  %51 = extractvalue { i64, i1 } %50, 1, !nosanitize !16
    -> Guard[8] (false edge of ''):  %44 = extractvalue { i64, i1 } %43, 1, !nosanitize !16
    -> Guard[9] (true edge of ''):  %35 = icmp ult i32 %34, 262
    -> Collected 10 dominating context guard(s).
    -> UNKNOWN (Solver gave up) [Query Latency: 10.101930 ms]
  -> Found UB Trap. Starting Backward Slice...
    -> Guard[0] (false edge of ''):  %185 = extractvalue { i32, i1 } %184, 1, !nosanitize !16
    -> Guard[1] (false edge of ''):  %142 = icmp eq i32 %141, 0
    -> Guard[2] (false edge of ''):  %61 = extractvalue { i32, i1 } %60, 1, !nosanitize !16
    -> Guard[3] (false edge of ''):  %57 = extractvalue { i32, i1 } %56, 1, !nosanitize !16
    -> Guard[4] (false edge of ''):  %51 = extractvalue { i64, i1 } %50, 1, !nosanitize !16
    -> Guard[5] (false edge of ''):  %44 = extractvalue { i64, i1 } %43, 1, !nosanitize !16
    -> Guard[6] (true edge of ''):  %35 = icmp ult i32 %34, 262
    -> Collected 7 dominating context guard(s).
    -> UNKNOWN (Solver gave up) [Query Latency: 10.103275 ms]
  -> Found UB Trap. Starting Backward Slice...
    -> Guard[0] (false edge of ''):  %142 = icmp eq i32 %141, 0
    -> Guard[1] (false edge of ''):  %61 = extractvalue { i32, i1 } %60, 1, !nosanitize !16
    -> Guard[2] (false edge of ''):  %57 = extractvalue { i32, i1 } %56, 1, !nosanitize !16
    -> Guard[3] (false edge of ''):  %51 = extractvalue { i64, i1 } %50, 1, !nosanitize !16
    -> Guard[4] (false edge of ''):  %44 = extractvalue { i64, i1 } %43, 1, !nosanitize !16
    -> Guard[5] (true edge of ''):  %35 = icmp ult i32 %34, 262
    -> Collected 6 dominating context guard(s).
    -> UNKNOWN (Solver gave up) [Query Latency: 10.151355 ms]
  -> Found UB Trap. Starting Backward Slice...
    -> Guard[0] (true edge of ''):  %128 = icmp eq i32 %127, 0
    -> Guard[1] (false edge of ''):  %125 = extractvalue { i32, i1 } %124, 1, !nosanitize !16
    -> Guard[2] (true edge of ''):  %111 = icmp eq i32 %110, 0
    -> Guard[3] (false edge of ''):  %107 = extractvalue { i32, i1 } %106, 1, !nosanitize !16
    -> Guard[4] (false edge of ''):  %86 = extractvalue { i64, i1 } %85, 1, !nosanitize !16
    -> Guard[5] (false edge of ''):  %81 = extractvalue { i32, i1 } %80, 1, !nosanitize !16
    -> Guard[6] (false edge of ''):  %76 = extractvalue { i32, i1 } %75, 1, !nosanitize !16
    -> Guard[7] (false edge of ''):  %68 = extractvalue { i32, i1 } %67, 1, !nosanitize !16
    -> Guard[8] (false edge of ''):  %65 = icmp ult i32 %48, %64
    -> Guard[9] (false edge of ''):  %61 = extractvalue { i32, i1 } %60, 1, !nosanitize !16
    -> Guard[10] (false edge of ''):  %57 = extractvalue { i32, i1 } %56, 1, !nosanitize !16
    -> Guard[11] (false edge of ''):  %51 = extractvalue { i64, i1 } %50, 1, !nosanitize !16
    -> Guard[12] (false edge of ''):  %44 = extractvalue { i64, i1 } %43, 1, !nosanitize !16
    -> Guard[13] (true edge of ''):  %35 = icmp ult i32 %34, 262
    -> Collected 14 dominating context guard(s).
    -> SAT (WARNING: Potential Integer Overflow Bug Detected!) [Query Latency: 9.576203 ms]
  -> Found UB Trap. Starting Backward Slice...
    -> Guard[0] (false edge of ''):  %57 = extractvalue { i32, i1 } %56, 1, !nosanitize !16
    -> Guard[1] (false edge of ''):  %51 = extractvalue { i64, i1 } %50, 1, !nosanitize !16
    -> Guard[2] (false edge of ''):  %44 = extractvalue { i64, i1 } %43, 1, !nosanitize !16
    -> Guard[3] (true edge of ''):  %35 = icmp ult i32 %34, 262
    -> Collected 4 dominating context guard(s).
    -> SAT (WARNING: Potential Integer Overflow Bug Detected!) [Query Latency: 1.987993 ms]
  -> Found UB Trap. Starting Backward Slice...
    -> Guard[0] (true edge of ''):  %111 = icmp eq i32 %110, 0
    -> Guard[1] (false edge of ''):  %107 = extractvalue { i32, i1 } %106, 1, !nosanitize !16
    -> Guard[2] (false edge of ''):  %86 = extractvalue { i64, i1 } %85, 1, !nosanitize !16
    -> Guard[3] (false edge of ''):  %81 = extractvalue { i32, i1 } %80, 1, !nosanitize !16
    -> Guard[4] (false edge of ''):  %76 = extractvalue { i32, i1 } %75, 1, !nosanitize !16
    -> Guard[5] (false edge of ''):  %68 = extractvalue { i32, i1 } %67, 1, !nosanitize !16
    -> Guard[6] (false edge of ''):  %65 = icmp ult i32 %48, %64
    -> Guard[7] (false edge of ''):  %61 = extractvalue { i32, i1 } %60, 1, !nosanitize !16
    -> Guard[8] (false edge of ''):  %57 = extractvalue { i32, i1 } %56, 1, !nosanitize !16
    -> Guard[9] (false edge of ''):  %51 = extractvalue { i64, i1 } %50, 1, !nosanitize !16
    -> Guard[10] (false edge of ''):  %44 = extractvalue { i64, i1 } %43, 1, !nosanitize !16
    -> Guard[11] (true edge of ''):  %35 = icmp ult i32 %34, 262
    -> Collected 12 dominating context guard(s).
    -> SAT (WARNING: Potential Integer Overflow Bug Detected!) [Query Latency: 7.446801 ms]
  -> Found UB Trap. Starting Backward Slice...
    -> Guard[0] (false edge of ''):  %86 = extractvalue { i64, i1 } %85, 1, !nosanitize !16
    -> Guard[1] (false edge of ''):  %81 = extractvalue { i32, i1 } %80, 1, !nosanitize !16
    -> Guard[2] (false edge of ''):  %76 = extractvalue { i32, i1 } %75, 1, !nosanitize !16
    -> Guard[3] (false edge of ''):  %68 = extractvalue { i32, i1 } %67, 1, !nosanitize !16
    -> Guard[4] (false edge of ''):  %65 = icmp ult i32 %48, %64
    -> Guard[5] (false edge of ''):  %61 = extractvalue { i32, i1 } %60, 1, !nosanitize !16
    -> Guard[6] (false edge of ''):  %57 = extractvalue { i32, i1 } %56, 1, !nosanitize !16
    -> Guard[7] (false edge of ''):  %51 = extractvalue { i64, i1 } %50, 1, !nosanitize !16
    -> Guard[8] (false edge of ''):  %44 = extractvalue { i64, i1 } %43, 1, !nosanitize !16
    -> Guard[9] (true edge of ''):  %35 = icmp ult i32 %34, 262
    -> Collected 10 dominating context guard(s).
    -> UNKNOWN (Solver gave up) [Query Latency: 10.159623 ms]
  -> Found UB Trap. Starting Backward Slice...
    -> Guard[0] (false edge of ''):  %150 = icmp eq i32 %138, 0
    -> Guard[1] (false edge of ''):  %142 = icmp eq i32 %141, 0
    -> Guard[2] (false edge of ''):  %61 = extractvalue { i32, i1 } %60, 1, !nosanitize !16
    -> Guard[3] (false edge of ''):  %57 = extractvalue { i32, i1 } %56, 1, !nosanitize !16
    -> Guard[4] (false edge of ''):  %51 = extractvalue { i64, i1 } %50, 1, !nosanitize !16
    -> Guard[5] (false edge of ''):  %44 = extractvalue { i64, i1 } %43, 1, !nosanitize !16
    -> Guard[6] (true edge of ''):  %35 = icmp ult i32 %34, 262
    -> Collected 7 dominating context guard(s).
    -> UNSAT (Dead Code / Impossible Path) [Query Latency: 4.540013 ms]
  => SUCCESS: Trap mathematically neutralized!
  -> Found UB Trap. Starting Backward Slice...
    -> Guard[0] (false edge of ''):  %153 = extractvalue { i32, i1 } %152, 1, !nosanitize !16
    -> Guard[1] (false edge of ''):  %150 = icmp eq i32 %138, 0
    -> Guard[2] (false edge of ''):  %142 = icmp eq i32 %141, 0
    -> Guard[3] (false edge of ''):  %61 = extractvalue { i32, i1 } %60, 1, !nosanitize !16
    -> Guard[4] (false edge of ''):  %57 = extractvalue { i32, i1 } %56, 1, !nosanitize !16
    -> Guard[5] (false edge of ''):  %51 = extractvalue { i64, i1 } %50, 1, !nosanitize !16
    -> Guard[6] (false edge of ''):  %44 = extractvalue { i64, i1 } %43, 1, !nosanitize !16
    -> Guard[7] (true edge of ''):  %35 = icmp ult i32 %34, 262
    -> Collected 8 dominating context guard(s).
    -> SAT (WARNING: Potential Integer Overflow Bug Detected!) [Query Latency: 3.890840 ms]
  -> Found UB Trap. Starting Backward Slice...
    -> Guard[0] (false edge of ''):  %902 = extractvalue { i32, i1 } %901, 1, !nosanitize !16
    -> Guard[1] (false edge of ''):  %894 = extractvalue { i32, i1 } %893, 1, !nosanitize !16
    -> Guard[2] (false edge of ''):  %885 = extractvalue { i32, i1 } %884, 1, !nosanitize !16
    -> Guard[3] (false edge of ''):  %881 = icmp eq i32 %880, 0
    -> Guard[4] (true edge of ''):  %306 = icmp eq i32 %302, 0
    -> Guard[5] (false edge of ''):  %304 = and i1 %20, %303
    -> Guard[6] (false edge of ''):  %61 = extractvalue { i32, i1 } %60, 1, !nosanitize !16
    -> Guard[7] (false edge of ''):  %57 = extractvalue { i32, i1 } %56, 1, !nosanitize !16
    -> Guard[8] (false edge of ''):  %51 = extractvalue { i64, i1 } %50, 1, !nosanitize !16
    -> Guard[9] (false edge of ''):  %44 = extractvalue { i64, i1 } %43, 1, !nosanitize !16
    -> Guard[10] (true edge of ''):  %35 = icmp ult i32 %34, 262
    -> Collected 11 dominating context guard(s).
    -> UNKNOWN (Solver gave up) [Query Latency: 10.116598 ms]
  -> Found UB Trap. Starting Backward Slice...
    -> Guard[0] (false edge of ''):  %894 = extractvalue { i32, i1 } %893, 1, !nosanitize !16
    -> Guard[1] (false edge of ''):  %885 = extractvalue { i32, i1 } %884, 1, !nosanitize !16
    -> Guard[2] (false edge of ''):  %881 = icmp eq i32 %880, 0
    -> Guard[3] (true edge of ''):  %306 = icmp eq i32 %302, 0
    -> Guard[4] (false edge of ''):  %304 = and i1 %20, %303
    -> Guard[5] (false edge of ''):  %61 = extractvalue { i32, i1 } %60, 1, !nosanitize !16
    -> Guard[6] (false edge of ''):  %57 = extractvalue { i32, i1 } %56, 1, !nosanitize !16
    -> Guard[7] (false edge of ''):  %51 = extractvalue { i64, i1 } %50, 1, !nosanitize !16
    -> Guard[8] (false edge of ''):  %44 = extractvalue { i64, i1 } %43, 1, !nosanitize !16
    -> Guard[9] (true edge of ''):  %35 = icmp ult i32 %34, 262
    -> Collected 10 dominating context guard(s).
    -> UNKNOWN (Solver gave up) [Query Latency: 10.128704 ms]
  -> Found UB Trap. Starting Backward Slice...
    -> Guard[0] (false edge of ''):  %885 = extractvalue { i32, i1 } %884, 1, !nosanitize !16
    -> Guard[1] (false edge of ''):  %881 = icmp eq i32 %880, 0
    -> Guard[2] (true edge of ''):  %306 = icmp eq i32 %302, 0
    -> Guard[3] (false edge of ''):  %304 = and i1 %20, %303
    -> Guard[4] (false edge of ''):  %61 = extractvalue { i32, i1 } %60, 1, !nosanitize !16
    -> Guard[5] (false edge of ''):  %57 = extractvalue { i32, i1 } %56, 1, !nosanitize !16
    -> Guard[6] (false edge of ''):  %51 = extractvalue { i64, i1 } %50, 1, !nosanitize !16
    -> Guard[7] (false edge of ''):  %44 = extractvalue { i64, i1 } %43, 1, !nosanitize !16
    -> Guard[8] (true edge of ''):  %35 = icmp ult i32 %34, 262
    -> Collected 9 dominating context guard(s).
    -> UNKNOWN (Solver gave up) [Query Latency: 10.143857 ms]
  -> Found UB Trap. Starting Backward Slice...
    -> Guard[0] (true edge of ''):  %751 = icmp eq i32 %750, 0
    -> Guard[1] (true edge of ''):  %551 = or i1 %549, %550
    -> Collected 2 dominating context guard(s).
    -> UNKNOWN (Solver gave up) [Query Latency: 10.163969 ms]
  -> Found UB Trap. Starting Backward Slice...
    -> Guard[0] (false edge of ''):  %780 = extractvalue { i32, i1 } %779, 1, !nosanitize !16
    -> Guard[1] (false edge of ''):  %772 = extractvalue { i32, i1 } %771, 1, !nosanitize !16
    -> Guard[2] (false edge of ''):  %764 = extractvalue { i32, i1 } %763, 1, !nosanitize !16
    -> Guard[3] (false edge of ''):  %755 = extractvalue { i32, i1 } %754, 1, !nosanitize !16
    -> Guard[4] (false edge of ''):  %751 = icmp eq i32 %750, 0
    -> Guard[5] (true edge of ''):  %551 = or i1 %549, %550
    -> Collected 6 dominating context guard(s).
    -> UNKNOWN (Solver gave up) [Query Latency: 10.131344 ms]
  -> Found UB Trap. Starting Backward Slice...
    -> Guard[0] (false edge of ''):  %772 = extractvalue { i32, i1 } %771, 1, !nosanitize !16
    -> Guard[1] (false edge of ''):  %764 = extractvalue { i32, i1 } %763, 1, !nosanitize !16
    -> Guard[2] (false edge of ''):  %755 = extractvalue { i32, i1 } %754, 1, !nosanitize !16
    -> Guard[3] (false edge of ''):  %751 = icmp eq i32 %750, 0
    -> Guard[4] (true edge of ''):  %551 = or i1 %549, %550
    -> Collected 5 dominating context guard(s).
    -> UNKNOWN (Solver gave up) [Query Latency: 10.144648 ms]
  -> Found UB Trap. Starting Backward Slice...
    -> Guard[0] (false edge of ''):  %764 = extractvalue { i32, i1 } %763, 1, !nosanitize !16
    -> Guard[1] (false edge of ''):  %755 = extractvalue { i32, i1 } %754, 1, !nosanitize !16
    -> Guard[2] (false edge of ''):  %751 = icmp eq i32 %750, 0
    -> Guard[3] (true edge of ''):  %551 = or i1 %549, %550
    -> Collected 4 dominating context guard(s).
    -> UNKNOWN (Solver gave up) [Query Latency: 10.118933 ms]
  -> Found UB Trap. Starting Backward Slice...
    -> Guard[0] (false edge of ''):  %755 = extractvalue { i32, i1 } %754, 1, !nosanitize !16
    -> Guard[1] (false edge of ''):  %751 = icmp eq i32 %750, 0
    -> Guard[2] (true edge of ''):  %551 = or i1 %549, %550
    -> Collected 3 dominating context guard(s).
    -> UNKNOWN (Solver gave up) [Query Latency: 10.441632 ms]
  -> Found UB Trap. Starting Backward Slice...
    -> Guard[0] (true edge of ''):  %677 = icmp eq i32 %676, 0
    -> Guard[1] (false edge of ''):  %674 = extractvalue { i32, i1 } %673, 1, !nosanitize !16
    -> Guard[2] (false edge of ''):  %643 = extractvalue { i32, i1 } %641, 1, !nosanitize !16
    -> Guard[3] (false edge of ''):  %634 = extractvalue { i32, i1 } %633, 1, !nosanitize !16
    -> Guard[4] (false edge of ''):  %630 = extractvalue { i32, i1 } %629, 1, !nosanitize !16
    -> Guard[5] (false edge of ''):  %625 = extractvalue { i32, i1 } %624, 1, !nosanitize !16
    -> Guard[6] (false edge of ''):  %594 = extractvalue { i32, i1 } %593, 1, !nosanitize !16
    -> Guard[7] (false edge of ''):  %584 = extractvalue { i32, i1 } %583, 1, !nosanitize !16
    -> Guard[8] (false edge of ''):  %575 = extractvalue { i32, i1 } %574, 1, !nosanitize !16
    -> Guard[9] (false edge of ''):  %569 = extractvalue { i32, i1 } %568, 1, !nosanitize !16
    -> Guard[10] (false edge of ''):  %565 = extractvalue { i32, i1 } %564, 1, !nosanitize !16
    -> Guard[11] (false edge of ''):  %560 = extractvalue { i32, i1 } %558, 1, !nosanitize !16
    -> Guard[12] (false edge of ''):  %555 = extractvalue { i32, i1 } %554, 1, !nosanitize !16
    -> Guard[13] (false edge of ''):  %551 = or i1 %549, %550
    -> Collected 14 dominating context guard(s).
    -> UNKNOWN (Solver gave up) [Query Latency: 10.140715 ms]
  -> Found UB Trap. Starting Backward Slice...
    -> Guard[0] (false edge of ''):  %645 = icmp ugt i32 %642, %559
    -> Guard[1] (false edge of ''):  %643 = extractvalue { i32, i1 } %641, 1, !nosanitize !16
    -> Guard[2] (false edge of ''):  %634 = extractvalue { i32, i1 } %633, 1, !nosanitize !16
    -> Guard[3] (false edge of ''):  %630 = extractvalue { i32, i1 } %629, 1, !nosanitize !16
    -> Guard[4] (false edge of ''):  %625 = extractvalue { i32, i1 } %624, 1, !nosanitize !16
    -> Guard[5] (false edge of ''):  %594 = extractvalue { i32, i1 } %593, 1, !nosanitize !16
    -> Guard[6] (false edge of ''):  %584 = extractvalue { i32, i1 } %583, 1, !nosanitize !16
    -> Guard[7] (false edge of ''):  %575 = extractvalue { i32, i1 } %574, 1, !nosanitize !16
    -> Guard[8] (false edge of ''):  %569 = extractvalue { i32, i1 } %568, 1, !nosanitize !16
    -> Guard[9] (false edge of ''):  %565 = extractvalue { i32, i1 } %564, 1, !nosanitize !16
    -> Guard[10] (false edge of ''):  %560 = extractvalue { i32, i1 } %558, 1, !nosanitize !16
    -> Guard[11] (false edge of ''):  %555 = extractvalue { i32, i1 } %554, 1, !nosanitize !16
    -> Guard[12] (false edge of ''):  %551 = or i1 %549, %550
    -> Collected 13 dominating context guard(s).
    -> UNSAT (Dead Code / Impossible Path) [Query Latency: 3.027914 ms]
  => SUCCESS: Trap mathematically neutralized!
  -> Found UB Trap. Starting Backward Slice...
    -> Guard[0] (false edge of ''):  %634 = extractvalue { i32, i1 } %633, 1, !nosanitize !16
    -> Guard[1] (false edge of ''):  %630 = extractvalue { i32, i1 } %629, 1, !nosanitize !16
    -> Guard[2] (false edge of ''):  %625 = extractvalue { i32, i1 } %624, 1, !nosanitize !16
    -> Guard[3] (false edge of ''):  %594 = extractvalue { i32, i1 } %593, 1, !nosanitize !16
    -> Guard[4] (false edge of ''):  %584 = extractvalue { i32, i1 } %583, 1, !nosanitize !16
    -> Guard[5] (false edge of ''):  %575 = extractvalue { i32, i1 } %574, 1, !nosanitize !16
    -> Guard[6] (false edge of ''):  %569 = extractvalue { i32, i1 } %568, 1, !nosanitize !16
    -> Guard[7] (false edge of ''):  %565 = extractvalue { i32, i1 } %564, 1, !nosanitize !16
    -> Guard[8] (false edge of ''):  %560 = extractvalue { i32, i1 } %558, 1, !nosanitize !16
    -> Guard[9] (false edge of ''):  %555 = extractvalue { i32, i1 } %554, 1, !nosanitize !16
    -> Guard[10] (false edge of ''):  %551 = or i1 %549, %550
    -> Collected 11 dominating context guard(s).
    -> UNKNOWN (Solver gave up) [Query Latency: 10.190483 ms]
  -> Found UB Trap. Starting Backward Slice...
    -> Guard[0] (false edge of ''):  %584 = extractvalue { i32, i1 } %583, 1, !nosanitize !16
    -> Guard[1] (false edge of ''):  %575 = extractvalue { i32, i1 } %574, 1, !nosanitize !16
    -> Guard[2] (false edge of ''):  %569 = extractvalue { i32, i1 } %568, 1, !nosanitize !16
    -> Guard[3] (false edge of ''):  %565 = extractvalue { i32, i1 } %564, 1, !nosanitize !16
    -> Guard[4] (false edge of ''):  %560 = extractvalue { i32, i1 } %558, 1, !nosanitize !16
    -> Guard[5] (false edge of ''):  %555 = extractvalue { i32, i1 } %554, 1, !nosanitize !16
    -> Guard[6] (false edge of ''):  %551 = or i1 %549, %550
    -> Collected 7 dominating context guard(s).
    -> UNKNOWN (Solver gave up) [Query Latency: 10.226359 ms]
  -> Found UB Trap. Starting Backward Slice...
    -> Guard[0] (false edge of ''):  %575 = extractvalue { i32, i1 } %574, 1, !nosanitize !16
    -> Guard[1] (false edge of ''):  %569 = extractvalue { i32, i1 } %568, 1, !nosanitize !16
    -> Guard[2] (false edge of ''):  %565 = extractvalue { i32, i1 } %564, 1, !nosanitize !16
    -> Guard[3] (false edge of ''):  %560 = extractvalue { i32, i1 } %558, 1, !nosanitize !16
    -> Guard[4] (false edge of ''):  %555 = extractvalue { i32, i1 } %554, 1, !nosanitize !16
    -> Guard[5] (false edge of ''):  %551 = or i1 %549, %550
    -> Collected 6 dominating context guard(s).
    -> UNKNOWN (Solver gave up) [Query Latency: 10.212420 ms]
  -> Found UB Trap. Starting Backward Slice...
    -> Guard[0] (false edge of ''):  %569 = extractvalue { i32, i1 } %568, 1, !nosanitize !16
    -> Guard[1] (false edge of ''):  %565 = extractvalue { i32, i1 } %564, 1, !nosanitize !16
    -> Guard[2] (false edge of ''):  %560 = extractvalue { i32, i1 } %558, 1, !nosanitize !16
    -> Guard[3] (false edge of ''):  %555 = extractvalue { i32, i1 } %554, 1, !nosanitize !16
    -> Guard[4] (false edge of ''):  %551 = or i1 %549, %550
    -> Collected 5 dominating context guard(s).
    -> UNKNOWN (Solver gave up) [Query Latency: 10.157423 ms]
  -> Found UB Trap. Starting Backward Slice...
    -> Guard[0] (false edge of ''):  %551 = or i1 %549, %550
    -> Collected 1 dominating context guard(s).
    -> UNKNOWN (Solver gave up) [Query Latency: 10.133516 ms]
  -> Found UB Trap. Starting Backward Slice...
    -> Collected 0 dominating context guard(s).
    -> SAT (WARNING: Potential Integer Overflow Bug Detected!) [Query Latency: 0.558717 ms]
  -> Found UB Trap. Starting Backward Slice...
    -> Guard[0] (false edge of ''):  %993 = icmp eq i32 %992, 0
    -> Guard[1] (false edge of ''):  %924 = icmp eq i32 %1, 4
    -> Guard[2] (true edge of ''):  %306 = icmp eq i32 %302, 0
    -> Guard[3] (false edge of ''):  %304 = and i1 %20, %303
    -> Guard[4] (false edge of ''):  %61 = extractvalue { i32, i1 } %60, 1, !nosanitize !16
    -> Guard[5] (false edge of ''):  %57 = extractvalue { i32, i1 } %56, 1, !nosanitize !16
    -> Guard[6] (false edge of ''):  %51 = extractvalue { i64, i1 } %50, 1, !nosanitize !16
    -> Guard[7] (false edge of ''):  %44 = extractvalue { i64, i1 } %43, 1, !nosanitize !16
    -> Guard[8] (true edge of ''):  %35 = icmp ult i32 %34, 262
    -> Collected 9 dominating context guard(s).
    -> UNKNOWN (Solver gave up) [Query Latency: 10.177789 ms]
  -> Found UB Trap. Starting Backward Slice...
    -> Guard[0] (true edge of ''):  %924 = icmp eq i32 %1, 4
    -> Guard[1] (true edge of ''):  %306 = icmp eq i32 %302, 0
    -> Guard[2] (false edge of ''):  %304 = and i1 %20, %303
    -> Guard[3] (false edge of ''):  %61 = extractvalue { i32, i1 } %60, 1, !nosanitize !16
    -> Guard[4] (false edge of ''):  %57 = extractvalue { i32, i1 } %56, 1, !nosanitize !16
    -> Guard[5] (false edge of ''):  %51 = extractvalue { i64, i1 } %50, 1, !nosanitize !16
    -> Guard[6] (false edge of ''):  %44 = extractvalue { i64, i1 } %43, 1, !nosanitize !16
    -> Guard[7] (true edge of ''):  %35 = icmp ult i32 %34, 262
    -> Collected 8 dominating context guard(s).
    -> UNKNOWN (Solver gave up) [Query Latency: 10.136232 ms]
  -> Found UB Trap. Starting Backward Slice...
    -> Guard[0] (false edge of ''):  %881 = icmp eq i32 %880, 0
    -> Guard[1] (true edge of ''):  %306 = icmp eq i32 %302, 0
    -> Guard[2] (false edge of ''):  %304 = and i1 %20, %303
    -> Guard[3] (false edge of ''):  %61 = extractvalue { i32, i1 } %60, 1, !nosanitize !16
    -> Guard[4] (false edge of ''):  %57 = extractvalue { i32, i1 } %56, 1, !nosanitize !16
    -> Guard[5] (false edge of ''):  %51 = extractvalue { i64, i1 } %50, 1, !nosanitize !16
    -> Guard[6] (false edge of ''):  %44 = extractvalue { i64, i1 } %43, 1, !nosanitize !16
    -> Guard[7] (true edge of ''):  %35 = icmp ult i32 %34, 262
    -> Collected 8 dominating context guard(s).
    -> UNKNOWN (Solver gave up) [Query Latency: 10.140790 ms]
  -> Found UB Trap. Starting Backward Slice...
    -> Guard[0] (false edge of ''):  %872 = extractvalue { i32, i1 } %871, 1, !nosanitize !16
    -> Guard[1] (true edge of ''):  %751 = icmp eq i32 %750, 0
    -> Guard[2] (true edge of ''):  %551 = or i1 %549, %550
    -> Collected 3 dominating context guard(s).
    -> UNKNOWN (Solver gave up) [Query Latency: 10.180323 ms]
  -> Found UB Trap. Starting Backward Slice...
    -> Guard[0] (false edge of ''):  %857 = extractvalue { i32, i1 } %856, 1, !nosanitize !16
    -> Guard[1] (false edge of ''):  %780 = extractvalue { i32, i1 } %779, 1, !nosanitize !16
    -> Guard[2] (false edge of ''):  %772 = extractvalue { i32, i1 } %771, 1, !nosanitize !16
    -> Guard[3] (false edge of ''):  %764 = extractvalue { i32, i1 } %763, 1, !nosanitize !16
    -> Guard[4] (false edge of ''):  %755 = extractvalue { i32, i1 } %754, 1, !nosanitize !16
    -> Guard[5] (false edge of ''):  %751 = icmp eq i32 %750, 0
    -> Guard[6] (true edge of ''):  %551 = or i1 %549, %550
    -> Collected 7 dominating context guard(s).
    -> UNKNOWN (Solver gave up) [Query Latency: 10.159429 ms]
  -> Found UB Trap. Starting Backward Slice...
    -> Guard[0] (true edge of ''):  %792 = icmp eq i32 %790, %791
    -> Guard[1] (false edge of ''):  %780 = extractvalue { i32, i1 } %779, 1, !nosanitize !16
    -> Guard[2] (false edge of ''):  %772 = extractvalue { i32, i1 } %771, 1, !nosanitize !16
    -> Guard[3] (false edge of ''):  %764 = extractvalue { i32, i1 } %763, 1, !nosanitize !16
    -> Guard[4] (false edge of ''):  %755 = extractvalue { i32, i1 } %754, 1, !nosanitize !16
    -> Guard[5] (false edge of ''):  %751 = icmp eq i32 %750, 0
    -> Guard[6] (true edge of ''):  %551 = or i1 %549, %550
    -> Collected 7 dominating context guard(s).
    -> UNKNOWN (Solver gave up) [Query Latency: 10.177547 ms]
  -> Found UB Trap. Starting Backward Slice...
    -> Guard[0] (false edge of ''):  %751 = icmp eq i32 %750, 0
    -> Guard[1] (true edge of ''):  %551 = or i1 %549, %550
    -> Collected 2 dominating context guard(s).
    -> UNKNOWN (Solver gave up) [Query Latency: 10.197626 ms]
  -> Found UB Trap. Starting Backward Slice...
    -> Guard[0] (true edge of ''):  %622 = icmp eq i32 %620, %621
    -> Guard[1] (false edge of ''):  %680 = extractvalue { i32, i1 } %679, 1, !nosanitize !16
    -> Guard[2] (true edge of ''):  %677 = icmp eq i32 %676, 0
    -> Guard[3] (false edge of ''):  %674 = extractvalue { i32, i1 } %673, 1, !nosanitize !16
    -> Guard[4] (false edge of ''):  %643 = extractvalue { i32, i1 } %641, 1, !nosanitize !16
    -> Guard[5] (false edge of ''):  %634 = extractvalue { i32, i1 } %633, 1, !nosanitize !16
    -> Guard[6] (false edge of ''):  %630 = extractvalue { i32, i1 } %629, 1, !nosanitize !16
    -> Guard[7] (false edge of ''):  %625 = extractvalue { i32, i1 } %624, 1, !nosanitize !16
    -> Guard[8] (false edge of ''):  %594 = extractvalue { i32, i1 } %593, 1, !nosanitize !16
    -> Guard[9] (false edge of ''):  %584 = extractvalue { i32, i1 } %583, 1, !nosanitize !16
    -> Guard[10] (false edge of ''):  %575 = extractvalue { i32, i1 } %574, 1, !nosanitize !16
    -> Guard[11] (false edge of ''):  %569 = extractvalue { i32, i1 } %568, 1, !nosanitize !16
    -> Guard[12] (false edge of ''):  %565 = extractvalue { i32, i1 } %564, 1, !nosanitize !16
    -> Guard[13] (false edge of ''):  %560 = extractvalue { i32, i1 } %558, 1, !nosanitize !16
    -> Guard[14] (false edge of ''):  %555 = extractvalue { i32, i1 } %554, 1, !nosanitize !16
    -> Guard[15] (false edge of ''):  %551 = or i1 %549, %550
    -> Collected 16 dominating context guard(s).
    -> UNKNOWN (Solver gave up) [Query Latency: 10.178814 ms]
  -> Found UB Trap. Starting Backward Slice...
    -> Guard[0] (false edge of ''):  %643 = extractvalue { i32, i1 } %641, 1, !nosanitize !16
    -> Guard[1] (false edge of ''):  %634 = extractvalue { i32, i1 } %633, 1, !nosanitize !16
    -> Guard[2] (false edge of ''):  %630 = extractvalue { i32, i1 } %629, 1, !nosanitize !16
    -> Guard[3] (false edge of ''):  %625 = extractvalue { i32, i1 } %624, 1, !nosanitize !16
    -> Guard[4] (false edge of ''):  %594 = extractvalue { i32, i1 } %593, 1, !nosanitize !16
    -> Guard[5] (false edge of ''):  %584 = extractvalue { i32, i1 } %583, 1, !nosanitize !16
    -> Guard[6] (false edge of ''):  %575 = extractvalue { i32, i1 } %574, 1, !nosanitize !16
    -> Guard[7] (false edge of ''):  %569 = extractvalue { i32, i1 } %568, 1, !nosanitize !16
    -> Guard[8] (false edge of ''):  %565 = extractvalue { i32, i1 } %564, 1, !nosanitize !16
    -> Guard[9] (false edge of ''):  %560 = extractvalue { i32, i1 } %558, 1, !nosanitize !16
    -> Guard[10] (false edge of ''):  %555 = extractvalue { i32, i1 } %554, 1, !nosanitize !16
    -> Guard[11] (false edge of ''):  %551 = or i1 %549, %550
    -> Collected 12 dominating context guard(s).
    -> UNKNOWN (Solver gave up) [Query Latency: 10.182575 ms]
  -> Found UB Trap. Starting Backward Slice...
    -> Guard[0] (false edge of ''):  %630 = extractvalue { i32, i1 } %629, 1, !nosanitize !16
    -> Guard[1] (false edge of ''):  %625 = extractvalue { i32, i1 } %624, 1, !nosanitize !16
    -> Guard[2] (false edge of ''):  %594 = extractvalue { i32, i1 } %593, 1, !nosanitize !16
    -> Guard[3] (false edge of ''):  %584 = extractvalue { i32, i1 } %583, 1, !nosanitize !16
    -> Guard[4] (false edge of ''):  %575 = extractvalue { i32, i1 } %574, 1, !nosanitize !16
    -> Guard[5] (false edge of ''):  %569 = extractvalue { i32, i1 } %568, 1, !nosanitize !16
    -> Guard[6] (false edge of ''):  %565 = extractvalue { i32, i1 } %564, 1, !nosanitize !16
    -> Guard[7] (false edge of ''):  %560 = extractvalue { i32, i1 } %558, 1, !nosanitize !16
    -> Guard[8] (false edge of ''):  %555 = extractvalue { i32, i1 } %554, 1, !nosanitize !16
    -> Guard[9] (false edge of ''):  %551 = or i1 %549, %550
    -> Collected 10 dominating context guard(s).
    -> UNKNOWN (Solver gave up) [Query Latency: 10.156372 ms]
  -> Found UB Trap. Starting Backward Slice...
    -> Guard[0] (false edge of ''):  %625 = extractvalue { i32, i1 } %624, 1, !nosanitize !16
    -> Guard[1] (false edge of ''):  %594 = extractvalue { i32, i1 } %593, 1, !nosanitize !16
    -> Guard[2] (false edge of ''):  %584 = extractvalue { i32, i1 } %583, 1, !nosanitize !16
    -> Guard[3] (false edge of ''):  %575 = extractvalue { i32, i1 } %574, 1, !nosanitize !16
    -> Guard[4] (false edge of ''):  %569 = extractvalue { i32, i1 } %568, 1, !nosanitize !16
    -> Guard[5] (false edge of ''):  %565 = extractvalue { i32, i1 } %564, 1, !nosanitize !16
    -> Guard[6] (false edge of ''):  %560 = extractvalue { i32, i1 } %558, 1, !nosanitize !16
    -> Guard[7] (false edge of ''):  %555 = extractvalue { i32, i1 } %554, 1, !nosanitize !16
    -> Guard[8] (false edge of ''):  %551 = or i1 %549, %550
    -> Collected 9 dominating context guard(s).
    -> UNKNOWN (Solver gave up) [Query Latency: 10.233839 ms]
  -> Found UB Trap. Starting Backward Slice...
    -> Guard[0] (false edge of ''):  %594 = extractvalue { i32, i1 } %593, 1, !nosanitize !16
    -> Guard[1] (false edge of ''):  %584 = extractvalue { i32, i1 } %583, 1, !nosanitize !16
    -> Guard[2] (false edge of ''):  %575 = extractvalue { i32, i1 } %574, 1, !nosanitize !16
    -> Guard[3] (false edge of ''):  %569 = extractvalue { i32, i1 } %568, 1, !nosanitize !16
    -> Guard[4] (false edge of ''):  %565 = extractvalue { i32, i1 } %564, 1, !nosanitize !16
    -> Guard[5] (false edge of ''):  %560 = extractvalue { i32, i1 } %558, 1, !nosanitize !16
    -> Guard[6] (false edge of ''):  %555 = extractvalue { i32, i1 } %554, 1, !nosanitize !16
    -> Guard[7] (false edge of ''):  %551 = or i1 %549, %550
    -> Collected 8 dominating context guard(s).
    -> UNKNOWN (Solver gave up) [Query Latency: 10.167284 ms]
  -> Found UB Trap. Starting Backward Slice...
    -> Guard[0] (false edge of ''):  %565 = extractvalue { i32, i1 } %564, 1, !nosanitize !16
    -> Guard[1] (false edge of ''):  %560 = extractvalue { i32, i1 } %558, 1, !nosanitize !16
    -> Guard[2] (false edge of ''):  %555 = extractvalue { i32, i1 } %554, 1, !nosanitize !16
    -> Guard[3] (false edge of ''):  %551 = or i1 %549, %550
    -> Collected 4 dominating context guard(s).
    -> UNKNOWN (Solver gave up) [Query Latency: 10.187475 ms]
  -> Found UB Trap. Starting Backward Slice...
    -> Guard[0] (false edge of ''):  %560 = extractvalue { i32, i1 } %558, 1, !nosanitize !16
    -> Guard[1] (false edge of ''):  %555 = extractvalue { i32, i1 } %554, 1, !nosanitize !16
    -> Guard[2] (false edge of ''):  %551 = or i1 %549, %550
    -> Collected 3 dominating context guard(s).
    -> UNKNOWN (Solver gave up) [Query Latency: 10.142157 ms]
  -> Found UB Trap. Starting Backward Slice...
    -> Guard[0] (false edge of ''):  %555 = extractvalue { i32, i1 } %554, 1, !nosanitize !16
    -> Guard[1] (false edge of ''):  %551 = or i1 %549, %550
    -> Collected 2 dominating context guard(s).
    -> UNKNOWN (Solver gave up) [Query Latency: 10.149092 ms]
  -> Found UB Trap. Starting Backward Slice...
    -> Guard[0] (true edge of ''):  %533 = icmp eq i32 %527, 3
    -> Guard[1] (false edge of ''):  %531 = icmp eq i32 %530, 1
    -> Guard[2] (true edge of ''):  %528 = icmp ult i32 %527, 6
    -> Guard[3] (false edge of ''):  %366 = extractvalue { i32, i1 } %365, 1, !nosanitize !16
    -> Guard[4] (false edge of ''):  %359 = icmp ugt i32 %350, %358
    -> Guard[5] (false edge of ''):  %356 = extractvalue { i32, i1 } %355, 1, !nosanitize !16
    -> Guard[6] (false edge of ''):  %351 = extractvalue { i32, i1 } %349, 1, !nosanitize !16
    -> Guard[7] (true edge of ''):  %347 = icmp ult i32 %342, %346
    -> Guard[8] (false edge of ''):  %344 = icmp eq i16 %334, 0
    -> Guard[9] (false edge of ''):  %316 = extractvalue { i32, i1 } %315, 1, !nosanitize !16
    -> Collected 10 dominating context guard(s).
    -> UNKNOWN (Solver gave up) [Query Latency: 10.169603 ms]
  -> Found UB Trap. Starting Backward Slice...
    -> Guard[0] (false edge of ''):  %351 = extractvalue { i32, i1 } %349, 1, !nosanitize !16
    -> Guard[1] (true edge of ''):  %347 = icmp ult i32 %342, %346
    -> Guard[2] (false edge of ''):  %344 = icmp eq i16 %334, 0
    -> Guard[3] (false edge of ''):  %316 = extractvalue { i32, i1 } %315, 1, !nosanitize !16
    -> Collected 4 dominating context guard(s).
    -> SAT (WARNING: Potential Integer Overflow Bug Detected!) [Query Latency: 0.722029 ms]
  -> Found UB Trap. Starting Backward Slice...
    -> Guard[0] (true edge of ''):  %347 = icmp ult i32 %342, %346
    -> Guard[1] (false edge of ''):  %344 = icmp eq i16 %334, 0
    -> Guard[2] (false edge of ''):  %316 = extractvalue { i32, i1 } %315, 1, !nosanitize !16
    -> Collected 3 dominating context guard(s).
    -> SAT (WARNING: Potential Integer Overflow Bug Detected!) [Query Latency: 0.623069 ms]
  -> Found UB Trap. Starting Backward Slice...
    -> Guard[0] (true edge of ''):  %517 = icmp ult i32 %364, %516
    -> Guard[1] (false edge of ''):  %366 = extractvalue { i32, i1 } %365, 1, !nosanitize !16
    -> Guard[2] (false edge of ''):  %359 = icmp ugt i32 %350, %358
    -> Guard[3] (false edge of ''):  %356 = extractvalue { i32, i1 } %355, 1, !nosanitize !16
    -> Guard[4] (false edge of ''):  %351 = extractvalue { i32, i1 } %349, 1, !nosanitize !16
    -> Guard[5] (true edge of ''):  %347 = icmp ult i32 %342, %346
    -> Guard[6] (false edge of ''):  %344 = icmp eq i16 %334, 0
    -> Guard[7] (false edge of ''):  %316 = extractvalue { i32, i1 } %315, 1, !nosanitize !16
    -> Collected 8 dominating context guard(s).
    -> SAT (WARNING: Potential Integer Overflow Bug Detected!) [Query Latency: 1.661446 ms]
  -> Found UB Trap. Starting Backward Slice...
    -> Guard[0] (true edge of ''):  %416 = icmp eq i8 %414, %415
    -> Guard[1] (true edge of ''):  %411 = icmp eq i8 %409, %410
    -> Guard[2] (true edge of ''):  %407 = icmp eq i8 %406, %391
    -> Guard[3] (false edge of ''):  %401 = extractvalue { i32, i1 } %400, 1, !nosanitize !16
    -> Guard[4] (true edge of ''):  %398 = icmp eq i8 %397, %392
    -> Guard[5] (false edge of ''):  %366 = extractvalue { i32, i1 } %365, 1, !nosanitize !16
    -> Guard[6] (false edge of ''):  %359 = icmp ugt i32 %350, %358
    -> Guard[7] (false edge of ''):  %356 = extractvalue { i32, i1 } %355, 1, !nosanitize !16
    -> Guard[8] (false edge of ''):  %351 = extractvalue { i32, i1 } %349, 1, !nosanitize !16
    -> Guard[9] (true edge of ''):  %347 = icmp ult i32 %342, %346
    -> Guard[10] (false edge of ''):  %344 = icmp eq i16 %334, 0
    -> Guard[11] (false edge of ''):  %316 = extractvalue { i32, i1 } %315, 1, !nosanitize !16
    -> Collected 12 dominating context guard(s).
    -> SAT (WARNING: Potential Integer Overflow Bug Detected!) [Query Latency: 7.480828 ms]
  -> Found UB Trap. Starting Backward Slice...
    -> Guard[0] (true edge of ''):  %398 = icmp eq i8 %397, %392
    -> Guard[1] (false edge of ''):  %366 = extractvalue { i32, i1 } %365, 1, !nosanitize !16
    -> Guard[2] (false edge of ''):  %359 = icmp ugt i32 %350, %358
    -> Guard[3] (false edge of ''):  %356 = extractvalue { i32, i1 } %355, 1, !nosanitize !16
    -> Guard[4] (false edge of ''):  %351 = extractvalue { i32, i1 } %349, 1, !nosanitize !16
    -> Guard[5] (true edge of ''):  %347 = icmp ult i32 %342, %346
    -> Guard[6] (false edge of ''):  %344 = icmp eq i16 %334, 0
    -> Guard[7] (false edge of ''):  %316 = extractvalue { i32, i1 } %315, 1, !nosanitize !16
    -> Collected 8 dominating context guard(s).
    -> SAT (WARNING: Potential Integer Overflow Bug Detected!) [Query Latency: 1.624887 ms]
  -> Found UB Trap. Starting Backward Slice...
    -> Guard[0] (false edge of ''):  %359 = icmp ugt i32 %350, %358
    -> Guard[1] (false edge of ''):  %356 = extractvalue { i32, i1 } %355, 1, !nosanitize !16
    -> Guard[2] (false edge of ''):  %351 = extractvalue { i32, i1 } %349, 1, !nosanitize !16
    -> Guard[3] (true edge of ''):  %347 = icmp ult i32 %342, %346
    -> Guard[4] (false edge of ''):  %344 = icmp eq i16 %334, 0
    -> Guard[5] (false edge of ''):  %316 = extractvalue { i32, i1 } %315, 1, !nosanitize !16
    -> Collected 6 dominating context guard(s).
    -> SAT (WARNING: Potential Integer Overflow Bug Detected!) [Query Latency: 1.620072 ms]
  -> Found UB Trap. Starting Backward Slice...
    -> Guard[0] (false edge of ''):  %711 = icmp eq i32 %710, 0
    -> Guard[1] (false edge of ''):  %695 = extractvalue { i64, i1 } %694, 1, !nosanitize !16
    -> Guard[2] (true edge of ''):  %622 = icmp eq i32 %620, %621
    -> Guard[3] (false edge of ''):  %680 = extractvalue { i32, i1 } %679, 1, !nosanitize !16
    -> Guard[4] (true edge of ''):  %677 = icmp eq i32 %676, 0
    -> Guard[5] (false edge of ''):  %674 = extractvalue { i32, i1 } %673, 1, !nosanitize !16
    -> Guard[6] (false edge of ''):  %643 = extractvalue { i32, i1 } %641, 1, !nosanitize !16
    -> Guard[7] (false edge of ''):  %634 = extractvalue { i32, i1 } %633, 1, !nosanitize !16
    -> Guard[8] (false edge of ''):  %630 = extractvalue { i32, i1 } %629, 1, !nosanitize !16
    -> Guard[9] (false edge of ''):  %625 = extractvalue { i32, i1 } %624, 1, !nosanitize !16
    -> Guard[10] (false edge of ''):  %594 = extractvalue { i32, i1 } %593, 1, !nosanitize !16
    -> Guard[11] (false edge of ''):  %584 = extractvalue { i32, i1 } %583, 1, !nosanitize !16
    -> Guard[12] (false edge of ''):  %575 = extractvalue { i32, i1 } %574, 1, !nosanitize !16
    -> Guard[13] (false edge of ''):  %569 = extractvalue { i32, i1 } %568, 1, !nosanitize !16
    -> Guard[14] (false edge of ''):  %565 = extractvalue { i32, i1 } %564, 1, !nosanitize !16
    -> Guard[15] (false edge of ''):  %560 = extractvalue { i32, i1 } %558, 1, !nosanitize !16
    -> Guard[16] (false edge of ''):  %555 = extractvalue { i32, i1 } %554, 1, !nosanitize !16
    -> Guard[17] (false edge of ''):  %551 = or i1 %549, %550
    -> Collected 18 dominating context guard(s).
    -> UNKNOWN (Solver gave up) [Query Latency: 10.135404 ms]
  -> Found UB Trap. Starting Backward Slice...
    -> Guard[0] (false edge of ''):  %731 = extractvalue { i32, i1 } %730, 1, !nosanitize !16
    -> Guard[1] (false edge of ''):  %725 = extractvalue { i64, i1 } %724, 1, !nosanitize !16
    -> Guard[2] (false edge of ''):  %711 = icmp eq i32 %710, 0
    -> Guard[3] (false edge of ''):  %695 = extractvalue { i64, i1 } %694, 1, !nosanitize !16
    -> Guard[4] (true edge of ''):  %622 = icmp eq i32 %620, %621
    -> Guard[5] (false edge of ''):  %680 = extractvalue { i32, i1 } %679, 1, !nosanitize !16
    -> Guard[6] (true edge of ''):  %677 = icmp eq i32 %676, 0
    -> Guard[7] (false edge of ''):  %674 = extractvalue { i32, i1 } %673, 1, !nosanitize !16
    -> Guard[8] (false edge of ''):  %643 = extractvalue { i32, i1 } %641, 1, !nosanitize !16
    -> Guard[9] (false edge of ''):  %634 = extractvalue { i32, i1 } %633, 1, !nosanitize !16
    -> Guard[10] (false edge of ''):  %630 = extractvalue { i32, i1 } %629, 1, !nosanitize !16
    -> Guard[11] (false edge of ''):  %625 = extractvalue { i32, i1 } %624, 1, !nosanitize !16
    -> Guard[12] (false edge of ''):  %594 = extractvalue { i32, i1 } %593, 1, !nosanitize !16
    -> Guard[13] (false edge of ''):  %584 = extractvalue { i32, i1 } %583, 1, !nosanitize !16
    -> Guard[14] (false edge of ''):  %575 = extractvalue { i32, i1 } %574, 1, !nosanitize !16
    -> Guard[15] (false edge of ''):  %569 = extractvalue { i32, i1 } %568, 1, !nosanitize !16
    -> Guard[16] (false edge of ''):  %565 = extractvalue { i32, i1 } %564, 1, !nosanitize !16
    -> Guard[17] (false edge of ''):  %560 = extractvalue { i32, i1 } %558, 1, !nosanitize !16
    -> Guard[18] (false edge of ''):  %555 = extractvalue { i32, i1 } %554, 1, !nosanitize !16
    -> Guard[19] (false edge of ''):  %551 = or i1 %549, %550
    -> Collected 20 dominating context guard(s).
    -> UNKNOWN (Solver gave up) [Query Latency: 10.126969 ms]
  -> Found UB Trap. Starting Backward Slice...
    -> Guard[0] (false edge of ''):  %725 = extractvalue { i64, i1 } %724, 1, !nosanitize !16
    -> Guard[1] (false edge of ''):  %711 = icmp eq i32 %710, 0
    -> Guard[2] (false edge of ''):  %695 = extractvalue { i64, i1 } %694, 1, !nosanitize !16
    -> Guard[3] (true edge of ''):  %622 = icmp eq i32 %620, %621
    -> Guard[4] (false edge of ''):  %680 = extractvalue { i32, i1 } %679, 1, !nosanitize !16
    -> Guard[5] (true edge of ''):  %677 = icmp eq i32 %676, 0
    -> Guard[6] (false edge of ''):  %674 = extractvalue { i32, i1 } %673, 1, !nosanitize !16
    -> Guard[7] (false edge of ''):  %643 = extractvalue { i32, i1 } %641, 1, !nosanitize !16
    -> Guard[8] (false edge of ''):  %634 = extractvalue { i32, i1 } %633, 1, !nosanitize !16
    -> Guard[9] (false edge of ''):  %630 = extractvalue { i32, i1 } %629, 1, !nosanitize !16
    -> Guard[10] (false edge of ''):  %625 = extractvalue { i32, i1 } %624, 1, !nosanitize !16
    -> Guard[11] (false edge of ''):  %594 = extractvalue { i32, i1 } %593, 1, !nosanitize !16
    -> Guard[12] (false edge of ''):  %584 = extractvalue { i32, i1 } %583, 1, !nosanitize !16
    -> Guard[13] (false edge of ''):  %575 = extractvalue { i32, i1 } %574, 1, !nosanitize !16
    -> Guard[14] (false edge of ''):  %569 = extractvalue { i32, i1 } %568, 1, !nosanitize !16
    -> Guard[15] (false edge of ''):  %565 = extractvalue { i32, i1 } %564, 1, !nosanitize !16
    -> Guard[16] (false edge of ''):  %560 = extractvalue { i32, i1 } %558, 1, !nosanitize !16
    -> Guard[17] (false edge of ''):  %555 = extractvalue { i32, i1 } %554, 1, !nosanitize !16
    -> Guard[18] (false edge of ''):  %551 = or i1 %549, %550
    -> Collected 19 dominating context guard(s).
    -> UNKNOWN (Solver gave up) [Query Latency: 10.125517 ms]
  -> Found UB Trap. Starting Backward Slice...
    -> Guard[0] (false edge of ''):  %821 = icmp eq i32 %820, 0
    -> Guard[1] (false edge of ''):  %805 = extractvalue { i64, i1 } %804, 1, !nosanitize !16
    -> Guard[2] (true edge of ''):  %792 = icmp eq i32 %790, %791
    -> Guard[3] (false edge of ''):  %780 = extractvalue { i32, i1 } %779, 1, !nosanitize !16
    -> Guard[4] (false edge of ''):  %772 = extractvalue { i32, i1 } %771, 1, !nosanitize !16
    -> Guard[5] (false edge of ''):  %764 = extractvalue { i32, i1 } %763, 1, !nosanitize !16
    -> Guard[6] (false edge of ''):  %755 = extractvalue { i32, i1 } %754, 1, !nosanitize !16
    -> Guard[7] (false edge of ''):  %751 = icmp eq i32 %750, 0
    -> Guard[8] (true edge of ''):  %551 = or i1 %549, %550
    -> Collected 9 dominating context guard(s).
    -> UNKNOWN (Solver gave up) [Query Latency: 10.158997 ms]
  -> Found UB Trap. Starting Backward Slice...
    -> Guard[0] (false edge of ''):  %841 = extractvalue { i32, i1 } %840, 1, !nosanitize !16
    -> Guard[1] (false edge of ''):  %835 = extractvalue { i64, i1 } %834, 1, !nosanitize !16
    -> Guard[2] (false edge of ''):  %821 = icmp eq i32 %820, 0
    -> Guard[3] (false edge of ''):  %805 = extractvalue { i64, i1 } %804, 1, !nosanitize !16
    -> Guard[4] (true edge of ''):  %792 = icmp eq i32 %790, %791
    -> Guard[5] (false edge of ''):  %780 = extractvalue { i32, i1 } %779, 1, !nosanitize !16
    -> Guard[6] (false edge of ''):  %772 = extractvalue { i32, i1 } %771, 1, !nosanitize !16
    -> Guard[7] (false edge of ''):  %764 = extractvalue { i32, i1 } %763, 1, !nosanitize !16
    -> Guard[8] (false edge of ''):  %755 = extractvalue { i32, i1 } %754, 1, !nosanitize !16
    -> Guard[9] (false edge of ''):  %751 = icmp eq i32 %750, 0
    -> Guard[10] (true edge of ''):  %551 = or i1 %549, %550
    -> Collected 11 dominating context guard(s).
    -> UNKNOWN (Solver gave up) [Query Latency: 10.128212 ms]
  -> Found UB Trap. Starting Backward Slice...
    -> Guard[0] (false edge of ''):  %835 = extractvalue { i64, i1 } %834, 1, !nosanitize !16
    -> Guard[1] (false edge of ''):  %821 = icmp eq i32 %820, 0
    -> Guard[2] (false edge of ''):  %805 = extractvalue { i64, i1 } %804, 1, !nosanitize !16
    -> Guard[3] (true edge of ''):  %792 = icmp eq i32 %790, %791
    -> Guard[4] (false edge of ''):  %780 = extractvalue { i32, i1 } %779, 1, !nosanitize !16
    -> Guard[5] (false edge of ''):  %772 = extractvalue { i32, i1 } %771, 1, !nosanitize !16
    -> Guard[6] (false edge of ''):  %764 = extractvalue { i32, i1 } %763, 1, !nosanitize !16
    -> Guard[7] (false edge of ''):  %755 = extractvalue { i32, i1 } %754, 1, !nosanitize !16
    -> Guard[8] (false edge of ''):  %751 = icmp eq i32 %750, 0
    -> Guard[9] (true edge of ''):  %551 = or i1 %549, %550
    -> Collected 10 dominating context guard(s).
    -> UNKNOWN (Solver gave up) [Query Latency: 10.166115 ms]
  -> Found UB Trap. Starting Backward Slice...
    -> Guard[0] (false edge of ''):  %952 = icmp eq i32 %951, 0
    -> Guard[1] (false edge of ''):  %936 = extractvalue { i64, i1 } %935, 1, !nosanitize !16
    -> Guard[2] (true edge of ''):  %924 = icmp eq i32 %1, 4
    -> Guard[3] (true edge of ''):  %306 = icmp eq i32 %302, 0
    -> Guard[4] (false edge of ''):  %304 = and i1 %20, %303
    -> Guard[5] (false edge of ''):  %61 = extractvalue { i32, i1 } %60, 1, !nosanitize !16
    -> Guard[6] (false edge of ''):  %57 = extractvalue { i32, i1 } %56, 1, !nosanitize !16
    -> Guard[7] (false edge of ''):  %51 = extractvalue { i64, i1 } %50, 1, !nosanitize !16
    -> Guard[8] (false edge of ''):  %44 = extractvalue { i64, i1 } %43, 1, !nosanitize !16
    -> Guard[9] (true edge of ''):  %35 = icmp ult i32 %34, 262
    -> Collected 10 dominating context guard(s).
    -> UNKNOWN (Solver gave up) [Query Latency: 10.194709 ms]
  -> Found UB Trap. Starting Backward Slice...
    -> Guard[0] (false edge of ''):  %972 = extractvalue { i32, i1 } %971, 1, !nosanitize !16
    -> Guard[1] (false edge of ''):  %966 = extractvalue { i64, i1 } %965, 1, !nosanitize !16
    -> Guard[2] (false edge of ''):  %952 = icmp eq i32 %951, 0
    -> Guard[3] (false edge of ''):  %936 = extractvalue { i64, i1 } %935, 1, !nosanitize !16
    -> Guard[4] (true edge of ''):  %924 = icmp eq i32 %1, 4
    -> Guard[5] (true edge of ''):  %306 = icmp eq i32 %302, 0
    -> Guard[6] (false edge of ''):  %304 = and i1 %20, %303
    -> Guard[7] (false edge of ''):  %61 = extractvalue { i32, i1 } %60, 1, !nosanitize !16
    -> Guard[8] (false edge of ''):  %57 = extractvalue { i32, i1 } %56, 1, !nosanitize !16
    -> Guard[9] (false edge of ''):  %51 = extractvalue { i64, i1 } %50, 1, !nosanitize !16
    -> Guard[10] (false edge of ''):  %44 = extractvalue { i64, i1 } %43, 1, !nosanitize !16
    -> Guard[11] (true edge of ''):  %35 = icmp ult i32 %34, 262
    -> Collected 12 dominating context guard(s).
    -> UNKNOWN (Solver gave up) [Query Latency: 10.148119 ms]
  -> Found UB Trap. Starting Backward Slice...
    -> Guard[0] (false edge of ''):  %966 = extractvalue { i64, i1 } %965, 1, !nosanitize !16
    -> Guard[1] (false edge of ''):  %952 = icmp eq i32 %951, 0
    -> Guard[2] (false edge of ''):  %936 = extractvalue { i64, i1 } %935, 1, !nosanitize !16
    -> Guard[3] (true edge of ''):  %924 = icmp eq i32 %1, 4
    -> Guard[4] (true edge of ''):  %306 = icmp eq i32 %302, 0
    -> Guard[5] (false edge of ''):  %304 = and i1 %20, %303
    -> Guard[6] (false edge of ''):  %61 = extractvalue { i32, i1 } %60, 1, !nosanitize !16
    -> Guard[7] (false edge of ''):  %57 = extractvalue { i32, i1 } %56, 1, !nosanitize !16
    -> Guard[8] (false edge of ''):  %51 = extractvalue { i64, i1 } %50, 1, !nosanitize !16
    -> Guard[9] (false edge of ''):  %44 = extractvalue { i64, i1 } %43, 1, !nosanitize !16
    -> Guard[10] (true edge of ''):  %35 = icmp ult i32 %34, 262
    -> Collected 11 dominating context guard(s).
    -> UNKNOWN (Solver gave up) [Query Latency: 10.172794 ms]
  -> Found UB Trap. Starting Backward Slice...
    -> Guard[0] (false edge of ''):  %1021 = icmp eq i32 %1020, 0
    -> Guard[1] (false edge of ''):  %1005 = extractvalue { i64, i1 } %1004, 1, !nosanitize !16
    -> Guard[2] (false edge of ''):  %993 = icmp eq i32 %992, 0
    -> Guard[3] (false edge of ''):  %924 = icmp eq i32 %1, 4
    -> Guard[4] (true edge of ''):  %306 = icmp eq i32 %302, 0
    -> Guard[5] (false edge of ''):  %304 = and i1 %20, %303
    -> Guard[6] (false edge of ''):  %61 = extractvalue { i32, i1 } %60, 1, !nosanitize !16
    -> Guard[7] (false edge of ''):  %57 = extractvalue { i32, i1 } %56, 1, !nosanitize !16
    -> Guard[8] (false edge of ''):  %51 = extractvalue { i64, i1 } %50, 1, !nosanitize !16
    -> Guard[9] (false edge of ''):  %44 = extractvalue { i64, i1 } %43, 1, !nosanitize !16
    -> Guard[10] (true edge of ''):  %35 = icmp ult i32 %34, 262
    -> Collected 11 dominating context guard(s).
    -> UNKNOWN (Solver gave up) [Query Latency: 10.218548 ms]
  -> Found UB Trap. Starting Backward Slice...
    -> Guard[0] (false edge of ''):  %1041 = extractvalue { i32, i1 } %1040, 1, !nosanitize !16
    -> Guard[1] (false edge of ''):  %1035 = extractvalue { i64, i1 } %1034, 1, !nosanitize !16
    -> Guard[2] (false edge of ''):  %1021 = icmp eq i32 %1020, 0
    -> Guard[3] (false edge of ''):  %1005 = extractvalue { i64, i1 } %1004, 1, !nosanitize !16
    -> Guard[4] (false edge of ''):  %993 = icmp eq i32 %992, 0
    -> Guard[5] (false edge of ''):  %924 = icmp eq i32 %1, 4
    -> Guard[6] (true edge of ''):  %306 = icmp eq i32 %302, 0
    -> Guard[7] (false edge of ''):  %304 = and i1 %20, %303
    -> Guard[8] (false edge of ''):  %61 = extractvalue { i32, i1 } %60, 1, !nosanitize !16
    -> Guard[9] (false edge of ''):  %57 = extractvalue { i32, i1 } %56, 1, !nosanitize !16
    -> Guard[10] (false edge of ''):  %51 = extractvalue { i64, i1 } %50, 1, !nosanitize !16
    -> Guard[11] (false edge of ''):  %44 = extractvalue { i64, i1 } %43, 1, !nosanitize !16
    -> Guard[12] (true edge of ''):  %35 = icmp ult i32 %34, 262
    -> Collected 13 dominating context guard(s).
    -> UNKNOWN (Solver gave up) [Query Latency: 10.169468 ms]
  -> Found UB Trap. Starting Backward Slice...
    -> Guard[0] (false edge of ''):  %1035 = extractvalue { i64, i1 } %1034, 1, !nosanitize !16
    -> Guard[1] (false edge of ''):  %1021 = icmp eq i32 %1020, 0
    -> Guard[2] (false edge of ''):  %1005 = extractvalue { i64, i1 } %1004, 1, !nosanitize !16
    -> Guard[3] (false edge of ''):  %993 = icmp eq i32 %992, 0
    -> Guard[4] (false edge of ''):  %924 = icmp eq i32 %1, 4
    -> Guard[5] (true edge of ''):  %306 = icmp eq i32 %302, 0
    -> Guard[6] (false edge of ''):  %304 = and i1 %20, %303
    -> Guard[7] (false edge of ''):  %61 = extractvalue { i32, i1 } %60, 1, !nosanitize !16
    -> Guard[8] (false edge of ''):  %57 = extractvalue { i32, i1 } %56, 1, !nosanitize !16
    -> Guard[9] (false edge of ''):  %51 = extractvalue { i64, i1 } %50, 1, !nosanitize !16
    -> Guard[10] (false edge of ''):  %44 = extractvalue { i64, i1 } %43, 1, !nosanitize !16
    -> Guard[11] (true edge of ''):  %35 = icmp ult i32 %34, 262
    -> Collected 12 dominating context guard(s).
    -> UNKNOWN (Solver gave up) [Query Latency: 10.136259 ms]
  => Total Traps Eliminated: 2
  => Total Trap Attempts: 72
  => Total SMT Queries Executed: 72
  => Total SMT Query Latency: 6.020112e+02 ms
  => Average SMT Query Latency: 8.361267e+00 ms
  => Total DFS & SMT Execution Time: 6.915162e+03 ms
--------------------------------------------------
